tree
version=v4
num_class=1
num_tree_per_iteration=1
label_index=0
max_feature_idx=140
objective=regression_l1
feature_names=pm25 pm10 no2 o3 so2 co aqi aqi_inst pm25_lag1 pm25_lag2 pm25_lag3 pm25_lag4 pm25_lag6 pm25_lag8 pm25_lag12 pm25_lag24 pm25_lag36 pm25_lag48 pm25_roll6 pm25_roll24 pm25_rollstd24 pm25_rollmax24 pm25_tend_6h pm25_tend_24h pm25_anom pm25_over_pm10 pm10_lag6 pm10_lag24 pm10_roll24 no2_lag6 no2_lag24 no2_rollmax24 o3_lag6 so2_lag6 co_lag6 aqi_lag24 isi isi_pbl isi_stagnation isi_theta isi_radiative self_trapping self_trapping_lag24 isi_x_pm25 stubble_x_isi ventilation_index ventilation_index_lag24 ventilation_index_roll24 pbl_height dtheta_surface blh_tend_6h vent_tend_6h incoming_stubble_load incoming_stubble_load_lag24 incoming_stubble_load_roll24 stubble_index stubble_index_lag24 plume_from_bearing_deg fire_frp_active fire_frp_active_lag24 nearest_fire_km aod_proxy aod_proxy_lag24 radiative_dimming pbl_suppression pm25_x_blh_lag24 wind_steadiness_6h hours_since_rain t2m d2m rh2m blh wind_speed10 wind_dir10 wind_u10 wind_v10 wind_u850 wind_v850 surface_pressure precip solar cloud blh_lag24 wind_speed10_lag24 wind_speed10_roll24 t2m_lag24 solar_lag6 cloud_lag6 isi_lag24 local_hour local_dow local_month is_weekend is_stubble_season is_morning_rush is_evening_peak hour_sin hour_cos doy_sin doy_cos month_sin month_cos days_into_stubble_season diwali_proximity station_id site_type city lat lon f_blh f_t2m f_rh2m f_wind_speed10 f_wind_dir10 f_wind_u10 f_wind_v10 f_wind_u850 f_wind_v850 f_precip f_solar f_cloud f_surface_pressure f_isi f_isi_pbl f_isi_stagnation f_isi_radiative f_ventilation_index f_incoming_stubble_load f_stubble_index f_hours_since_rain f_hour_sin f_hour_cos f_doy_sin f_doy_cos f_is_weekend f_is_morning_rush f_is_evening_peak f_diwali_proximity f_is_stubble_season f_days_into_stubble_season horizon
feature_infos=[1:1499] [1.0249999999999999:2991] [0.12230501022494888:774.98099325153373] [0.10000000000000001:859.16250000000002] [0.10481145194274029:1699.6487075664622] [0.010012572597137014:5.4980000000000002] [30.559999999999999:913.27999999999997] [12.960000000000001:1906.47] [1:1496] [1.1166666746139526:1496] [1:1499] [1:1496] [1:1499] [1:1496] [1:1499] [1:1499] [1:1499] [1:1499] [6:1390] [12.158784722222222:1011.0277777777778] [0:621.93019432758308] [20:1499] [-1326.3333333333333:1423.5999999999999] [-1347.5:1360] [-947.3611111111112:1335.1805555555557] [0.0049875311720698253:435.26470588235293] [1.0249999999999999:2991] [1.0249999999999999:2991] [24.986805555555559:1302.5833333333333] [0.12230501022494888:774.98099325153373] [0.12230501022494888:774.98099325153373] [1.4488439672801636:774.98099325153373] [0.10000000000000001:859.16250000000002] [0.13101431492842538:1699.6487075664622] [0.010012572597137014:5.4980000000000002] [36.490000000000002:913.27999999999997] [0.0031098216918855996:0.94697893375666631] [0.003345965457471272:0.97530991202833262] [0:1] none [0:0.92666666666666664] [0.012600328721534279:6.4067219322799609] [0.012600328721534279:6.4067219322799609] [0.13579278046105936:1225.1468099821313] [0:0.084316128078533129] [0:7992] [0:7992] [69.597916666666663:1949.2333333333333] [10:2280] none [-2170:2215] [-7978.9499999999998:7473.5] [0:437.14332498330361] [0:437.14332498330361] [0.00086752898367056027:337.16767195960222] [0:0.19633411531876321] [0:0.19633411531876321] [0.0094341323307000399:359.99913752176582] [0:11410.390000000001] [0:11410.390000000001] [0.79854602276622044:190.12743194822397] [0.69314718055994529:7.3132203870903014] [0.69314718055994529:7.3132203870903014] [0:5.0844452005449421] [0:7.2713561829916022] [27.375:1890400] [0.071501259043546955:0.99996618795725345] [0:240] [3.7000000000000002:33.100000000000001] [-0.29999999999999999:24.399999999999999] [21:100] [10:2280] [0:5.5899999999999999] [1:360] [-4.8389020651729595:4.7405888575144219] [-3.8057551141829289:4.5389099338107934] none none [971.60000000000002:1002.1] [0:5.9000000000000004] [0:758] [0:100] [10:2280] [0:5.5899999999999999] [0.53444444444444439:4.3208333333333329] [3.7000000000000002:33.100000000000001] [0:758] [0:100] [0.0031098216918855996:0.94697893375666631] -1:1:2:7:5:3:4:6:0 [0:6] -1:4:0:2:3:1 -1:0:1 -1:0:1 [0:1] [0:1] [-0.96592582628906831:0.96592582628906831] [-0.9659258262890682:0.96592582628906809] [-0.9999994220246925:0.71127575197381521] [0.0010751512827982259:0.9999907524084426] [-0.8660254037844386:0.8660254037844386] [0.50000000000000011:1] [0:66] [0:1] -1:45:63:61:57:53:60:55:46:21:25:18:14:30:44:2:20:8:23:24:4:16:34:22:12:32:52:29:17:43:47:6:35:64:42:19:1:39:27:36:28:9:0:56:59:37:33:54:26:5:10:15:11:40:41:13:31:48:62:7:3:38:58:51:50:49 -1:3:0:4:1:2 -1:0:2:5:4:1:3 [28.376100000000001:28.822800000000001] [76.909400000000005:77.494699999999995] [10:2280] [3.2000000000000002:33.100000000000001] [20:100] [0:5.5899999999999999] [1:360] [-4.9326181062953092:4.7405888575144219] [-3.882568194981054:4.5389099338107934] none none [0:5.9000000000000004] [0:805] [0:100] [971.29999999999995:1002.3] [0.0031098216918855996:0.97604047221820478] [0.003345965457471272:0.97530991202833262] [0:1] [0:0.97666666666666668] [0:7992] [0:437.14332498330361] [0:0.19633411531876321] [0:240] [-1:1] [-1:1] [-0.9999994220246925:0.71127575197381521] [0.0010751512827982259:0.9999907524084426] [0:1] [0:1] [0:1] [0:1] [0:1] [0:66] [1:72]
tree_sizes=2965 3121 3128 3103 3041 3145 3138 3138 3105 3086 3140 3153 3151 3167 3169 3140 3109 3168 3100 3174 3172 3142 3155 3142 3149 3110 3132 3184 3177 3112 3185 3116 3089 3112 3155 3178 3159 3138 3143 3156 3107 3170 3110 3169 3165 3163 3172 3152 3101 3177 3158 3118 3164 3157 3199 3189 3148 3188 3173 3187 3158 3202 3188 3133 3133 3161 3177 3135 3188 3154 3186 3171 3172 3166 3108 3198 3219 3140 3166 3153 3106 3175 3166 3162 3245 3181 3202 3116 3114 3142 3117 3173 3157 3137 3206 3143 3150 3180 3212 3112 3170 3145 3105 3150 3148 3161 3114 3192 3180 3165 3155 3137 3184 3075 3089 3194 3193 3128 3062 3129 3144 3153 3151 3152 3157 3190 3119 3174 3159 3172 3175 3076 3142 3129 3099 3153 3232 3161 3181 3172 3176 3188 3125 3191 3178 3168 3170 3186 3095 3101 3064 3091 3129 3156 3109 3205 3114 3082 3082 3168 3165 3070 3147 3049 3142 3053 3139 3156 3178 3156 3176 3081 3134 3154 3181 3183 3126 3236 3125 3066 3167 3173 3167 3151 3121 3088 3171 3047 3139 3133 3061 3158 3125 3087 3047 3089 3141 3160 3144 3141 3106 3158 3143 3146 3165 3125 3038 3148 3082 3144 3178 3138 3043 3131 3061 3178 3086 3134 3071 3134 3157 3067 3142 3111 3165 3141 3110 3145 3082 3133 3151 3048 3044 3165 3114 3177 3077 3155 3073 3002 3108 3046 3156 3072 3057 3020 3062 3170 3133 3049 3137 3151 3124 3099 3132 3144 3092 3077 3202 3118 3097 3084 3140 2995 3073 3041 3126 3091 3093 3139 3101 3006 3113 3146 3130 3143 3164 3132 3019 3172 3037 3117 3192 3030 3124 3086 3075 3167 3066 3108 3172 3064 3099 3045 3116 3123 2993 3079 3062 3150

Tree=0
num_leaves=31
num_cat=1
split_feature=19 126 91 110 126 0 130 0 110 114 129 140 6 28 121 132 131 130 0 133 130 132 21 110 131 114 114 129 115 133
split_gain=134208 44255 17113.2 14971.5 10167.6 10081.6 8161.5 4999.98 4198.04 4054.81 3534.28 3480.54 3317.12 3052.24 2520.29 2392.88 2386.77 2380.44 2232.26 2119.16 2089 2044.32 1976.1 1796.62 1737.69 1736.25 1692.57 1670.57 1596.63 2199.15
threshold=111.11593750000002 202.45000000000002 0 16.450000000000003 87.375000000000014 128.01500000000001 -0.37940952255126059 108.18333333333335 26.150000000000002 1.063002865948057 181.50000000000003 4.5000000000000009 359.25500000000005 260.54513888888897 988.85000000000002 -0.97670382270880773 0.1294095225512602 -1.0000000180025095e-35 123.00500000000001 0.98770287048522643 -0.91597561503675329 0.025799818015934263 108.31666666666668 18.650000000000002 0.25881904510252057 1.4948148763204303 0.63673337392495444 106.50000000000001 -1.4416014480870596 0.91511078773075516
decision_type=10 2 1 2 2 2 2 2 2 2 2 2 10 8 2 2 2 2 2 2 2 2 8 2 2 2 2 2 2 2
left_child=3 5 6 4 22 11 12 15 10 14 27 -2 16 -8 -4 -5 -3 19 25 -11 -13 -15 -1 -12 -17 -6 -14 -7 -19 -30
right_child=1 2 9 7 18 8 13 -9 -10 17 23 20 26 21 -16 24 -18 28 -20 -21 -22 -23 -24 -25 -26 -27 -28 -29 29 -31
leaf_value=123.44000289916993 123.88900268554687 122.70700286865234 123.02200286865235 119.75200286865234 123.36400268554688 126.20200286865234 124.6660025024414 122.9378530883789 122.74900268554687 121.91200286865234 130.10200286865233 123.88900291442872 129.11200286865235 127.80700286865235 124.70200286865234 121.09000305175782 126.74200286865235 123.02200286865235 124.20580284118653 124.40200286865235 126.79000305175781 121.29700286865234 126.24550323486328 126.7247525024414 122.78200286865234 122.37400268554687 124.56700286865234 123.60190292358398 122.54200286865235 124.84735290527344
leaf_weight=7934 13137 22864 14619 60723 15261 12931 17670 30389 2824 25230 141875 7246 5375 49590 25377 60821 2411 11128 9908 3399 60354 1080 23453 31249 25612 36840 20859 3006 9887 9633
leaf_count=7934 13137 22864 14619 60723 15261 12931 17670 30389 2824 25230 141875 7246 5375 49590 25377 60821 2411 11128 9908 3399 60354 1080 23453 31249 25612 36840 20859 3006 9887 9633
internal_value=124.3 124.319 124.299 124.266 124.285 124.335 124.314 124.256 124.342 124.28 124.343 124.317 124.296 124.327 124.295 124.251 124.28 124.27 124.271 124.258 124.322 124.335 124.313 124.346 124.258 124.266 124.311 124.316 124.282 124.292
internal_weight=762685 491744 219122 270941 93396 272622 119849 177545 191885 99273 189061 80737 51509 68340 39996 147156 25275 59277 62009 28629 67600 50670 31387 173124 86433 52101 26234 15937 30648 19520
internal_count=762685 491744 219122 270941 93396 272622 119849 177545 191885 99273 189061 80737 51509 68340 39996 147156 25275 59277 62009 28629 67600 50670 31387 173124 86433 52101 26234 15937 30648 19520
cat_boundaries=0 1
cat_threshold=24
is_linear=0
shrinkage=1


Tree=1
num_leaves=31
num_cat=7
split_feature=19 109 91 110 111 114 61 104 111 21 114 119 109 104 110 129 126 104 104 98 131 133 104 104 109 133 133 133 133 129
split_gain=125655 41413.8 15267.9 14765 10215 9457.94 7528.48 7160.1 6150.05 5136.76 4741.34 3943.31 3905.26 3164.26 3114.49 2780.78 2646 2579.29 2476.95 2322.72 2097.99 2011.02 1931.35 1847.82 1799.06 1631.69 1626.7 1804.96 3478.06 1615.45
threshold=111.11593750000002 72.500000000000014 0 16.650000000000002 46.500000000000007 1.3847229852640108 4.9665876119504384 1 59.500000000000007 119.21000000000002 1.2960201354624097 581.50000000000011 62.500000000000007 2 18.650000000000002 69.500000000000014 103.97500000000001 3 4 0.16269055358644466 -0.37940952255126015 0.58828525785978592 5 6 82.500000000000014 0.93769647993491489 0.5742888893089636 0.99138911339924218 0.99530134160901229 46.500000000000007
decision_type=10 2 1 2 2 2 2 1 2 10 2 2 2 1 2 2 2 1 1 2 2 2 1 1 2 2 2 2 2 2
left_child=3 6 4 5 11 12 18 -6 19 -5 15 -3 17 25 -8 22 -11 -1 -2 -4 29 -20 -10 -13 -15 -7 -9 -28 -29 -12
right_child=1 2 8 9 7 13 14 26 10 16 20 23 -14 24 -16 -17 -18 -19 21 -21 -22 -23 -24 -25 -26 -27 27 28 -30 -31
leaf_value=-0.33273037719726545 0.36065945892333956 -1.2040201721191401 -1.1706899780273434 -3.5929200805664059 -0.25596005859374971 -2.4356402343749997 5.7838798278808596 -0.16902017211914028 -1.8293703094482421 -0.62827115478515594 -1.6975201721191406 -1.1824202636718752 -1.0047301940917968 0.58955965576171898 2.2365148498535157 1.2700648040771485 -2.6962711853027339 2.156160021972656 0.75259951171875028 -2.5269202331542964 -1.351320172119141 3.2822399139404301 0.29867982788085895 2.0000398498535157 -1.3784400695800778 -0.92844006958007774 4.2415798278808587 -1.6084201721191407 4.1482798278808586 0.27915882568359363
leaf_weight=10109 24945 27927 19841 102469 17737 27835 122037 3564 4616 21711 3786 4670 11868 8202 27735 23534 51493 17937 15452 23812 23122 46102 10338 17857 8477 11072 45056 3416 11935 13950
leaf_count=10109 24945 27927 19841 102469 17737 27835 122037 3564 4616 21711 3786 4670 11868 8202 27735 23534 51493 17937 15452 23812 23122 46102 10338 17857 8477 11072 45056 3416 11935 13950
internal_value=-0.000280328 0.0178115 0.00105086 -0.0330671 0.0152092 -0.0140782 0.0359121 0.0283181 -0.0141623 -0.0433898 -0.00421188 -0.00601724 0.00820443 -0.0300783 0.0440515 0.0108997 -0.0312503 0.0204129 0.0218185 -0.0322513 -0.0184469 0.0282804 -0.009332 0.0126589 -0.00819293 -0.0394476 0.0376672 0.039997 0.0222264 -0.0029227
internal_weight=762605 491432 255161 271173 132162 95500 236271 81708 122999 175673 79346 50454 39914 55586 149772 38488 73204 28046 86499 43653 40858 61554 14954 22527 16679 38907 63971 60407 15351 17736
internal_count=762605 491432 255161 271173 132162 95500 236271 81708 122999 175673 79346 50454 39914 55586 149772 38488 73204 28046 86499 43653 40858 61554 14954 22527 16679 38907 63971 60407 15351 17736
cat_boundaries=0 1 3 6 8 10 13 16
cat_threshold=24 1610670154 281732184 1654907466 274572892 1 581148680 123396 1654767682 845400 1621353035 308143708 1 1073799754 316597272 1
is_linear=0
shrinkage=0.06


Tree=2
num_leaves=31
num_cat=4
split_feature=19 109 0 109 0 133 132 130 132 140 104 111 21 110 111 111 114 0 137 104 104 114 104 130 110 130 133 127 132 19
split_gain=118514 39418.9 16365.1 12200.1 8712.81 8544.67 8509.59 5792.15 4065.6 3821.34 3741.78 3347.25 3226.01 3071.81 2972.57 2892.94 2752.22 2710.09 2696.18 2695.94 2623.84 2475.84 2441.69 2079.41 2061.64 2041.96 1769.85 1740.07 1701.06 1580.06
threshold=105.8512152777778 72.500000000000014 150.42500000000004 67.500000000000014 146.56250000000003 0.73136292505298039 0.025799818015934263 -0.37940952255126059 0.16269055358644466 4.5000000000000009 0 44.500000000000007 118.31666666666668 18.450000000000003 43.500000000000007 60.500000000000007 1.5034641879826174 115.65500000000002 0.0015243686735370938 1 2 1.2960201354624097 3 -0.91597561503675329 24.850000000000005 0.25881904510252091 0.94066717844141279 36.862497375969085 -0.80860773948975517 127.74756944444447
decision_type=10 2 2 2 2 2 2 2 2 2 1 2 10 2 2 2 2 2 2 1 1 2 1 2 2 2 2 2 2 10
left_child=3 4 8 5 19 17 7 11 10 -8 -3 27 -5 28 25 -10 20 -1 -13 26 -7 -11 -9 -21 -16 -12 29 -4 -6 -2
right_child=1 2 6 12 13 16 9 22 15 21 14 18 -14 -15 24 -17 -18 -19 -20 23 -22 -23 -24 -25 -26 -27 -28 -29 -30 -31
leaf_value=-1.9283015639648433 -0.59533448638916064 -1.4570151174316404 -1.392178778686523 -3.6095449672851561 -0.31186407623291001 -0.80476637145996077 2.2415918204956053 0.49739727026367175 -2.7296238204345706 0.29995903820800773 -1.8001789617919917 3.4406372482910155 -2.2556237288818362 2.1316482996826167 0.93908485510253903 -0.95032106433105412 -1.0985917800292966 0.026425083984375135 -1.1317789617919916 -0.01027456970214871 1.8239003876953119 -1.4331049581298823 3.8970850382080076 3.261945433044434 -0.96306104388427771 1.1600374588623046 1.7698998383789057 0.9418630620117191 5.586847038208008 0.85666578826904238
leaf_weight=49363 12798 24205 11755 82658 2262 11312 5238 9532 17169 14253 11038 15479 65650 28733 33053 32822 13017 7279 3567 8089 17170 22657 49819 49049 7319 3658 16485 7028 116741 13445
leaf_count=49363 12798 24205 11755 82658 2262 11312 5238 9532 17169 14253 11038 15479 65650 28733 33053 32822 13017 7279 3567 8089 17170 22657 49819 49049 7319 3658 16485 7028 116741 13445
internal_value=-0.000569204 0.0157738 -0.000145648 -0.0348 0.0330427 -0.0183891 0.0141197 0.0238849 -0.0155216 -0.00839593 -0.00707142 0.00553688 -0.0456595 0.0422965 0.00157301 -0.028921 0.00229446 -0.0335427 0.0232604 0.0193529 0.0127402 -0.015202 0.0355793 0.0278766 0.0099839 -0.0215309 0.0079459 -0.0124351 0.0465478 -0.00173068
internal_weight=762643 516194 268592 246449 247602 98141 139328 97180 129264 42148 79273 37829 148308 147736 55068 49991 41499 56642 19046 99866 28482 36910 59351 57138 40372 14696 42728 18783 119003 26243
internal_count=762643 516194 268592 246449 247602 98141 139328 97180 129264 42148 79273 37829 148308 147736 55068 49991 41499 56642 19046 99866 28482 36910 59351 57138 40372 14696 42728 18783 119003 26243
cat_boundaries=0 3 5 8 11
cat_threshold=1073766474 316597272 1 1659101258 273671768 585342984 614916 1 1610670154 282059800 1
is_linear=0
shrinkage=0.06


Tree=3
num_leaves=31
num_cat=1
split_feature=0 19 123 123 91 123 111 133 111 19 140 111 140 132 132 140 130 114 114 28 130 133 111 123 130 132 25 110 111 127
split_gain=111944 27595.5 23453.1 13773.8 10120.3 7671.64 6484.3 5606.13 5107.81 5020.43 3983.56 3574.07 3409.39 3284.95 2689.5 2684.18 2659.79 2287.89 2255.83 2188.26 2156.02 2121.05 1889 1865.1 1820.93 1726.84 1703.09 1619.92 1559.57 1551.45
threshold=121.11250000000003 99.865972222222226 0.83424306947480398 0.82387993562919115 0 0.83424306947480398 46.500000000000007 0.73136292505298039 60.500000000000007 191.91597222222222 4.5000000000000009 62.500000000000007 4.5000000000000009 0.025799818015934263 0.17963823861099873 7.5000000000000009 1.0000000180025095e-35 1.2458205671356957 1.3847229852640108 248.74995370370371 -0.37940952255126059 0.98770287048522643 63.500000000000007 0.92198117898971532 -0.25881904510252113 -0.97670382270880773 0.91891403504799463 18.650000000000002 60.500000000000007 22.909202682621814
decision_type=2 10 2 2 1 2 2 2 2 8 2 2 2 2 2 2 2 2 2 10 2 2 2 2 2 2 10 2 2 2
left_child=1 5 4 12 6 25 16 -7 21 11 -5 -4 -3 19 20 -10 -2 -17 26 -8 -14 24 -12 -13 29 -1 -9 -11 -16 -6
right_child=2 3 9 10 8 7 13 18 15 27 22 23 14 -15 28 17 -18 -19 -20 -21 -22 -23 -24 -25 -26 -27 -28 -29 -30 -31
leaf_value=-4.1429722692480464 -0.69604833577880776 -2.0231887354687506 -0.068771292938232587 -0.68599128195190473 -2.4571186606420889 -1.8694458071630862 0.6895532509423824 -0.55821974293212884 1.2652635289782717 7.0729368750952135 -0.28637953710937492 1.7476360328100582 -1.4221682240844724 -2.874359057889404 -3.0159275289038088 0.62076214150634734 1.8219823455834954 -0.9008737290600588 -1.1579095630224616 3.5850468033105476 0.29327119439941413 0.78777613525634815 1.9749486960754381 3.9012290122375486 -0.63409511080444325 -2.4661520605078127 1.9809109231494135 2.2985748411547853 -1.1243017089184568 0.58349731647216851
leaf_weight=44585 26546 19794 13811 12452 16694 49704 13598 11908 13015 71707 11803 52205 17388 2012 9906 20075 13076 23054 12305 53301 25375 4093 54637 41271 10606 75379 7516 14484 17884 1911
leaf_count=44585 26546 19794 13811 12452 16694 49704 13598 11908 13015 71707 11803 52205 17388 2012 9906 20075 13076 23054 12305 53301 25375 4093 54637 41271 10606 75379 7516 14484 17884 1911
internal_value=-0.000838398 -0.0244713 0.0215374 -0.00661156 0.00701912 -0.0394791 0.0193332 -0.0252654 -0.00792363 0.0363934 0.011706 0.02773 -0.0226066 0.0304554 -0.0164325 0.00311835 -6.05709e-06 -0.00408857 -0.0055613 0.0327274 -0.00698859 -0.0265402 0.0175428 0.0319394 -0.032208 -0.0491273 0.0071722 0.0471768 -0.030964 -0.0435182
internal_weight=762095 370636 391459 169239 197981 201397 108533 81433 89448 193478 78892 107287 90347 68911 70553 56144 39622 43129 31729 66899 42763 33304 66440 93476 29211 119964 19424 86191 27790 18605
internal_count=762095 370636 391459 169239 197981 201397 108533 81433 89448 193478 78892 107287 90347 68911 70553 56144 39622 43129 31729 66899 42763 33304 66440 93476 29211 119964 19424 86191 27790 18605
cat_boundaries=0 1
cat_threshold=24
is_linear=0
shrinkage=0.06


Tree=4
num_leaves=31
num_cat=0
split_feature=19 126 21 126 132 111 133 132 111 132 1 19 126 110 0 127 123 114 137 110 0 133 113 111 139 119 132 123 69 129
split_gain=105203 29035.1 20064.3 13993.4 11711.2 6804.9 5091.62 5011.38 4165.66 3670.02 3546.21 3442.16 3161.92 2804.78 2750.88 2695.28 2599.99 2525.5 2218.5 2391.24 2146.55 2077.69 2535.76 2059.93 1887.99 1836.15 1661.59 1592.78 1530.76 1517.19
threshold=123.99340277777779 138.80000000000004 118.31666666666668 138.80000000000004 0.16269055358644466 49.500000000000007 0.94353349168649059 -0.79836866623954783 60.500000000000007 -0.97670382270880773 208.48375000000001 191.91597222222222 99.02500000000002 24.650000000000002 114.11750000000001 36.862497375969085 0.92198117898971532 1.2586839799709686 0.015719683812837577 25.850000000000005 126.21250000000002 0.99024581825578073 269.50000000000006 43.500000000000007 46.500000000000007 35.500000000000007 0.3933211724509133 0.88804712484655568 10.15 7.5000000000000009
decision_type=10 2 10 2 2 2 2 2 2 2 10 10 2 2 2 2 2 2 2 2 2 2 2 2 2 2 2 2 2 2
left_child=2 7 9 6 5 15 20 18 -6 -1 -7 16 -11 21 -5 23 -9 29 -2 -20 -4 -12 -23 -3 -17 -19 -27 -8 -24 -10
right_child=1 4 3 14 8 10 27 11 17 12 13 -13 -14 -15 -16 24 -18 25 19 -21 -22 22 28 -25 -26 26 -28 -29 -30 -31
leaf_value=-3.6666801250174808 -1.2148112414668935 -1.1964851823361806 -0.5413987883475585 -2.0518174561766611 -1.9281540409726314 0.15344498225302713 0.2155765232100586 1.6369748762017815 -0.4453805871572763 -1.0532830345335944 3.3159904207710929 6.3095601132730943 -2.3099603191092783 -0.77586799116591798 -0.92316368694975581 -0.50136501735937455 4.1130626582867436 -1.1572301906985347 2.2347670942252447 -1.731888112073583 0.68560765314858374 3.9096551640328108 1.3605783040743527 0.26591340484848441 2.5134721546340337 1.2808862963266106 -1.0363974572939951 3.8276115259391585 -1.5262448722831061 1.4570675077205562
leaf_weight=53819 3558 24519 46910 69880 21874 25332 7435 47975 6907 28954 52012 83714 49917 5417 41143 8801 35107 15128 24598 2976 18806 7581 7448 18568 10265 4962 7081 14819 6745 9524
leaf_count=53819 3558 24519 46910 69880 21874 25332 7435 47975 6907 28954 52012 83714 49917 5417 41143 8801 35107 15128 24598 2976 18806 7581 7448 18568 10265 4962 7081 14819 6745 9524
internal_value=-0.000971545 0.0186094 -0.026362 -0.0143115 0.00421511 0.0126609 0.00356299 0.0354933 -0.0172861 -0.0444338 0.0220087 0.039618 -0.03619 0.0282584 -0.0284744 -0.00306111 0.0309652 -0.00656652 0.0133941 0.0191478 -0.0048371 0.0313177 0.0157557 -0.0113725 0.0157214 -0.0177955 -0.000313849 0.0283676 0.000790475 0.0120022
internal_weight=761775 430092 331683 198993 232164 166688 87970 197928 65476 132690 104535 166796 78871 79203 111023 62153 83082 43602 31132 27574 65716 73786 21774 43087 19066 27171 12043 22254 14193 16431
internal_count=761775 430092 331683 198993 232164 166688 87970 197928 65476 132690 104535 166796 78871 79203 111023 62153 83082 43602 31132 27574 65716 73786 21774 43087 19066 27171 12043 22254 14193 16431
is_linear=0
shrinkage=0.06


Tree=5
num_leaves=31
num_cat=7
split_feature=61 19 123 123 91 123 111 104 111 132 140 132 130 111 140 104 104 67 132 132 119 130 114 104 104 114 104 140 114 103
split_gain=99781 26536.5 19329.9 12427.1 9216.04 8148.17 6232.07 4766.07 4751.38 3578.55 3536.64 3508.85 3196.89 3154.4 3140.12 2979.95 2839.66 2780.06 2552.67 2467 2394.01 2391.03 2265.93 2187.05 2066.77 2007.14 2237.76 1902.06 1718.57 1756.29
threshold=4.8458589116904598 99.865972222222226 0.86612116321110799 0.81364553469971723 0 0.88804712484655568 49.500000000000007 1 60.500000000000007 -0.77718486915728335 4.5000000000000009 -0.95965000791072852 0.25881904510252091 63.500000000000007 7.5000000000000009 2 3 239.50000000000003 0.37744852145085445 0.025799818015934263 41.500000000000007 -0.25881904510252113 1.063002865948057 4 5 1.4519353405445381 6 27.000000000000004 1.3978326107683194 0.0080707547752903383
decision_type=2 10 2 2 1 2 2 1 2 2 2 2 2 2 2 1 1 2 2 2 2 2 2 1 1 2 1 2 2 2
left_child=1 5 4 12 6 11 21 -8 -6 -7 -5 -1 -3 20 -10 -13 28 -15 24 -9 -4 -2 -16 -19 -14 26 -11 -17 29 -12
right_child=2 3 13 10 8 9 7 19 14 25 16 15 18 17 22 27 -18 23 -20 -21 -22 -23 -24 -25 -26 -27 -28 -29 -30 -31
leaf_value=-3.5243931255921148 -0.51469622398390069 -1.7486100045424069 3.2304866285470206 -0.59161672099925522 -1.3224842883682035 -1.5476792259636976 0.45663653089077055 3.8486863966134268 1.3986017251014646 -1.2264602023828188 1.5768445215154172 -2.1202805993578187 -0.73963164307919782 1.3362652944935809 0.75764364036279175 -2.0269625076721929 2.3479353354008268 2.7267612966200758 -1.7904826347112228 -2.2866944284938482 -0.44726715488536284 1.6485152949037187 -0.72944062173065161 6.4886863966134269 0.75564889291963766 -1.0741065240148016 1.6353333261638903 -0.78720831725332685 -0.72434199525894127 -1.2752480516374745
leaf_weight=57969 28527 49414 13371 14450 31672 30825 24652 54794 14635 7098 16699 47571 14227 19125 20546 19876 42899 42048 12750 1401 9012 15750 27003 69708 18351 10377 11019 19873 13128 3771
leaf_count=57969 28527 49414 13371 14450 31672 30825 24652 54794 14635 7098 16699 47571 14227 19125 20546 19876 42899 42048 12750 1401 9012 15750 27003 69708 18351 10377 11019 19873 13128 3771
internal_value=-0.00122645 -0.0224227 0.0209978 -0.006 0.00955919 -0.0373268 0.0202188 0.0301299 -0.00465339 -0.0185877 0.00984233 -0.0449775 -0.0212077 0.0373408 0.00498062 -0.0373793 0.0149847 0.0409005 -0.00969975 0.0397762 0.0165252 0.00212611 -0.00249968 0.044518 -0.000791921 -0.00325952 0.00879236 -0.0252299 0.00191734 0.0127849
internal_weight=762541 390297 372244 185689 218980 204608 125124 80847 93856 59319 90947 145289 94742 153264 62184 87320 76497 130881 45328 56195 22383 44277 47549 111756 32578 28494 18117 39749 33598 20470
internal_count=762541 390297 372244 185689 218980 204608 125124 80847 93856 59319 90947 145289 94742 153264 62184 87320 76497 130881 45328 56195 22383 44277 47549 111756 32578 28494 18117 39749 33598 20470
cat_boundaries=0 1 4 6 9 11 13 16
cat_threshold=24 1652744266 283108444 1 1073897538 272950296 1654906954 273540700 1 1654906954 350217820 1652613706 283108440 585342984 90628 1
is_linear=0
shrinkage=0.06


Tree=6
num_leaves=31
num_cat=6
split_feature=6 126 99 111 100 104 0 104 99 130 104 111 114 126 109 129 111 102 130 114 104 99 104 99 110 119 139 137 19 104
split_gain=94257.6 25784.9 17275.4 14893.4 8211.83 7827.57 7372.13 5686.46 5569.69 5251.86 3020.88 3014.51 2996.47 2933.53 2922.84 2751.64 2952.07 2589.62 2552.85 2412.87 2157.46 2073.92 1848.47 1846.15 1676 1542.41 1525.18 2428.99 1503.22 1471.86
threshold=301.91500000000008 202.45000000000002 0.19758679452260591 62.500000000000007 1.0000000180025095e-35 0 161.12624740600589 1 0.93158198870884079 -0.37940952255126059 2 44.500000000000007 1.3463698478002637 63.725000000000001 47.500000000000007 193.50000000000003 62.500000000000007 31.500000000000004 -1.0000000180025095e-35 1.1025412482507799 3 0.5742888893089636 4 0.5742888893089636 20.450000000000003 41.500000000000007 46.500000000000007 0.00020630086619016213 165.2026041666667 5
decision_type=10 2 2 2 2 1 2 1 2 2 1 2 2 2 2 2 2 2 2 2 1 2 1 2 2 2 2 2 8 1
left_child=2 6 -1 10 7 8 14 -3 13 11 -4 26 20 -5 23 -8 25 -12 -14 22 -6 -13 -10 -2 -22 -17 -9 -28 -11 -18
right_child=1 4 3 5 12 -7 15 9 19 28 17 21 18 -15 -16 16 29 -19 -20 -21 24 -23 -24 -25 -26 -27 27 -29 -30 -31
leaf_value=-3.1929295380565881 0.45826805266664961 -0.75588102184228945 -2.5249306380731573 -0.38201428815294602 -1.3029184940136465 0.66683659236793402 0.62860243180351805 -1.2977345921464296 -1.3238724986871151 0.64827651867382197 -2.1057917246299094 -0.77294199069468328 -1.7271517727136474 -1.381945378741974 0.37700938643351489 4.0118076560395712 2.7111613695213714 -0.56534734368316897 -0.54791308008724871 -0.36588765198620532 1.2684581542657527 2.975340245674182 2.4942010411809257 3.0233997732008566 -1.4857662175441462 0.36477268773301486 -0.80013241942668878 2.593164268256702 3.2132765186738217 5.9439472045187225
leaf_weight=63496 12866 34713 38420 25405 7570 48713 9947 13583 1144 14615 41296 4523 20539 58396 44895 9659 30382 15624 22178 16992 13185 13600 10605 46726 3389 10999 5967 3174 38992 80621
leaf_count=63496 12866 34713 38420 25405 7570 48713 9947 13583 1144 14615 41296 4523 20539 58396 44895 9659 30382 15624 22178 16992 13185 13600 10605 46726 3389 10999 5967 3174 38992 80621
internal_value=-0.00133584 0.0166171 -0.0261332 -0.0191991 0.000381984 -0.00808416 0.0295492 0.0092173 -0.0167804 0.0168481 -0.0379983 0.000641892 -0.0166866 -0.0245987 0.0174594 0.0384696 0.0407685 -0.0292038 -0.0262358 0.00601002 0.000208739 0.0188932 0.0269157 0.0261695 0.0123292 0.0199409 -0.0139142 0.00503391 0.0291997 0.0446443
internal_weight=762214 442123 320091 256595 196028 161255 246095 129167 112542 94454 95340 40847 66861 83801 104487 141608 131661 56920 42717 28741 24144 18123 11749 59592 16574 20658 22724 9141 53607 111003
internal_count=762214 442123 320091 256595 196028 161255 246095 129167 112542 94454 95340 40847 66861 83801 104487 141608 131661 56920 42717 28741 24144 18123 11749 59592 16574 20658 22724 9141 53607 111003
cat_boundaries=0 3 6 8 11 13 15
cat_threshold=1654909002 308143708 1 1610801738 316662808 1 1073760322 272688152 1688429130 308143708 1 0 8192 1654906954 283108952
is_linear=0
shrinkage=0.06


Tree=7
num_leaves=31
num_cat=4
split_feature=0 21 126 126 19 19 109 104 104 104 132 130 139 132 111 111 130 111 132 104 111 70 98 99 126 114 132 67 114 119
split_gain=89224.3 21051.2 19158.6 14051.3 9517.23 4731.78 4014.4 3650.7 3498.82 3263.99 3096.82 2832.43 2735.01 2733.39 2842.76 2664.6 2567.5 2476.5 2383.29 2289.82 2575.33 2084.48 1959.26 1942.52 1871.62 1719.69 1488.43 1479.58 1349.71 1343.31
threshold=118.43666666666668 118.31666666666668 116.52500000000002 171.72500000000002 196.79684027777782 185.04687500000003 67.500000000000014 0 1 2 0.025799818015934263 0.25881904510252091 36.500000000000007 0.17963823861099873 60.500000000000007 43.500000000000007 -0.91597561503675329 66.500000000000014 -0.95965000791072852 3 49.500000000000007 55.500000000000007 -0.81860753270059983 0.93769647993491489 1005.8750000000001 0.63673337392495444 -0.94387377644575288 166.50000000000003 1.5034641879826174 89.500000000000014
decision_type=2 10 2 2 10 8 2 1 1 1 2 2 2 2 2 2 2 2 2 1 2 2 2 2 2 2 2 2 2 2
left_child=1 6 5 8 7 17 18 24 23 -5 19 29 27 15 -15 -9 -10 -2 -1 -6 -21 -18 -7 -3 -4 -25 -17 -13 -16 -11
right_child=2 3 4 9 10 22 -8 13 16 11 -12 12 -14 14 28 26 21 -19 -20 20 -22 -23 -24 25 -26 -27 -28 -29 -30 -31
leaf_value=-2.0372427916752152 -0.079519274960877906 -0.74789495434781061 -0.47335540328558606 -2.1164958261129372 -1.2987393756496675 1.2308622372828637 -2.7270288391229243 -0.70455453409458413 -0.97199946294010253 -0.86966181652090258 -0.30102413488029411 -1.8532797339236617 3.0282895150321627 -1.7874506394638077 0.85965358083063192 -1.4784672598777262 3.4205980609984246 2.0494609698093238 -0.80837163450990424 1.0559175557694629 4.01715237192772 0.61238790829760714 5.5182203666294809 3.1459934085064205 -1.8981258449301412 -0.31509250961313423 1.1188331005692851 -0.31589152559193534 -0.49109442374300838 -2.1486367449703891
leaf_weight=20411 12231 35728 28905 25527 4243 6414 81509 14611 7776 17562 13040 13803 7388 10794 10887 2957 19616 79334 28598 24656 45199 29422 72489 6850 13335 9903 49879 21386 14748 33490
leaf_count=20411 12231 35728 28905 25527 4243 6414 81509 14611 7776 17562 13040 13803 7388 10794 10887 2957 19616 79334 28598 24656 45199 29422 72489 6850 13335 9903 49879 21386 14748 33490
internal_value=-0.00150013 -0.0232637 0.017851 -0.0122812 0.00667716 0.0331401 -0.0424867 -0.00268223 0.00325593 -0.0265324 0.0223712 -0.021339 -0.00991357 0.00336596 -0.00987702 0.0105192 0.0135722 0.0238602 -0.0289153 0.0271162 0.0297132 0.0186537 0.0439088 -0.00791321 -0.0175522 0.00894234 0.0167905 -0.0168815 0.000999376 -0.0308714
internal_weight=762691 358969 403722 228451 233254 170468 130518 146116 109295 119156 87138 93629 42577 103876 36429 67447 56814 91565 49009 74098 69855 49038 78903 52481 42240 16753 52836 35189 25635 51052
internal_count=762691 358969 403722 228451 233254 170468 130518 146116 109295 119156 87138 93629 42577 103876 36429 67447 56814 91565 49009 74098 69855 49038 78903 52481 42240 16753 52836 35189 25635 51052
cat_boundaries=0 3 5 7 9
cat_threshold=1610637898 315745304 1 1659101258 273540700 1073766466 272688152 1610637378 281723928
is_linear=0
shrinkage=0.06


Tree=8
num_leaves=31
num_cat=6
split_feature=6 126 132 111 91 111 104 104 133 129 111 104 104 132 130 114 91 126 114 132 131 111 132 129 111 4 6 132 139 129
split_gain=83683.3 22615.5 16887.5 13455.2 9508.98 6710.89 6456.34 5695.98 5505.93 5008.48 3706.65 3685.93 2959.06 3115.88 2841.18 2815.51 2646.99 2641.87 2237.55 2153.77 2084.16 1976.44 1959.49 1807.69 1748.21 1731 1723.97 1701.49 1615.35 1948.71
threshold=301.91500000000008 116.52500000000002 -0.97670382270880773 62.500000000000007 0 49.500000000000007 1 2 0.93769647993491489 224.50000000000003 58.500000000000007 3 4 0.17963823861099873 0.25881904510252091 1.2458205671356957 5 63.725000000000001 0.84636942609825105 -0.90483020021433236 -0.37940952255126015 62.500000000000007 0.025799818015934263 46.500000000000007 70.500000000000014 18.21754049079755 379.05500000000006 0.17963823861099873 38.500000000000007 55.500000000000007
decision_type=10 2 2 2 1 2 1 1 2 2 2 1 1 2 2 2 1 2 2 2 2 2 2 2 2 8 10 2 2 2
left_child=2 9 -1 12 5 14 8 22 17 28 27 24 -4 19 26 -12 -13 -5 25 -14 23 -18 -7 -17 -11 -10 -3 -6 29 -2
right_child=1 4 3 6 10 7 -8 -9 18 11 15 16 13 -15 -16 20 21 -19 -20 -21 -22 -23 -24 -25 -26 -27 -28 -29 -30 -31
leaf_value=-2.8737319438730831 -0.70915950281794038 -1.0381896797865184 -2.2608554035709236 -0.33345996932802446 -0.6092905847778527 3.4522018942827959 0.58097357817209339 0.43408685014146836 -0.97038079267216582 0.14270286869304868 0.59497518621083456 6.476607265906317 -2.0066613342065596 -2.5250805213504175 1.4745594897272027 -1.4962063653794369 -0.76437437011495313 -1.2480851921060321 -0.190158226023878 -0.4704335679757588 -0.90671162046467568 2.5770233862393455 -2.414227905811829 0.63209751254481206 2.2900853496266329 3.2175391102520163 0.32111109148337674 -1.7192772796179341 -1.477510618372319 1.9234880276500859
leaf_weight=62162 7915 25917 38425 25229 15252 52088 49114 40561 1708 12154 34157 68852 10914 19511 15922 3538 3110 58649 19210 26932 24627 31607 1143 14427 45268 7697 15975 18834 2501 8205
leaf_count=62162 7915 25917 38425 25229 15252 52088 49114 40561 1708 12154 34157 68852 10914 19511 15922 3538 3110 58649 19210 26932 24627 31607 1143 14427 45268 7697 15975 18834 2501 8205
internal_value=-0.0017565 0.0151533 -0.0251488 -0.0183702 0.00392612 0.0136908 -0.0078089 0.0236026 -0.0157322 0.0315578 -0.00943092 0.0349653 -0.0361893 -0.027539 -0.00238692 -0.00211935 0.0417272 -0.0234867 0.00699259 -0.017502 -0.0124105 0.0281911 0.0365069 0.00312924 0.0227576 0.0309696 -0.010587 -0.0258961 0.00209752 0.00905899
internal_weight=761604 442053 319551 257389 262441 151606 161607 93792 112493 179612 110835 160991 95782 57357 57814 76749 103569 83878 28615 37846 42592 34717 53231 17965 57422 9405 41892 34086 18621 16120
internal_count=761604 442053 319551 257389 262441 151606 161607 93792 112493 179612 110835 160991 95782 57357 57814 76749 103569 83878 28615 37846 42592 34717 53231 17965 57422 9405 41892 34086 18621 16120
cat_boundaries=0 1 4 6 8 10 11
cat_threshold=24 1654909002 308143708 1 2635865397 3944749475 1659101258 14673500 1073760322 272688152 24
is_linear=0
shrinkage=0.06


Tree=9
num_leaves=31
num_cat=0
split_feature=0 126 132 126 19 21 16 130 6 110 109 132 25 132 133 133 129 111 133 132 130 110 130 109 111 126 0 113 134 98
split_gain=78578.6 18687.4 16953.5 12115.4 8145.72 7609.29 3718.21 3587.23 3495.02 3253.89 2946.95 2882.12 2338.55 2275.61 2266.12 2072.51 2066.65 2049.8 1932.94 1876.47 1869.82 1592.77 1526.27 1525.43 1504.2 1317.32 1287.27 1260.32 1229.26 1220.61
threshold=106.76000000000002 202.45000000000002 -0.96875021044074028 126.05000000000001 158.4271701388889 325.11500000000007 105.00333333333334 -0.37940952255126059 310.18500000000006 18.450000000000003 32.500000000000007 0.025799818015934263 0.89761298328108685 0.37744852145085445 0.9863035000474919 0.81800285027139286 189.50000000000003 53.500000000000007 0.74298546529340237 0.24684749415872467 -0.37940952255126059 10.050000000000002 -0.37940952255126059 32.500000000000007 54.500000000000007 81.475000000000009 163.03875000000002 146.50000000000003 1.0000000180025095e-35 -0.18386704952168662
decision_type=2 2 2 2 8 10 10 2 10 2 2 2 10 2 2 2 2 2 2 2 2 2 2 2 2 2 2 2 2 2
left_child=2 4 25 6 10 7 -4 12 17 16 15 20 14 19 27 -2 -6 -5 -8 26 24 -18 -10 -20 -7 -1 -9 -3 -11 -24
right_child=1 5 3 8 9 11 18 13 22 28 -12 -13 -14 -15 -16 -17 21 -19 23 -21 -22 -23 29 -25 -26 -27 -28 -29 -30 -31
leaf_value=-1.7869846371321614 0.55015858184019351 0.13336871492453894 -0.67004047628301722 -2.3256587884274493 -0.0051191263506400733 0.14877261849286327 -0.22836171576305617 -0.2286444047505489 -1.2994629352552323 0.63193410100416147 0.26119438974187348 -0.58830883168406067 -1.7230082911275626 -1.0240840442703494 1.0935440691006346 3.6518550439789244 2.1227292613729674 -1.1324967499663072 3.1790268404265785 1.4573679865616003 3.4032958369342925 4.5909448022546764 1.2319229755455312 0.47915572067185164 4.2247140918606183 -2.8146590332558574 0.78121782786226845 -1.3983534239593831 2.4255290189747525 -0.6796910886330656
leaf_weight=16579 18241 7875 45055 38305 4790 17776 20500 29252 18629 20292 71807 10840 14290 16858 6385 20570 20895 67721 13924 5585 29719 91038 9467 16635 4726 53426 24090 28184 8319 10756
leaf_count=16579 18241 7875 45055 38305 4790 17776 20500 29252 18629 20292 71807 10840 14290 16858 6385 20570 20895 67721 13924 5585 29719 91038 9467 16635 4726 53426 24090 28184 8319 10756
internal_value=-0.00189419 0.0140907 -0.0251023 -0.0175519 0.0247606 0.000127006 -0.00103501 -0.00803698 -0.0285093 0.0340989 0.0124915 0.017283 -0.0194462 0.000504315 -0.0123774 0.0258121 0.0385437 -0.0341505 0.0100505 0.00606537 0.023127 0.0401953 -0.013114 0.0196119 0.0100787 -0.0510942 0.00260053 -0.0182113 0.0159646 -0.00169996
internal_weight=762529 451532 310997 240992 255952 195580 96114 132519 144878 145334 110618 63061 56734 75785 42444 38811 116723 106026 51059 58927 52221 111933 38852 30559 22502 70005 53342 36059 28611 20223
internal_count=762529 451532 310997 240992 255952 195580 96114 132519 144878 145334 110618 63061 56734 75785 42444 38811 116723 106026 51059 58927 52221 111933 38852 30559 22502 70005 53342 36059 28611 20223
is_linear=0
shrinkage=0.06


Tree=10
num_leaves=31
num_cat=6
split_feature=19 109 132 0 126 0 132 104 111 104 132 104 111 133 104 104 111 111 130 139 130 114 104 130 133 130 119 109 110 111
split_gain=72566.7 22710.5 12277.3 11816.8 7962.7 6220.13 4680.31 3872.96 3219.63 3187.2 2785.98 2689.89 2593.14 2554.95 2415.62 2361.02 2355.07 2069.8 2031.26 2004.36 1992.42 1952.42 1889.9 1771.01 1732.25 1672.42 1577.97 1561.31 1555.74 1854.89
threshold=105.8512152777778 57.500000000000007 -0.97670382270880773 161.12624740600589 229.75000000000003 172.68750000000003 0.025799818015934263 0 52.500000000000007 1 0.16269055358644466 2 44.500000000000007 0.94353349168649059 3 4 59.500000000000007 63.500000000000007 -0.91597561503675329 36.500000000000007 -0.37940952255126059 1.3463698478002637 5 -0.25881904510252113 0.94066717844141279 -0.91597561503675329 41.500000000000007 377.50000000000006 24.850000000000005 86.500000000000014
decision_type=10 2 2 2 2 2 2 1 2 1 2 1 2 2 1 1 2 2 2 2 2 2 1 2 2 2 2 2 2 2
left_child=2 5 -1 9 7 11 8 13 20 27 12 24 -11 -4 -6 -10 -12 26 -13 -16 -5 -8 -15 -23 -2 -9 -7 -3 29 -14
right_child=1 3 4 6 14 17 21 25 15 10 16 18 28 22 19 -17 -18 -19 -20 -21 -22 23 -24 -25 -26 -27 -28 -29 -30 -31
leaf_value=-2.5564285767980817 -0.2735138979412825 -0.70736736471950845 -0.90800979841897256 -0.20871079585472868 -2.2718772237846143 3.2951939321179236 0.7240398116106036 -1.6168054004219672 3.377150801618062 -0.92172295685142724 -1.7791782816864976 -0.17381398859429792 0.84010325055174917 -1.1917142739649644 -1.4705593477503629 1.0628407991065012 -0.42265246503724369 4.2656749669109706 2.5037107522415738 0.050983800242295839 2.013675345560106 -1.3150032258092665 0.64864613278153571 -0.043960601436399994 1.6514919837122339 0.65360767802115671 -0.47641661398099189 -2.16130261148139 -0.79180961543015604 -0.6173335971911228
leaf_weight=62734 24284 15547 60973 26029 28762 8605 17467 3792 38564 22989 15440 9137 45960 1735 40996 25222 36129 83149 59476 7585 15947 10219 12484 13150 13802 27311 5451 9269 9236 11310
leaf_count=62734 24284 15547 60973 26029 28762 8605 17467 3792 38564 22989 15440 9137 45960 1735 40996 25222 36129 83149 59476 7585 15947 10219 12484 13150 13802 27311 5451 9269 9236 11310
internal_value=-0.00190866 0.0108745 -0.0287014 0.000710064 -0.0208727 0.0264511 0.0131215 -0.0102151 0.0197831 -0.0102587 -0.00676831 0.0164485 -0.000368061 -0.0175796 -0.0355195 0.0282754 -0.0178767 0.0374304 0.0235448 -0.0273391 0.00687805 -0.00413155 0.00532068 -0.0154737 0.00365698 0.00759208 0.0161343 -0.0300834 0.0056367 0.009322
internal_weight=762754 516382 246372 312478 183638 203904 146598 106295 105762 165880 141064 106699 89495 75192 77343 63786 51569 97205 68613 48581 41976 40836 14219 23369 38086 31103 14056 24816 66506 57270
internal_count=762754 516382 246372 312478 183638 203904 146598 106295 105762 165880 141064 106699 89495 75192 77343 63786 51569 97205 68613 48581 41976 40836 14219 23369 38086 31103 14056 24816 66506 57270
cat_boundaries=0 3 5 7 9 11 13
cat_threshold=1654909130 273016348 1 1073766466 272679960 1659093066 910936 1073758274 272679960 2367430036 3911195107 0 8192
is_linear=0
shrinkage=0.06


Tree=11
num_leaves=31
num_cat=6
split_feature=0 109 133 140 6 104 122 0 130 122 137 114 130 133 104 25 133 6 104 136 114 99 104 129 133 104 140 133 109 104
split_gain=68622.7 16380.2 15318.1 10862 9512.59 8931.45 5161.52 5035.33 3367.23 3203.93 2920.05 4837.04 3927.19 3022.06 2342.94 2227.51 2210.65 2101.43 2094.24 1935.09 1802.09 1801.5 1691.29 1677.62 1643.92 1575.96 1535.9 1775.84 1415.08 1868.82
threshold=104.00125000000001 52.500000000000007 0.24788919046402172 4.5000000000000009 335.85000000000008 0 0.4735152228025109 198.01250000000002 -0.37940952255126059 0.22279201705105897 6.5078511944142929e-10 1.4519353405445381 -0.37940952255126059 0.97263757644091875 1 0.91891403504799463 0.94066717844141279 316.22500000000008 2 1.0000000180025095e-35 1.3847229852640108 0.99748108949426018 3 46.500000000000007 0.93769647993491489 4 7.5000000000000009 0.58828525785978592 47.500000000000007 5
decision_type=2 2 2 2 10 1 2 2 2 2 2 2 2 2 1 10 2 10 1 2 2 2 1 2 2 1 2 2 2 1
left_child=2 7 28 -4 9 6 25 16 19 14 11 -6 13 -12 -3 -8 17 -2 -14 -7 -17 -18 24 -10 -11 -5 -9 -28 29 -1
right_child=1 4 3 5 10 8 15 26 23 22 12 -13 18 -15 -16 20 21 -19 -20 -21 -22 -23 -24 -25 -26 -27 27 -29 -30 -31
leaf_value=-0.22476932144320103 0.07555954213808036 -2.0368922801896501 -1.7657468892771406 -1.9967392951522569 1.2798454356544655 -1.2552058851452863 -0.67337446910510435 5.3380772517534716 -0.97843328379012429 -0.88521517442987796 -0.099986969555074551 -0.83972152791167887 0.27932478180051873 4.0145698217470391 -0.7013178065631035 1.7693511887397713 3.2751342614046055 1.6960499507519573 3.1276926941977021 1.054847207537245 -0.6046777349394582 -0.14148412626942899 0.24893957217483489 1.4319299019871166 0.10950370086902665 -1.0356551259980726 0.061035785500580454 4.0255317359402527 -2.5530428621901966 -1.7819795147065027
leaf_weight=5506 34432 8810 42728 24925 28723 16311 43306 21651 4385 26231 31708 23622 9220 5816 31777 9582 26339 33880 49239 8360 5630 4857 59560 38226 18781 34964 5259 44999 53794 10030
leaf_count=5506 34432 8810 42728 24925 28723 16311 43306 21651 4385 26231 31708 23622 9220 5816 31777 9582 26339 33880 49239 8360 5630 4857 59560 38226 18781 34964 5259 44999 53794 10030
internal_value=-0.00204368 0.0123597 -0.0245332 -0.0170353 0.00375245 -0.0107589 -0.0206771 0.0270962 0.00669787 -0.00716685 0.0144384 0.00303863 0.0206553 0.00550673 -0.0214748 -0.00800561 0.0183541 0.0123104 0.0303787 -0.0109411 0.0117452 0.0315877 -0.00161342 0.0169121 -0.0103894 -0.0330616 0.0391932 0.0334364 -0.0492351 -0.0332806
internal_weight=762651 464904 297747 228417 293487 185689 118407 171417 67282 145159 148328 52345 95983 37524 40587 58518 99508 68312 58459 24671 15212 31196 104572 42611 45012 59889 71909 50258 69330 15536
internal_count=762651 464904 297747 228417 293487 185689 118407 171417 67282 145159 148328 52345 95983 37524 40587 58518 99508 68312 58459 24671 15212 31196 104572 42611 45012 59889 71909 50258 69330 15536
cat_boundaries=0 3 5 7 10 12 14
cat_threshold=1654909002 274589276 1 1073766467 306234392 1644224586 349160536 1652746826 307414108 1 1073758274 272663576 218632501 4021819425
is_linear=0
shrinkage=0.06


Tree=12
num_leaves=31
num_cat=5
split_feature=0 126 133 140 104 0 104 126 100 123 104 114 133 25 140 130 126 133 129 123 111 131 112 130 126 104 111 133 126 104
split_gain=63367 15063.4 14929.5 10134.6 8049.11 7760.13 6753.5 5103.59 3821.55 3405.35 3183.43 2722.33 2672.43 2488.31 2488.07 2393.97 2611.39 2254.68 2141 1780.56 1712.66 1629.69 2716.71 1625.99 1592.93 1580.92 1669.07 1563.78 1535.9 2109.64
threshold=104.00125000000001 202.45000000000002 0.24788919046402172 4.5000000000000009 0 214.00125000000003 1 87.375000000000014 1.0000000180025095e-35 0.81364553469971723 2 1.2586839799709686 0.42568571711766151 0.91891403504799463 4.5000000000000009 -0.91597561503675329 2073.3250000000003 0.58828525785978592 202.50000000000003 0.92198117898971532 52.500000000000007 -0.37940952255126015 3.0150000000000001 -0.37940952255126059 1005.8750000000001 3 88.500000000000014 0.80798785254895478 162.07500000000002 4
decision_type=2 2 2 2 1 2 1 2 2 2 1 2 2 10 2 2 2 2 2 2 2 2 2 2 2 1 2 2 2 1
left_child=2 5 28 -4 7 10 24 13 12 23 18 -10 -8 -5 -7 -14 -17 -16 -2 -12 -13 22 -22 -6 -3 26 -9 -18 29 -1
right_child=1 6 3 4 9 14 8 25 11 -11 19 20 15 -15 17 16 27 -19 -20 -21 21 -23 -24 -25 -26 -27 -28 -29 -30 -31
leaf_value=-0.66853364522996372 0.16604984712255158 -0.50852147322926411 -1.6545696357650281 -0.55383887194725534 -1.2211129705374169 5.8513569013382005 -1.0150410368847393 -1.5625334980689409 0.60407738203222661 1.2437462376627331 -0.011866195192272357 -2.1678894890028504 -0.68679886852365879 1.8343553171289864 -0.067201194695430219 1.8036792625326501 1.2927536250357647 3.43654300033542 2.1195737681932361 1.1257801167617156 0.76253858147632336 -1.0071137999888455 -1.0852339800875623 0.1022380979198789 -1.5157338984443214 -1.0908351851162192 -0.18354166594845936 -0.72344862979836022 -2.4898602904587848 -1.8208880781093826
leaf_weight=10655 16962 28715 42636 23009 16328 19590 8454 34845 18124 40102 58874 5017 9727 8618 7652 58286 12249 62305 66109 31632 11338 13693 4596 22239 21923 35970 4514 9707 43066 15780
leaf_count=10655 16962 28715 42636 23009 16328 19590 8454 34845 18124 40102 58874 5017 9727 8618 7652 58286 12249 62305 66109 31632 11338 13693 4596 22239 21923 35970 4514 9707 43066 15780
internal_value=-0.00219471 0.0116452 -0.0238055 -0.016392 -0.0103327 0.0211036 -0.000685825 -0.0210469 0.00566619 0.00423615 0.0137025 -0.00736114 0.0126512 -0.000821424 0.0354494 0.0156819 0.0190895 0.0301561 0.0221831 0.00591535 -0.0172181 -0.0117274 0.00131785 -0.00849253 -0.0196482 -0.0295412 -0.0378547 0.00145375 -0.0481531 -0.0367658
internal_weight=762715 464953 297762 228261 185625 263124 201829 106956 151191 78669 173577 52768 98423 31627 89547 89969 80242 69957 83071 90506 34644 29627 15934 38567 50638 75329 39359 21956 69501 26435
internal_count=762715 464953 297762 228261 185625 263124 201829 106956 151191 78669 173577 52768 98423 31627 89547 89969 80242 69957 83071 90506 34644 29627 15934 38567 50638 75329 39359 21956 69501 26435
cat_boundaries=0 2 5 7 9 12
cat_threshold=1654909002 273999388 1073766986 316130328 1 2367430069 3986692515 1073758274 272671768 218633013 4021819429 1
is_linear=0
shrinkage=0.06


Tree=13
num_leaves=31
num_cat=6
split_feature=19 0 109 132 140 111 104 111 132 126 132 111 104 133 104 132 104 132 104 132 114 131 111 126 25 132 119 130 127 104
split_gain=59702.5 19358.8 12039.8 8990.86 7474.5 6336.1 4613.14 4595.76 3572.04 3043.8 2881.3 3296.18 2848.44 2799.17 2527.57 2467.4 2400.83 2260.9 2172.1 2102.78 1934.84 1952.71 1767.69 1721.91 2060.9 1657.09 1592.33 1525.32 1470.09 1427.87
threshold=97.474565972222237 198.01250000000002 47.500000000000007 -0.97670382270880773 4.5000000000000009 59.500000000000007 0 62.500000000000007 0.025799818015934263 1005.8750000000001 0.17963823861099873 59.500000000000007 1 0.74298546529340237 2 0.3933211724509133 3 -0.13291928626387098 4 -0.81860753270059983 -1.4970379956922566 -0.37940952255126015 51.500000000000007 87.375000000000014 0.91891403504799463 0.23014236637527921 62.500000000000007 -0.37940952255126059 8.5068687658261819 5
decision_type=10 2 2 2 2 2 1 2 2 2 2 2 1 2 1 2 1 2 1 2 2 2 2 2 10 2 2 2 2 1
left_child=3 2 13 -1 -3 -5 10 17 14 15 22 -12 23 26 -9 20 -15 27 -11 -16 -8 -22 -4 24 -7 -13 29 -6 -23 -2
right_child=1 4 6 5 7 12 9 8 -10 18 11 25 -14 16 19 -17 -18 -19 -20 -21 21 28 -24 -25 -26 -27 -28 -29 -30 -31
leaf_value=-2.1165804704066824 -0.5825809846642207 4.4822291292742928 -0.16727090595259284 -1.8502449437960591 0.13613746479088717 -0.73184925707465531 1.5391654080190869 1.1248837726905259 0.33081187335042156 -1.952099230759234 -1.6406528367025495 -0.77710514240053385 0.17718687254881502 0.89030509216931986 0.79566725883045253 -1.5481846424855399 3.0656868011098064 -1.035068881084789 -0.90355536895528921 5.0639170522668673 0.27540975789508054 -0.69201518853371169 1.0717597508138117 -0.91796658322262681 1.34471364309771 0.23889185824408299 -2.2046499710902991 2.6541978025521789 0.076167930854527263 0.91953285132808271
leaf_weight=62470 6779 33288 23974 48849 27231 23711 5243 17681 21678 10359 11042 1779 28275 40286 6951 16278 37565 11568 34147 44973 31014 38049 45392 39483 6946 26078 2128 14050 16542 28533
leaf_count=62470 6779 33288 23974 48849 27231 23711 5243 17681 21678 10359 11042 1779 28275 40286 6951 16278 37565 11568 34147 44973 31014 38049 45392 39483 6946 26078 2128 14050 16542 28533
internal_value=-0.00228747 0.00805676 0.000334232 -0.0295424 0.0243874 -0.0214511 -0.00682445 0.0184688 0.0266209 -0.0135785 0.00263604 -0.0104344 -0.0126827 0.0164717 0.0332445 -0.00809992 0.0229551 0.00438789 -0.0267679 0.0399153 -0.00424529 -0.0064124 0.00996612 -0.0191621 -0.00849566 0.000562137 0.0029903 0.0109573 -0.0132426 0.00602837
internal_weight=762342 552608 375188 209734 177420 147264 259897 144132 91283 151632 108265 38899 98415 115291 69605 107126 77851 52849 44506 51924 90848 85605 69366 70140 30657 27857 37440 41281 54591 35312
internal_count=762342 552608 375188 209734 177420 147264 259897 144132 91283 151632 108265 38899 98415 115291 69605 107126 77851 52849 44506 51924 90848 85605 69366 70140 30657 27857 37440 41281 54591 35312
cat_boundaries=0 2 5 8 11 13 15
cat_threshold=2367427988 3976214947 1654909130 273081884 1 1654906955 283108892 1 1927536842 274720328 1 1073758274 272679960 1610664002 273540120
is_linear=0
shrinkage=0.06


Tree=14
num_leaves=31
num_cat=8
split_feature=6 109 132 111 0 140 114 111 0 104 132 69 104 132 132 119 132 104 129 104 111 127 104 111 110 104 104 104 120 132
split_gain=54786.8 15038.7 14382.2 8903.89 6510.7 4904.17 4570.9 3877.5 3295.98 3260.57 4167.72 3231.55 2530.08 2722.56 2511.18 2508.35 2350.74 2156.24 2083.12 2280.14 2578.05 1963.44 1924.55 1845.2 1692.45 1660.97 1504.42 1469.91 1337.27 1989.92
threshold=302.97500000000008 57.500000000000007 -0.96875021044074028 62.500000000000007 195.00500000000002 4.5000000000000009 1.1025412482507799 63.500000000000007 224.93500000000003 0 0.17963823861099873 10.450000000000001 1 0.3933211724509133 0.16269055358644466 41.500000000000007 0.025799818015934263 2 28.500000000000004 3 65.500000000000014 2.7097792598657864 4 59.500000000000007 24.850000000000005 5 6 7 1.0000000180025095e-35 0.36146417736073544
decision_type=10 2 2 2 2 2 2 2 2 1 2 2 1 2 2 2 2 1 2 1 2 2 1 2 2 1 1 1 2 2
left_child=2 7 18 9 14 -6 11 15 21 -4 -11 27 13 -8 17 25 22 -3 -1 20 -20 -9 -7 -16 -19 -2 -23 -5 -25 -30
right_child=1 4 3 6 5 16 12 8 -10 10 -12 -13 -14 -15 23 -17 -18 24 19 -21 -22 26 -24 28 -26 -27 -28 -29 29 -31
leaf_value=-2.7834738448068568 3.0578124363058987 -0.59839791634258632 -1.7640470651853306 -0.95854414219982653 3.8038653282259491 1.9085137353749189 -0.37357512242198593 0.76205061263603824 4.7251205376257008 -0.39630179851721892 -1.9530516599873839 -0.27917884688856959 -0.032147209663694692 -1.6688200101180841 -1.2615858177222463 -0.864334947804831 -0.41451541304084027 0.60698753059661836 -1.7634738448068568 -1.5300508839209317 -0.11472604471429065 1.232557178986595 0.14045503224449646 -0.57427678992575382 -0.70384712762363166 -0.13736511608274327 3.3063856265266205 1.3104740023089312 0.99841369973339933 -0.41366542707124948
leaf_weight=27751 9576 36834 33957 1897 15510 37567 37522 30682 50028 39135 20664 39166 29316 20055 15991 11075 20118 59203 6885 26132 12047 28165 26407 16416 13262 7466 36715 32491 4086 16507
leaf_count=27751 9576 36834 33957 1897 15510 37567 37522 30682 50028 39135 20664 39166 29316 20055 15991 11075 20118 59203 6885 26132 12047 28165 26407 16416 13262 7466 36715 32491 4086 16507
internal_value=-0.00237789 0.011556 -0.0209386 -0.0142041 0.00247673 0.0145526 -0.00562014 0.0252448 0.0291842 -0.0288938 -0.0204498 0.00538699 -0.0149375 -0.0222411 -0.0049342 0.00484601 0.0088345 0.000262946 -0.0444487 -0.0364833 -0.0205881 0.0226519 0.01446 -0.0156518 0.00627104 0.0192924 0.0285661 0.0188083 -0.00829235 0.00189084
internal_weight=762626 435608 327018 254203 261901 99602 160447 173707 145590 93756 59799 73554 86893 57577 162299 28117 84092 109299 72815 45064 18932 95562 63974 53000 72465 17042 64880 34388 37009 20593
internal_count=762626 435608 327018 254203 261901 99602 160447 173707 145590 93756 59799 73554 86893 57577 162299 28117 84092 109299 72815 45064 18932 95562 63974 53000 72465 17042 64880 34388 37009 20593
cat_boundaries=0 2 5 8 10 12 14 16 18
cat_threshold=1073760322 272925720 1654907466 1347806812 1 1623351371 315810908 1 218927413 4021819425 2367495572 3758103011 219946805 3416397863 1650712779 2496652880 536870912 8192
is_linear=0
shrinkage=0.06


Tree=15
num_leaves=31
num_cat=6
split_feature=61 19 133 140 109 126 104 135 109 104 133 109 101 114 98 129 104 110 133 133 104 98 140 61 110 133 104 114 91 137
split_gain=51441.7 14106.2 12427.9 9185.06 8647.07 6251.25 4829.02 4600.22 4127.94 3364.22 3126.92 2255.14 2181.53 2448.54 2322.59 2072.93 2184.15 2652.3 1916.74 1691.83 1664.63 1659.54 1633.54 1867.68 1562.59 1669.19 1494.03 1483.8 1479.99 1389.47
threshold=4.6002706967093401 198.79722222222225 0.28106562097635729 4.5000000000000009 37.500000000000007 87.375000000000014 0 1.0000000180025095e-35 57.500000000000007 1 0.94066717844141279 472.50000000000006 0.6830127018922193 1.0430709343817244 0.12865578461947555 51.500000000000007 2 23.450000000000003 0.94066717844141279 0.73136292505298039 3 0.55923163791368669 15.000000000000002 5.1572577049130031 18.450000000000003 0.58828525785978592 4 0.99850110263328529 5 6.5078511944142929e-10
decision_type=2 10 2 2 2 2 1 2 2 1 2 2 2 2 2 2 1 2 2 2 1 2 2 2 2 2 1 2 1 2
left_child=2 4 15 -4 10 20 21 9 24 11 26 18 -11 19 -15 -1 17 -17 -6 -14 -5 -7 23 -10 25 -3 -2 -20 -8 -24
right_child=1 8 3 5 7 6 28 -9 22 12 -12 -13 13 14 -16 16 -18 -19 27 -21 -22 -23 29 -25 -26 -27 -28 -29 -30 -31
leaf_value=-2.3164654141184449 -0.14324329170707359 -1.8315264213606388 -1.6108461632343452 -0.48048404763348995 -1.0301936403534107 -0.87473668827639894 1.0609936204550892 0.68741789747832627 -0.069732222953538203 -0.82125326888833272 3.2715160324532726 -1.6665922960937145 -2.2536824713076089 0.082063976259008339 -0.61075281640916412 0.24832920822839924 -1.5251026255698268 -1.4531506808812718 0.9266432643048943 0.89472252423420739 1.1608000053995267 -2.1094919232949514 -0.31806634632447556 2.9596242674750242 1.1352841457641145 4.5065747968733119 1.194470321194574 -0.37950591276221812 -0.46309859738147391 1.2830738430374209
leaf_weight=36499 18151 895 36831 14540 19170 54465 15112 42678 7033 39336 26187 14478 2094 59386 22662 7566 23168 8172 6937 36370 31526 10293 18515 25588 11824 57385 34916 9465 33917 37960
leaf_count=36499 18151 895 36831 14540 19170 54465 15112 42678 7033 39336 26187 14478 2094 59386 22662 7566 23168 8172 6937 36370 31526 10293 18515 25588 11824 57385 34916 9465 33917 37960
internal_value=-0.00245474 0.00914142 -0.0233819 -0.015442 0.00209745 -0.00921804 -0.0167675 -0.00332809 0.0238235 -0.00697936 0.0193881 -0.0205525 -0.0027279 0.00127654 -0.00457921 -0.0440917 -0.0344545 -0.0171668 -0.0124308 0.0137673 0.00942974 -0.0275206 0.015253 0.0259426 0.0347154 0.0387502 0.0110157 0.00262635 -0.00255832 0.00907819
internal_weight=763119 491030 272089 196684 331830 159853 113787 252576 159200 209898 79254 50050 159848 120512 82048 75405 38906 15738 35572 38464 46066 64758 89096 32621 70104 58280 53067 16402 49029 56475
internal_count=763119 491030 272089 196684 331830 159853 113787 252576 159200 209898 79254 50050 159848 120512 82048 75405 38906 15738 35572 38464 46066 64758 89096 32621 70104 58280 53067 16402 49029 56475
cat_boundaries=0 2 5 7 9 12 13
cat_threshold=1621353034 273999388 1073766474 307282968 1 227316533 4021950753 581150728 860676 1894227968 909892 1 24
is_linear=0
shrinkage=0.06


Tree=16
num_leaves=31
num_cat=1
split_feature=19 19 123 110 123 123 119 114 25 99 123 91 123 114 114 135 110 137 7 115 140 19 25 137 35 0 99 139 21 110
split_gain=47941.1 15926.8 10508.2 8266.81 4813.19 4531.7 3657.37 3080.32 2945.72 2867.23 2607.47 2120.66 2016.8 1931.7 1898.74 1862.68 1645.17 1664.64 1643.36 1596.21 1593.15 1512.05 1505.48 1434.54 1318.17 1290.22 1219.35 1170.53 1217.12 1158.94
threshold=94.901840277777794 196.79684027777782 0.91052814484341871 20.750000000000004 0.30690087419953965 0.86612116321110799 201.50000000000003 0.84636942609825105 0.85798629067421095 0.92519182738459482 0.73621692481418 0 0.80353826754041491 3.5443923638628787 -1.6921341644564472 1.0000000180025095e-35 18.450000000000003 0.0041436636651481012 209.75500000000002 -2.2655197586434848 27.000000000000004 57.659027777777787 0.85798629067421095 1.0000000180025095e-35 290.67500000000007 97.412500000000009 0.99748108949426018 64.500000000000014 397.81000000000012 27.150000000000002
decision_type=10 10 2 2 2 2 2 2 10 2 2 1 2 2 2 2 2 2 2 2 2 10 10 2 10 2 2 2 10 2
left_child=3 2 4 7 8 11 12 22 25 29 -5 13 -6 27 -14 24 17 23 20 -8 -9 -12 -1 -7 -16 -2 -11 28 -3 -4
right_child=1 5 9 10 6 16 19 18 -10 26 21 -13 14 -15 15 -17 -18 -19 -20 -21 -22 -23 -24 -25 -26 -27 -28 -29 -30 -31
leaf_value=-0.33795359062374031 -1.3369427882274549 0.9736415613192676 0.67831231547127224 -1.9674774892713387 -0.49702505622980381 0.80132221365439049 -0.86807508707142822 -1.4616456521498764 -1.5215221415819107 3.4029168734243074 -1.5179193621555354 -0.18706590103680554 2.6496444263209495 -1.7268628645757578 -0.54910098536028895 1.4512479136583483 1.0575313121953964 -1.6924430040861738 -0.30609962319604744 0.92228562315042006 -0.66653502553500654 -0.68120233764435589 1.138084829015318 4.8647738465918149 0.046289621314477357 -0.34954516966917765 0.0067863389923275008 -0.87441021679001174 2.7490154267887923 -1.8288926408626656
leaf_weight=20406 15709 32016 54378 61670 77848 7684 1576 23327 17575 29855 13590 22355 4589 3608 30373 13943 13510 1019 26942 32940 19283 23787 9023 54372 62419 42844 3933 2786 38368 1417
leaf_count=20406 15709 32016 54378 61670 77848 7684 1576 23327 17575 29855 13590 22355 4589 3608 30373 13943 13510 1019 26942 32940 19283 23787 9023 54372 62419 42844 3933 2786 38368 1417
internal_value=-0.00248076 0.00642142 -0.000344992 -0.027885 -0.0057327 0.021416 -0.00129769 -0.0156216 -0.0187639 0.0176864 -0.0401399 0.0129467 -0.00457486 0.0176807 0.000605794 -0.00101915 0.0323785 0.0364484 -0.0225066 0.0166631 -0.0298402 -0.0276339 0.000650357 0.0376976 -0.00409169 -0.0122974 0.0314801 0.0197964 0.0213062 0.00933293
internal_weight=763145 565117 389399 198028 299816 175718 223688 98981 76128 89583 99047 99133 189172 76778 111324 106735 76585 63075 69552 34516 42610 37377 29429 62056 92792 58553 33788 73170 70384 55795
internal_count=763145 565117 389399 198028 299816 175718 223688 98981 76128 89583 99047 99133 189172 76778 111324 106735 76585 63075 69552 34516 42610 37377 29429 62056 92792 58553 33788 73170 70384 55795
cat_boundaries=0 1
cat_threshold=24
is_linear=0
shrinkage=0.06


Tree=17
num_leaves=31
num_cat=6
split_feature=0 19 132 111 140 129 122 113 104 132 132 111 104 104 130 133 129 104 111 104 127 132 98 132 126 131 111 104 132 109
split_gain=44384.6 12785.3 10481 8892.91 8059.68 5452.68 5205.32 4640.14 3690.17 3560.41 3368.09 4002.92 3341.87 3055.53 2405.28 2350.81 2340.15 2292.81 2420.63 2289.8 2251.62 2117.53 2023.86 1799.7 1696.63 1640.53 1420 1377.64 1373.17 1877.47
threshold=94.180000000000021 225.09444444444446 -0.95965000791072852 62.500000000000007 4.5000000000000009 46.500000000000007 0.43883055453560055 131.50000000000003 0 0.3933211724509133 0.025799818015934263 57.500000000000007 1 2 -0.37940952255126059 0.78724360164103002 28.500000000000004 3 64.500000000000014 4 18.064549092751289 -0.81860753270059983 0.57340843044527534 -0.90483020021433236 87.375000000000014 -0.37940952255126015 44.500000000000007 5 0.16269055358644466 157.50000000000003
decision_type=2 10 2 2 2 2 2 2 1 2 2 2 1 1 2 2 2 1 2 1 2 2 2 2 2 2 2 1 2 2
left_child=2 3 16 8 -4 -5 12 15 -2 14 11 -3 -6 -9 23 -7 -1 -18 -19 -8 24 -13 -14 -10 -15 -26 -25 -23 -28 -30
right_child=1 10 4 5 6 7 19 13 9 -11 -12 21 22 20 -16 -17 17 18 -20 -21 -22 27 -24 26 25 -27 28 -29 29 -31
leaf_value=-2.3654287483623242 -1.3238554623858987 0.90127846265869316 -1.6034396833394362 -0.75097568566845463 -1.5792075075918264 0.5428262238992424 -0.35297974142235744 -0.11379196773281677 -1.516937457449772 -1.7971218376777887 -0.69413556518549535 0.10565199026974084 -0.22426958193023011 1.4593447770100449 0.40655801072765568 2.496155069104089 -1.3814374935715101 -1.4181477024476059 -0.10203790488800252 0.89789345735141235 2.7721819588808509 5.0814917460163391 -1.7600228572486067 -0.88150368380623767 0.89970148276794304 -0.09557262131289633 0.36768064711990345 2.2177046849353235 0.26170162065283931 -1.330566764267183
leaf_weight=27027 19107 33873 32589 29346 23055 16120 44580 64959 8270 11678 7367 5742 32207 38050 40932 35956 26203 7532 13233 32683 15242 49936 8609 21617 21918 44144 29059 14492 3310 4254
leaf_count=27027 19107 33873 32589 29346 23055 16120 44580 64959 8270 11678 7367 5742 32207 38050 40932 35956 26203 7532 13233 32683 15242 49936 8609 21617 21918 44144 29059 14492 3310 4254
internal_value=-0.00256153 0.00747071 -0.0234333 0.00250775 -0.0153785 0.00892833 -0.00916824 0.0119566 -0.00983549 -0.00590677 0.0254657 0.0282417 -0.0218415 0.0074882 -0.00248727 0.0277712 -0.0423436 -0.0342481 -0.0193233 0.0013085 0.0131868 0.0364185 -0.0115159 -0.00952985 0.0100345 0.00422143 -0.00581034 0.03953 0.00138761 -0.0213827
internal_weight=763090 515372 247718 403962 173723 265735 141134 236389 138227 119120 111410 104043 63871 184313 107442 52076 73995 46968 20765 77263 119354 70170 40816 66510 104112 66062 58240 64428 36623 7564
internal_count=763090 515372 247718 403962 173723 265735 141134 236389 138227 119120 111410 104043 63871 184313 107442 52076 73995 46968 20765 77263 119354 70170 40816 66510 104112 66062 58240 64428 36623 7564
cat_boundaries=0 2 4 6 9 12 14
cat_threshold=1073758274 272679960 1073897538 272942104 1644355658 273671256 4067650762 273016536 1 1654892554 273540636 1 2371624212 3944749539
is_linear=0
shrinkage=0.06


Tree=18
num_leaves=31
num_cat=1
split_feature=19 0 123 140 126 126 91 111 132 110 119 28 110 132 121 101 20 111 6 20 119 111 140 85 110 113 113 132 114 114
split_gain=41492.6 16048.8 8583.06 8484.24 6150.32 4602.86 4523.68 4423.24 3119.26 3161.04 2748.18 2580.48 2495.46 2405.79 2402.03 2089.69 1949.86 1889.53 1782.97 1729.19 1655 1477.67 1411.5 1369.59 1813.13 1296.63 1260.78 1124.39 1067.91 1039.85
threshold=86.734722222222231 172.68750000000003 0.92198117898971532 4.5000000000000009 182.87500000000003 1005.8750000000001 0 54.500000000000007 0.3933211724509133 24.850000000000005 78.500000000000014 161.3763888888889 15.450000000000001 0.025799818015934263 987.45000000000016 0.6830127018922193 71.093098750085446 61.500000000000007 326.49500000000006 15.834558336486971 622.50000000000011 67.500000000000014 2.5000000000000004 18.350000000000005 18.250000000000004 146.50000000000003 156.50000000000003 0.57340843044527534 3.2991786903316851 -0.69185236169184083
decision_type=10 2 2 2 2 2 1 2 2 2 2 10 2 2 2 2 10 2 10 10 2 2 2 10 2 2 2 2 2 2
left_child=4 2 5 -3 14 8 7 20 9 10 18 -7 19 16 -1 -6 28 -8 -2 -4 -5 -10 -21 -20 -25 -17 -19 -13 -9 -23
right_child=1 3 12 6 15 11 17 13 21 -11 -12 27 -14 -15 -16 25 -18 26 23 22 -22 29 -24 24 -26 -27 -28 -29 -30 -31
leaf_value=-0.99206042479263168 -0.26881436088779098 2.8250974079007793 -0.99870263080868082 -0.30321735866192684 -1.7330030692369525 -1.3399140812356858 -0.88119446369330034 1.4703786953901823 -1.8201232193094137 -1.2604558546564073 0.52868664336800375 -0.52514978768610776 0.16586565181140628 -2.5652752057456087 -0.23833305010240252 0.46153732438646727 4.0894043735044248 1.1903536121742093 -0.28436233895302021 -0.58332139703018526 2.8933774169759983 0.58902015534993413 2.8870297989155405 1.9720701551228386 -0.24054627209401216 -1.4362568409327623 -0.15464854292505889 -1.6696384192610099 -1.4424364291066445 -0.80555689064762814
leaf_weight=40016 76962 43579 1879 31917 59415 17272 15721 41616 8988 12123 52315 55617 29190 1881 33344 3327 45874 12672 17505 2355 6722 6296 33087 16961 10439 19570 29883 5468 2031 28924
leaf_count=40016 76962 43579 1879 31917 59415 17272 15721 41616 8988 12123 52315 55617 29190 1881 33344 3327 45874 12672 17505 2355 6722 6296 33087 16961 10439 19570 29883 5468 2031 28924
internal_value=-0.00249791 0.00458647 -0.0030799 0.0169963 -0.0301339 -0.00729003 0.0114754 0.0176998 -0.0030196 0.000380342 0.00244226 -0.0198527 0.0164713 0.0248959 -0.0175009 -0.0413927 0.0263071 -0.00241701 -0.00249565 0.0267494 0.000681677 -0.0173476 0.0297232 0.0070053 0.0153805 -0.0259909 0.00414936 -0.0140625 0.0172283 -0.0118055
internal_weight=762949 607277 375381 231896 155672 308870 188317 130041 230513 186305 174182 78357 66511 91402 73360 82312 89521 58276 121867 37321 38639 44208 35442 44905 27400 22897 42555 61085 43647 35220
internal_count=762949 607277 375381 231896 155672 308870 188317 130041 230513 186305 174182 78357 66511 91402 73360 82312 89521 58276 121867 37321 38639 44208 35442 44905 27400 22897 42555 61085 43647 35220
cat_boundaries=0 1
cat_threshold=24
is_linear=0
shrinkage=0.06


Tree=19
num_leaves=31
num_cat=7
split_feature=19 7 109 140 109 104 132 111 111 127 109 133 139 111 133 104 109 132 104 132 111 130 130 104 58 104 98 104 114 104
split_gain=37928.7 14393.9 8268.51 6568.19 5694.04 4841 3654.15 3365.82 3276.06 3050.93 2842.05 2815.42 2812.91 2486.22 2387.99 2013.39 2010.56 1901.46 1965.34 1891.47 1923.97 1797.22 1787.09 1770.36 1763.02 1706.58 1468.64 1417.48 1414.38 1402.51
threshold=86.734722222222231 361.01500000000004 32.500000000000007 4.5000000000000009 82.500000000000014 0 0.3933211724509133 62.500000000000007 50.500000000000007 20.770189093230687 472.50000000000006 0.94066717844141279 41.500000000000007 59.500000000000007 0.94066717844141279 1 32.500000000000007 -0.95965000791072852 2 -0.98350143100407361 57.500000000000007 0.25881904510252091 -0.37940952255126059 3 4149.4550000000008 4 0.14569472580964501 5 0.57622964287356682 6
decision_type=10 2 2 2 2 1 2 2 2 2 2 2 2 2 2 1 2 2 1 2 2 2 2 1 2 1 2 1 2 1
left_child=4 2 11 -3 17 10 8 22 21 24 14 23 16 -8 -4 -15 -9 18 -1 -6 -21 -7 -5 -2 29 -18 27 -13 -16 -10
right_child=1 3 5 7 19 6 13 12 9 -11 -12 26 -14 15 28 -17 25 -19 -20 20 -22 -23 -24 -25 -26 -27 -28 -29 -30 -31
leaf_value=-0.21972365704437266 -0.14292615999056166 3.1979935816294778 -0.82536130905219118 -0.33961927056965519 -1.7599229247555865 -0.81425086272470637 -1.8036628155248078 3.4888358263804462 -0.074057661912850112 2.1846039393618604 -1.4160006387140303 -0.95774638772938203 3.9402032619211096 -1.1686272262796291 1.1787355590511717 0.018779866626574347 1.2410019475230791 -0.33740661028956254 -1.2872858400119351 -1.665210072434417 -0.74607480050627428 0.40544945481746153 1.3843982022847701 1.405242229350631 -1.4105592620195326 -0.23844882372725862 3.3523143807560727 3.5508662934836535 -0.22719427248911897 0.50137887300241168
leaf_weight=10593 25460 36098 33131 38703 37584 40712 12423 18333 67741 22545 17801 2509 24726 14082 6452 27704 30379 40387 16878 25540 24879 13122 18606 23509 6994 25085 7083 14473 16564 62895
leaf_count=10593 25460 36098 33131 38703 37584 40712 12423 18333 67741 22545 17801 2509 24726 14082 6452 27704 30379 40387 16878 25540 24879 13122 18606 23509 6994 25085 7083 14473 16564 62895
internal_value=-0.00251649 0.00426155 -0.00201965 0.0178495 -0.028919 -0.00593149 -0.00218366 0.0125072 0.00134097 0.00564467 -0.0195222 0.0163072 0.0192325 -0.0160985 -0.0129013 -0.00909182 0.0133638 -0.0158588 -0.0280365 -0.0389894 -0.0313935 -0.0114639 0.000945385 0.0080486 0.00229309 0.0076697 0.0331114 0.0235365 0.00194465 0.00386445
internal_weight=762991 607130 415200 191930 155861 342166 268218 155832 214009 160175 73948 73034 98523 54209 56147 41786 73797 67858 27471 88003 50419 53834 57309 48969 137630 55464 24065 16982 23016 130636
internal_count=762991 607130 415200 191930 155861 342166 268218 155832 214009 160175 73948 73034 98523 54209 56147 41786 73797 67858 27471 88003 50419 53834 57309 48969 137630 55464 24065 16982 23016 130636
cat_boundaries=0 2 5 7 10 12 14 17
cat_threshold=1610637386 272679960 384270880 1108419076 1 218681973 4021983280 1928832137 303948740 1 2304515476 2751469987 570425352 794688 312705697 582885956 1
is_linear=0
shrinkage=0.06


Tree=20
num_leaves=31
num_cat=6
split_feature=0 0 109 109 140 104 19 140 132 140 104 135 70 133 111 104 139 104 110 132 111 104 133 115 104 132 132 130 109 133
split_gain=35689.4 11541.9 8339.96 6695.31 5070.96 4201.5 3489.25 3388.73 2867.5 2794.79 2481.98 2426.42 2261.97 2153.33 2014.02 1847.67 1816.35 1701.9 1671.73 2447.71 2249.77 1663.77 1648.11 1525.52 1489.97 1473.31 1305.17 1263.46 1250.88 1142.94
threshold=88.711250000000021 233.75500000000002 82.500000000000014 32.500000000000007 4.5000000000000009 0 67.79791666666668 4.5000000000000009 -0.95965000791072852 4.5000000000000009 1 1.0000000180025095e-35 64.500000000000014 0.73136292505298039 62.500000000000007 2 41.500000000000007 3 25.050000000000004 0.17963823861099873 59.500000000000007 4 0.94066717844141279 0.052305400478344484 5 0.21336913576298863 0.61490419508004501 -0.37940952255126059 32.500000000000007 0.94066717844141279
decision_type=2 2 2 2 2 1 10 2 2 2 1 2 2 2 2 1 2 1 2 2 2 1 2 2 1 2 2 2 2 2
left_child=2 3 7 10 -3 18 -4 -1 17 -8 -2 12 -7 -12 27 -10 28 -9 19 -5 -21 -11 24 -24 -14 -22 -23 -6 -16 -17
right_child=1 4 6 5 14 11 9 8 15 21 13 -13 22 -15 16 29 -18 -19 -20 20 25 26 23 -25 -26 -27 -28 -29 -30 -31
leaf_value=-1.2785319376254749 0.087033794251708652 4.7908120681596884 -1.6062774198246867 1.0146697985436179 -0.15712790797160892 -0.047659183247052109 -1.5842921935606045 -0.067353105224208884 1.3819484914863573 -1.2477306184636234 0.30241131974645041 0.28491730618175748 -1.1887767237556568 2.4185665643908312 4.3618515021981867 -0.46333024162846864 4.8058689443059812 -1.1372994657988895 -0.71109668961723993 -0.99866148293941914 -0.50355047845989265 -0.30064571836643267 -0.36705644350056271 0.7144091894321758 -0.67897485900780397 0.39559285859897214 -2.0654069128731778 2.2090166402722264 0.73774280887157728 0.94432287528891068
leaf_weight=14616 25774 22590 49877 67776 24585 65229 17357 8366 17798 19401 16066 35000 20902 36822 11563 35612 16624 13181 12722 9376 1576 33185 41208 7885 50145 28675 4189 11712 33214 9192
leaf_count=14616 25774 22590 49877 67776 24585 65229 17357 8366 17798 19401 16066 35000 20902 36822 11563 35612 16624 13181 12722 9376 1576 33185 41208 7885 50145 28675 4189 11712 33214 9192
internal_value=-0.00247488 0.00586848 -0.0226781 0.00116691 0.0222514 -0.00247792 -0.0330385 -0.00966952 -0.00503743 -0.0247825 0.0169437 -0.00739858 -0.0101346 0.0243816 0.0163273 0.00146063 0.0229507 -0.0239159 0.00654908 0.0089857 -0.0028601 -0.0183405 -0.0150184 -0.00656414 -0.02086 0.00509917 -0.0109295 0.0051226 0.0166622 -0.00503671
internal_weight=762218 539444 222774 419156 120288 340494 124009 98765 84149 74132 78662 220369 185369 52888 97698 62602 61401 21547 120125 107403 39627 56775 120140 49093 71047 30251 37374 36297 44777 44804
internal_count=762218 539444 222774 419156 120288 340494 124009 98765 84149 74132 78662 220369 185369 52888 97698 62602 61401 21547 120125 107403 39627 56775 120140 49093 71047 30251 37374 36297 44777 44804
cat_boundaries=0 2 5 7 10 12 14
cat_threshold=2300056980 3439335843 1659084808 877124 1 2635858741 3449952739 218681973 4020901936 1 1073766978 306496540 1073758274 273728536
is_linear=0
shrinkage=0.06


Tree=21
num_leaves=31
num_cat=10
split_feature=0 0 109 111 140 104 91 132 132 140 132 140 104 132 114 132 91 111 132 104 104 133 104 127 104 104 104 130 127 132
split_gain=33273.9 11174.5 7441.03 6747.5 4865.48 4645.85 4064.5 3265.11 3606.4 2863.06 2681.39 3390.04 2632.43 2434.88 2267.58 2251.05 2152.04 2020.92 1936.08 1930.16 1899.36 1702.52 1667.74 1635.03 1749.94 1540.07 1434.17 1226.5 1177.97 1169.36
threshold=84.75833333333334 233.75500000000002 82.500000000000014 52.500000000000007 4.5000000000000009 0 1 0.34537287020513602 0.26347957579725428 4.5000000000000009 -0.98350143100407361 10.500000000000002 2 -0.95965000791072852 0.99850110263328529 0.17963823861099873 3 54.500000000000007 -0.81860753270059983 4 5 0.86004965528756494 6 6.1930462972585465 7 8 9 -0.91597561503675329 9.1002937973849942 -0.90483020021433236
decision_type=2 2 2 2 2 1 1 2 2 2 2 2 1 2 2 2 1 2 2 1 1 2 1 2 1 1 1 2 2 2
left_child=2 3 9 12 -3 6 18 8 23 -1 25 -12 -2 22 21 29 17 -6 28 -13 -19 27 -11 -7 -25 -4 -15 -8 -5 -14
right_child=1 4 10 5 16 7 14 -9 -10 13 11 19 15 26 -16 -17 -18 20 -20 -21 -22 -23 -24 24 -26 -27 -28 -29 -30 -31
leaf_value=-1.2966951535176965 -1.3618167539316064 4.5167877725510852 0.11536615168214638 -1.8877127249462835 0.39884820983350011 -0.1863186517670806 -1.2592655852030936 -0.71076796095891392 1.2472441507426055 -1.398210458913548 -1.5749526246241328 -1.1446837986850966 -1.0222230862085038 1.1656186888573008 -0.12752770627693735 -1.4894453451240506 -0.069091398602995888 3.8413214473307078 2.5750580404761934 -0.21194136296691651 1.0983189702361982 1.3858617126086854 -0.25987097860176417 -0.30319142173774766 0.71748451210318587 -1.6085243978112331 -0.27170619449827854 0.57187688262250758 2.1136151683382178 -0.091932106930840682
leaf_weight=13073 15768 22657 1139 2380 22331 94524 3572 39840 10377 8973 26784 30671 8850 16485 51480 9356 21784 33106 46782 21743 20380 21378 11961 14777 42827 34201 39424 21362 1586 52826
leaf_count=13073 15768 22657 1139 2380 22331 94524 3572 39840 10377 8973 26784 30671 8850 16485 51480 9356 21784 33106 46782 21743 20380 21378 11961 14777 42827 34201 39424 21362 1586 52826
internal_value=-0.00246997 0.00511783 -0.0231765 0.000666916 0.021317 0.00437219 0.0124297 -0.00154332 0.00223044 -0.0102575 -0.0333183 -0.0271852 -0.0143114 -0.00584118 0.00527837 -0.00938305 0.0155019 0.0202762 0.0262062 -0.0183108 0.0266083 0.0149116 -0.023295 -0.000104122 0.0078639 -0.0470615 0.00069433 0.00425907 -0.0140358 -0.00522399
internal_weight=762397 557943 204454 437685 120258 350885 148540 202345 162505 89916 114538 79198 86800 76843 97792 71032 97601 75817 50748 52414 53486 46312 20934 152128 57604 35340 55909 24934 3966 61676
internal_count=762397 557943 204454 437685 120258 350885 148540 202345 162505 89916 114538 79198 86800 76843 97792 71032 97601 75817 50748 52414 53486 46312 20934 152128 57604 35340 55909 24934 3966 61676
cat_boundaries=0 2 3 5 6 9 11 13 15 17 19
cat_threshold=2367430036 3978303907 24 1073760322 307282968 24 1621322306 309642844 1 2366380340 2837453283 1923287178 272984008 536903680 273440832 32768 8192 2635862837 2913081827
is_linear=0
shrinkage=0.06


Tree=22
num_leaves=31
num_cat=9
split_feature=61 61 109 109 140 104 140 129 111 132 140 104 132 98 91 111 104 111 104 104 104 111 127 104 132 132 104 132 132 119
split_gain=30904.1 10252.2 6534.8 6418.83 4697.99 3858.87 2617.01 2505.54 2732.71 2395.65 3188.19 2318.63 2223.68 1986.88 1850.33 1902.37 1746.78 1711.82 1685.44 1599.63 1544.55 1509.78 1556.66 1383.22 1633.62 1282.69 1224.95 1208.48 1190.4 1143.62
threshold=4.4163676712709661 5.4381155394945688 82.500000000000014 32.500000000000007 4.5000000000000009 0 4.5000000000000009 201.50000000000003 49.500000000000007 -0.98350143100407361 10.500000000000002 1 -0.95965000791072852 -0.80860773948975517 2 54.500000000000007 3 57.500000000000007 4 5 6 52.500000000000007 21.72595923397094 7 -0.13291928626387098 0.17963823861099873 8 0.025799818015934263 0.55923163791368669 622.50000000000011
decision_type=2 2 2 2 2 1 2 2 2 2 2 1 2 2 1 2 1 2 1 1 1 2 2 1 2 2 1 2 2 2
left_child=2 3 6 11 -3 21 -1 -7 18 20 -11 -2 19 -13 15 29 27 -12 -9 -8 -4 25 -23 -10 -25 -5 -14 -17 -15 -6
right_child=1 4 9 5 14 7 12 8 23 10 17 13 26 28 -16 16 -18 -19 -20 -21 -22 22 -24 24 -26 -27 -28 -29 -30 -31
leaf_value=-1.2897919755721725 0.029543797795513454 4.0543170540117357 0.1219445487921547 -0.07065211619067667 -0.11544450951884982 -0.7628895655198914 -1.321468644764122 -1.2805678446144415 -0.21928949830213354 -1.5264974959293456 -1.2188656115003453 0.17636953436170189 1.312975495436858 2.4047107591546117 -0.057724489384920329 3.5053046116423539 0.54022438548234275 -0.26980244674505144 -0.47892616964580154 -0.24427871988565811 -1.5048751930647239 0.35643841930068704 3.3423304816075707 0.70165224851972996 -0.15303333384485795 -1.3616819162753317 -0.23663660207423987 -2.3270492743310078 -0.16980845823649701 3.4847641214668696
leaf_weight=12130 26023 23628 1069 22323 19070 57239 8826 9705 62180 24922 24207 15580 11580 37534 23164 40334 14533 24338 32461 11460 33618 78172 9068 44966 41677 3789 40012 865 3495 4323
leaf_count=12130 26023 23628 1069 22323 19070 57239 8826 9705 62180 24922 24207 15580 11580 37534 23164 40334 14533 24338 32461 11460 33618 78172 9068 44966 41677 3789 40012 865 3495 4323
internal_value=-0.00254871 0.00446498 -0.0233577 0.000181264 0.019577 -0.00326665 -0.0108031 -0.00745507 -0.0041553 -0.0331091 -0.0269726 0.0152685 -0.00645251 0.0220809 0.0140066 0.0183717 0.0244013 -0.0180163 -0.0176384 -0.0232819 -0.0461053 0.00590563 0.00969452 -0.000335027 0.00456505 -0.00675066 0.000165139 0.0307076 0.0290115 0.00401385
internal_weight=762291 570129 192162 444212 125917 361580 84008 248228 190989 108154 73467 82632 71878 56609 102289 79125 55732 48545 42166 20286 34687 113352 87240 148823 86643 26112 51592 41199 41029 23393
internal_count=762291 570129 192162 444212 125917 361580 84008 248228 190989 108154 73467 82632 71878 56609 102289 79125 55732 48545 42166 20286 34687 113352 87240 148823 86643 26112 51592 41199 41029 23393
cat_boundaries=0 2 5 6 8 10 12 14 16 18
cat_threshold=2300056980 218110371 1659076616 877376 1 24 2367429941 4011858403 1073758274 273728536 1923287178 272983754 32768 8192 1610637378 281863256 2366112053 2376210915
is_linear=0
shrinkage=0.06


Tree=23
num_leaves=31
num_cat=3
split_feature=0 19 111 109 129 113 104 104 130 19 140 140 59 109 133 127 98 133 104 126 133 133 127 122 130 131 127 113 130 109
split_gain=28378.1 9896.75 6958.17 6395.98 4742.43 4275.45 3175.15 2678.92 2548.22 2455.76 2510.18 2431.41 2324.07 2310.32 2042.91 1953.67 1918.62 1712.04 1455.4 1383.41 1354.13 1376.7 1298.22 1261.21 1240.64 1187.3 1176.11 1436.44 1184.46 1170.49
threshold=81.79500000000003 233.70729166666669 62.500000000000007 82.500000000000014 46.500000000000007 131.50000000000003 0 1 -0.37940952255126059 67.79791666666668 4.5000000000000009 4.5000000000000009 3913.2500000000005 57.500000000000007 0.74298546529340237 18.064549092751289 0.47084587141109652 0.42568571711766151 2 63.725000000000001 0.82777578779003613 0.98332250088165762 20.770189093230687 0.1518190249420957 0.37940952255126054 -0.37940952255126015 26.030574147774761 269.50000000000006 -0.37940952255126059 557.50000000000011
decision_type=2 10 2 2 2 2 1 1 2 10 2 2 10 2 2 2 2 2 1 2 2 2 2 2 2 2 2 2 2 2
left_child=3 2 6 11 24 12 29 -7 16 -5 -11 -1 20 -3 18 19 17 -8 -13 -9 -6 -22 23 -10 -4 -21 27 -15 -28 -2
right_child=1 13 4 9 5 7 8 15 22 10 -12 14 -14 26 -16 -17 -18 -19 -20 25 21 -23 -24 -25 -26 -27 28 -29 -30 -31
leaf_value=-1.2101252540041629 -0.56814131274668023 3.5398066655647966 -0.21175360520996661 -1.3587470262844623 0.69796900699438991 -0.11978688552076107 -1.2168209284961806 1.4420031231400219 -0.68801208166649697 -1.4571250730118324 -0.75227153433725702 -1.0164456249168108 -1.5194763663956299 1.9843054989226794 0.34765748007622194 2.4686944809585967 -1.6125180353075594 -0.2476725577433791 -0.18481848008877988 0.80181476559852882 2.4156480405593488 0.92775169718849271 2.2257244622403252 0.25882171635589346 -1.2951790727342041 -0.038881164527413144 0.55797718676807673 0.063775742234979588 6.6292467442421827 -1.31726259203892
leaf_weight=12086 15894 45456 19876 48370 18630 91059 9747 24481 10502 14475 45544 18548 2106 13549 30506 15474 6978 66623 22801 23273 26765 11296 10904 27830 15689 58474 5421 29478 6871 13681
leaf_count=12086 15894 45456 19876 48370 18630 91059 9747 24481 10502 14475 45544 18548 2106 13549 30506 15474 6978 66623 22801 23273 26765 11296 10904 27830 15689 58474 5421 29478 6871 13681
internal_value=-0.00252336 0.00420052 0.000536989 -0.0224525 0.00584578 0.008544 -0.00951764 0.00458625 -0.00555044 -0.0320814 -0.023973 -0.0100191 0.0228651 0.0212604 -0.00583083 0.0104094 -0.011944 -0.00919197 -0.0145204 0.00750868 0.0251644 0.031652 0.00527165 7.51311e-05 -0.0147562 0.00376156 0.0130249 0.00834852 0.0293923 -0.0272906
internal_weight=762387 570057 469282 192330 307123 271558 162159 212761 132584 108389 60019 83941 58797 100775 71855 121702 83348 76370 41349 106228 56691 38061 49236 38332 35565 81747 55319 43027 12292 29575
internal_count=762387 570057 469282 192330 307123 271558 162159 212761 132584 108389 60019 83941 58797 100775 71855 121702 83348 76370 41349 106228 56691 38061 49236 38332 35565 81747 55319 43027 12292 29575
cat_boundaries=0 2 4 6
cat_threshold=1073766466 273728536 1646518346 307225692 1647545482 273180360
is_linear=0
shrinkage=0.06


Tree=24
num_leaves=31
num_cat=7
split_feature=61 61 111 129 140 129 130 114 140 59 104 104 98 98 104 133 104 131 119 104 130 126 52 124 109 61 104 109 91 129
split_gain=26054.4 9108.69 6470.77 5473.01 5199.19 4534.38 4113.84 3890.65 3618.33 3321.44 3091.12 2600.81 3424.29 2568.65 2534.64 2471.35 2182.86 1780.5 1617.12 1523.79 1430.23 1783.21 1419.37 1362.6 1306.92 1225.65 1216.76 1191.02 1171.54 1161.56
threshold=4.3810886460260967 5.5531533458230937 62.500000000000007 49.500000000000007 4.5000000000000009 46.500000000000007 -0.37940952255126059 0.99850110263328529 4.5000000000000009 3913.2500000000005 0 1 -0.030098581458670341 0.16269055358644466 2 0.42568571711766151 3 -0.37940952255126015 59.500000000000007 4 -0.91597561503675329 2073.3250000000003 41.34936793642067 0.048333333333333346 47.500000000000007 3.9776702767982077 5 557.50000000000011 6 154.50000000000003
decision_type=2 2 2 2 2 2 2 2 2 10 1 1 2 2 1 2 1 2 2 1 2 2 2 2 2 2 1 2 1 2
left_child=3 2 10 25 -5 -4 18 9 -3 16 27 -9 22 15 -8 -12 19 -14 -6 -7 26 29 -13 -15 -10 -1 -17 -2 -18 -22
right_child=1 8 5 4 6 7 14 11 24 -11 13 12 17 23 -16 20 28 -19 -20 -21 21 -23 -24 -25 -26 -27 -28 -29 -30 -31
leaf_value=-1.5532221131546602 -0.55541809223512384 5.0432681433388717 -0.65386760062951199 -1.3113146951542334 -0.47948524585847846 -0.7673026376589186 -0.4637421444638653 -0.30344386610954782 2.8321294622382096 -1.3658556672611235 -0.89443886890893709 0.77358339682080102 0.7468844628223843 -1.2677694553917738 0.49694214009622695 0.32068623339386648 1.8081893926244459 -0.42095107920158398 -1.3419222210351287 0.62335340520616422 -0.95078879260871985 -0.40379789789620701 5.0950395265381712 -0.34166556076976418 0.76274601705179967 -0.94495086046221077 -1.0107773906282529 -1.2362786140316606 0.61676387337684102 0.75002965446081071
leaf_weight=30768 16635 17029 36085 23517 17794 2403 36840 51945 26349 4896 16193 48159 12235 9673 31584 8529 46510 31928 22035 56480 3589 23363 7750 18104 47530 17588 14659 13906 20761 48093
leaf_count=30768 16635 17029 36085 23517 17794 2403 36840 51945 26349 4896 16193 48159 12235 9673 31584 8529 46510 31928 22035 56480 3589 23363 7750 18104 47530 17588 14659 13906 20761 48093
internal_value=-0.00248578 0.00367842 0.000453754 -0.0224302 -0.0160943 0.0055166 -0.0105391 0.00807008 0.0211266 0.0156461 -0.00890005 0.0015389 0.00719283 -0.00517882 -0.0016152 -0.00120601 0.017528 -0.00529436 -0.0258694 0.00908649 0.00237413 0.00639848 0.0170578 -0.0215458 0.0153793 -0.0396948 -0.0106499 -0.0262156 0.0249116 0.0126169
internal_weight=762930 582804 491896 180126 131770 319152 108253 283067 90908 131050 172744 152017 100072 142203 68424 114426 126154 44163 39829 58883 98233 75045 55909 27777 73879 48356 23188 30541 67271 51682
internal_count=762930 582804 491896 180126 131770 319152 108253 283067 90908 131050 172744 152017 100072 142203 68424 114426 126154 44163 39829 58883 98233 75045 55909 27777 73879 48356 23188 30541 67271 51682
cat_boundaries=0 3 5 7 10 12 14 15
cat_threshold=1073758274 273728536 1 1646325834 273605720 1646487626 273475288 1927522952 44032580 1 0 8192 134742584 3978508352 25
is_linear=0
shrinkage=0.06


Tree=25
num_leaves=31
num_cat=1
split_feature=19 109 19 126 128 133 114 59 111 132 132 129 111 132 111 132 129 131 99 109 19 0 91 120 115 114 131 132 132 139
split_gain=24124.2 9487.59 6522 4632.33 4346.71 3576.61 3389.67 3177.15 3075.4 2600.92 2289.92 2152.57 2047.01 1990.53 1958.81 1810.25 1855.35 1729.11 1710.37 1679.95 1659.82 1645.31 1552.01 1496.57 1451.39 1365.32 1363.75 1268.44 1992.23 1235.83
threshold=86.734722222222231 32.500000000000007 155.30486111111114 182.87500000000003 0.015484377490960656 0.94066717844141279 1.4419071038483893 3913.2500000000005 51.500000000000007 -0.13291928626387098 -0.081617596240696269 15.500000000000002 43.500000000000007 0.16269055358644466 51.500000000000007 0.61490419508004501 66.500000000000014 -0.37940952255126015 0.99748108949426018 472.50000000000006 238.03456597222225 65.825556691487648 0 26.500000000000004 -1.7585577113889672 -1.4970379956922566 -0.37940952255126015 -0.70822003333690042 -0.76624641395159687 52.500000000000007
decision_type=10 2 10 2 2 2 2 10 2 2 2 2 2 2 2 2 2 2 2 2 10 2 1 2 2 2 2 2 2 2
left_child=3 5 8 11 6 20 7 22 13 12 -11 -1 -8 -3 27 16 -10 19 -7 -18 -2 -5 -4 -16 -12 -19 -26 28 -6 -14
right_child=1 2 4 21 14 18 9 -9 15 10 24 -13 29 -15 23 -17 17 25 -20 -21 -22 -23 -24 -25 26 -27 -28 -29 -30 -31
leaf_value=-2.1244853831790129 0.36700107012208288 -0.62986390827880911 1.3976841577859767 -1.2320288321417479 -0.19757165550921157 3.2639051405933932 -0.87190081570921574 -2.383504754953309 -0.63722995755702749 -3.1727190299119616 -1.0126274451755444 -0.34267310224690928 0.78958642886925645 -1.5188474349882211 4.7182304299301707 -1.5395509718220735 0.58633120068162414 1.1245392742317937 0.45849086834522634 -0.25037070498937991 3.6236869176831479 -0.78128971649629519 0.21322304812632295 -1.234102518787443 0.39406644003341795 -0.2145339382996255 -0.82031651154280694 -0.88681889114542967 2.3803424269346189 -0.58624020483643557
leaf_weight=5328 61504 44233 53199 49819 8692 35958 9676 3822 34521 6368 6741 68416 41179 8912 19795 11804 37623 6353 7480 15412 11660 32386 43586 1297 14129 88981 13071 3434 7666 9139
leaf_count=5328 61504 44233 53199 49819 8692 35958 9676 3822 34521 6368 6741 68416 41179 8912 19795 11804 37623 6353 7480 15412 11660 32386 43586 1297 14129 88981 13071 3434 7666 9139
internal_value=-0.00245704 0.00295697 -0.000705956 -0.0235033 0.00630485 0.0183381 0.00267581 0.0104574 -0.00754576 -0.00512941 -0.0169164 -0.012585 0.00279023 -0.0203383 0.0241379 -0.00405373 -0.00258383 0.000331199 0.0319759 0.00901539 0.010241 -0.0332976 0.0125764 0.0368596 -0.0107212 -0.00449992 -0.00454395 0.0105795 0.017539 0.00765039
internal_weight=762184 606235 489633 155949 241794 116602 200910 100607 247839 100303 40309 73744 59994 53145 40884 194694 182890 148369 43438 53035 73164 82205 96785 21092 33941 95334 27200 19792 16358 50318
internal_count=762184 606235 489633 155949 241794 116602 200910 100607 247839 100303 40309 73744 59994 53145 40884 194694 182890 148369 43438 53035 73164 82205 96785 21092 33941 95334 27200 19792 16358 50318
cat_boundaries=0 1
cat_threshold=24
is_linear=0
shrinkage=0.06


Tree=26
num_leaves=31
num_cat=7
split_feature=61 104 91 140 132 111 126 111 111 104 132 113 104 104 132 111 132 114 132 127 132 114 139 104 110 132 132 101 104 25
split_gain=22026.2 8233.35 5863.37 4969.22 4905.38 4872.17 3781.05 3671.87 2967.35 2579.51 2431.68 2164.79 2144.05 1933.43 1811.47 1764.83 1756.59 1707.59 1808.74 1555 1418.89 1357.84 1264.04 1218.92 1217.9 1192.66 1186.51 1185.85 1206.64 1135.59
threshold=4.3425546387631533 0 1 4.5000000000000009 -0.98913498983514925 52.500000000000007 202.45000000000002 62.500000000000007 61.500000000000007 2 -0.81860753270059983 156.50000000000003 3 4 0.025799818015934263 92.500000000000014 -0.79836866623954783 0.84636942609825105 -0.59089032065832736 9.7941064765031047 -0.94941398590724801 3.2991786903316851 64.500000000000014 5 11.65 0.3933211724509133 0.16269055358644466 0.6830127018922193 6 0.95725974118589308
decision_type=2 1 1 2 2 2 2 2 2 1 2 2 1 1 2 2 2 2 2 2 2 2 2 1 2 2 2 2 1 10
left_child=3 2 5 -1 -5 -2 13 27 25 15 19 20 -9 -3 21 -8 -15 29 23 -7 -10 22 24 -19 -12 -4 -11 -6 -29 -18
right_child=1 6 8 4 7 10 9 12 11 26 14 -13 -14 16 -16 -17 17 18 -20 -21 -22 -23 -24 -25 -26 -27 -28 28 -30 -31
leaf_value=-1.3061071327308209 0.078948232125339926 -0.5847559318878498 -0.24460694487959586 -1.2426033315984224 -1.1202591248369518 -1.9575653604980436 -0.87860316080528045 -0.50656727093534948 -1.2271786623399235 -0.079179974815335605 1.9355493064924061 0.065229844379491628 0.36948687276907605 -0.32681058620258158 -2.451655105692657 0.64915925582090894 0.52334670075082723 2.0480395488737946 -0.21480375965652071 2.1187610123163085 1.435482037170857 -0.58500014512552778 -0.5088881558815137 -0.050306505319086904 3.685117627895504 -1.2156368957785337 -0.49075784359370545 -1.0486006587765353 -0.088942155173989762 1.0797826866385754
leaf_weight=32055 40017 9614 25846 28276 20105 3202 33450 34036 2097 71752 26618 73131 33329 32520 1334 2623 37076 10996 54714 2342 26445 2836 2481 8194 63285 8615 31492 8882 11244 23897
leaf_count=32055 40017 9614 25846 28276 20105 3202 33450 34036 2097 71752 26618 73131 33329 32520 1334 2623 37076 10996 54714 2342 26445 2836 2481 8194 63285 8615 31492 8882 11244 23897
internal_value=-0.00240392 0.00301555 0.0105434 -0.0215925 -0.016579 0.0190677 -0.00360638 -0.0107345 0.00164384 -0.0110006 0.0260242 0.00680115 -0.00216875 0.00221307 0.028243 -0.0248104 0.00371631 0.00673453 0.000602395 -0.0126168 0.0208149 0.0292158 0.0304712 0.0164515 0.0316371 -0.0135715 -0.00617229 -0.0250771 -0.0147801 0.014167
internal_weight=762504 594577 278249 167927 135872 142115 316328 107596 136134 139317 102098 101673 67365 177011 96554 36073 167397 134877 73904 5544 28542 95220 92384 19190 89903 34461 103244 40231 20126 60973
internal_count=762504 594577 278249 167927 135872 142115 316328 107596 136134 139317 102098 101673 67365 177011 96554 36073 167397 134877 73904 5544 28542 95220 92384 19190 89903 34461 103244 40231 20126 60973
cat_boundaries=0 2 3 5 7 9 12 14
cat_threshold=2367430036 3978303907 24 1073758274 272679960 1654892682 272688844 536870912 8192 316875305 34669060 1 1073758274 272942168
is_linear=0
shrinkage=0.06


Tree=27
num_leaves=31
num_cat=8
split_feature=0 0 111 140 132 140 126 130 132 104 104 104 104 134 132 104 112 67 127 99 104 113 114 111 114 119 104 0 104 130
split_gain=20477.3 7577.55 5572.91 4712.4 4588.06 3506.99 3351.87 3321.58 2905.16 2566.21 2343.67 1991.88 1814.48 1666.33 1664.45 1458.23 1234.77 1198.43 1197.72 1184.92 1183.16 1179.1 1165.21 1147.8 1040.63 1283.79 1024.08 1023.16 979.076 934.02
threshold=75.903750000000016 257.05000000000007 62.500000000000007 7.5000000000000009 -0.98913498983514925 4.5000000000000009 63.725000000000001 -0.37940952255126059 0.3933211724509133 0 1 2 3 1.0000000180025095e-35 -0.90483020021433236 4 2.7850000000000006 239.50000000000003 18.064549092751289 0.84199059757024453 5 245.50000000000003 1.4948148763204303 50.500000000000007 -1.6921341644564472 78.500000000000014 6 58.007500000000007 7 0.37940952255126054
decision_type=2 2 2 2 2 2 2 2 2 1 1 1 1 2 2 1 2 2 2 2 1 2 2 2 2 2 1 2 1 2
left_child=3 2 8 27 13 -3 12 19 9 23 18 21 26 -5 -11 -10 24 -14 29 -6 -7 -9 -21 -2 -12 -26 -4 -1 -15 -8
right_child=1 5 6 4 7 20 10 11 15 14 16 -13 17 28 -16 -17 -18 -19 -20 22 -22 -23 -24 -25 25 -27 -28 -29 -30 -31
leaf_value=-1.5023189992668202 -0.93835603348213936 4.5223007058422864 -0.89892211842994552 -1.4533591474175722 -1.0964610091111382 2.0673611927780908 0.88942884728981619 0.37612718376061194 0.33896160398207598 -0.73273116072001643 0.89801218142180628 0.56609029965555435 0.29461167372138813 -0.95244281843006118 0.083078304389992461 -1.3922278389461182 -0.47583090884524665 1.8427315976667802 2.7056615626891083 0.38312522384813091 0.51182905126430622 -0.55801283009076408 -1.0082545447614044 -0.30240335576512278 -0.21964732055783101 0.31582452509993375 0.44666451531259266 -0.7547461032824887 0.071229803935241309 0.0058561278527483294
leaf_weight=23726 25459 17043 2965 18902 23039 32008 29546 10081 2598 14751 10873 22900 13413 2552 94806 15157 29225 38367 9362 6531 41861 30706 6051 24490 90628 33688 34228 18940 4440 34499
leaf_count=23726 25459 17043 2965 18902 23039 32008 29546 10081 2598 14751 10873 22900 13413 2552 94806 15157 29225 38367 9362 6531 41861 30706 6051 24490 90628 33688 34228 18940 4440 34499
internal_value=-0.00242372 0.00279797 -7.77295e-05 -0.0209306 -0.0150619 0.0187419 0.00456874 -0.00919675 -0.00864382 -0.00608099 0.000851982 -0.000990139 0.0145033 -0.0375547 -0.000941333 -0.0316659 -0.00312799 0.0217636 0.00976518 -0.023869 0.0130811 -0.00894014 -0.00905984 -0.0173503 -0.000710556 -0.00226743 0.00438824 -0.0381513 -0.0125268 0.00683602
internal_weight=762835 594967 504055 167868 125202 90912 326794 99308 177261 159506 237821 63687 88973 25894 109557 17755 164414 51780 73407 35621 73869 40787 12582 49949 135189 124316 37193 42666 6992 64045
internal_count=762835 594967 504055 167868 125202 90912 326794 99308 177261 159506 237821 63687 88973 25894 109557 17755 164414 51780 73407 35621 73869 40787 12582 49949 135189 124316 37193 42666 6992 64045
cat_boundaries=0 3 5 7 10 12 14 16 19
cat_threshold=1086351427 308069400 1 2300056852 218110371 1654909674 273671896 586398728 35611204 1 128 151920704 151783700 2147498211 536870912 8192 2855480840 272712384 1
is_linear=0
shrinkage=0.06


Tree=28
num_leaves=31
num_cat=4
split_feature=0 123 104 140 129 111 133 104 135 101 21 127 104 98 104 121 127 133 127 114 122 130 127 126 25 101 47 12 137 130
split_gain=18867.9 7081.6 5104.84 4672.04 4481.52 3249.02 3235.24 3146.43 2992.41 2394.95 2367.01 1943.97 1912.02 1885.82 1758.41 1382.33 1293.69 1273.36 1248.1 1274.31 1243.58 1344.11 1171.26 1166.91 1127.19 1125.71 1094.75 1076.81 1072.52 1066.58
threshold=74.417083333333338 0.92198117898971532 0 4.5000000000000009 25.500000000000004 62.500000000000007 0.94636490295939868 1 1.0000000180025095e-35 0.6830127018922193 423.15000000000003 0.59774158431927682 2 -0.95965000791072852 3 987.55000000000007 24.402265416142299 0.28106562097635729 8.2254398743019639 1.5984198469746052 0.07688256673047679 -0.91597561503675329 6.8017936114223074 1793.8000000000002 0.97214740111337428 0.6830127018922193 1188.2458333333336 77.808333333333351 1.7690173644091866e-09 0.37940952255126054
decision_type=2 2 1 2 2 2 2 1 2 2 8 2 1 2 1 2 2 2 2 2 2 2 2 2 10 2 10 10 2 2
left_child=3 2 10 -1 13 25 7 -3 9 -4 17 -8 27 -5 23 -9 24 -2 19 29 -19 -22 26 -11 28 -6 -23 -7 -10 -16
right_child=1 6 8 4 5 12 11 15 16 14 -12 -13 -14 -15 18 -17 -18 20 -20 -21 21 22 -24 -25 -26 -27 -28 -29 -30 -31
leaf_value=-1.1748015007240484 -0.68371689211675168 -0.20046473202868809 -0.78926546022149435 -1.4040307574356727 -0.91120917705771942 -0.66319916655758926 0.048313353154126729 0.095168117741949054 -0.52809799383874323 -0.34163414892623106 1.8728573792373651 3.0267506594610882 0.28893194718215653 -0.45762068148601315 0.26871935151286519 2.1176634947376427 2.55745120685742 -0.71540467525150997 0.29831625395977285 -0.45912655778922157 -0.349590277002917 0.30512685885765323 1.0147409232526861 -1.097151078041422 0.83703096554385548 -0.57992996347177239 -1.7011852086704669 0.066682241597161185 0.38040286687056579 -0.64580075480710031
leaf_weight=31003 7289 36835 51978 18007 21858 21650 6982 11392 14045 46061 37023 32597 32406 5423 32844 29766 5128 9012 51314 47365 18773 68480 42307 8158 9145 18493 3154 13187 19226 11785
leaf_count=31003 7289 36835 51978 18007 21858 21650 6982 11392 14045 46061 37023 32597 32406 5423 32844 29766 5128 9012 51314 47365 18773 68480 42307 8158 9145 18493 3154 13187 19226 11785
internal_value=-0.00240146 0.00249995 -0.000714031 -0.0205716 -0.0156153 -0.0104369 0.0157056 0.00861528 -0.00559503 -0.00822401 0.00707943 0.0296771 -0.00236006 -0.039394 -0.00520848 0.0200131 0.00820023 0.00370631 -0.00172566 -0.00590771 0.00496419 0.00642881 0.00887978 -0.0144108 0.00475847 -0.0238962 0.00420465 -0.012116 -0.00036968 0.00136724
internal_weight=762686 600659 483087 162027 131024 107594 117572 77993 297049 249505 186038 39579 67243 23430 197527 41158 47544 149015 143308 91994 141726 132714 113941 54219 42416 40351 71634 34837 33271 44629
internal_count=762686 600659 483087 162027 131024 107594 117572 77993 297049 249505 186038 39579 67243 23430 197527 41158 47544 149015 143308 91994 141726 132714 113941 54219 42416 40351 71634 34837 33271 44629
cat_boundaries=0 2 5 8 10
cat_threshold=2300319124 218110435 1928832137 35514308 1 1923295370 273016520 1 1610637378 272679960
is_linear=0
shrinkage=0.06


Tree=29
num_leaves=31
num_cat=0
split_feature=19 109 127 122 130 129 129 132 133 130 120 133 133 132 139 21 133 130 132 129 120 125 112 139 139 139 35 121 133 132
split_gain=17796 7317.85 5225.79 4407.86 4137.27 3603.22 3419.1 3054.39 3031.1 2858.65 2818.05 2653.89 2793.15 2475.07 2447 2094.54 1972.68 1922.09 1743.8 1856.94 1816.17 1707.61 1628.52 1611.7 2035.41 1569.81 1509.97 1414.31 1397.47 2825.48
threshold=82.05520833333334 32.500000000000007 24.402265416142299 0.07688256673047679 -0.37940952255126059 25.500000000000004 224.50000000000003 0.66766646831012755 0.94636490295939868 -0.37940952255126059 1.0000000180025095e-35 0.96177147954086928 0.94066717844141279 0.16269055358644466 6.5000000000000009 295.90125000000006 0.96633974041180493 -0.91597561503675329 0.42471264173135381 7.5000000000000009 3.5000000000000004 1.0000000180025095e-35 2.7150000000000003 51.500000000000007 46.500000000000007 64.500000000000014 322.72500000000008 988.05000000000007 0.99024581825578073 0.025799818015934263
decision_type=10 2 2 2 2 2 2 2 2 2 2 2 2 2 2 10 2 2 2 2 2 2 2 2 2 2 10 2 2 2
left_child=5 8 3 -3 23 14 18 10 27 21 11 12 17 -13 -1 -6 -10 -8 19 -5 -21 -7 -11 24 -4 28 -19 -2 -12 -30
right_child=1 2 4 6 15 9 7 -9 16 22 25 13 -14 -15 -16 -17 -18 26 -20 20 -22 -23 -24 -25 -26 -27 -28 -29 29 -31
leaf_value=-0.16711347476751939 -0.14739451569420395 -1.2162690882880154 -0.47992590576787336 0.1824443202834044 0.46665313037155937 -1.0492198221646114 -1.0021768787721108 -1.595464041764278 3.3418113537855514 -0.15009288079494809 0.50881674666537946 -0.2569556790871883 1.8206729850343464 -0.49576557698997814 -1.348374515954377 4.3887404853190963 1.5860326375180775 -0.35470745053194019 -0.26786013031284822 -0.44664547618928818 -1.9165808784259113 -0.37436328738870372 -0.8341755290121835 -1.2099033601272697 1.0574433120104718 -1.0971211895909874 0.47993935182701264 0.97674370804019184 0.91382691904343738 -0.57171300126374236
leaf_weight=5617 26607 20195 18730 7393 21724 25242 10547 7720 15018 56138 105705 36734 10112 22276 25354 25538 26212 24188 54819 13692 16776 14412 10931 5211 9584 5202 42452 52144 22479 23994
leaf_count=5617 26607 20195 18730 7393 21724 25242 10547 7720 15018 56138 105705 36734 10112 22276 25354 25538 26212 24188 54819 13692 16776 14412 10931 5211 9584 5202 42452 52144 22479 23994
internal_value=-0.00235769 0.00194384 -0.00122038 -0.00388352 0.012766 -0.021884 -0.00251632 0.000494589 0.0152638 -0.0166551 0.00144206 -0.00455239 0.00209141 -0.014381 -0.0399012 0.0242016 0.0284436 -0.00179328 -0.012633 -0.0225361 -0.0290814 -0.0294258 -0.00910422 -0.0033556 0.00228854 0.00701482 0.00197356 0.00836322 0.0081228 -0.000548694
internal_weight=762746 625052 505071 424284 80787 137694 404089 311409 119981 106723 303689 146309 87299 59010 30971 47262 41230 77187 92680 37861 30468 39654 67069 33525 28314 157380 66640 78751 152178 46473
internal_count=762746 625052 505071 424284 80787 137694 404089 311409 119981 106723 303689 146309 87299 59010 30971 47262 41230 77187 92680 37861 30468 39654 67069 33525 28314 157380 66640 78751 152178 46473
is_linear=0
shrinkage=0.06


Tree=30
num_leaves=31
num_cat=6
split_feature=61 61 126 140 132 104 110 104 132 140 130 70 104 133 133 132 104 134 109 135 132 127 119 133 131 109 104 130 104 114
split_gain=16372.4 6863.56 4685.54 4209.45 3596.26 3501.77 3004.82 3012.12 2635.87 2584.52 2551.16 2017.22 1744.07 1609.46 2075.31 1597.91 1586.5 1548.19 1408.83 1203.51 1169.34 1061.69 1017.34 1015.86 1002.39 968.322 947.969 937.042 925.493 918.232
threshold=4.2627326911532961 5.6561229125118162 216.85000000000005 4.5000000000000009 -0.98913498983514925 0 26.950000000000003 1 0.61490419508004501 4.5000000000000009 -0.37940952255126059 55.500000000000007 2 0.94066717844141279 0.96407344085605606 -0.95965000791072852 3 1.0000000180025095e-35 557.50000000000011 1.0000000180025095e-35 0.55923163791368669 0.49718561527731503 59.500000000000007 0.93769647993491489 0.60355339059327384 32.500000000000007 4 -0.91597561503675329 5 1.5416007462316894
decision_type=2 2 2 2 2 1 2 1 2 2 2 2 1 2 2 2 1 2 2 2 2 2 2 2 2 2 1 2 1 2
left_child=3 2 6 -1 17 18 7 11 15 -3 22 -2 -12 19 -15 -7 -17 -5 20 24 -4 -13 -6 -14 -9 -23 -19 -11 -16 -30
right_child=1 9 5 4 10 8 -8 13 -10 27 12 21 23 14 28 16 -18 26 -20 -21 -22 25 -24 -25 -26 -27 -28 -29 29 -31
leaf_value=-1.1453480761609307 2.265596496573218 5.2868786947380295 -0.26266272245413175 -1.197204945516146 -0.40341029273543211 -0.85216247977279491 -1.3498192411035386 -0.49898164073309004 -1.2985484910812926 -0.37030724608814636 0.58355987798687692 -0.27633399771081596 -0.49469496034317784 1.2857605380655621 -0.52593071433530725 0.33216790362859966 -0.16220994197429661 -0.84177662344594051 -1.0086531361664302 0.44602865814844417 -1.4934428768263339 1.3420564084871387 -1.0109861022506752 0.65402158169337099 -0.0011469378796198271 0.34508297945639244 0.12128667375854832 1.6643248808575806 0.6296133372719549 -0.37800414936816878
leaf_weight=27379 30435 12687 22531 19866 13608 8532 7280 50370 9503 6836 16099 15807 34791 18021 11583 53717 126889 2721 16327 16220 2563 27031 18957 5549 44927 54031 4173 48121 25159 10485
leaf_count=27379 30435 12687 22531 19866 13608 8532 7280 50370 9503 6836 16099 15807 34791 18021 11583 53717 126889 2721 16327 16220 2563 27031 18957 5549 44927 54031 4173 48121 25159 10485
internal_value=-0.00230381 0.00192477 -0.000288024 -0.0205912 -0.0155871 -0.00658677 0.00456856 0.00548065 -0.00327679 0.0199625 -0.00978821 0.012517 -0.00207193 0.000412386 0.00789713 -0.00172762 -0.000528883 -0.0348731 -0.0224537 -0.00396689 -0.0135326 0.0082843 -0.023161 -0.00873436 -0.00653844 0.0110581 -0.0103727 0.0143269 0.00128695 0.00607488
internal_weight=762198 619055 551411 143143 115764 240062 311349 304069 198641 67644 89004 127304 56439 176765 65248 189138 180606 26760 41421 111517 25094 96869 32565 40340 95297 81062 6894 54957 47227 35644
internal_count=762198 619055 551411 143143 115764 240062 311349 304069 198641 67644 89004 127304 56439 176765 65248 189138 180606 26760 41421 111517 25094 96869 32565 40340 95297 81062 6894 54957 47227 35644
cat_boundaries=0 2 4 7 9 12 14
cat_threshold=1073758786 272679960 2366378293 4020246947 2371622165 3984595235 1 151523732 14755 3124178440 82625 1 570564616 1073216
is_linear=0
shrinkage=0.06


Tree=31
num_leaves=31
num_cat=6
split_feature=0 104 91 111 129 140 111 111 98 111 98 133 104 133 113 113 120 91 104 133 133 104 109 110 129 137 126 113 131 119
split_gain=14970.9 6374.02 5229.79 4392.62 3804.39 3553.44 2671.67 2376.23 2314.85 2189.45 2091.34 2063.88 1806.82 1739.42 2321.39 1663.84 1586.05 1582.34 1742.87 1559.47 1438.88 1405.41 1259.51 1367.74 1234.48 1213.61 1203.13 1154.26 1150.9 1563.35
threshold=67.355000000000004 0 1 54.500000000000007 25.500000000000004 4.5000000000000009 55.500000000000007 61.500000000000007 0.32917936166072764 62.500000000000007 0.17963823861099873 0.5742888893089636 2 0.79773375822167203 131.50000000000003 156.50000000000003 6.5000000000000009 3 4 0.98770287048522643 0.3139093887439468 5 42.500000000000007 13.050000000000002 34.500000000000007 0.0015243686735370938 65.475000000000009 261.50000000000006 0.1294095225512602 273.50000000000006
decision_type=2 1 1 2 2 2 2 2 2 2 2 2 1 2 2 2 2 1 1 2 2 1 2 2 2 2 2 2 2 2
left_child=4 2 3 28 25 -6 12 19 10 -7 17 27 -3 -13 -15 20 -12 18 -8 -4 -9 -11 -16 -24 -17 -1 -20 -5 29 -2
right_child=1 6 7 11 5 9 8 15 -10 21 16 13 -14 14 22 24 -18 -19 26 -21 -22 -23 23 -25 -26 -27 -28 -29 -30 -31
leaf_value=-0.77628410434292916 -0.79926626643114895 -0.84162232110110202 -0.58379723539111839 -1.7907624298245355 -1.0770897032161577 -0.69786192999246155 -0.40419804055909592 -1.0316463353278933 -0.50578179164014248 -1.060353619320443 0.066539205201018484 4.8118464077947243 -0.31144530211730509 5.1374907601070898 2.9319381694204765 -1.1001141401073571 1.0991486816329776 -0.24117493898542122 1.0988114400476039 1.0062623178840346 1.1582079936297338 0.04562986455523315 -0.16153942765585269 1.4342361975683946 0.11556693707476455 -1.1973726945615442 0.14028669998662849 1.1667062374413819 1.7862291139815016 0.34381479469349013
leaf_weight=6110 13195 26527 34296 2745 17971 31723 22097 2717 48609 8393 10987 24845 57850 14226 20158 10481 10987 64852 28966 3968 28208 44358 19247 17036 70287 21872 61974 3003 4868 29843
leaf_count=6110 13195 26527 34296 2745 17971 31723 22097 2717 48609 8393 10987 24845 57850 14226 20158 10481 10987 64852 28966 3968 28208 44358 19247 17036 70287 21872 61974 3003 4868 29843
internal_value=-0.00232012 0.00149949 0.00785568 0.0158099 -0.0208276 -0.0154718 -0.00421276 -5.72122e-05 -0.00108036 -0.0103174 0.00177571 0.0228929 -0.0134374 0.0249943 0.0201927 0.00436353 0.0192382 -0.000381472 0.00390471 -0.0129612 0.016198 -0.00282643 0.0147326 0.00805148 -0.000167886 -0.0404345 0.00757727 -0.012023 0.000841631 -0.0022863
internal_weight=762399 631972 299123 149166 130427 102445 332849 149957 248472 84474 199863 101260 84377 95512 70667 111693 21974 177889 113037 38264 30925 52751 56441 36283 80768 27982 90940 5748 47906 43038
internal_count=762399 631972 299123 149166 130427 102445 332849 149957 248472 84474 199863 101260 84377 95512 70667 111693 21974 177889 113037 38264 30925 52751 56441 36283 80768 27982 90940 5748 47906 43038
cat_boundaries=0 2 3 6 7 9 11
cat_threshold=2367430068 3978303907 24 1073758274 307266584 1 24 536903680 680000 539166720 704
is_linear=0
shrinkage=0.06


Tree=32
num_leaves=31
num_cat=0
split_feature=0 19 111 129 129 98 111 110 113 59 99 131 98 114 109 128 134 111 139 110 129 102 98 109 139 129 109 115 139 98
split_gain=13898.1 6129.23 4951.49 3750.14 3472.74 3279.31 2480.94 2238.46 2646.13 2000.24 1993.84 2104.9 1906.59 1455.62 1448.52 2050.86 1418.67 1295.37 1456.3 1275.41 1250.81 1164.15 1237.61 1109.58 1052.97 1050.78 1042.37 996.088 974.196 962.501
threshold=64.341666666666683 252.39798611111115 52.500000000000007 46.500000000000007 25.500000000000004 0.55923163791368669 62.500000000000007 25.450000000000003 131.50000000000003 3913.2500000000005 0.9989598388634241 -0.37940952255126015 0.16269055358644466 3.5443923638628787 37.500000000000007 0.010331355640993746 1.0000000180025095e-35 63.500000000000007 42.500000000000007 9.0500000000000025 239.50000000000003 61.500000000000007 -0.88965196910377931 172.50000000000003 7.5000000000000009 224.50000000000003 32.500000000000007 0.60809928768529808 49.500000000000007 -0.59089032065832736
decision_type=2 10 2 2 2 2 2 2 2 10 2 2 2 2 2 2 2 2 2 2 2 2 2 2 2 2 2 2 2 2
left_child=4 2 12 19 24 7 -6 8 9 29 11 13 16 -10 -13 23 -2 -3 26 -4 25 22 -18 -16 -1 -7 -19 -14 -17 -5
right_child=1 17 3 5 6 20 -8 -9 10 -11 -12 14 27 -15 15 28 21 18 -20 -21 -22 -23 -24 -25 -26 -27 -28 -29 -30 -31
leaf_value=-0.68610251679962198 -0.60716009273953653 0.5380969971700017 -2.3210280108445693 0.40889946844136316 -0.8062442934226598 -0.40633996327406863 -0.26985456323346396 -0.66087027356169237 0.62203640226324064 -1.1961810663147252 -0.90554474191916767 0.48729970580810755 -1.1947933092926502 -1.5772997126282091 -0.12992945960419178 1.1519104730406007 -0.56255968702383075 4.8644773260070107 4.4372042507508169 -0.47107863979837206 -1.1999025917899613 -1.212297358187107 0.52392985905883693 -1.0003305656810855 -1.1855303328878515 1.7582107789657446 0.61425053085631443 0.21687150244054465 -0.39678654823280735 1.4007724586765737
leaf_weight=7996 66317 29917 3389 21352 37537 20367 54243 13907 70949 2582 15143 69546 13731 2216 94956 17947 5711 8979 17020 46126 11682 3943 20922 6729 18836 2705 21991 2241 4860 48488
leaf_count=7996 66317 29917 3389 21352 37537 20367 54243 13907 70949 2582 15143 69546 13731 2216 94956 17947 5711 8979 17020 46126 11682 3943 20922 6729 18836 2705 21991 2241 4860 48488
internal_value=-0.00229476 0.00118282 -0.000989696 0.00181214 -0.0211677 0.00372481 -0.0156163 0.0053857 0.00631137 0.0165428 0.00368695 0.00488728 -0.0122338 0.0135596 0.0016172 -0.00225748 -0.00906743 0.0169608 0.0230693 -0.0137713 -0.0138938 0.00162475 0.00612976 -0.00590465 -0.040155 -0.00579378 0.0153201 -0.0314406 0.014003 0.0184602
internal_weight=762328 643716 565809 452944 118612 403429 91780 368675 354768 72422 282346 267203 112865 73165 194038 124492 96893 77907 47990 49515 34754 30576 26633 101685 26832 23072 30970 15972 22807 69840
internal_count=762328 643716 565809 452944 118612 403429 91780 368675 354768 72422 282346 267203 112865 73165 194038 124492 96893 77907 47990 49515 34754 30576 26633 101685 26832 23072 30970 15972 22807 69840
is_linear=0
shrinkage=0.06


Tree=33
num_leaves=31
num_cat=0
split_feature=61 61 111 140 129 70 140 114 98 130 99 131 58 129 135 130 131 123 134 140 18 112 24 130 99 20 127 129 109 98
split_gain=12651.5 5467.28 4283.58 3489.65 3354.53 2677.94 2597.95 2375.29 2177.72 2142.75 2090.02 2085.05 1920.98 1809.87 1805.08 1728.93 1544.43 2310.21 1436.12 1420.57 1464.96 1392.83 1358.18 1189.93 998.285 934.148 933.266 1027.59 915.758 899.279
threshold=4.2020855925427556 5.6561229125118162 54.500000000000007 27.000000000000004 46.500000000000007 54.500000000000007 4.5000000000000009 1.1025412482507799 -0.96875021044074028 0.12940952255126045 0.80798785254895478 -0.12940952255126037 2699.8350000000005 25.500000000000004 1.0000000180025095e-35 -0.25881904510252113 -0.37940952255126015 0.6416383390248328 1.0000000180025095e-35 2.5000000000000004 54.329930555555585 2.8750000000000004 -47.672916666666666 0.91597561503675362 0.97263757644091875 6.0053753651550261 8.8014167019481757 192.50000000000003 37.500000000000007 0.62837760187664593
decision_type=2 2 2 2 2 2 2 2 2 2 2 2 2 2 2 2 2 2 2 2 8 2 10 2 2 8 2 2 2 2
left_child=3 2 9 19 23 22 -3 10 13 11 14 25 16 -5 28 -12 21 -18 -17 -1 -21 -9 -6 -4 -20 -2 27 -11 -7 -10
right_child=1 6 4 8 5 7 -8 12 29 26 15 -13 -14 -15 -16 18 17 -19 24 20 -22 -23 -24 -25 -26 -27 -28 -29 -30 -31
leaf_value=-1.1126881500547492 0.55205290759370684 4.7053251611739713 -0.38118174000618849 -1.0728948338524944 1.9909120665309341 -0.033121203923191726 1.0592515614749891 0.40014989644925603 0.1784255202543818 -1.1606661171598784 1.1348632292321723 0.42071511460056782 1.0132835864193337 -0.26960577152589565 0.85360521016096735 -0.095901738710848006 -1.3684483782139489 -0.24927683366903239 1.5745432055057549 -0.97001581552332494 -0.51257343302383218 -0.33095160583958927 0.34061998460583082 -1.641540163642945 -0.088480681145350099 -0.71285406108345339 0.77085894446856906 0.047502194643514031 -0.69918439049583925 -1.3701251521211568
leaf_weight=15794 1233 12566 41030 8230 30548 31606 55046 31943 31189 3695 43866 10996 14724 19092 12962 32267 6166 99265 9724 21499 25804 14678 41118 6518 4839 86002 12590 17304 17159 2737
leaf_count=15794 1233 12566 41030 8230 30548 31606 55046 31943 31189 3695 43866 10996 14724 19092 12962 32267 6166 99265 9724 21499 25804 14678 41118 6518 4839 86002 12590 17304 17159 2737
internal_value=-0.00228872 0.00112438 -0.000788413 -0.0197965 0.00206312 0.00389366 0.0172564 0.00154041 -0.00959428 -0.0102721 0.00695442 -0.0147453 -0.00340766 -0.0222011 -0.00156201 0.0127506 -0.00541153 -0.00943262 0.00473276 -0.0296995 -0.0244964 0.00368195 0.0143748 -0.0129845 0.0203722 -0.0178488 0.00280976 -0.00493429 -0.00685191 0.000558847
internal_weight=762190 637845 570233 124345 438413 390865 67612 319199 61248 131820 152423 98231 166776 27322 61727 90696 152052 105431 46830 63097 47303 46621 71666 47548 14563 87235 33589 20999 48765 33926
internal_count=762190 637845 570233 124345 438413 390865 67612 319199 61248 131820 152423 98231 166776 27322 61727 90696 152052 105431 46830 63097 47303 46621 71666 47548 14563 87235 33589 20999 48765 33926
is_linear=0
shrinkage=0.06


Tree=34
num_leaves=31
num_cat=6
split_feature=0 104 132 111 129 140 104 91 109 111 104 127 104 131 129 111 133 132 124 130 104 130 132 109 127 133 133 25 111 129
split_gain=11898.5 6148.7 3528.28 3303.77 3079.61 2918.38 2803.35 2688.43 2295.46 2203.13 1917.59 1759.13 1735.88 1699.62 1576.16 1533.28 1434.97 1923.08 1521.6 1371.01 1338.24 1332.46 1292.61 1236.28 1206.01 1766.48 1200.92 1082.1 1218.48 1072.7
threshold=61.505000000000003 0 0.57340843044527534 70.500000000000014 25.500000000000004 4.5000000000000009 1 2 32.500000000000007 48.500000000000007 3 29.158130997591666 4 1.0000000180025095e-35 157.50000000000003 66.500000000000014 0.94066717844141279 -0.13291928626387098 0.048333333333333346 0.25881904510252091 5 -0.91597561503675329 -0.60467950862903008 557.50000000000011 0.73690340422360623 0.94636490295939868 0.98770287048522643 0.97214740111337428 94.500000000000014 109.50000000000001
decision_type=2 1 2 2 2 2 1 1 2 2 1 2 1 2 2 2 2 2 2 2 1 2 2 2 2 2 2 10 2 2
left_child=4 7 3 6 -1 -6 23 9 20 -2 -4 16 -7 27 29 26 21 -18 -19 -13 -5 -8 -16 -3 -22 -26 -9 28 -10 -11
right_child=1 2 10 8 5 12 11 15 13 14 -12 19 -14 -15 22 -17 17 18 -20 -21 24 -23 -24 -25 25 -27 -28 -29 -30 -31
leaf_value=-0.9763149123682926 0.0054446610291074646 -0.3665007002170364 -0.25500328205130146 -0.95744043801348533 -1.0634046996757665 -0.59695442222337192 -0.93980828816811535 -0.4125129338118404 0.32949645777000441 2.1282020042139815 -1.1150850246346287 -0.01282032796046721 0.026909927892767766 -0.17625633721849651 4.5702751629156122 0.42745944487920579 1.4416028132288812 -0.98299486810962233 -0.0051698551687189816 2.5231767246517367 -0.29770329137103829 -0.29690401461748689 1.5605547004741163 -0.86992176119870201 0.46664740956736722 2.2862363489138846 1.0998558925402284 0.85324770779639147 -1.0299203720641998 -1.8623517346934746
leaf_weight=25574 21290 25901 13220 2887 13517 37004 18403 28815 35568 1537 17114 23098 29835 104320 18814 66587 13681 5051 24529 12138 9410 72654 49487 14493 32816 20802 3506 11895 5529 2505
leaf_count=25574 21290 25901 13220 2887 13517 37004 18403 28815 35568 1537 17114 23098 29835 104320 18814 66587 13681 5051 24529 12138 9410 72654 49487 14493 32816 20802 3506 11895 5529 2505
internal_value=-0.00226888 0.000743906 -0.00299987 -0.00161463 -0.0209276 -0.0151559 -0.0070177 0.00975601 0.00346704 0.0170426 -0.0227816 -0.00363259 -0.0100135 -0.000471417 0.0220372 0.00285688 -0.006763 0.00223429 -0.00636895 0.00829923 0.0128664 -0.0110376 0.0241917 -0.0212201 0.0146957 0.0181749 -0.00786523 0.00827883 0.00366587 -0.0143656
internal_weight=761980 656050 463509 433175 105930 80356 209948 192541 223227 93633 30334 169554 66839 157312 72343 98908 134318 43261 29580 35236 65915 91057 68301 40394 63028 53618 32321 52992 41097 4042
internal_count=761980 656050 463509 433175 105930 80356 209948 192541 223227 93633 30334 169554 66839 157312 72343 98908 134318 43261 29580 35236 65915 91057 68301 40394 63028 53618 32321 52992 41097 4042
cat_boundaries=0 2 4 5 7 10 12
cat_threshold=151523604 2365594019 1073758274 272663576 24 2752776353 44982336 1655924930 272680664 1 536870912 8192
is_linear=0
shrinkage=0.06


Tree=35
num_leaves=31
num_cat=6
split_feature=0 104 132 110 129 113 129 132 54 130 112 130 109 127 104 104 131 109 134 129 104 98 126 133 98 133 119 131 104 104
split_gain=10941.5 5768.35 3829.75 3371.36 2828.55 2847.78 2494.96 2262.56 2138.1 1975.52 1931.65 1877.48 1852.82 1906.91 1763.44 1492.85 1448.25 1660.11 1439.9 1310.39 1304.71 1270.01 1175.36 1084.72 1038.57 1024.73 1129.87 948.247 935.63 934.833
threshold=58.007500000000007 0 0.58741554219704073 24.850000000000005 46.500000000000007 131.50000000000003 25.500000000000004 -0.48970496317164519 53.420179333423398 -0.37940952255126059 2.8450000000000002 -0.91597561503675329 742.50000000000011 21.72595923397094 1 2 -0.37940952255126015 32.500000000000007 1.0000000180025095e-35 46.500000000000007 3 -0.70822003333690042 65.475000000000009 0.84199059757024453 -0.9953885283364815 0.97832380634958016 104.50000000000001 0.37940952255126048 4 5
decision_type=2 1 2 2 2 2 2 2 10 2 2 2 2 2 1 1 2 2 2 2 1 2 2 2 2 2 2 2 1 1
left_child=6 11 3 4 18 7 -1 -6 10 27 16 23 13 19 -5 -4 25 -18 24 -13 -11 28 -21 -2 -3 26 -7 -8 -12 -10
right_child=1 2 15 14 5 8 9 -9 29 20 21 12 -14 -15 -16 -17 17 -19 -20 22 -22 -23 -24 -25 -26 -27 -28 -29 -30 -31
leaf_value=-0.9206687104398138 -0.87703570203731374 -1.6049996480348643 0.30748308736017504 -0.90363106242282065 -0.039343137432612703 2.1966132878808136 -0.88051697656710737 1.3409943708506391 -0.062667766752264945 -0.58847002469546106 -0.48610717832639322 -0.3365238290274698 -0.18653367723855779 3.634371721128923 -0.30320115676848886 -0.97928228666578887 0.33843480249060803 -0.23566536147098474 -1.495370368774166 2.2219163912825062 0.12746958648718845 -0.47133787456225662 0.57742288405889752 0.30839770810173206 -0.14970095458344743 -0.093394907246565143 0.39225848276275255 -0.36712345164846394 2.2461315675032192 1.6432589082274494
leaf_weight=24056 9549 2150 4986 17967 27440 2620 19276 44005 8326 21041 1690 11243 20319 19591 33184 25137 48853 115202 10551 24949 19795 46747 66420 10460 23762 25349 45129 9296 3055 20547
leaf_count=24056 9549 2150 4986 17967 27440 2620 19276 44005 8326 21041 1690 11243 20319 19591 33184 25137 48853 115202 10551 24949 19795 46747 66420 10460 23762 25349 45129 9296 3055 20547
internal_value=-0.00210855 0.000577109 -0.0025778 -0.0012664 0.000483467 0.00198142 -0.0213385 0.0128044 -0.000453894 -0.0155669 -0.00201111 0.0104122 0.0128291 0.0156186 -0.0158199 -0.0233256 0.000276023 -0.00285378 -0.0154953 0.0123435 -0.00709944 -0.0125446 0.0147219 -0.0067976 -0.00788639 0.00730024 0.0124762 -0.0276681 0.0170291 0.0151133
internal_weight=762695 669231 506700 476577 425426 388963 93464 71445 317518 69408 288645 162531 142522 122203 51151 30123 237153 164055 36463 102612 40836 51492 91369 20009 25912 73098 47749 28572 4745 28873
internal_count=762695 669231 506700 476577 425426 388963 93464 71445 317518 69408 288645 162531 142522 122203 51151 30123 237153 164055 36463 102612 40836 51492 91369 20009 25912 73098 47749 28572 4745 28873
cat_boundaries=0 2 5 7 9 11 13
cat_threshold=151519252 218110371 1140869187 317998104 1 67108992 9052224 1914923114 272910040 1610664002 273589336 1610647554 818816072
is_linear=0
shrinkage=0.06


Tree=36
num_leaves=31
num_cat=5
split_feature=0 104 91 111 132 129 111 127 104 111 130 20 133 130 111 25 120 127 131 104 129 133 130 110 123 104 139 130 112 139
split_gain=9704.36 5285.04 4087.78 3293.24 2870.97 2401.35 2286.82 2252.15 2091.46 1840.84 1818.92 1750.46 1597.96 1444.4 1434.04 1407.29 2081.89 1667.22 1384.13 1363.42 1278.67 1327.8 1233.63 1461.48 1173.71 1158.92 1134.37 1073.95 1064.24 1062.06
threshold=58.007500000000007 0 1 54.500000000000007 0.57340843044527534 25.500000000000004 71.500000000000014 0.59774158431927682 2 66.500000000000014 -0.37940952255126059 84.86155205261737 0.98486764554468398 -0.91597561503675329 44.500000000000007 0.91891403504799463 71.500000000000014 0.54547471745755616 -0.37940952255126015 3 28.500000000000004 0.96633974041180493 -1.0000000180025095e-35 15.450000000000001 0.2450653255997636 4 31.500000000000004 0.25881904510252091 3.0450000000000004 64.500000000000014
decision_type=2 1 1 2 2 2 2 2 1 2 2 8 2 2 2 10 2 2 2 1 2 2 2 2 2 1 2 2 2 2
left_child=5 2 3 13 6 -1 8 -5 24 12 -7 -9 22 28 27 17 -17 -8 -11 -6 -20 -22 26 -24 -3 -12 -4 -15 -2 -13
right_child=1 4 9 7 19 10 15 11 -10 18 25 29 -14 14 -16 16 -18 -19 20 -21 21 -23 23 -25 -26 -27 -28 -29 -30 -31
leaf_value=-0.87620580551494442 -0.92221766136790506 -0.82093581670875093 -0.74649081291729047 -0.32423475694627357 -0.11002359331477038 -0.71308919347211819 -0.69473298154209895 1.1433621769817306 -0.18183847594970359 0.81142479085396269 -0.49656064408353956 4.0366959597866625 0.70621030726437939 -0.62002927646362871 1.3375804279731227 0.058159132064598253 1.2396316037411608 0.062188714610433918 -0.86869618725735431 -1.0424277028646485 0.3436458544187363 -0.35636273660118117 -0.97643898061317225 0.23992590435518366 -0.35322422065675596 0.16958717740056725 0.53252240962552755 0.99808452704056427 1.0704806786927519 -1.4023399645375423
leaf_weight=23962 11859 13542 30506 13230 6123 28576 21642 60603 114456 26802 24360 38058 7303 15328 16697 36948 15340 78697 11018 15094 59828 19758 1853 13713 25292 16765 3680 7502 2367 1141
leaf_count=23962 11859 13542 30506 13230 6123 28576 21642 60603 114456 26802 24360 38058 7303 15328 16697 36948 15340 78697 11018 15094 59828 19758 1853 13713 25292 16765 3680 7502 2367 1141
internal_value=-0.00213429 0.00040037 0.00562415 0.0123402 -0.00504877 -0.0202214 -0.0035686 0.0181551 -0.00874494 -0.000796804 -0.0145881 0.0212386 -0.0096379 0.000114968 0.00601548 0.00163024 0.0096112 -0.0025288 0.00349962 -0.0263917 -4.37062e-05 0.00260847 -0.013485 0.000516477 -0.0207749 -0.00650829 -0.0198602 -0.00375805 -0.0162789 0.0311189
internal_weight=762043 668380 341246 166785 327134 93663 305917 113032 153290 174461 69701 99802 57055 53753 39527 152627 52288 100339 117406 21217 90604 79586 49752 15566 38834 41125 34186 22830 14226 39199
internal_count=762043 668380 341246 166785 327134 93663 305917 113032 153290 174461 69701 99802 57055 53753 39527 152627 52288 100339 117406 21217 90604 79586 49752 15566 38834 41125 34186 22830 14226 39199
cat_boundaries=0 2 3 5 7 9
cat_threshold=2635865525 3978303971 24 1073758274 272630808 536870912 42885120 2057530090 272680664
is_linear=0
shrinkage=0.06


Tree=37
num_leaves=31
num_cat=1
split_feature=0 0 132 110 112 59 140 140 89 131 109 119 131 69 54 127 130 25 133 134 109 134 69 140 133 112 139 126 103 130
split_gain=8872.52 4490.32 3391.87 3346.27 3179.8 2844.82 2769.29 2232.86 2071.26 1976.52 2028.66 1502.95 1431.04 1379.73 1333.77 1381.63 1208.71 1897.82 1100.11 1242.82 1070.64 1060.17 981.357 962.74 891.885 783.121 1091.3 1060.95 963.418 776.568
threshold=58.007500000000007 300.61250000000007 0.66766646831012755 24.850000000000005 2.7850000000000006 2226.2850000000008 27.000000000000004 4.5000000000000009 0 -0.37940952255126015 32.500000000000007 150.50000000000003 0.78656609248549303 9.6500000000000004 6.23254075478203 2.0996546375107066 0.25881904510252091 0.91891403504799463 0.97648852793709995 1.0000000180025095e-35 742.50000000000011 1.0000000180025095e-35 8.0500000000000025 2.5000000000000004 0.94066717844141279 1.7750000000000001 59.500000000000007 310.10000000000008 0.31573828964358458 -1.0000000180025095e-35
decision_type=2 2 2 2 2 10 2 2 1 2 2 2 2 2 10 2 2 8 2 2 2 2 2 2 2 2 2 2 2 2
left_child=6 2 3 4 8 14 23 -3 -2 16 12 25 -11 -8 20 -16 17 -10 24 -20 -6 -5 -14 -1 -18 28 27 -27 -12 -24
right_child=1 7 -4 21 5 -7 13 -9 9 10 11 -13 22 -15 15 -17 18 -19 19 -21 -22 -23 29 -25 -26 26 -28 -29 -30 -31
leaf_value=-1.0415677891031696 0.52821502940809295 4.9522041318812189 -1.1642655662979433 -0.69138317898800039 -0.072551004331940588 0.91247527470249956 0.47024358090825386 1.058744817386073 0.3693834599125887 -0.10411268875209657 -0.72361092196643495 -1.3526967659800464 2.1929970794634599 -0.40363345718404786 -1.344729227784375 -0.51504994128793635 0.56353261905498464 -0.86070637803393579 -0.43425005748559242 0.86226355213133843 -1.0405032159065439 -0.082806112431920556 1.1558827896529955 -0.69592345511617526 1.1687164693878318 0.0077392397653474627 -1.0059552292823528 -0.65296398882409079 1.7807383544780009 0.011815513898437189
leaf_weight=11912 104559 10551 12711 42727 42535 12947 10957 45858 15081 39551 27612 2777 6688 35225 7508 33520 42585 7552 11875 6293 6114 21134 15515 35561 11163 105200 8570 10266 2011 15540
leaf_count=11912 104559 10551 12711 42727 42535 12947 10957 45858 15081 39551 27612 2777 6688 35225 7508 33520 42585 7552 11875 6293 6114 21134 15515 35561 11163 105200 8570 10266 2011 15540
internal_value=-0.00210634 0.000316945 -0.00117601 -0.000525492 0.00102282 -0.00847279 -0.0194019 0.0165152 0.0032742 0.000931554 -0.00202951 -0.00595869 0.00592276 -0.00894095 -0.0122686 -0.0202364 0.00825151 -0.00384112 0.0120572 -0.000706698 -0.00554861 -0.0135076 0.0142799 -0.0295779 0.0163717 -0.0051679 -0.00307457 -0.00154122 -0.0139326 0.00978941
internal_weight=762098 668443 612034 599323 535462 102624 93655 56409 432838 328279 233730 156436 77294 46182 89677 41028 94549 22633 71916 18168 48649 63861 37743 47473 53748 153659 124036 115466 29623 31055
internal_count=762098 668443 612034 599323 535462 102624 93655 56409 432838 328279 233730 156436 77294 46182 89677 41028 94549 22633 71916 18168 48649 63861 37743 47473 53748 153659 124036 115466 29623 31055
cat_boundaries=0 1
cat_threshold=48
is_linear=0
shrinkage=0.06


Tree=38
num_leaves=31
num_cat=4
split_feature=129 132 104 104 111 0 126 127 53 111 104 114 127 83 99 120 132 112 132 133 132 98 132 133 104 127 130 111 129 130
split_gain=8346 6249.18 4881.28 4090.6 2777.8 2280.11 1850.14 2174.7 1781.78 1697.89 1662.5 1597.74 1478.89 1368.69 1292.03 1123.81 2095.73 1078.1 1073.08 1215.58 1035.64 1028.02 977.771 966.493 955.159 942.474 1177.5 1114.2 938.918 864.506
threshold=202.50000000000003 0.66766646831012755 0 1 50.500000000000007 46.552500000000009 85.125000000000014 36.862497375969085 1.9113073305457962 64.500000000000014 2 1.4948148763204303 0.49718561527731503 2.0750000000000006 0.99932962452255414 4.5000000000000009 -0.13291928626387098 2.6650000000000005 0.26347957579725428 0.99445195900249039 0.69287764045535594 -0.33323705862247266 0.025799818015934263 0.99932962452255414 3 4.4654386292725397 -0.37940952255126059 66.500000000000014 25.500000000000004 1.0000000180025095e-35
decision_type=2 2 1 1 2 2 2 2 8 2 1 2 2 10 2 2 2 2 2 2 2 2 2 2 1 2 2 2 2 2
left_child=3 2 6 -1 10 28 9 11 -7 -2 -4 -8 -11 -6 17 16 21 24 19 -18 -3 -13 -16 -17 -15 27 -27 -10 -5 -20
right_child=1 20 4 5 13 8 7 -9 25 12 -12 15 -14 14 22 23 18 -19 29 -21 -22 -23 -24 -25 -26 26 -28 -29 -30 -31
leaf_value=0.073967408474331503 -0.54129761806944032 -1.5778224006638484 -0.055264244002746633 -0.87805079097682759 -0.12638162337625658 -0.17959899439382879 0.59102393590430635 2.2892564996561382 -1.2009444716696278 -0.29212311306891875 -0.66049437478226536 -0.29359546960691474 2.3401298579807746 -0.18242910421224337 1.137952018911683 0.41221447420424567 -0.89607545510097464 -0.15047456258890918 -0.50435100783036146 1.1611021783599695 -0.42167231716681725 1.2080403845776697 -1.6085039426839915 -2.2610981915406287 0.5145821649575506 -0.74961710655077973 -0.085376813538594123 -0.59483884289338385 -0.53321639595457271 1.3908824567226057
leaf_weight=58564 7806 11299 26355 15180 121341 58535 58014 19315 13030 6601 36589 20176 52405 12826 1266 17366 11644 20806 1719 1494 6465 8684 3904 927 88840 13602 20208 25438 20931 1478
leaf_count=58564 7806 11299 26355 15180 121341 58535 58014 19315 13030 6601 36589 20176 52405 12826 1266 17366 11644 20806 1719 1494 6465 8684 3904 927 88840 13602 20208 25438 20931 1478
internal_value=-0.00206348 0.00200216 0.00319865 -0.0117515 -0.00154627 -0.0165377 0.0103266 0.00642574 -0.0128541 0.0185497 -0.0128074 0.00345275 0.0220286 0.00130057 0.00563791 -0.00312432 -0.00820294 0.00687825 -0.0253759 -0.0329614 -0.0329907 0.00151762 -0.0237401 0.00942276 0.00942489 -0.0191558 -0.011847 -0.025579 -0.0298854 0.00579737
internal_weight=762808 537320 519556 225488 311927 166924 207629 140817 130813 66812 62944 121502 59006 248983 127642 63488 45195 122472 16335 13138 17764 28860 5170 18293 101666 72278 33810 38468 36111 3197
internal_count=762808 537320 519556 225488 311927 166924 207629 140817 130813 66812 62944 121502 59006 248983 127642 63488 45195 122472 16335 13138 17764 28860 5170 18293 101666 72278 33810 38468 36111 3197
cat_boundaries=0 2 4 6 8
cat_threshold=2634814772 3976206755 151519252 227162402 573809288 74308 536870912 794688
is_linear=0
shrinkage=0.06


Tree=39
num_leaves=31
num_cat=8
split_feature=7 111 104 130 129 104 129 104 113 53 104 139 137 133 119 104 131 132 127 109 104 132 130 122 104 132 132 114 3 104
split_gain=7663.55 3879.48 3024.45 2871.64 2403.89 2179.59 2164.3 2062.06 1789 1741.77 1637.88 1421.83 1409.08 1280.58 1273.63 1234.06 1212.63 1132.27 1101.39 1055.9 1030.3 998.761 989.811 1049.4 959.521 967.65 949.86 1119.61 940.006 981.647
threshold=189.48500000000004 62.500000000000007 0 -0.37940952255126059 25.500000000000004 1 46.500000000000007 2 131.50000000000003 41.32099737953066 3 41.500000000000007 0.0021274278612003691 0.78724360164103002 43.500000000000007 4 -0.37940952255126015 0.57340843044527534 9.7941064765031047 32.500000000000007 5 0.5009122898073749 -0.91597561503675329 0.07688256673047679 6 0.57340843044527534 0.21336913576298863 2.8465866327591316 47.712500000000013 7
decision_type=2 2 1 2 2 1 2 1 2 10 1 2 2 2 2 1 2 2 2 2 1 2 2 2 1 2 2 2 10 1
left_child=4 3 11 5 12 14 -4 17 13 16 -5 -3 -1 -8 -2 -14 26 21 -12 -18 -11 -6 -9 -24 -16 -26 -10 -28 29 -15
right_child=1 2 6 10 7 -7 8 22 9 20 18 -13 15 28 24 -17 19 -19 -20 -21 -22 -23 23 -25 25 -27 27 -29 -30 -31
leaf_value=-0.38335777206161131 0.80539776750099967 0.84763242663710914 -0.49646743284145556 -0.19892986159428944 -0.42982830137331574 -0.6772304928257693 0.011345643334788064 -0.55881684388396646 0.12959245917067305 0.026367253484830825 0.15337769315702146 4.6333137268277733 -0.25578822270361545 -0.098115745085006548 0.51117133680261273 -0.91010039180098501 0.26556218995358777 -0.88640695526903457 1.7837220390026147 -0.20734133148861358 3.4799841056010328 1.3102613971683847 -0.71139559770760286 0.10505952283164703 -0.30065795927436323 -1.031990757716718 1.0938524293303928 -0.74173431405826729 1.6577925265896454 1.4347414627435222
leaf_weight=11446 12891 50099 31998 36009 55023 67221 19605 9207 39608 6689 24586 9077 4380 10444 3587 16333 48882 12578 15650 109514 11613 2118 4655 50691 48436 3561 11694 1873 11983 20729
leaf_count=11446 12891 50099 31998 36009 55023 67221 19605 9207 39608 6689 24586 9077 4380 10444 3587 16333 48882 12578 15650 109514 11613 2118 4655 50691 48436 3561 11694 1873 11983 20729
internal_value=-0.00210123 0.00107874 0.0046767 -0.00543686 -0.0134841 -0.010672 0.00240227 -0.00995494 0.00402235 0.00157103 0.00388033 0.0171504 -0.0282183 0.0130005 -0.00313553 -0.0375543 3.48817e-05 -0.0171086 0.0121977 -0.00259702 0.019328 -0.0135232 -0.0022257 0.00080438 -0.00707673 -0.00914744 0.00787461 0.0215758 0.018777 0.0132861
internal_weight=762180 595749 383808 211941 166431 135696 324632 134272 292634 229873 76245 59176 32159 62761 68475 20713 211571 69719 40236 158396 18302 57141 64553 55346 55584 51997 53175 13567 43156 31173
internal_count=762180 595749 383808 211941 166431 135696 324632 134272 292634 229873 76245 59176 32159 62761 68475 20713 211571 69719 40236 158396 18302 57141 64553 55346 55584 51997 53175 13567 43156 31173
cat_boundaries=0 2 4 6 8 10 12 14 17
cat_threshold=151519252 6178 2332858044 3442161892 3806554306 1346422488 1073802858 4278174808 573520 723165200 3758151746 885974104 0 8256 1879080994 466412616 1
is_linear=0
shrinkage=0.06


Tree=40
num_leaves=31
num_cat=0
split_feature=101 109 130 0 21 114 98 132 58 131 127 132 130 122 130 59 130 137 113 130 127 102 107 58 21 90 132 25 0 133
split_gain=7150.49 4373.35 3291.2 2745.79 2519.41 2705.94 2576.88 2427.39 2045.85 1918.56 2038.15 1900.77 2099.38 1617.71 1534.73 1663.06 1312.69 1312.46 1175.54 1175.39 1095.19 1072.63 1069.51 993.884 942.867 1085.91 880.558 875.175 867.74 867.737
threshold=0.6830127018922193 32.500000000000007 -0.91597561503675329 42.756036758422859 370.04750000000007 1.0430709343817244 -0.80860773948975517 0.66766646831012755 15.300000000000002 0.78656609248549303 0.59774158431927682 -0.59089032065832736 0.12940952255126045 0.36071045781498245 -0.37940952255126059 643.0200000000001 0.91597561503675362 0.61497421480319081 131.50000000000003 -0.60355339059327362 8.2254398743019639 31.500000000000004 28.658850000000005 132.57500000000002 154.78875000000002 2.5000000000000004 0.69287764045535594 0.98704003633434467 285.03750000000008 0.99024581825578073
decision_type=2 2 2 2 8 2 2 2 2 2 2 2 2 2 2 10 2 2 2 2 2 2 2 2 10 2 2 8 2 2
left_child=2 9 21 -4 5 6 -3 13 -7 28 -11 12 -6 20 23 29 27 22 -13 -19 -5 -1 -15 -10 25 -17 -9 -8 -2 -16
right_child=1 4 3 7 11 8 16 26 14 10 -12 18 -14 17 15 24 -18 19 -20 -21 -22 -23 -24 -25 -26 -27 -28 -29 -30 -31
leaf_value=-0.89230218196257027 0.17460784440096347 -1.3123806480450952 -0.58712637878633589 -0.4670688185710597 0.26258087683019593 -1.2073759259881494 0.54403025207496969 -1.3628573102033221 0.032517348698584671 -0.50118395406566119 2.2482564316419817 1.7891162641795162 4.4886184689746997 -0.15470225409279806 -0.059023223388073233 0.44178938146335311 -0.79252784894223338 -1.1336715033101246 -0.16687946699240624 2.9338776027938693 0.0049788088050982532 0.087707869670986718 0.37986413368139266 -0.53904398068084269 1.071176028186706 -0.41440676225058409 -0.27345206927518945 -0.113955237225627 2.6777212271751227 -0.60335123293095871
leaf_weight=27111 44972 6272 30586 38291 16682 11362 74383 8940 17333 6236 35157 7806 18023 69592 78215 6476 8211 1939 44091 8397 20318 3514 29969 63348 21961 7311 5050 15524 8193 27089
leaf_count=27111 44972 6272 30586 38291 16682 11362 74383 8940 17333 6236 35157 7806 18023 69592 78215 6476 8211 1939 44091 8397 20318 3514 29969 63348 21961 7311 5050 15524 8193 27089
internal_value=-0.00199892 0.00198436 -0.0104759 -0.00783244 -0.000617278 -0.00295995 0.00506825 -0.00504403 -0.00655532 0.0136524 0.0233382 0.00851195 0.0193817 -0.00305008 -0.00528282 -0.00150752 0.00745177 0.00124315 0.00124282 0.0215923 -0.0111002 -0.0288676 -0.000869609 -0.0118829 0.00967412 -0.00262402 -0.0290587 0.00954909 0.00611105 -0.00530345
internal_weight=762352 518645 243707 213082 424087 337485 104390 182496 233095 94558 41393 86602 34705 168506 221733 141052 98118 109897 51897 10336 58609 30625 99561 80681 35748 13787 13990 89907 53165 105304
internal_count=762352 518645 243707 213082 424087 337485 104390 182496 233095 94558 41393 86602 34705 168506 221733 141052 98118 109897 51897 10336 58609 30625 99561 80681 35748 13787 13990 89907 53165 105304
is_linear=0
shrinkage=0.06


Tree=41
num_leaves=31
num_cat=5
split_feature=129 104 130 132 123 127 104 110 104 133 109 114 134 119 124 99 132 139 139 132 130 104 107 91 120 99 124 114 114 132
split_gain=6551.01 5507.48 3470.68 3453.18 2786.51 2741.04 2226.13 2188.71 2095.8 1799.9 1798.87 1677.94 2306.01 1547.42 2239.43 1367.88 1366.95 1343.91 1418.53 1420.4 1326.06 1324.8 1303.59 1218.63 1194.11 1749.35 1150.48 1119.38 1077.85 1051.34
threshold=46.500000000000007 0 -0.91597561503675329 0.57340843044527534 0.13449470229232158 20.770189093230687 1 25.850000000000005 2 0.85561368268953431 37.500000000000007 0.79883308639404604 1.0000000180025095e-35 78.500000000000014 0.048333333333333346 0.56012257943637511 0.44022217077093501 60.500000000000007 46.500000000000007 -0.73208386245364632 -1.0000000180025095e-35 3 28.406700000000004 4 1.0000000180025095e-35 0.99748108949426018 0.048333333333333346 1.3463698478002637 -0.96345646017613606 0.16269055358644466
decision_type=2 1 2 2 2 2 1 2 1 2 2 2 2 2 2 2 2 2 2 2 2 1 2 1 2 2 2 2 2 2
left_child=6 2 9 7 -4 10 -1 11 -5 26 -6 12 15 20 -15 -3 22 18 24 -20 28 -9 -8 -7 -13 -26 -2 -11 -12 -30
right_child=1 3 4 8 5 23 16 21 -10 27 13 17 -14 14 -16 -17 -18 -19 19 -21 -22 -23 -24 -25 25 -27 -28 -29 29 -31
leaf_value=-0.82250762490992557 0.47000236092369901 -0.47822508521535978 -0.28986042948375201 0.43594388886198343 1.1192263169050909 -0.53538216786778059 0.81033126628936891 -0.76704542476526072 -0.88925651907044923 0.92484136570586317 2.2719692021277722 -0.3009635941560958 0.92194808051635468 -0.21445015217095956 0.99053516955868159 0.15962243323509526 0.21058571410858859 -0.97123551783151496 1.0659677029149244 -0.00094577240899866404 -0.35472762598975832 -0.27509136448630411 -0.47575411807004392 2.8270276933599425 0.18532499150071471 -0.69883164074544479 -0.89634830880060812 -0.45015261835408382 0.6197849151060234 -0.46402415069950448
leaf_weight=38956 3187 20692 34681 5333 59279 3062 996 11427 25670 8740 3385 89967 31668 19042 46601 57704 16459 13340 8196 18911 42036 19581 33738 38733 46156 12089 17482 9830 17052 8276
leaf_count=38956 3187 20692 34681 5333 59279 3062 996 11427 25670 8740 3385 89967 31668 19042 46601 57704 16459 13340 8196 18911 42036 19581 33738 38733 46156 12089 17482 9830 17052 8276
internal_value=-0.00191515 0.000121942 0.00596769 -0.00492414 0.00837316 0.0106934 -0.0171028 -0.00312417 -0.0240685 -0.0107141 0.00771403 -0.00154919 0.00433816 0.00392132 0.010556 -0.00118168 -0.00887157 -0.00498389 -0.00358693 0.00903276 -0.00223463 -0.0182966 -0.0156223 0.0246411 -0.00589503 0.000798338 -0.022894 0.00284314 0.00770426 0.00345375
internal_weight=762269 672120 311386 360734 272147 237466 90149 329731 31003 39239 195671 298723 110064 136392 65643 78396 51193 188659 175319 27107 70749 31008 34734 41795 148212 58245 20669 18570 28713 25328
internal_count=762269 672120 311386 360734 272147 237466 90149 329731 31003 39239 195671 298723 110064 136392 65643 78396 51193 188659 175319 27107 70749 31008 34734 41795 148212 58245 20669 18570 28713 25328
cat_boundaries=0 2 5 7 9 10
cat_threshold=2635863477 3978303907 3069652521 3222356548 1 2048 9052224 1073760322 306463768 1
is_linear=0
shrinkage=0.06


Tree=42
num_leaves=31
num_cat=0
split_feature=101 111 127 129 130 129 21 98 113 132 112 139 132 132 137 137 125 137 28 134 102 107 131 132 132 6 120 59 58 122
split_gain=5900.53 3912.59 3570.85 3392.39 4045.46 2562.83 2477.46 2452.16 3409.98 2755.17 3459.18 2058.04 1596.42 1303.38 1287.31 1271.24 1259.2 1189.24 1160.63 1159.93 1938.43 1150.74 1140.74 1117.26 1072.95 1072.89 1067.43 1791.65 1058.99 1053.73
threshold=0.6830127018922193 48.500000000000007 4.8090070642102569 25.500000000000004 -0.37940952255126059 69.500000000000014 370.04750000000007 -0.8283650867723894 271.50000000000006 -0.13291928626387098 3.0150000000000001 33.500000000000007 0.66766646831012755 0.51572537064332258 0.61497421480319081 0.042730530857558173 0.017600000000000008 0.0021274278612003691 155.22986111111115 1.0000000180025095e-35 42.500000000000007 28.658850000000005 -0.37940952255126015 -0.86491625635379854 0.69287764045535594 305.88500000000005 31.500000000000004 132.57500000000002 96.100000000000009 0.4079537006912764
decision_type=2 2 2 2 2 2 8 2 2 2 2 2 2 2 2 2 2 2 8 2 2 2 2 2 2 10 2 10 2 2
left_child=3 18 7 15 5 23 19 -3 13 -10 22 16 14 -9 21 17 -7 -1 -2 26 -21 -6 -11 -5 -14 -22 28 -28 -4 -24
right_child=1 2 6 4 12 11 -8 8 9 10 -12 -13 24 -15 -16 -17 -18 -19 -20 20 25 -23 29 -25 -26 -27 27 -29 -30 -31
leaf_value=-0.26306696220823139 -0.61286960274731939 -1.3781415184884693 1.3388601418427157 -0.12342246210322841 -0.11490789288445113 -0.80196702766656514 2.3173936652067719 0.68138581711242918 0.28371062355559162 0.095728905177624599 -1.1785882619120598 1.2627133846185774 -1.0034923073875706 -1.1896307129208252 2.0448483800579353 0.25430395885592105 -0.42180190885041835 -0.802927538417185 -0.31249746495167186 1.2847624747865793 -0.66021185326144416 0.36584847848741903 -0.80574651373145856 1.3426242371894901 0.051006525464430866 0.44978590590457257 -1.1746101124225392 0.18433029072095564 0.15433859937420349 -0.26763139630584448
leaf_weight=7603 13901 7206 8083 7639 75819 42567 47747 71933 50851 26998 11119 3542 6964 4145 10416 3825 19907 24292 76313 25061 4654 32215 9598 4407 4273 10816 6970 9974 86535 46859
leaf_count=7603 13901 7206 8083 7639 75819 42567 47747 71933 50851 26998 11119 3542 6964 4145 10416 3825 19907 24292 76313 25061 4654 32215 9598 4407 4273 10816 6970 9974 86535 46859
internal_value=-0.00186069 0.00175583 0.00414659 -0.00956644 -0.0066296 -0.0174213 0.0100058 -0.000973023 0.000147627 -0.00523689 -0.0112926 -0.0220652 -0.000133706 0.0104402 0.00191674 -0.0266465 -0.0245878 -0.0305662 -0.00960106 0.00626257 0.0149556 -2.55473e-05 -0.00710386 0.00802855 -0.0217459 -0.0017452 0.00310425 -0.0107642 0.00558788 -0.0119547
internal_weight=762232 518763 428549 243469 207749 78062 199840 228709 221503 145425 94574 66016 129687 76078 118450 35720 62474 31895 90214 152093 40531 108034 83455 12046 11237 15470 111562 16944 94618 56457
internal_count=762232 518763 428549 243469 207749 78062 199840 228709 221503 145425 94574 66016 129687 76078 118450 35720 62474 31895 90214 152093 40531 108034 83455 12046 11237 15470 111562 16944 94618 56457
is_linear=0
shrinkage=0.06


Tree=43
num_leaves=31
num_cat=4
split_feature=129 111 104 130 127 104 126 104 104 98 134 98 114 98 127 25 98 59 107 25 111 130 98 58 114 111 101 127 131 130
split_gain=5417.76 4875.72 4116.59 3311.55 2633.41 2409.55 1882.27 1725.85 1690.66 1459.65 1316.36 1270.82 1267.55 1213.83 1210.3 1175.3 1171.47 1110.82 1041.26 1019.2 999.523 1014.2 991.479 977.388 1107.63 1189.48 954.044 1075.41 938.839 1640.31
threshold=37.500000000000007 57.500000000000007 0 0.12940952255126045 26.030574147774761 1 65.475000000000009 2 3 0.55923163791368669 1.0000000180025095e-35 0.40907743338811486 0.57622964287356682 0.44022217077093501 8.8014167019481757 0.89761298328108685 -0.8283650867723894 3913.2500000000005 28.406700000000004 0.95725974118589308 70.500000000000014 0.37940952255126054 0.44022217077093501 643.0200000000001 1.9448818666854149 93.500000000000014 0.6830127018922193 0.49718561527731503 -0.37940952255126015 -1.0000000180025095e-35
decision_type=2 2 1 2 2 1 2 1 1 2 2 2 2 2 2 10 2 10 2 8 2 2 2 2 2 2 2 2 2 2
left_child=7 3 9 5 6 22 17 -1 -5 10 16 18 15 -7 -10 -12 -3 26 -9 -6 -20 -22 -2 24 -18 -26 -4 -28 -8 -30
right_child=1 2 4 8 19 13 28 11 14 -11 12 -13 -14 -15 -16 -17 23 -19 20 -21 21 -23 -24 -25 25 -27 27 -29 29 -31
leaf_value=-0.82086767792864868 -0.59454420558201115 -0.44377612323434273 0.34749150087335068 -0.28610227146528683 3.0993458881919369 -0.16409878654094001 0.43576354114102572 0.82402018479699612 0.14651237873855108 -0.59038459210085081 0.2668086609070161 0.15906826893949086 -0.030635835687696299 -0.72942927419457326 2.1184616024740484 1.3877242974981709 -0.021979826665037193 -1.4188757201881481 -0.87116014353311211 -0.65818085074181909 -0.0098801094355980001 -0.63877935791242291 -1.2291093045192942 0.4174193641086924 -0.69181356628822421 0.8186413564243662 -0.24536188724106353 2.2273169820757062 0.27740194144491853 -0.30680038113622105
leaf_weight=27520 54573 30171 26985 20637 28324 83504 52812 844 22051 17647 12721 15782 33620 7776 13112 9655 64921 1733 9003 2049 12877 11483 5199 19638 18952 2013 5474 36145 59969 53922
leaf_count=27520 54573 30171 26985 20637 28324 83504 52812 844 22051 17647 12721 15782 33620 7776 13112 9655 64921 1733 9003 2049 12877 11483 5199 19638 18952 2013 5474 36145 59969 53922
internal_value=-0.00176047 -5.59096e-05 0.00328183 -0.00774869 0.0082146 -0.0123628 0.0060835 -0.016794 0.00474185 -0.00301965 -0.00149959 -0.0101436 0.00624033 -0.006228 0.0127407 0.0173053 -0.00469358 0.0143146 -0.0166435 0.0248482 -0.018309 -0.0119946 -0.0217266 -0.00171258 -0.00447379 -0.0164638 0.0155132 0.0212105 0.0026105 -0.000455695
internal_weight=761112 683603 476751 206852 267413 151052 237040 77509 55800 209338 191691 49989 55996 91280 35163 22376 135695 70337 34207 30373 33363 24360 59772 105524 85886 20965 68604 41619 166703 113891
internal_count=761112 683603 476751 206852 267413 151052 237040 77509 55800 209338 191691 49989 55996 91280 35163 22376 135695 70337 34207 30373 33363 24360 59772 105524 85886 20965 68604 41619 166703 113891
cat_boundaries=0 3 6 9 11
cat_threshold=1654911178 273475164 1 1692493891 317752857 1 917973513 1074872900 1 1073793634 2524431448
is_linear=0
shrinkage=0.06


Tree=44
num_leaves=31
num_cat=7
split_feature=35 111 132 130 113 0 130 127 104 129 132 104 59 110 126 110 104 110 98 104 104 129 127 132 113 133 104 104 130 140
split_gain=4988.15 3231.63 2950.39 2291.84 2433.59 2269.31 1940.22 1783.59 1691.04 1681.43 1453.47 1363.5 1349.57 1259.41 1227.52 1161.03 1516.8 1104.25 1045.76 1009.08 981.386 946.762 943.976 1058.07 942.29 1155.81 928.246 912.625 885.268 859.864
threshold=257.65500000000003 66.500000000000014 0.3933211724509133 0.91597561503675362 131.50000000000003 37.132500000000007 -0.37940952255126059 31.211025117122379 0 60.500000000000007 0.66766646831012755 1 587.25000000000011 10.050000000000002 2073.3250000000003 23.350000000000005 2 13.250000000000002 -0.9953885283364815 3 4 189.50000000000003 0.26221022290174079 0.61490419508004501 273.50000000000006 0.7710868207630478 5 6 0.37940952255126054 7.5000000000000009
decision_type=10 2 2 2 2 2 2 2 1 2 2 1 10 2 2 2 1 2 2 1 1 2 2 2 2 2 1 1 2 2
left_child=5 2 6 4 -3 19 8 14 -2 -5 15 13 -11 -6 17 18 -17 -8 -7 -1 -20 -19 -15 -24 -22 -26 -4 -9 -29 -21
right_child=1 3 26 9 11 10 7 27 -10 12 -12 -13 -14 22 -16 16 -18 21 20 29 24 -23 23 -25 25 -27 -28 28 -30 -31
leaf_value=-0.86829283285103009 -0.5539868354683013 1.2249434865939519 -0.43941257941627115 -1.4048391300211744 -0.15096686434806372 -0.94401194911963593 -0.71936083445551957 -0.40384264605689624 -0.01793669601990075 -0.35862833743842842 -0.90715062626365306 0.0091296859136912184 0.70792254051378267 -0.3369555223008609 -0.87832348489016621 0.30799740979140922 -0.40565534780470042 -0.97911512867617301 -0.24903607361452229 -0.8191628580316227 0.43215897661429092 0.41099987545474531 1.3006822151193203 -0.7480876659145389 0.1874473224630448 -0.28022442202697062 -1.0709272638198879 1.4453183642844243 7.1410694980141383 -0.18122091202109267
leaf_weight=9135 51622 51313 11286 5053 15092 4587 6249 2776 70707 38818 8732 97137 18720 7759 6610 7656 48779 3305 57134 4402 27570 42623 59195 3625 27764 36340 10063 10418 5593 12786
leaf_count=9135 51622 51313 11286 5053 15092 4587 6249 2776 70707 38818 8732 97137 18720 7759 6610 7656 48779 3305 57134 4402 27570 42623 59195 3625 27764 36340 10063 10418 5593 12786
internal_value=-0.00181302 0.00152304 -0.00396523 0.00561553 0.00834206 -0.00886919 -0.00170092 0.00572195 -0.00640808 -0.00458301 -0.00686466 0.00510106 -0.00166843 0.0106181 0.00057869 -0.00586644 -0.0132245 0.00366476 -0.00315927 -0.0255121 -0.00228938 0.00688454 0.0139833 0.0164219 0.00155751 -0.00243164 -0.0251663 0.021815 0.0273112 -0.0169126
internal_weight=762849 517964 221252 296712 234121 244885 199903 77574 122329 62591 218562 182808 57538 85671 58787 209830 56435 52177 153395 26323 148808 45928 70579 62820 91674 64104 21349 18787 16011 17188
internal_count=762849 517964 221252 296712 234121 244885 199903 77574 122329 62591 218562 182808 57538 85671 58787 209830 56435 52177 153395 26323 148808 45928 70579 62820 91674 64104 21349 18787 16011 17188
cat_boundaries=0 3 5 7 9 11 13 15
cat_threshold=1962108995 316442394 1 2568489236 4020246691 163864 151134272 572729985 17088 1881385472 272720388 689737876 260979170 3758147650 9348184
is_linear=0
shrinkage=0.06


Tree=45
num_leaves=31
num_cat=9
split_feature=129 104 132 111 104 130 104 132 104 127 104 130 126 111 137 131 104 127 112 91 125 104 130 111 130 111 104 120 131 123
split_gain=4867.45 4314.08 3905.02 2985.41 2337.96 1825.27 1823.6 1737.2 1660.22 1621.27 1490.88 1447.2 1364.38 1340.99 1312.78 1212.03 1205.71 1192.14 1730.27 1410.27 1170.1 1155.09 1343.36 1129.48 1086.54 1027.49 1529.93 1405.91 1536.33 1025
threshold=37.500000000000007 0 0.58741554219704073 71.500000000000014 1 -0.78656609248549303 2 0.44022217077093501 3 1.7873219135996194 4 0.91597561503675362 65.475000000000009 62.500000000000007 0.042730530857558173 -0.12940952255126037 5 31.211025117122379 2.8450000000000002 6 0.12676666666666667 7 0.37940952255126054 91.500000000000014 0.25881904510252091 89.500000000000014 8 39.500000000000007 -0.60355339059327384 0.25763009352701083
decision_type=2 1 2 2 1 2 1 2 1 2 1 2 2 2 2 2 1 2 2 1 2 1 2 2 2 2 1 2 2 2
left_child=7 13 3 4 29 8 -5 9 -6 14 -4 12 20 15 16 24 -1 18 19 -7 -8 -19 -23 -12 -2 27 -27 28 -9 -3
right_child=1 2 10 6 5 17 11 25 -10 -11 23 -13 -14 -15 -16 -17 -18 21 -20 -21 -22 22 -24 -25 -26 26 -28 -29 -30 -31
leaf_value=-0.39466640061950059 -0.35514552164134217 -0.62280903058411397 -0.043679413018552965 -0.48539085719297925 -0.022247931243312563 0.87959870770598692 1.6351228538644003 -1.363628001421811 -0.69319793914261707 -0.16493369506274178 -0.80141130053540588 -0.13827713492431284 0.14629742635864318 0.96171182905662589 0.18417207237395103 1.9020164538359217 -0.98893143815109907 -0.35441199846003624 -0.40315750119566585 -0.046612205255608781 0.45269272513501108 0.65922162686851005 5.6105235438614303 0.52627665825677128 0.64315618725199153 0.31870090683925356 -1.0975664960710181 1.4378470972067687 0.72538177543970384 -0.27674695229436336
leaf_weight=8190 27451 16394 11109 18456 35243 20330 23260 2706 42593 19309 28825 53390 114599 80169 3550 6693 22113 6406 31093 63863 37229 16378 6853 2315 12801 5355 7073 5942 3381 29567
leaf_count=8190 27451 16394 11109 18456 35243 20330 23260 2706 42593 19309 28825 53390 114599 80169 3550 6693 22113 6406 31093 63863 37229 16378 6853 2315 12801 5355 7073 5942 3381 29567
internal_value=-0.00178355 -0.00017001 -0.00244285 -0.00100602 -0.00538239 -0.00283961 0.00375645 -0.0160234 -0.0102507 -0.0221116 -0.0199796 0.00522196 0.00785909 0.00980484 -0.0300248 0.00175223 -0.0340688 0.0011406 -0.00161857 0.00284842 0.0151493 0.0118733 0.0180888 -0.0267073 -0.00217922 -0.00278927 -0.0148878 0.00971072 -0.0105552 -0.0177016
internal_weight=762636 685017 557903 515654 268720 222759 246934 77619 77836 53162 42249 228478 175088 127114 33853 46945 30303 144923 115286 84193 60489 29637 23231 31140 40252 24457 12428 12029 6087 45961
internal_count=762636 685017 557903 515654 268720 222759 246934 77619 77836 53162 42249 228478 175088 127114 33853 46945 30303 144923 115286 84193 60489 29637 23231 31140 40252 24457 12428 12029 6087 45961
cat_boundaries=0 2 4 6 8 10 12 13 15 17
cat_threshold=151519252 218109986 1073758274 272630808 536870912 24640 267816 3266306116 2751465601 9068992 1074315346 185250840 18 536905728 9347136 1225283782 432971192
is_linear=0
shrinkage=0.06


Tree=46
num_leaves=31
num_cat=5
split_feature=129 132 104 111 114 0 104 104 3 104 130 140 0 127 59 122 130 120 102 132 140 130 104 127 109 125 130 132 85 111
split_gain=4316.96 3895.78 3740.64 2260.5 2138.64 1797.22 1694.25 1620.62 1374.9 1310.49 1290.45 1341.29 1390.39 1284.55 1558.75 1301.5 1280.98 1166.71 1260.75 1051.28 1040.03 1014.92 1117.64 961.345 956.155 927.943 980.91 914.294 869.602 857.511
threshold=37.500000000000007 0.61490419508004501 0 71.500000000000014 1.3978326107683194 333.27500000000003 1 2 41.411250000000003 3 -0.91597561503675329 4.5000000000000009 146.56250000000003 10.56692885353903 3617.3050000000007 0.07688256673047679 -0.37940952255126059 27.500000000000004 29.500000000000004 0.69287764045535594 7.5000000000000009 -0.78656609248549303 4 0.49718561527731503 557.50000000000011 0.039400000000000004 0.12940952255126045 0.44022217077093501 18.350000000000005 88.500000000000014
decision_type=2 2 1 2 2 2 1 1 10 1 2 2 2 2 10 2 2 2 2 2 2 2 1 2 2 2 2 2 10 2
left_child=7 2 5 6 16 10 24 29 9 -5 -2 12 -12 14 15 -13 -3 -10 -19 -6 -7 22 -8 -11 -4 27 -27 -9 -15 -1
right_child=1 4 3 8 19 20 21 25 17 23 11 13 -14 28 -16 -17 -18 18 -20 -21 -22 -23 -24 -25 -26 26 -28 -29 -30 -31
leaf_value=-0.48407546762446685 -0.24478351031464682 -0.74026521333967588 -0.27600737736523057 -0.52283415035126479 -1.1547103794448579 4.8647753943193131 -0.040438433857736412 -0.55406889874643639 0.10251037162152571 -0.55742409324645792 -0.46092846636473922 -0.67203510346525175 0.28731016719871516 0.53641125102997123 -1.6900198475893149 0.3624083959247707 0.46304241411055386 1.1964911443137751 -0.41684381018908195 -0.15089854681881845 1.3671441136326792 -0.023995096570663319 -0.72192506968466286 0.1470045605924713 -0.59453636269104693 0.53348256071994427 -0.26951771587681844 0.082787284978693795 2.0574883257978707 -0.99257353787319191
leaf_weight=20956 30705 6739 29843 17928 17685 7132 23290 21280 42056 16511 16041 5282 22726 24332 3430 111182 10703 16540 2558 5234 21098 97103 28693 84303 16487 7301 6021 9638 26962 12512
leaf_count=20956 30705 6739 29843 17928 17685 7132 23290 21280 42056 16511 16041 5282 22726 24332 3430 111182 10703 16540 2558 5234 21098 97103 28693 84303 16487 7301 6021 9638 26962 12512
internal_value=-0.00177504 -0.000253738 0.000879226 -0.0029907 -0.0183366 0.00628068 -0.00745851 -0.0151766 0.0018624 -0.00190192 0.00460083 0.00628103 -0.00379643 0.00856317 0.00516352 0.0063377 -0.00250416 0.00917145 0.0214692 -0.0303848 0.0206029 -0.00434294 -0.0111092 0.000756955 -0.0174791 -0.00763373 0.00560234 -0.0133394 0.0165092 -0.025137
internal_weight=762271 684563 644202 375312 40361 268890 195416 77708 179896 118742 240660 209955 38767 171188 119894 116464 17442 61154 19098 22919 28230 149086 51983 100814 46330 44240 13322 30918 51294 33468
internal_count=762271 684563 644202 375312 40361 268890 195416 77708 179896 118742 240660 209955 38767 171188 119894 116464 17442 61154 19098 22919 28230 149086 51983 100814 46330 44240 13322 30918 51294 33468
cat_boundaries=0 2 4 7 9 11
cat_threshold=2568754484 3976206759 1073758274 272630808 3082234409 2148876996 1 536870912 272654400 520 45080640
is_linear=0
shrinkage=0.06


Tree=47
num_leaves=31
num_cat=3
split_feature=129 132 104 104 54 114 101 111 128 130 133 133 139 123 99 120 132 132 115 131 126 27 124 130 111 59 128 0 104 139
split_gain=3895.27 4013.12 2802.31 2740.99 2002.36 2015.33 1888.59 2945.98 1739.77 1580.02 1963.34 1860.84 1443.84 1260.89 1374.6 1307.35 2151 2078.1 1600.01 1355.03 1230.09 1181.48 1157.35 1087.35 1070.49 1041.69 1321.37 984.729 988.07 980.299
threshold=208.50000000000003 0.66766646831012755 0 1 58.77401795788456 1.4948148763204303 0.93301270189221952 97.500000000000014 0.00029882613473292135 -0.37940952255126059 0.98770287048522643 0.99024581825578073 59.500000000000007 0.88804712484655568 0.99748108949426018 1.5000000000000002 -0.13291928626387098 0.26347957579725428 -1.9046317469476712 -0.37940952255126015 1793.8000000000002 138.3666666666667 0.36166666666666675 0.37940952255126054 84.500000000000014 89.415000000000006 0.00089326176077109143 46.552500000000009 2 64.500000000000014
decision_type=2 2 1 1 10 2 2 2 2 2 2 2 2 2 2 2 2 2 2 2 2 8 2 2 2 10 2 2 1 2
left_child=2 3 25 12 5 6 9 8 -8 10 -5 -11 20 15 -15 16 -7 -18 -17 -19 21 24 -13 -6 -2 -1 -27 28 -4 -20
right_child=1 -3 27 4 23 13 7 -9 -10 11 -12 22 -14 14 -16 18 17 19 29 -21 -22 -23 -24 -25 -26 26 -28 -29 -30 -31
leaf_value=0.21997781151580853 -0.0027401038802261721 -0.81130992569201743 -0.82999573267038407 -0.35728748735824922 0.79366885776286777 -0.086503805568143258 0.12365888478890298 -1.2331770856864084 2.8133233757559077 0.6373390391868764 1.0553809248967259 0.56119062465004221 -0.94879383835648745 0.87775535685585337 -2.6528357051932767 -1.0944111225524829 -0.72071757265643954 1.0404700031088185 0.39583922106633862 -0.61473468322997404 -0.49155186286501246 -0.19738151769931078 -1.4793290727874508 4.5741298588389112 0.65553899452280628 -0.64751979578744112 0.01171855031050029 -0.35442894409930376 -0.31042881156110225 -0.92562482687976277
leaf_weight=37400 31717 17800 10162 47201 19171 46615 12616 6059 38121 82593 8513 3161 10952 25795 1549 4594 21495 3150 29414 1909 14765 69379 5838 11925 15318 20919 44857 97497 18796 2843
leaf_count=37400 31717 17800 10162 47201 19171 46615 12616 6059 38121 82593 8513 3161 10952 25795 1549 4594 21495 3150 29414 1909 14765 69379 5838 11925 15318 20919 44857 97497 18796 2843
internal_value=-0.00167894 0.00113793 -0.00821096 0.00210661 0.00481098 0.00348367 0.00726516 0.01656 0.0212823 0.00368129 -0.0042861 0.00852773 -0.0049822 -0.00213504 0.0093955 -0.00500086 -0.00964248 -0.0232725 0.00421524 0.0113241 -0.0032351 -0.00116583 -0.01738 0.0193871 0.00617527 -0.000872203 -0.00541831 -0.0141975 -0.0239138 0.0089336
internal_weight=762124 532493 229631 514693 372562 341466 204102 56796 50737 147306 55714 91592 142131 137364 27344 110020 73169 26554 36851 5059 131179 116414 8999 31096 47035 103176 65776 126455 28958 32257
internal_count=762124 532493 229631 514693 372562 341466 204102 56796 50737 147306 55714 91592 142131 137364 27344 110020 73169 26554 36851 5059 131179 116414 8999 31096 47035 103176 65776 126455 28958 32257
cat_boundaries=0 2 4 6
cat_threshold=152622324 764066226 1610637378 281994264 572598272 16960
is_linear=0
shrinkage=0.06


Tree=48
num_leaves=31
num_cat=0
split_feature=129 111 132 0 88 127 121 139 132 132 127 126 114 99 132 99 103 129 132 140 111 111 122 115 139 132 131 84 133 123
split_gain=3702.29 3450.11 2642.77 2449.17 1938.91 1607.73 2023.53 1739.19 1730.81 1394.56 1615.72 1392.19 1382.12 1544.28 1310.71 1287.71 1256.12 1229.48 1214.43 1161.43 1138.39 1130.5 1327.91 1051.07 1040.4 1038.08 1029.6 990.939 939.461 939.451
threshold=37.500000000000007 62.500000000000007 0.40907743338811486 321.55000000000007 0.49886585011945667 8.5068687658261819 991.75000000000011 51.500000000000007 -0.76624641395159687 0.44022217077093501 1.6989029912407831 2289.6000000000004 -0.69185236169184083 0.78192542922038288 0.61490419508004501 0.99932962452255414 0.01126364564421809 75.500000000000014 0.025799818015934263 7.5000000000000009 90.500000000000014 43.500000000000007 0.43290291644084405 0.60809928768529808 35.500000000000007 -0.99688467374059531 -0.37940952255126015 3.0077083333333339 0.98332250088165762 0.048256223798310717
decision_type=2 2 2 2 10 2 2 2 2 2 2 2 2 2 2 2 2 2 2 2 2 2 2 2 2 2 2 10 2 2
left_child=9 2 5 4 12 6 -2 8 17 10 16 -8 13 -3 15 -14 25 -7 -17 -5 -16 -19 -23 -4 -12 -1 -6 -10 -15 -9
right_child=1 3 23 19 26 7 11 29 27 -11 24 -13 14 28 20 18 -18 21 -20 -21 -22 22 -24 -25 -26 -27 -28 -29 -30 -31
leaf_value=-0.34809539725927402 -0.40534057608944407 -0.17253103822946286 -0.6583438954224442 4.614977927874472 0.24231383546837376 1.5547972491959405 0.18969018025088302 1.0786042233530937 0.81784345685250848 -0.090864761576333414 -0.019760940929331526 -0.75972124896583604 0.23717568054556146 1.5671849783912284 -0.74912282855005574 1.799257193041816 -0.15471756053154451 -0.72431969632567583 -1.5532184087921723 1.3359997877347558 1.2441866232776932 0.96211591314241229 -0.32230047074708223 0.21353077624162409 -1.5907358425290943 -1.0920157687687646 -0.19323175721744063 -0.55085388275280767 0.24840533218745406 -0.6169562215516492
leaf_weight=7872 81620 10186 22737 7995 40077 3586 44811 1727 32529 24593 17731 7333 152852 22513 12045 1343 7361 16459 5601 19598 2293 9874 12998 3426 2549 17515 142754 2087 7679 21207
leaf_count=7872 81620 10186 22737 7995 40077 3586 44811 1727 32529 24593 17731 7333 152852 22513 12045 1343 7361 16459 5601 19598 2293 9874 12998 3426 2549 17515 142754 2087 7679 21207
internal_value=-0.00157858 -0.000171946 -0.00561025 0.00316056 0.00196017 -0.00359003 -0.00789803 0.00214576 0.00643924 -0.0139978 -0.0194746 0.00133474 0.00582958 0.015831 0.00351038 0.00506968 -0.0277163 -0.00161191 -0.0201987 0.0204457 -0.0138671 -0.00467863 0.00395051 -0.0236959 -0.00616538 -0.0340436 -0.00257975 0.0164208 0.0226463 -0.0123689
internal_weight=762951 685330 260394 424936 397343 234231 133764 100467 77533 77621 53028 52144 214512 40378 174134 159796 32748 42917 6944 27593 14338 39331 22872 26163 20280 25387 182831 34616 30192 22934
internal_count=762951 685330 260394 424936 397343 234231 133764 100467 77533 77621 53028 52144 214512 40378 174134 159796 32748 42917 6944 27593 14338 39331 22872 26163 20280 25387 182831 34616 30192 22934
is_linear=0
shrinkage=0.06


Tree=49
num_leaves=31
num_cat=9
split_feature=104 0 132 111 130 104 127 129 21 130 104 110 104 113 111 120 129 129 104 127 104 133 129 102 104 104 67 129 134 104
split_gain=3681.27 3050.36 1991.11 1660.3 1882.08 1608.71 1490.82 1255.75 1211.43 1165.69 1458.33 1148.69 1098.52 1056.54 1030.72 1028.35 993.137 979.607 955.281 943.718 929.251 891.43 885 856.918 841.121 827.997 774.738 734.061 707.981 701.019
threshold=0 50.258333333333347 0.61490419508004501 71.500000000000014 0.91597561503675362 1 0.1587677870014996 60.500000000000007 434.94437332153325 -0.78656609248549303 2 11.850000000000003 3 131.50000000000003 44.500000000000007 5.5000000000000009 178.50000000000003 239.50000000000003 4 0.78550285125360275 5 0.94636490295939868 154.50000000000003 37.500000000000007 6 7 187.50000000000003 82.500000000000014 1.0000000180025095e-35 8
decision_type=1 2 2 2 2 1 2 2 8 2 1 2 1 2 2 2 2 2 1 2 1 2 2 2 1 1 2 2 2 1
left_child=8 12 3 5 6 -3 20 -6 -1 10 -7 -11 -2 19 21 -12 -4 -18 -19 -8 -5 24 -16 -17 -13 -24 -27 -9 -21 -15
right_child=1 2 16 4 7 9 13 27 -10 11 15 14 -14 29 22 23 17 18 -20 28 -22 -23 25 -25 -26 26 -28 -29 -30 -31
leaf_value=0.18777929897900036 -0.61741679128731131 -0.34833532567372999 -1.3979167944535964 0.28000230563940876 -1.0950877052635437 0.056779329172839253 -0.17245915875696566 0.82725506955359918 1.5865850549619271 -1.1274817198223692 -0.8045855278810955 0.32871074231875241 -0.22884542679661293 -0.048116007769052657 -0.18643267550329823 0.12639190370156228 0.039046498884797526 -0.0036294982877033985 -0.87826615721925716 0.66973865071661132 -0.86054255771222243 -1.2641655885226071 0.049784353785487949 -1.6430183679220973 -0.4078427174866151 3.3541736863731204 0.49277325648390019 -0.22121179423742887 1.8659779686446858 0.28894128132551344
leaf_weight=109195 20722 42923 3103 6663 6800 29856 7722 2449 32411 5581 32886 14364 39023 53665 20825 12573 9585 4242 9915 24386 15547 3858 37345 1441 22558 3386 37984 51293 10781 89092
leaf_count=109195 20722 42923 3103 6663 6800 29856 7722 2449 32411 5581 32886 14364 39023 53665 20825 12573 9585 4242 9915 24386 15547 3858 37345 1441 22558 3386 37984 51293 10781 89092
internal_value=-0.00156452 -0.00355642 -0.00218347 -0.00138185 0.00194621 -0.00474522 0.00465782 -0.00736336 0.00716439 -0.00269433 -0.00867986 0.000454415 -0.0164446 0.0064154 0.00151624 -0.0152766 -0.0181278 -0.0139544 -0.0239822 0.0146734 -0.0100329 -0.00651774 0.00480767 -0.00166964 -0.00364976 0.00771762 0.0135627 -0.0042893 0.0188438 0.00393435
internal_weight=762174 620568 560823 533978 268398 265580 207856 60542 141606 222657 76756 145901 59745 185646 140320 46900 26845 23742 14157 42889 22210 40780 99540 14014 36922 78715 41370 53742 35167 142757
internal_count=762174 620568 560823 533978 268398 265580 207856 60542 141606 222657 76756 145901 59745 185646 140320 46900 26845 23742 14157 42889 22210 40780 99540 14014 36922 78715 41370 53742 35167 142757
cat_boundaries=0 2 4 6 8 10 12 14 16 18
cat_threshold=151519252 218109986 1073758274 272630808 4648 2192564292 572729472 272646848 604016769 9380032 1073760450 273458328 842240128 9157 536914592 2193612868 1646506504 273278528
is_linear=0
shrinkage=0.06


Tree=50
num_leaves=31
num_cat=1
split_feature=61 61 89 140 135 131 140 133 132 137 137 139 132 132 132 132 132 132 132 69 132 130 120 132 113 132 140 133 47 113
split_gain=2993.67 2578.16 2699.97 1923.23 1725.49 1767.23 1578.51 1280.98 1237.89 955.723 1221.9 1082.73 1063.37 1004.51 1975.05 1193.96 1544.4 967.737 1243.7 874.018 873.578 867.871 893.562 1120.44 951.714 857.438 797.055 919.229 727.198 726.906
threshold=3.9368781932109762 5.8119640047040537 0 27.000000000000004 1.0000000180025095e-35 0.91597561503675351 4.5000000000000009 0.97648852793709995 0.61490419508004501 0.0041436636651481012 0.01126364564421809 60.500000000000007 -0.86491625635379854 -0.13291928626387098 -0.098749067963353782 -0.33323705862247266 -0.38142733947913604 0.025799818015934263 0.060169887675273891 11.750000000000002 -0.99688467374059531 0.60355339059327384 1.5000000000000002 0.16269055358644466 245.50000000000003 0.62837760187664593 10.500000000000002 0.99138911339924218 1140.5177083333335 269.50000000000006
decision_type=2 2 1 2 2 2 2 2 2 2 2 2 2 2 2 2 2 2 2 2 2 2 2 2 2 2 2 2 10 2
left_child=3 2 19 -1 5 8 -3 -6 9 11 20 13 -12 15 -15 16 -4 -16 -19 29 -11 22 23 -20 -25 -10 -21 28 -28 -2
right_child=1 6 4 -5 7 -7 -8 -9 25 10 12 -13 -14 14 17 -17 -18 18 21 26 -22 -23 -24 24 -26 -27 27 -29 -30 -31
leaf_value=-0.50381397953506346 1.1575394543798518 4.852902236405801 0.019255902823551309 -0.074423962834230931 0.34333408428447965 0.17637512460037214 0.82392569139802752 -0.38763465888837673 -1.5187313692451223 0.21051454125908534 -0.33659601581364312 -0.75276576859989486 0.44161912787514379 -2.4107600183258269 0.46301195247373128 0.72508910846489161 -0.85441948306871152 -1.2912905249801918 0.53658549357330942 0.31431301417954843 -1.2411459939582068 -0.52925780339730488 0.084198597533056724 0.47050242762321315 -0.42614496439261074 -0.4897900956171557 0.054303358968279265 -1.9292189276270997 -0.98057066815551308 0.25091248165938851
leaf_weight=34445 20463 7376 71275 33292 58527 62372 31938 14174 2721 1769 59643 16657 8655 5536 18313 30936 9037 5719 5547 21305 11493 20743 47539 2956 27173 17345 37909 3958 4463 69477
leaf_count=34445 20463 7376 71275 33292 58527 62372 31938 14174 2721 1769 59643 16657 8655 5536 18313 30936 9037 5719 5547 21305 11493 20743 47539 2956 27173 17345 37909 3958 4463 69477
internal_value=-0.00151975 -0.000346263 -0.00124107 -0.0135602 -0.00340651 -0.00486637 0.0145776 0.00513576 -0.00646921 -0.00562176 -0.0112922 -0.0038527 -0.00805575 -0.00284539 -0.00635377 0.00136559 -0.00249225 -0.00483597 -0.00696785 0.00560418 -0.0279575 -0.00546908 -0.00273193 -0.0099089 -0.0144713 -0.0209538 0.000451535 -0.00396538 -0.00138201 0.00947955
internal_weight=762756 695019 655705 67737 498130 425429 39314 72701 363057 342991 81560 261431 68298 244774 133526 111248 80312 127990 109677 157575 13262 103958 83215 35676 30129 20066 67635 46330 42372 89940
internal_count=762756 695019 655705 67737 498130 425429 39314 72701 363057 342991 81560 261431 68298 244774 133526 111248 80312 127990 109677 157575 13262 103958 83215 35676 30129 20066 67635 46330 42372 89940
cat_boundaries=0 1
cat_threshold=48
is_linear=0
shrinkage=0.06


Tree=51
num_leaves=31
num_cat=6
split_feature=104 133 133 139 132 104 114 104 130 91 104 110 5 132 132 98 112 111 110 130 104 54 130 132 110 127 130 114 111 112
split_gain=3251.95 2634.03 3656.39 2205.42 2376.78 1886.31 1618.41 1401.03 1624.84 1304.38 1257.69 1140.43 1129.11 1080.77 2586.32 1101.44 1042.05 1288.25 920.66 885.946 883.32 871.519 889.877 940.669 866.784 852.418 1010.99 821.334 799.154 831.064
threshold=0 0.94066717844141279 0.96407344085605606 42.500000000000007 -0.59089032065832736 1 3.2991786903316851 2 0.25881904510252091 3 4 18.250000000000004 2.0105000000000008 0.025799818015934263 0.060169887675273891 -0.26762560548918296 1.885 49.500000000000007 11.65 -0.91597561503675329 5 5.7094813483166664 0.25881904510252091 0.16269055358644466 7.7500000000000009 11.932233953688511 -1.0000000180025095e-35 1.5491832711765425 53.500000000000007 2.6050000000000004
decision_type=1 2 2 2 2 1 2 1 2 1 1 2 10 2 2 2 2 2 2 2 1 10 2 2 2 2 2 2 2 2
left_child=9 3 12 5 7 -2 13 8 -5 11 -6 25 -3 15 -15 -4 18 -18 -16 -7 -17 -19 23 -23 -21 26 -1 -12 29 -22
right_child=1 2 6 4 10 19 -8 -9 -10 -11 27 -13 -14 14 16 20 17 21 -20 24 28 22 -24 -25 -26 -27 -28 -29 -30 -31
leaf_value=2.7589720153465636 -0.38178045384479359 1.0792558319446097 -1.1297337056709507 0.1578643962718411 -1.1714059940917361 -0.40539705963690292 -1.6853714185026696 -0.037040159485347883 2.4690882842131092 0.069265432517092621 0.31686776796514293 0.24037314678760394 0.027451223248752397 -1.3340409959112145 -1.0301617951487589 -0.18154398394167656 -0.72202058803544444 0.30756705270331847 0.16028641991858114 -1.3002535591756448 -1.2786901667705202 1.8051037730346349 0.19578449045693502 -0.43839731032230883 -0.08595617443933555 4.0779786115129193 0.35030060243774586 -0.68631804448345235 0.88821855173990027 0.74422975835493255
leaf_weight=7999 124319 31790 4749 20935 8355 26031 5210 43691 19606 71533 10352 22887 10252 9397 8891 23485 2714 24319 4742 3684 2845 1042 7077 7154 178734 12562 14880 9341 42274 1670
leaf_count=7999 124319 31790 4749 20935 8355 26031 5210 43691 19606 71533 10352 22887 10252 9397 8891 23485 2714 24319 4742 3684 2845 1042 7077 7154 178734 12562 14880 9341 42274 1670
internal_value=-0.00146372 -0.00323894 0.00272381 -0.00575262 0.00151869 -0.00820605 -0.0017777 0.0065561 0.0145872 0.00718446 -0.013609 0.0138432 0.0183098 -0.000558706 -0.00620047 0.00435461 -0.00130747 0.00334129 -0.0157327 -0.00471659 0.00624461 0.00608289 -0.00514993 -0.0186068 -0.00323914 0.0205874 0.0136914 -0.00531973 0.011009 -0.0129805
internal_weight=762520 632659 187611 445048 112280 332768 145569 84232 40541 129861 28048 58328 42042 140359 65336 75023 55939 42306 13633 208449 70274 39592 15273 8196 182418 35441 22879 19693 46789 4515
internal_count=762520 632659 187611 445048 112280 332768 145569 84232 40541 129861 28048 58328 42042 140359 65336 75023 55939 42306 13633 208449 70274 39592 15273 8196 182418 35441 22879 19693 46789 4515
cat_boundaries=0 2 5 7 8 10 12
cat_threshold=151519252 151001122 1621305858 275793420 1 380059433 3257991940 24 1610629314 373458200 1644175912 10477636
is_linear=0
shrinkage=0.06


Tree=52
num_leaves=31
num_cat=4
split_feature=104 133 133 139 132 104 104 114 109 59 127 110 122 122 28 132 132 98 122 132 111 111 104 139 132 110 111 111 127 114
split_gain=2847.07 2172.54 3175.33 2061.37 2096.03 1614.32 1597.78 1422.59 1334.67 1157.83 1138.66 1081.5 1098.63 973.687 960.881 1331.55 2014.64 958.876 955.438 1104.7 1591.26 1588.1 1010.61 840.139 889.104 924.792 901.167 920.104 862.559 833.734
threshold=0 0.94066717844141279 0.96407344085605606 42.500000000000007 -0.53402660245708555 1 2 3.2991786903316851 42.500000000000007 114.35000000000001 36.862497375969085 17.050000000000004 0.47652342347571452 0.07688256673047679 102.28333333333335 0.025799818015934263 0.060169887675273891 -0.26762560548918296 0.56955363160726724 0.17963823861099873 94.500000000000014 94.500000000000014 3 39.500000000000007 0.66766646831012755 7.7500000000000009 94.500000000000014 70.500000000000014 108.20926979741948 1.3978326107683194
decision_type=1 2 2 2 2 1 1 2 2 10 2 2 2 2 10 2 2 2 2 2 2 2 1 2 2 2 2 2 2 2
left_child=8 3 9 6 5 -5 -2 14 -1 29 13 12 -7 -10 -4 17 -17 -16 19 21 -21 22 -18 24 25 -8 27 28 -27 -3
right_child=1 2 7 4 -6 11 23 -9 10 -11 -12 -13 -14 -15 15 16 18 -19 -20 20 -22 -23 -24 -25 -26 26 -28 -29 -30 -31
leaf_value=1.278009117406359 -0.36839649591855178 -0.33855191934721629 0.36263996040273611 -0.18126025618489008 -0.89593053710006643 6.5057566816304346 -1.2671246432731462 -1.5849903126209639 -0.68089684243809834 0.99589449783078854 1.8293108051607918 0.12709541866948712 1.0095087506265514 0.078756683699823346 -1.0647531279410611 -1.3444947912117524 -0.052381763274935621 0.3283371231667877 -0.74266090190695078 -0.31531541484398273 0.83256882818249467 -0.8519238568761569 0.99310827114807465 -0.93947149612176695 -0.64996842484069262 -0.1882443973056806 -0.50052222165031957 0.073610136588864061 3.9616021151969538 0.97750635361647653
leaf_weight=38507 99402 6779 10543 39990 9209 3803 3979 5190 4922 33102 12481 30866 26511 85718 4701 8937 7635 65286 7963 13135 2204 4884 12191 9614 10104 94482 13495 94361 1122 1443
leaf_count=38507 99402 6779 10543 39990 9209 3803 3979 5190 4922 33102 12481 30866 26511 85718 4701 8937 7635 65286 7963 13135 2204 4884 12191 9614 10104 94482 13495 94361 1122 1443
internal_value=-0.00142281 -0.00317373 0.0022954 -0.00547683 0.00161171 0.00410632 -0.0078728 -0.00194673 0.00625336 0.0169408 0.00269448 0.0102329 0.018284 0.000354806 -0.000782514 -0.00222819 -0.00904056 0.00331514 -0.00417137 -0.000397004 -0.0130443 0.00745417 0.0150038 -0.0050957 -0.00432878 -0.00348216 -0.00292184 -0.00185749 -0.00600596 -0.00321051
internal_weight=762559 620931 183993 436938 110379 101170 326559 142669 141628 41324 103121 61180 30314 90640 137479 126936 56949 69987 48012 40049 15339 24710 19826 227157 217543 207439 203460 189965 95604 8222
internal_count=762559 620931 183993 436938 110379 101170 326559 142669 141628 41324 103121 61180 30314 90640 137479 126936 56949 69987 48012 40049 15339 24710 19826 227157 217543 207439 203460 189965 95604 8222
cat_boundaries=0 2 4 6 8
cat_threshold=151519252 218109986 1614856258 810476760 1621305858 272647688 1711562858 272950300
is_linear=0
shrinkage=0.06


Tree=53
num_leaves=31
num_cat=6
split_feature=129 130 119 104 104 127 104 130 91 132 126 134 137 111 111 132 133 104 130 119 111 104 58 130 134 127 59 132 132 133
split_gain=2770.82 2963.13 2862.2 2874.49 2538.06 2342.44 2085.05 1691.79 1599.09 1595.51 1483.01 1264.84 3060.35 2041.24 1839.29 1628.87 1135.26 1132.89 1129.44 1439.28 1070.69 941.073 912.24 892.31 921.639 905.488 864.272 831.434 800.466 794.144
threshold=34.500000000000007 -0.37940952255126059 43.500000000000007 0 1 20.770189093230687 2 0.91597561503675362 3 0.57340843044527534 65.475000000000009 1.0000000180025095e-35 0.0021274278612003691 76.500000000000014 90.500000000000014 -0.99359783145257141 0.97461712852231652 4 -0.25881904510252113 1.0000000180025095e-35 82.500000000000014 5 4149.4550000000008 0.37940952255126054 1.0000000180025095e-35 1.066132917420971 3913.2500000000005 0.14569472580964501 0.17963823861099873 0.94066717844141279
decision_type=2 2 2 1 1 2 1 2 1 2 2 2 2 2 2 2 2 1 2 2 2 1 2 2 2 2 10 2 2 2
left_child=7 2 3 8 5 10 9 11 -2 29 26 12 14 -13 21 -14 22 -17 -6 -20 -5 -1 -12 28 -25 -26 -3 -7 -18 -4
right_child=1 4 6 20 18 27 -8 -9 -10 -11 16 13 15 -15 -16 17 23 -19 19 -21 -22 -23 -24 24 25 -27 -28 -29 -30 -31
leaf_value=0.10901403416443983 2.3365570873868742 0.9994132242636169 -0.53641415440583029 -0.36346359811163664 0.29426126587740864 2.4551049527931035 -0.13215503411589494 -1.0276477380316715 0.27382613873832978 -0.99055289430713878 0.21383115341200323 -1.6600173610225155 -0.67655340861595448 0.20450471155609876 -0.46377247399786425 0.25476683297965125 0.55411428608788216 -0.30444798342421281 -0.30970510355255326 0.04587390999255149 0.63102449464914157 1.1625974792914313 -1.1411090203962817 -1.0843778005926481 -0.64823039252491244 1.6176098550971727 -1.3325818167874319 -0.12994648734939176 -0.37678657171870611 -0.20090380692949181
leaf_weight=7382 13658 43367 43268 46713 38565 33530 80680 8571 35820 6313 91269 7061 12753 4281 7055 6512 13097 10680 90119 88932 7342 9194 3755 14151 2559 3509 1252 4496 1853 24112
leaf_count=7382 13658 43367 43268 46713 38565 33530 80680 8571 35820 6313 91269 7061 12753 4281 7055 6512 13097 10680 90119 88932 7342 9194 3755 14151 2559 3509 1252 4496 1853 24112
internal_value=-0.00141154 -0.00022924 -0.00531494 0.00240327 0.00281786 0.00747629 -0.0104913 -0.0124858 0.0128513 -0.0177866 0.00454085 -0.00917759 -0.00532393 -0.027379 0.0108184 -0.0180625 0.00130559 -0.00600942 -0.00173857 -0.00374472 -0.00716125 0.0217386 0.00471413 -0.0079039 -0.0161217 0.00344043 0.0139807 0.0209725 0.00321049 -0.0150862
internal_weight=761849 688360 257906 103533 430454 212838 154373 73489 49478 73693 174812 64918 53576 11342 23631 29945 130193 17192 217616 179051 54055 16576 95024 35169 20219 6068 44619 38026 14950 67380
internal_count=761849 688360 257906 103533 430454 212838 154373 73489 49478 73693 174812 64918 53576 11342 23631 29945 130193 17192 217616 179051 54055 16576 95024 35169 20219 6068 44619 38026 14950 67380
cat_boundaries=0 2 5 8 9 11 13
cat_threshold=218914673 3483588660 503187861 3977255331 1 1203792723 1391510590 1 16 1074316370 1601747992 1703045698 459203676
is_linear=0
shrinkage=0.06


Tree=54
num_leaves=31
num_cat=6
split_feature=129 130 99 114 104 132 104 129 127 130 132 129 130 119 134 137 132 104 126 133 114 104 130 126 104 104 119 109 137 119
split_gain=2456.66 2516.05 2557.02 3169.46 2236.04 2187.56 1992.35 1668 1649.17 1562.69 1364.03 1798.32 1350.34 1829.39 1279.31 2749.17 1611.26 1239.63 1149.85 1189.17 1138.26 1085.61 1051.69 1046.6 1027.78 979.576 918.565 914.905 866.647 866.313
threshold=34.500000000000007 -0.37940952255126059 0.8511460603353429 1.3058228487602517 0 0.16269055358644466 1 75.500000000000014 36.862497375969085 0.91597561503675362 -0.60467950862903008 220.50000000000003 -0.25881904510252113 2.5000000000000004 1.0000000180025095e-35 0.0021274278612003691 -0.99359783145257141 2 65.475000000000009 0.97461712852231652 -0.40666562505290288 3 0.37940952255126054 924.47500000000014 4 5 100.50000000000001 32.500000000000007 0.61497421480319081 1.0000000180025095e-35
decision_type=2 2 2 2 1 2 1 2 2 2 2 2 2 2 2 2 2 1 2 2 2 1 2 2 1 1 2 2 2 2
left_child=9 2 6 5 8 21 -2 -8 18 14 11 -9 27 28 15 22 -17 29 -3 -20 -7 -4 -1 24 -15 -18 -16 -6 -14 -5
right_child=1 4 3 17 12 20 7 10 -10 -11 -12 -13 13 23 26 16 25 -19 19 -21 -22 -23 -24 -25 -26 -27 -28 -29 -30 -31
leaf_value=0.53629432275887412 0.023470686523460814 1.1785113012824775 0.42047263189614681 0.93728535941690161 1.1112393191222052 0.32231967927873367 0.17651331348890564 -0.67871362524494339 3.3341422504213516 -0.96907044107234441 -0.83762548282400284 -0.21805576774558602 -0.28668034892809996 -0.064845600021139663 -0.41210890094083336 -0.63780473277270566 0.23978876022570744 -0.42887248203276712 0.28309270230623723 -0.3507156631281188 -0.60860169127142483 2.0907840389846655 -0.35013852507169174 -0.12227029484909052 0.47206500491994974 -0.27799765912971025 -1.6988795353633743 0.063705437845906515 2.1008453697610103 -0.20297351871292746
leaf_weight=17117 39254 31685 17452 9928 20775 9464 7886 18031 13662 8503 26988 42445 121451 27487 6499 12767 6715 33090 65529 22122 10718 20456 6465 43213 50166 10517 4924 31750 2932 22308
leaf_count=17117 39254 31685 17452 9928 20775 9464 7886 18031 13662 8503 26988 42445 121451 27487 6499 12767 6715 33090 65529 22122 10718 20456 6465 43213 50166 10517 4924 31750 2932 22308
internal_value=-0.00140488 -0.000292163 -0.00497773 0.00126012 0.00251436 0.0114565 -0.0106971 -0.0153799 0.00898225 -0.0118314 -0.0177644 -0.0127586 -0.000374767 -0.00224465 -0.00866703 -0.00478034 -0.01683 -0.00780688 0.00672214 0.00318099 -0.00450082 0.019952 0.0105483 0.00301224 0.00717722 -0.00486044 -0.026896 0.00835586 -0.00735287 0.000569355
internal_weight=762299 688792 258020 123416 430772 58090 134604 95350 132998 73507 87464 60476 297774 245249 65004 53581 29999 65326 119336 87651 20182 37908 23582 120866 77653 17232 11423 52525 124383 32236
internal_count=762299 688792 258020 123416 430772 58090 134604 95350 132998 73507 87464 60476 297774 245249 65004 53581 29999 65326 119336 87651 20182 37908 23582 120866 77653 17232 11423 52525 124383 32236
cat_boundaries=0 2 4 6 9 11 13
cat_threshold=365431189 1610619171 185111096 2298687556 2299272612 4021254241 1921179754 432989276 1 1644311080 272785476 1208534098 1601747992
is_linear=0
shrinkage=0.06


Tree=55
num_leaves=31
num_cat=6
split_feature=129 132 104 129 129 137 110 139 110 130 137 132 104 113 104 127 104 113 132 104 120 120 99 104 126 115 129 135 114 133
split_gain=2264.72 2437.22 2097.99 2015.2 1751.3 1297.22 1259.61 1154.47 1136 1122.84 1116.45 1411.63 1112.33 1083.35 1058.41 1053.58 1043.58 981.483 979.751 1242.9 1034.94 907.204 1317.83 1011.53 905.175 873.676 888.691 865.564 859.418 872.751
threshold=28.500000000000004 0.61490419508004501 0 178.50000000000003 239.50000000000003 0.083227709543603312 25.050000000000004 64.500000000000014 7.7500000000000009 0.91597561503675362 0.0021274278612003691 -0.99359783145257141 1 131.50000000000003 2 36.862497375969085 3 134.50000000000003 -0.60467950862903008 4 13.500000000000002 1.0000000180025095e-35 0.99748108949426018 5 51.675000000000004 -1.9516307964286037 12.500000000000002 1.0000000180025095e-35 1.9564810950285263 0.99138911339924218
decision_type=2 2 1 2 2 2 2 2 2 2 2 2 1 2 1 2 1 2 2 1 2 2 2 1 2 2 2 2 2 2
left_child=9 2 6 -3 14 7 8 17 -2 10 25 -12 -6 -10 -5 24 -7 -4 19 -19 27 23 -23 -20 -15 26 -1 -21 -25 -30
right_child=1 3 5 4 12 16 -8 -9 13 -11 11 -13 -14 15 -16 -17 -18 18 21 20 -22 22 -24 28 -26 -27 -28 -29 29 -31
leaf_value=0.72813096918499209 -0.3239542814465261 -1.3203618489142335 0.32730827334395368 -0.38814628444838872 -0.8848154041141687 -0.62095628493632449 -0.25518187900429595 -0.81833969086189795 1.3438604672358874 -0.90915107481941704 -0.63029226633039315 -0.083393089816382826 -0.2778544579989557 1.354005268591062 0.97580575746860199 1.6394310745573233 -0.16829225350583216 -0.3359293145683141 -0.056541526166292044 0.19557430277582624 -0.33973597340289474 0.1412002135308181 -0.46036264312704489 -0.15845896277229116 0.0956646144644418 0.12372218700747865 -1.03759506123229 0.85228127439029833 -0.3918645112807948 -2.4523643083574171
leaf_weight=1913 11535 4939 59367 5954 8208 16424 27194 7290 31840 7919 12228 14449 13086 20990 8359 19075 36821 19704 53474 61859 7551 72138 19868 30063 122822 24164 4621 10042 25737 2943
leaf_count=1913 11535 4939 59367 5954 8208 16424 27194 7290 31840 7919 12228 14449 13086 20990 8359 19075 36821 19704 53474 61859 7551 72138 19868 30063 122822 24164 4621 10042 25737 2943
internal_value=-0.00132679 -0.000326209 0.000555199 -0.0146023 -0.00961975 -0.00196333 0.00512141 -0.000703389 0.0067219 -0.0120119 -0.00908847 -0.0180666 -0.0205288 0.00780566 0.00661031 0.00582695 -0.0107197 -0.000228258 -0.00160887 0.00328449 0.0066295 -0.00398474 0.000431706 -0.00760573 0.00406945 -0.00128604 -0.0207498 0.00884955 -0.0130398 -0.0204721
internal_weight=762577 697283 656737 40546 35607 423281 233456 370036 206262 65294 57375 26677 21294 194727 14313 162887 53245 362746 303379 99156 79452 204223 92006 112217 143812 30698 6534 71901 58743 28680
internal_count=762577 697283 656737 40546 35607 423281 233456 370036 206262 65294 57375 26677 21294 194727 14313 162887 53245 362746 303379 99156 79452 204223 92006 112217 143812 30698 6534 71901 58743 28680
cat_boundaries=0 2 4 6 8 10 13
cat_threshold=2299270452 3976206499 3267781186 4067460121 1123005736 571810439 1075906562 275269128 1610647552 933952 536905857 46097220 1
is_linear=0
shrinkage=0.06


Tree=56
num_leaves=31
num_cat=4
split_feature=0 89 140 135 131 0 104 104 109 131 69 130 104 133 134 132 137 137 114 132 132 140 140 133 23 47 114 109 109 132
split_gain=2201.6 1909.64 1416.59 1305.73 1557.05 1232.88 1145.91 995.804 860.391 722.509 716.814 677.269 804.585 653.971 686.409 632.574 638.935 1591.6 666.927 661.04 792.042 630.806 628.461 854.092 752.325 639.413 622.781 611.735 632.984 601.632
threshold=333.27500000000003 0 4.5000000000000009 1.0000000180025095e-35 0.91597561503675351 42.756036758422859 1 2 697.50000000000011 -0.9159756150367534 11.65 -1.0000000180025095e-35 3 0.97648852793709995 1.0000000180025095e-35 0.61490419508004501 0.0057829484964584546 0.01126364564421809 -1.7549121587522174 0.17963823861099873 0.23014236637527921 2.5000000000000004 10.500000000000002 0.99138911339924218 13.000000000000016 1159.0145833333333 -0.55079406824129407 892.50000000000011 557.50000000000011 -0.79836866623954783
decision_type=2 1 2 2 2 2 1 1 2 2 2 2 1 2 2 2 2 2 2 2 2 2 2 2 8 10 2 2 2 2
left_child=1 5 -2 4 6 21 8 -5 -3 -8 26 12 -6 -9 -15 16 18 -18 -11 -20 -21 -1 24 25 -12 -24 -7 28 -22 -4
right_child=2 3 29 7 11 10 9 13 -10 15 22 -13 -14 14 -16 -17 17 -19 19 20 27 -23 23 -25 -26 -27 -28 -29 -30 -31
leaf_value=-0.69261677713438596 4.230548962632021 -0.25279068739322669 -1.2551440034523691 -0.16143851235545753 0.63477441016861913 1.1169457020976308 0.08020869359877203 0.44971505731040251 -0.47417762465271529 0.51723745724062298 -0.008193387194470176 -0.29585560402537336 -0.013096027642800151 -0.6483007574053482 0.77991321750887266 -0.62163473799854185 -1.1859007959562964 -0.19857053678901962 -0.06820593925949317 -0.68851091942782383 -0.21468684180700123 -0.16675213456560684 0.050258416440640871 -1.6258822362441123 0.72765987879815164 -0.7533163720000684 0.23330417169709305 0.49464249693318818 -0.75857715239628432 0.88875009759982049
leaf_weight=2412 7377 104236 3026 30465 24428 13889 48336 38261 26752 11318 14254 11097 31657 5985 2711 12155 6477 43221 96140 4982 29776 16329 43277 4027 9680 4857 80096 1880 4654 28891
leaf_count=2412 7377 104236 3026 30465 24428 13889 48336 38261 26752 11318 14254 11097 31657 5985 2711 12155 6477 43221 96140 4982 29776 16329 43277 4027 9680 4857 80096 1880 4654 28891
internal_value=-0.00137789 -0.00212925 0.0124535 -0.00396148 -0.00518199 0.00305764 -0.00663553 0.003244 -0.0112086 -0.00432153 0.00466719 0.00325439 0.0059341 0.00872381 -0.00612625 -0.00584006 -0.00502618 -0.0109161 -0.00305827 -0.00421122 -0.0105606 -0.0115473 0.000338257 -0.00335532 0.00838772 -0.00113431 0.00817207 -0.00748203 -0.00930208 0.006976
internal_weight=762646 723352 39294 534531 457109 188821 389927 77422 130988 258939 170080 67182 56085 46957 8696 210603 198448 49698 148750 137432 41292 18741 76095 52161 23934 48134 93985 36310 34430 31917
internal_count=762646 723352 39294 534531 457109 188821 389927 77422 130988 258939 170080 67182 56085 46957 8696 210603 198448 49698 148750 137432 41292 18741 76095 52161 23934 48134 93985 36310 34430 31917
cat_boundaries=0 1 3 5 7
cat_threshold=48 1719683651 309380120 3820173864 273310276 2375571029 3414333494
is_linear=0
shrinkage=0.06


Tree=57
num_leaves=31
num_cat=6
split_feature=129 130 119 104 104 104 137 134 111 137 104 111 133 130 119 122 133 127 58 101 99 104 125 133 104 109 137 115 137 112
split_gain=2109.91 2281.32 2360.19 2555.65 1892.7 1761.75 1545.31 1358.34 2295.89 2091.87 1827.4 1568.18 1328.5 1199.91 1605.84 1196.92 1156.8 1073.88 1098.45 1064.1 1061.32 926.59 906.581 895.651 866.063 852.713 847.683 1129.68 899.343 794.366
threshold=34.500000000000007 -0.37940952255126059 43.500000000000007 0 1 2 1.7690173644091866e-09 1.0000000180025095e-35 89.500000000000014 0.0021274278612003691 3 80.500000000000014 0.94066717844141279 -0.25881904510252113 78.500000000000014 0.36861317187069437 0.11264710520308081 10.56692885353903 3081.9300000000007 0.93301270189221952 0.84199059757024453 4 0.030000000000000016 0.48689032183415637 5 32.500000000000007 1.4334496173145834e-05 0.60809928768529808 0.083227709543603312 3.3850000000000002
decision_type=2 2 2 1 1 1 2 2 2 2 1 2 2 2 2 2 2 2 2 2 2 1 2 2 1 2 2 2 2 2
left_child=7 2 3 19 6 -4 -3 8 9 24 -10 -9 26 25 29 -16 -11 18 -8 -2 -5 -17 -22 -18 -1 -6 27 -7 -28 -15
right_child=1 4 5 20 13 12 17 11 10 16 -12 -13 -14 14 15 21 23 -19 -20 -21 22 -23 -24 -25 -26 -27 28 -29 -30 -31
leaf_value=0.03807305751620433 0.32827704601999158 0.022336315110115804 -0.077204000164472431 -0.4440488673282374 1.0667156170655545 -0.75225048057155597 0.54417377292771474 -1.4212551476633153 0.21932268483651254 -0.55313372167191455 -0.72948286843956145 -0.030385540077291464 -0.15299166957899488 -0.19930464061339448 -0.044103828203525666 -0.072168925198723172 0.090636462083045544 2.344405712506338 -1.1915792408454451 2.2503959514094749 0.82709792533825643 0.70188628942963072 -0.1833298975188461 -1.0844556329313157 0.99297230788483204 0.062087058844851127 -0.21542592009472486 0.27077166157655952 -0.67999444420741251 -1.0632142311306354
leaf_weight=7230 31250 45774 68980 30184 22211 22596 38218 8499 4684 6917 17958 4777 28000 137990 71967 13932 11252 25526 3486 11898 9336 34332 21169 2547 9602 33844 21818 2470 10520 2714
leaf_count=7230 31250 45774 68980 30184 22211 22596 38218 8499 4684 6917 17958 4777 28000 137990 71967 13932 11252 25526 3486 11898 9336 34332 21169 2547 9602 33844 21818 2470 10520 2714
internal_value=-0.00136175 -0.000329984 -0.00478774 0.00220671 0.002347 -0.00949211 0.00901367 -0.011027 -0.0071951 0.00190471 -0.022285 -0.028398 -0.0152517 -2.99053e-05 -0.00174089 0.00335102 -0.0108606 0.0148039 0.00887088 0.0133682 -0.00573015 0.0106611 0.00216154 -0.000821739 0.0176154 0.00793457 -0.0204797 -0.0287613 -0.0140598 -0.00609189
internal_weight=761681 688215 258221 103837 429994 154384 113004 73466 60190 37548 22642 13276 85404 316990 260935 120231 20716 67230 41704 43148 60689 48264 30505 13799 16832 56055 57404 25066 32338 140704
internal_count=761681 688215 258221 103837 429994 154384 113004 73466 60190 37548 22642 13276 85404 316990 260935 120231 20716 67230 41704 43148 60689 48264 30505 13799 16832 56055 57404 25066 32338 140704
cat_boundaries=0 2 4 6 8 10 12
cat_threshold=218651249 3483523124 365428885 1610619170 3091174568 2752461504 1073791042 273064984 1644310528 273309764 1703078467 308077660
is_linear=0
shrinkage=0.06


Tree=58
num_leaves=31
num_cat=5
split_feature=104 132 129 53 139 134 101 54 130 127 111 99 46 127 129 132 111 21 104 132 132 115 104 110 104 52 104 111 111 127
split_gain=1971.27 1791.89 2184.53 1450.32 1447.3 1351.11 1874.71 1828.3 1716.95 1521.9 1172.7 1077.56 1049.48 994.824 1026.29 969.999 938.198 885.326 811.79 804.119 1212.64 1320.39 1139.56 766.945 989.913 737.748 728.888 715.591 713.662 698.724
threshold=0 0.66766646831012755 208.50000000000003 2.247556547689133 64.500000000000014 1.0000000180025095e-35 0.93301270189221952 53.420179333423398 0.25881904510252091 5.7305436243810632 52.500000000000007 0.98174098242282837 118.90000000000002 1.9960559774347644 136.50000000000003 0.69287764045535594 78.500000000000014 434.94437332153325 1 -0.73208386245364632 -0.76624641395159687 -1.1380148261632899 2 21.550000000000004 3 2.7108690960312609 4 53.500000000000007 92.500000000000014 7.0013150472807721
decision_type=1 2 2 8 2 2 2 10 2 2 2 2 10 2 2 2 2 8 1 2 2 2 1 2 1 2 1 2 2 2
left_child=17 2 3 26 5 7 8 10 11 -8 23 16 18 25 -15 -3 -7 -1 28 20 21 -9 -22 -4 -25 -5 -2 -16 -12 -29
right_child=1 15 4 13 -6 6 9 19 -10 -11 12 -13 -14 14 27 -17 -18 -19 -20 -21 22 -23 -24 24 -26 -27 -28 29 -30 -31
leaf_value=0.10029224758676512 -0.24372434634711651 -0.89573487915379713 -0.60438718916596734 -0.33489344924826331 -0.78565343529377829 -0.20530192764971089 0.35802814139586758 -1.8983142437675415 0.35432996036810821 2.9329336603000571 -0.61845937159047049 -0.53973722388750034 0.11482579913458124 -0.022620959864569839 -0.80072379966629226 -0.07504908831669041 0.84433662180282787 1.2019848376015778 -0.1080591413644089 -0.11235372572777465 -0.60681735852250307 1.5901980942435938 1.8361357298048151 -0.47359109308108288 0.068751975389432118 -0.83746427155902248 0.051096115345371937 -0.59345457455654582 0.15582732422492795 -0.01172322196420481
leaf_weight=110782 30511 9243 20693 23126 9212 24158 23314 2264 35382 14172 20658 9194 117480 34315 7905 5216 4389 30953 74567 7767 1767 2709 11412 11930 23777 14154 57884 7681 5369 10491
leaf_count=110782 30511 9243 20693 23126 9212 24158 23314 2264 35382 14172 20658 9194 117480 34315 7905 5216 4389 30953 74567 7767 1767 2709 11412 11930 23777 14154 57884 7681 5369 10491
internal_value=-0.00132382 -0.0027816 -0.00228379 -0.00769622 0.000112799 0.000639995 0.00630919 -0.0014475 0.000716317 0.0172188 -0.00288595 -0.00818558 -0.000891436 -0.0127356 -0.00797775 -0.0236556 -0.00243169 0.00506046 -0.00538953 0.0137847 0.0206974 -0.00454765 0.0302231 -0.0105977 -0.00527109 -0.0204426 -0.00212792 -0.0169499 -0.0145103 -0.0103934
internal_weight=762475 620740 606281 186067 420214 411002 110609 300393 73123 37486 274474 37741 218074 97672 60392 14459 28547 141735 100594 25919 18152 4973 13179 56400 35707 37280 88395 26077 26027 18172
internal_count=762475 620740 606281 186067 420214 411002 110609 300393 73123 37486 274474 37741 218074 97672 60392 14459 28547 141735 100594 25919 18152 4973 13179 56400 35707 37280 88395 26077 26027 18172
cat_boundaries=0 2 4 6 8 11
cat_threshold=151519252 218118176 1610637378 272942104 536905728 9175104 1149257795 309625880 1713580553 1107313216 1
is_linear=0
shrinkage=0.06


Tree=59
num_leaves=31
num_cat=10
split_feature=104 132 129 111 130 133 131 133 104 99 104 128 139 130 109 104 132 28 130 91 111 104 125 109 124 104 104 113 104 104
split_gain=1808.5 1489.4 1538.85 1623.08 1270.21 1490.35 1660.45 1439.1 1182.39 1067.11 1023.47 1019.7 1489.8 1236.59 1115.19 934.645 933.551 898.927 884.106 873.641 880.238 798.618 757.858 740.308 1238.35 858.821 807.302 711.587 708.103 698.359
threshold=0 0.66766646831012755 28.500000000000004 73.500000000000014 -1.0000000180025095e-35 0.99024581825578073 -0.37940952255126015 0.99445195900249039 1 0.99748108949426018 2 0.0042444013425743119 51.500000000000007 0.25881904510252091 57.500000000000007 3 0.69287764045535594 134.89375000000004 0.91597561503675362 4 52.500000000000007 5 0.29850000000000004 207.50000000000003 0.048333333333333346 6 7 131.50000000000003 8 9
decision_type=1 2 2 2 2 2 2 2 1 2 1 2 2 2 2 1 2 10 2 1 2 1 2 2 2 1 1 2 1 1
left_child=19 2 18 8 10 6 17 -7 22 -9 -5 23 13 -13 -15 -16 29 -6 28 20 -1 -11 -4 25 -25 -10 -26 -12 -2 -3
right_child=1 16 3 4 5 7 -8 9 11 21 27 12 -14 14 15 -17 -18 -19 -20 -21 -22 -23 -24 24 26 -27 -28 -29 -30 -31
leaf_value=-0.048697957909302543 -0.0090461714111981454 0.28463950862121035 -0.27840848476219315 -0.076397526223678083 0.7938543478497071 -1.3029177356208927 -0.062039606945933197 0.86267698084618039 -0.60651570178048475 0.017513472985939558 1.2239040821211793 0.042116595823164855 -0.48184522147938424 -1.0090036849987414 -0.084774776365376281 2.3294450487899154 -0.031170502531688838 0.36066068560350967 -0.81757029631494815 0.037052333133823938 1.6216838160465374 -1.2465222995835159 0.34373513295866276 -0.38276518047520242 -0.15460800362891319 -0.14231355687523348 0.26884936776467666 0.33147874178040865 -0.33336170605880383 -0.91574565309571854
leaf_weight=13698 21155 1425 57670 22771 8600 8047 114511 8154 29003 7254 16600 55829 21833 2734 4557 19055 5613 33496 6742 58867 33823 8190 4455 23440 25363 39513 31643 41828 28175 8284
leaf_count=13698 21155 1425 57670 22771 8600 8047 114511 8154 29003 7254 16600 55829 21833 2734 4557 19055 5613 33496 6742 58867 33823 8190 4455 23440 25363 39513 31643 41828 28175 8284
internal_value=-0.00130117 -0.00247811 -0.00203597 -0.00112518 0.00229377 -0.000411786 0.00198802 -0.0122878 -0.00404886 -0.00481546 0.00856626 -0.00222704 0.00233172 0.00603315 0.0167473 0.0209478 -0.0209646 0.0121776 -0.0115307 0.00595494 0.0120058 -0.0140861 -0.0114649 -0.0054102 -0.00150658 -0.00999343 0.00326697 0.0127702 -0.00874501 -0.0322245
internal_weight=762328 655940 640618 584546 269451 188252 156607 31645 315095 23598 81199 252970 104008 82175 26346 23612 15322 42096 56072 106388 47521 15444 62125 148962 80446 68516 57006 58428 49330 9709
internal_count=762328 655940 640618 584546 269451 188252 156607 31645 315095 23598 81199 252970 104008 82175 26346 23612 15322 42096 56072 106388 47521 15444 62125 148962 80446 68516 57006 58428 49330 9709
cat_boundaries=0 2 4 7 9 10 12 15 17 19 21
cat_threshold=151519252 134223904 1077954626 272630808 811835528 74560 1 32768 42901568 24 3494955458 876905947 2964530560 536871811 1 603988513 3342319684 1077990722 629908763 603979777 925760
is_linear=0
shrinkage=0.06


Tree=60
num_leaves=31
num_cat=6
split_feature=111 91 104 104 128 130 137 114 109 111 134 110 129 137 114 137 104 129 130 139 101 128 114 137 110 137 104 104 137 98
split_gain=1681.72 2040.56 2468.34 1753.93 1718.21 1413.79 1390.18 1195.79 1018.47 961.856 952.414 972.686 928.45 1711.4 1166.97 1286.12 919.224 862.324 946.545 892.663 828.789 808.474 803.996 843.944 803.648 937.43 773.393 741.271 737.06 729.162
threshold=44.500000000000007 0 1 2 0.00024856191100669506 -0.91597561503675329 9.6585075473250167e-08 2.4073918267594188 32.500000000000007 57.500000000000007 1.0000000180025095e-35 20.950000000000003 154.50000000000003 0.00040181921977764442 1.5491832711765425 6.5078511944142929e-10 3 46.500000000000007 -0.78656609248549303 33.500000000000007 0.6830127018922193 0.018262431980218267 -0.40666562505290288 0.61497421480319081 12.65 0.0057829484964584546 4 5 3.5531663590600855e-08 -0.51940496556100924
decision_type=2 1 1 1 2 2 2 2 2 2 2 2 2 2 2 2 1 2 2 2 2 2 2 2 2 2 1 1 2 2
left_child=6 2 4 -3 -2 9 27 -8 28 -6 12 29 -4 14 -14 -16 -15 -5 19 20 -19 24 -20 -24 -10 -26 -9 -1 -7 -12
right_child=1 3 10 17 5 8 7 26 21 -11 11 -13 13 16 15 -17 -18 18 22 -21 -22 -23 23 -25 25 -27 -28 -29 -30 -31
leaf_value=0.2639444755740456 -0.92467096024701356 0.044287855711936289 -0.78438801342828124 -0.29664061055142482 -0.85611054140898712 5.3406808591673585 -0.38896329151454123 -0.28724430215557661 -0.074189203577827809 1.6013003710639031 -0.19311993514310644 1.5863741969128746 0.055743491455826868 -0.077900339712348193 -1.5832609626282419 -0.27414112077716762 1.828013761666297 -0.51991549661138559 0.28977046009273782 1.9425592787797936 -0.12466654840588319 2.7314729652388468 -0.14205186381972892 1.7345370376707596 1.3701444709050832 -1.1212761715325559 0.54572806912507255 -0.82954166148446573 1.4900184613003273 0.51069044484937876
leaf_weight=2173 8482 171141 6991 51168 6662 8733 39530 8148 17791 3236 19407 6250 62746 5306 7341 42411 9766 25184 26260 1742 19095 11637 102105 4151 25408 2339 17816 12081 12051 25751
leaf_count=2173 8482 171141 6991 51168 6662 8733 39530 8148 17791 3236 19407 6250 62746 5306 7341 42411 9766 25184 26260 1742 19095 11637 102105 4151 25408 2339 17816 12081 12051 25751
internal_value=-0.00116555 -0.000203058 0.00370432 -0.00295497 0.0114987 0.0139896 -0.00941053 -0.00571463 0.0167016 -0.00737044 -0.000333907 0.00661285 -0.00298792 -0.0018211 -0.00436484 -0.0112275 0.0171645 -0.00638066 -0.00441284 -0.0118261 -0.0134837 0.0125665 -0.00183825 -0.00416161 0.00895935 0.0153416 0.00428885 -0.0263907 0.028076 0.00354215
internal_weight=762902 683154 282308 400846 96339 87857 79748 65494 77959 9898 185969 51408 134561 127570 112498 49752 15072 229705 178537 46021 44279 57175 132516 106256 45538 27747 25964 14254 20784 45158
internal_count=762902 683154 282308 400846 96339 87857 79748 65494 77959 9898 185969 51408 134561 127570 112498 49752 15072 229705 178537 46021 44279 57175 132516 106256 45538 27747 25964 14254 20784 45158
cat_boundaries=0 1 3 5 7 9 11
cat_threshold=24 218893109 3793754147 2283324500 764393720 536903682 349971528 1140869187 1003242520 536903808 135012544
is_linear=0
shrinkage=0.06


Tree=61
num_leaves=31
num_cat=10
split_feature=132 129 137 134 137 109 132 113 104 110 104 104 104 104 129 104 132 115 104 139 104 110 126 104 127 127 111 104 98 132
split_gain=1622.06 1966.88 1677.71 2488.55 2310.19 1927.79 1541.13 2031.83 1809.27 1673.3 1484.62 1411.25 1347.83 1324.53 1280.26 1060.27 1045.89 1009.32 1005.69 998.572 975.675 959.405 1589.76 972.219 912.147 886.15 860.763 742.101 731.539 670.9
threshold=0.61490419508004501 178.50000000000003 0.0041436636651481012 1.0000000180025095e-35 0.01126364564421809 22.500000000000004 -0.60467950862903008 140.50000000000003 0 17.250000000000004 1 2 3 4 239.50000000000003 5 -0.18386704952168662 -1.1380148261632899 6 52.500000000000007 7 20.750000000000004 229.75000000000003 8 6.8017936114223074 0.1587677870014996 51.500000000000007 9 0.28003368959032676 -0.76624641395159687
decision_type=2 2 2 2 2 2 2 2 1 2 1 1 1 1 2 1 2 2 1 2 1 2 2 1 2 2 2 1 2 2
left_child=2 -2 5 4 21 11 8 13 9 -7 -6 19 26 -8 20 -5 17 -15 -16 -1 -3 22 -4 -23 25 -18 -9 -24 -26 -10
right_child=1 14 3 15 10 6 7 12 29 -11 -12 -13 -14 16 18 -17 24 -19 -20 -21 -22 23 27 -25 28 -27 -28 -29 -30 -31
leaf_value=0.69399467273145599 -1.1735306375607177 -0.33842588174483607 -0.80177677674169645 -0.23952276475153836 -0.32611228301958634 3.4453787557961628 -0.25731297078136633 -0.44125086065366914 -0.19154032677225857 0.27520510404493981 0.029012193762421389 1.3989891056683728 -0.0043067262831186781 -0.0046156408524285547 -0.7215202315452699 0.27208809944362966 -0.33693672735662655 3.4409025015704882 -0.16976797417344386 -0.79897519407272821 0.95097984304936645 0.18986159368204425 -0.54729801897121699 -0.98646315541374652 0.37467012647453274 0.86356381128776349 -0.17315554522836207 3.9459315967134576 -0.57918606985519205 0.20946375999687403
leaf_weight=16347 4891 6361 6046 13726 49404 15417 18256 26664 21770 21536 55784 27061 180215 3585 8838 36147 4511 10084 12445 7712 7836 1861 722 17004 5226 18387 118748 2279 5789 37935
leaf_count=16347 4891 6361 6046 13726 49404 15417 18256 26664 21770 21536 55784 27061 180215 3585 8838 36147 4511 10084 12445 7712 7836 1861 722 17004 5226 18387 118748 2279 5789 37935
internal_value=-0.0011381 -0.0128421 -0.000483843 -0.00544832 -0.00973156 0.00120068 3.9703e-05 -0.00163554 0.0068244 0.0172562 -0.00565953 0.0122861 -0.00357924 0.00797764 -0.00792424 0.00598268 0.0132473 0.0272612 -0.0172327 0.00170752 0.00603043 -0.0250765 -0.00901194 -0.0327796 0.00760217 0.0144268 -0.00787633 0.0266822 -0.00658497 0.000364726
internal_weight=762587 40371 722216 182973 133100 539243 488123 391465 96658 36953 105188 51120 325627 65838 35480 49873 47582 13669 21283 24059 14197 27912 9047 18865 33913 22898 145412 3001 11015 59705
internal_count=762587 40371 722216 182973 133100 539243 488123 391465 96658 36953 105188 51120 325627 65838 35480 49873 47582 13669 21283 24059 14197 27912 9047 18865 33913 22898 145412 3001 11015 59705
cat_boundaries=0 2 4 7 10 12 14 16 18 20 22
cat_threshold=395051701 2335185190 4045490371 2456798814 855082377 102589381 1 1993765499 273712156 1 1610645536 1543036996 691345409 153224128 3235277386 4067460121 1123006248 1645552263 32770 140360 1073774594 1533551688
is_linear=0
shrinkage=0.06


Tree=62
num_leaves=31
num_cat=3
split_feature=111 128 132 134 104 129 0 46 134 132 115 54 104 120 128 132 104 19 103 132 134 132 131 134 132 98 111 133 111 129
split_gain=1576.92 1882.07 1693.21 2696.18 1698.13 1412.13 1408.35 1545.91 1227.36 1878.62 1385.64 1344.9 1085.42 1046.64 1040.77 987.727 837.509 847.352 763.471 751.021 746.887 1004.64 729.172 724.969 722.467 781.517 760.617 709.307 704.59 699.615
threshold=70.500000000000014 7.9380742682821928e-05 0.17963823861099873 1.0000000180025095e-35 0 31.500000000000004 333.27500000000003 175.75000000000003 1.0000000180025095e-35 0.094468741652255758 -1.2163129434587203 95.938238647399757 1 94.500000000000014 0.00020456839526356021 0.66766646831012755 2 57.659027777777787 0.0029690647565655589 -0.76624641395159687 1.0000000180025095e-35 0.66766646831012755 0.91597561503675351 1.0000000180025095e-35 -0.60467950862903008 -0.53402660245708555 37.500000000000007 0.99981043035926087 41.500000000000007 239.50000000000003
decision_type=2 2 2 2 1 2 2 10 2 2 2 8 1 2 2 2 1 8 2 2 2 2 2 2 2 2 2 2 2 2
left_child=2 12 4 5 18 -4 7 20 9 11 29 13 -2 14 -6 -7 17 -9 24 28 21 -3 -18 -20 26 -26 -1 -14 -13 -10
right_child=1 6 3 -5 8 15 -8 16 10 -11 -12 19 27 -15 -16 -17 22 -19 23 -21 -22 -23 -24 -25 25 -27 -28 -29 -30 -31
leaf_value=-0.54346416692729427 0.048024539316285482 -0.12734083493887793 1.5322679935173897 -0.62090269519967878 -0.85238559484584264 -0.088433659193240144 2.0493046512214677 -0.3689351207170482 0.30923363426539113 1.7071651092789317 0.78095693399088584 -2.6439777016798658 -0.83263782018455712 0.94228296247739129 -0.18986022382089943 -0.71199316503461951 0.23415345237370616 0.11521334643058309 -0.4809352126904175 2.3967750607999552 0.14589595672807207 -1.0020024673972554 0.7175705855963691 -0.073912967574860461 -0.97168155737915551 -0.16257328677942581 0.30580009175561096 0.56787803748845278 0.77226725661180262 -0.22172826924365166
leaf_weight=2728 14969 131640 2814 22619 7979 40510 18896 8254 11860 5119 30237 1243 21662 5527 122146 4687 91301 40754 16826 6247 48042 3609 21570 7906 5094 27063 11738 2216 2117 25236
leaf_count=2728 14969 131640 2814 22619 7979 40510 18896 8254 11860 5119 30237 1243 21662 5527 122146 4687 91301 40754 16826 6247 48042 3609 21570 7906 5094 27063 11738 2216 2117 25236
internal_value=-0.00114609 0.00143182 -0.00403373 -0.0123617 -0.00199884 -0.00431517 0.00277136 0.00189819 0.000634111 -0.00238039 0.00736656 -0.00363941 -0.0111218 -0.00517585 -0.00626208 -0.00688305 0.00617087 -0.000379445 -0.0100308 0.0180537 -0.00187537 -0.00415808 0.00901419 -0.0185533 -0.00551175 -0.0105212 0.00562383 -0.0190581 -0.00481999 -0.000404345
internal_weight=762609 402913 359696 70630 289066 48011 364066 345170 217711 150378 67333 145259 38847 135652 130125 45197 161879 49008 71355 9607 183291 135249 112871 24732 46623 32157 14466 23878 3360 37096
internal_count=762609 402913 359696 70630 289066 48011 364066 345170 217711 150378 67333 145259 38847 135652 130125 45197 161879 49008 71355 9607 183291 135249 112871 24732 46623 32157 14466 23878 3360 37096
cat_boundaries=0 2 4 7
cat_threshold=1610631235 307004440 1107871938 491566328 849557640 549572 1
is_linear=0
shrinkage=0.06


Tree=63
num_leaves=31
num_cat=5
split_feature=89 61 140 111 131 131 104 119 123 61 104 137 113 104 83 129 129 129 137 140 54 140 123 140 104 133 99 133 123 119
split_gain=1434.76 1658.48 1237.81 887.294 959.646 1174.29 1107.49 911.781 860.773 859.927 849.427 813.087 605.233 586.933 570.912 535.453 649.225 542.101 529.21 506.057 505.78 503.88 456.691 456.251 535.244 453.165 457.329 516.499 573.587 484.021
threshold=0 5.8119640047040537 2.5000000000000004 44.500000000000007 -0.37940952255126015 0.91597561503675351 1 150.50000000000003 0.28472528698716154 3.7786295768174694 2 9.6585075473250167e-08 74.500000000000014 3 2.6650000000000005 75.500000000000014 215.50000000000003 112.50000000000001 0.0015243686735370938 27.000000000000004 7.453111099912026 2.5000000000000004 0.84473655549730287 2.5000000000000004 4 0.99981043035926087 0.99932962452255414 0.94066717844141279 0.64970915577886978 109.50000000000001
decision_type=1 2 2 2 2 2 1 2 2 2 1 2 2 1 8 2 2 2 2 2 10 2 2 2 1 2 2 2 2 2
left_child=9 3 -3 10 6 7 12 13 -8 21 -2 -12 -5 -6 -11 -13 17 -17 -16 -4 23 -1 -10 -7 -25 26 27 -15 -29 -30
right_child=1 2 19 4 5 20 8 -9 22 14 11 15 -14 25 18 16 -18 -19 -20 -21 -22 -23 -24 24 -26 -27 -28 28 29 -31
leaf_value=-0.53835070118590722 0.72119468317158431 4.0474013164075879 1.4308629051117268 1.7210908270243308 -0.094966491506957018 -0.21118868268036067 -0.26119975267733153 -0.63055593626263806 -0.036948586716962377 0.080574618639717377 -0.75756208518048596 3.52606847958937 0.14819185855952668 -0.34206165776886621 0.52334134447146485 0.067349565545495121 -0.20889402868960744 -0.77577743120434206 -0.12780643084664872 -0.080511139006076038 -0.15326353523996544 -0.093964106288398741 0.78309471895049054 -0.28093240333968794 0.46659641657484768 0.98450716609901257 -1.4042203384496368 -1.0047868530174273 -0.068212058790089999 0.96913963222423882
leaf_weight=2435 2589 4668 14012 5108 110972 6579 33094 4560 41245 115952 9499 925 73290 95733 47371 1887 32558 5798 8732 18640 25427 16356 8287 5160 29853 2004 2842 1349 35188 467
leaf_count=2435 2589 4668 14012 5108 110972 6579 33094 4560 41245 115952 9499 925 73290 95733 47371 1887 32558 5798 8732 18640 25427 16356 8287 5160 29853 2004 2842 1349 35188 467
internal_value=-0.00112056 -0.00262418 0.00960424 -0.0034782 -0.00266482 -0.0045652 0.00111337 -0.00643507 -0.00373344 0.00338389 -0.0108267 -0.0125392 0.00622122 -0.00594723 0.00471509 -0.00889018 -0.00992794 -0.0256128 0.0096838 0.00547209 0.00249687 -0.00880268 0.00127188 0.00657226 0.00929628 -0.00856564 -0.00898495 -0.00847489 -0.0024548 -0.00100123
internal_weight=762580 571734 37320 534414 481158 320134 161024 253115 82626 190846 53256 50667 78398 248555 172055 41168 40243 7685 56103 32652 67019 18791 49532 41592 35013 137583 135579 132737 37004 35655
internal_count=762580 571734 37320 534414 481158 320134 161024 253115 82626 190846 53256 50667 78398 248555 172055 41168 40243 7685 56103 32652 67019 18791 49532 41592 35013 137583 135579 132737 37004 35655
cat_boundaries=0 1 4 6 8 10
cat_threshold=48 2566882708 1686649763 1 128 8256 151544572 3980376112 539033736 9024
is_linear=0
shrinkage=0.06


Tree=64
num_leaves=31
num_cat=8
split_feature=111 91 104 127 104 98 104 129 132 114 111 132 131 129 124 124 126 104 129 58 110 111 104 104 109 104 111 132 132 102
split_gain=1434.1 1540.12 2155.3 2282.82 1472.07 1209.97 1110.96 1003.55 1406.12 1847.62 950.254 1335.25 922.449 921.534 882.114 875.952 868.061 836.214 823.327 897.824 804.576 846.719 849.321 737.318 716.394 712.892 709.517 691.033 1735.27 692.601
threshold=44.500000000000007 0 1 0.59774158431927682 2 -0.18386704952168662 3 154.50000000000003 -0.73208386245364632 1.5491832711765425 97.500000000000014 -0.48970496317164519 0.37940952255126048 79.500000000000014 0.50166666666666682 0.65833333333333344 65.475000000000009 4 46.500000000000007 3913.2500000000005 9.0500000000000025 88.500000000000014 5 6 1102.5000000000002 7 80.500000000000014 -0.13291928626387098 -0.081617596240696269 51.500000000000007
decision_type=2 1 1 2 1 2 1 2 2 2 2 2 2 2 2 2 2 1 2 2 2 2 1 1 2 1 2 2 2 2
left_child=5 2 14 15 -3 6 -1 13 12 10 11 26 -9 -5 -2 -4 -11 -13 20 -20 -6 -22 -23 -16 -7 -14 -10 29 -29 -18
right_child=1 4 3 7 18 24 -8 8 9 16 -12 17 25 -15 23 -17 27 -19 19 -21 21 22 -24 -25 -26 -27 -28 28 -30 -31
leaf_value=-0.37863808236792718 -0.19788247717834054 0.051043033696477946 -1.1536270919073206 2.5156241274670044 -1.2656065267386549 -0.92808770012923836 0.030173486384652219 5.4619464517962548 0.054377002675687999 2.2954949308436219 -1.4885697115533856 0.78522466273217817 2.7123271307182142 -1.2366947947779392 -0.39829870458101652 0.69388057411581539 0.27292481697925725 2.9938550416549634 -0.12389743959265644 1.2707848043414458 -0.07941185354647913 0.20566306252278579 -0.59589773804096724 0.68828171016734296 0.30680447044250131 0.17624314370819347 1.4802288502068734 -1.9786388303756317 1.1925377952997045 -0.69287735470188827
leaf_weight=33379 93015 159090 12141 1313 2870 7012 38195 7144 19043 4167 2317 8138 4352 4538 7397 4634 38323 24215 183450 4688 30957 3055 17028 15669 1062 6308 13222 4897 3060 7834
leaf_count=33379 93015 159090 12141 1313 2870 7012 38195 7144 19043 4167 2317 8138 4352 4538 7397 4634 38323 24215 183450 4688 30957 3055 17028 15669 1062 6308 13222 4897 3060 7834
internal_value=-0.00103654 -0.000147877 0.00325217 0.00764519 -0.00253582 -0.00865548 -0.00617143 0.0100101 0.0110065 0.00876303 0.0155638 0.0169176 0.0267835 -0.0143438 -0.00301675 -0.0133369 0.000952267 0.0255307 -0.00548247 -0.00360946 -0.0120198 -0.0102811 -0.0198755 0.00748602 -0.0306724 0.0156008 0.00828054 -0.00107992 -0.0174089 0.00173534
internal_weight=762513 682865 281727 165646 401138 79648 71574 148871 143020 125216 66935 64618 17804 5851 116081 16775 58281 32353 242048 188138 53910 51040 20083 23066 8074 10660 32265 54114 7957 46157
internal_count=762513 682865 281727 165646 401138 79648 71574 148871 143020 125216 66935 64618 17804 5851 116081 16775 58281 32353 242048 188138 53910 51040 20083 23066 8074 10660 32265 54114 7957 46157
cat_boundaries=0 1 3 5 7 9 11 13 15
cat_threshold=24 3759333578 349103320 2283323478 227522744 1153453891 3153314873 301989921 184615172 1073741952 272630848 537034760 680000 126620213 4388
is_linear=0
shrinkage=0.06


Tree=65
num_leaves=31
num_cat=4
split_feature=130 129 112 104 104 132 132 133 110 132 132 111 111 104 132 132 129 129 132 135 124 111 5 129 112 120 132 129 104 111
split_gain=1321.49 1615.08 1662.86 1615.8 1560.91 1356.72 1813.28 1231.15 1206.75 1118.48 1554.6 1347.94 1114.96 1107.21 1099.79 1241.62 1701.25 1375.66 1055.91 996.68 993.889 869.802 1765.31 863.756 850.059 1938.28 1422.56 813.205 1045.92 804.649
threshold=-0.91597561503675329 34.500000000000007 3.6250000000000004 0 1 0.025799818015934263 0.042991213741508195 0.94066717844141279 9.0500000000000025 -0.81860753270059983 -0.8378775142878907 97.500000000000014 40.500000000000007 2 0.32917936166072764 0.61490419508004501 67.500000000000014 178.50000000000003 -0.13291928626387098 1.0000000180025095e-35 0.45833333333333343 92.500000000000014 1.0000000180025095e-35 75.500000000000014 1.885 1.5000000000000002 0.17963823861099873 166.50000000000003 3 33.500000000000007
decision_type=2 2 2 1 1 2 2 2 2 2 2 2 2 1 2 2 2 2 2 2 2 2 10 2 2 2 2 2 1 2
left_child=4 8 3 21 -1 9 -7 -6 -2 10 19 12 -11 -14 24 16 -16 -17 29 23 -10 -3 -23 -5 -8 26 -26 28 -20 -4
right_child=1 2 18 5 7 6 14 -9 20 11 -12 -13 13 -15 15 17 -18 -19 27 -21 -22 22 -24 -25 25 -27 -28 -29 -30 -31
leaf_value=0.037215147399891034 -1.2085049936941015 -0.09935629204174333 -0.58452619479641799 0.38703191745981408 -0.54627996821224478 -1.9814960330111824 -0.69896632183164165 -0.0070715485171069757 -0.045447794459513774 -0.34588323918704106 -1.2250729256190762 -1.2389967187254023 2.0483808091412947 0.68215075494892974 -0.14613620131449706 -1.8123647413379818 1.0451531391318227 -0.015027710412210809 0.41729132082626391 0.79335175166011596 -0.54438998939770411 -0.38425221519616742 0.57000697604838357 -0.099588038456246433 0.32910216270590636 0.38569818975683062 -0.45598479343455833 -1.1555247421444368 -0.45113213865844648 0.16352936484012864
leaf_weight=40709 3894 205826 8230 10276 38629 2777 16544 15926 43801 10546 5603 5191 28501 102969 11476 1942 20385 17129 2324 10637 16097 15843 21732 49236 5728 15196 9770 7989 3104 13580
leaf_count=40709 3894 205826 8230 10276 38629 2777 16544 15926 43801 10546 5603 5191 28501 102969 11476 1942 20385 17129 2324 10637 16097 15843 21732 49236 5728 15196 9770 7989 3104 13580
internal_value=-0.000942868 2.1611e-06 0.00096333 0.00174879 -0.00755283 0.00452449 -0.00124638 -0.0141858 -0.00907623 0.00713751 0.00121342 0.010186 0.0112837 0.0127894 0.000106345 0.00622229 0.01347 -0.00588612 -0.0116856 0.00364277 -0.00697174 -0.0019451 0.00644933 0.000619024 -0.00648786 -0.000578596 -0.0155081 -0.0249292 -0.00700682 -0.00353766
internal_weight=761590 666326 602534 567307 95264 323906 100947 54555 63792 222959 75752 147207 142016 131470 98170 50932 31861 19071 35227 70149 59898 243401 37575 59512 47238 30694 15498 13417 5428 21810
internal_count=761590 666326 602534 567307 95264 323906 100947 54555 63792 222959 75752 147207 142016 131470 98170 50932 31861 19071 35227 70149 59898 243401 37575 59512 47238 30694 15498 13417 5428 21810
cat_boundaries=0 2 4 6 8
cat_threshold=1646391530 273671768 2282279530 2368726232 84412432 6176 2837222548 195705314
is_linear=0
shrinkage=0.06


Tree=66
num_leaves=31
num_cat=8
split_feature=89 0 140 139 127 130 104 133 124 134 104 135 101 132 110 132 104 132 0 104 104 127 129 132 133 124 122 104 104 111
split_gain=1337.37 1392.41 1052.47 896.711 867.918 931.823 938.859 836.877 789.3 1315.62 1078.36 914.322 861.312 766.861 1189.91 1023.74 1003.74 827.239 745.177 737.568 673.315 792.544 671.395 650.023 631.539 596.304 594.583 593.876 587.024 586.588
threshold=0 366.00375000000003 7.5000000000000009 64.500000000000014 0.010854541769774019 -0.91597561503675329 1 0.94066717844141279 0.048333333333333346 1.0000000180025095e-35 2 1.0000000180025095e-35 0.93301270189221952 -0.80860773948975517 11.850000000000003 -0.87342076657365908 3 -0.8816668175367014 42.756036758422859 4 5 5.7305436243810632 94.500000000000014 -0.38142733947913604 0.99981043035926087 0.20500000000000002 0.385638667498923 6 7 47.500000000000007
decision_type=1 2 2 2 2 2 1 2 2 2 1 2 2 2 2 2 1 2 2 1 1 2 2 2 2 2 2 1 1 2
left_child=18 3 -3 4 24 6 -6 22 10 13 -7 12 -11 15 25 16 -10 -18 -1 -16 -14 -22 -8 -12 -2 -15 -9 -13 -17 -21
right_child=1 2 -4 -5 5 8 7 26 9 11 23 27 20 14 19 28 17 -19 -20 29 21 -23 -24 -25 -26 -27 -28 -29 -30 -31
leaf_value=-0.15453807962292215 -0.59215088092261992 3.9053694269425225 0.38071433058730403 -0.77614294258770067 0.014221064501485045 0.059616914387009667 -0.13539418895824326 -0.99420518862535312 -0.27584065516022932 0.00678705796957729 -0.09090712074184068 0.062553515794718628 -0.3616914941261743 0.14874084576961194 -0.044253111406509331 0.07812877933095308 0.024654796119643264 5.6096912217423096 0.17175530247461579 -0.25731546822953416 0.57081714180821619 4.1010026189485664 -0.76530881608265489 -0.38494957974096167 0.76661690146203454 -0.33775071267901463 0.22714806217852526 1.0764344557495682 -1.0284143886306816 0.63863090151621116
leaf_weight=18664 18100 6539 19882 8128 20113 33252 7078 1307 29280 68799 21029 5013 3935 15609 54241 2546 34013 999 171860 8523 6815 5374 17207 34178 1657 69704 8359 10983 10439 48989
leaf_count=18664 18100 6539 19882 8128 20113 33252 7078 1307 29280 68799 21029 5013 3935 15609 54241 2546 34013 999 171860 8523 6815 5374 17207 34178 1657 69704 8359 10983 10439 48989
internal_value=-0.000927046 -0.00237702 0.0110749 -0.00302842 -0.00272931 -0.00225835 -0.00971275 -0.0157959 -0.00138924 -0.000187389 -0.00648768 0.00567004 0.00319132 -0.0023421 -0.000355615 -0.0074078 -0.00430405 0.00255261 0.00342677 0.00371799 0.0156726 0.0226279 -0.0217434 -0.0116277 -0.0150714 -0.00569168 -0.000868936 0.0188285 -0.0227738 0.00845088
internal_weight=762615 572091 26421 545670 537542 517785 54064 33951 463721 375262 88459 100919 84923 274343 197066 77277 64292 35012 190524 111753 16124 12189 24285 55207 19757 85313 9666 15996 12985 57512
internal_count=762615 572091 26421 545670 537542 517785 54064 33951 463721 375262 88459 100919 84923 274343 197066 77277 64292 35012 190524 111753 16124 12189 24285 55207 19757 85313 9666 15996 12985 57512
cat_boundaries=0 1 3 5 7 9 11 13 15
cat_threshold=48 134922858 2366366928 2855867540 211942 3777055939 2423244506 1625809610 340109017 1610612738 458121280 587381280 407789636 537133186 340534344
is_linear=0
shrinkage=0.06


Tree=67
num_leaves=31
num_cat=0
split_feature=109 135 133 129 134 132 129 111 46 132 132 114 53 54 73 126 130 111 111 132 5 121 107 132 115 133 133 130 134 111
split_gain=1251.93 1418.73 1285.35 1472.83 1231.95 1203.93 1411.68 1193.24 974.498 984.396 1958.55 1584.63 1000.49 746.204 731.328 678.777 742.379 1030.66 732.84 734.209 676.976 670.597 670.553 643.89 641.356 585.954 759.997 577.523 577.358 608.978
threshold=17.500000000000004 1.0000000180025095e-35 0.97648852793709995 67.500000000000014 1.0000000180025095e-35 0.61490419508004501 178.50000000000003 92.500000000000014 102.77500000000002 -0.76624641395159687 -0.73208386245364632 -1.0393208789485404 0.39886740633331824 11.937893639546761 266.50000000000006 3738.3500000000004 0.60355339059327384 80.500000000000014 49.500000000000007 -0.38142733947913604 1.5165000000000004 994.45000000000016 28.694950000000002 0.66766646831012755 -0.84370601215866292 0.82777578779003613 0.99855310097228334 0.60355339059327384 1.0000000180025095e-35 43.500000000000007
decision_type=2 2 2 2 2 2 2 2 8 2 2 2 8 10 2 2 2 2 2 2 10 2 2 2 2 2 2 2 2 2
left_child=25 5 3 -3 -4 8 -7 22 -2 12 -11 14 -10 -8 -12 16 18 -18 19 -13 -20 -19 -5 -15 -21 -1 27 -27 29 -14
right_child=1 2 4 7 -6 6 13 -9 9 10 11 15 28 23 -16 -17 17 21 20 24 -22 -23 -24 -25 -26 26 -28 -29 -30 -31
leaf_value=0.12780735042355915 -0.19616624420979148 -0.17233874142129316 -0.74176183325416645 0.22624781568293884 0.50268261218976307 -1.0039506408530312 -0.063367813962394728 1.3485755489874407 0.19378828229012221 1.2254208234778889 0.10146643773011362 0.0094037351033996689 -0.69011528175328474 -0.19281410811303204 0.97318611335208338 -0.65191408775387127 -0.91828818879222918 0.0054392878884507922 0.13839471933385553 -0.49207047162966178 -0.27251514050060477 -0.6891510260070407 1.5590215599116808 -1.0253005327788867 0.19655425477921085 1.9759351428839413 -0.32145322534106952 -0.26739964958611778 -0.012279083591315043 -0.19314380918129578
leaf_weight=23662 198157 17064 12724 44914 6005 4153 19376 8775 17616 11249 15071 27030 10160 4415 18901 3246 5921 22565 134486 14423 13785 4588 10347 4871 4209 12516 4534 2250 29546 55766
leaf_count=23662 198157 17064 12724 44914 6005 4153 19376 8775 17616 11249 15071 27030 10160 4415 18901 3246 5921 22565 134486 14423 13785 4588 10347 4871 4209 12516 4534 2250 29546 55766
internal_value=-0.000958409 -0.00155262 0.00508524 0.00835699 -0.00908169 -0.00262222 -0.0138061 0.0125309 -0.00199669 -0.000250461 0.00168451 0.000640588 -0.00496388 -0.00906814 0.0127372 -0.00114421 -0.000754599 -0.00906304 0.00066239 -0.00598384 0.00270921 -0.00411652 0.00926677 -0.0230516 -0.0151473 0.00899099 0.0167494 0.0233467 -0.00738806 -0.0105116
internal_weight=762325 719363 99829 81100 18729 619534 32815 64036 586719 388562 275474 264225 113088 28662 33972 230253 227007 33074 193933 45662 148271 27153 55261 9286 18632 42962 19300 14766 95472 65926
internal_count=762325 719363 99829 81100 18729 619534 32815 64036 586719 388562 275474 264225 113088 28662 33972 230253 227007 33074 193933 45662 148271 27153 55261 9286 18632 42962 19300 14766 95472 65926
is_linear=0
shrinkage=0.06


Tree=68
num_leaves=31
num_cat=7
split_feature=139 127 130 104 104 112 132 134 104 132 137 59 110 101 104 132 135 104 127 104 84 114 104 111 111 114 111 132 5 111
split_gain=1181.51 1190.11 1327.5 1444.09 1379.45 1091.15 1472.31 1353.75 1127.17 1119.72 1148.26 1335.44 1109.21 1080.62 1181.74 1027.42 953.649 937.587 899.558 839.096 815.806 793.552 769.001 767.494 747.676 932.527 736.834 707.653 686.816 1084.92
threshold=64.500000000000014 0.010854541769774019 -0.91597561503675329 0 1 2.8450000000000002 -0.38142733947913604 1.0000000180025095e-35 2 -0.80860773948975517 0.61497421480319081 910.52499999999998 11.250000000000002 0.93301270189221952 3 0.66766646831012755 1.0000000180025095e-35 4 5.7305436243810632 5 2.429791666666667 3.3957990556093347 6 47.500000000000007 75.500000000000014 0.57622964287356682 64.500000000000014 -0.90483020021433236 1.9775000000000003 94.500000000000014
decision_type=2 2 2 1 1 2 2 2 1 2 2 8 2 2 1 2 2 1 2 1 10 2 1 2 2 2 2 2 8 2
left_child=1 -1 4 -4 -3 7 22 9 -8 10 11 17 28 16 -15 19 -9 -5 -16 -14 -2 -10 -7 -21 25 -12 -6 -28 29 -11
right_child=20 2 3 5 26 6 8 13 21 12 24 -13 15 14 18 -17 -18 -19 -20 23 -22 -23 -24 -25 -26 -27 27 -29 -30 -31
leaf_value=-0.42674471917631834 -1.2032473853588965 0.069753552223007775 0.4089986785452453 -0.4555954893835053 -0.48276884344871207 0.43431536196928572 -0.041781055884270155 0.029832348354993883 -0.30513733422853306 -0.16958125528311996 -0.72769805618250161 -0.47945060197046374 0.0024168767493193853 -0.65300386268893129 0.81247920355794578 -0.69401622722951484 0.63034006774761331 0.075445251130753371 3.6749936000731589 -0.20915018260112261 0.10447709074279003 -0.7254600352509919 -0.12397831699510377 0.69287826643332751 1.9222813377150441 1.0636904984327957 -0.49296633896006836 0.2875646568930797 -0.38014358582654095 0.52742098316154251
leaf_weight=26944 7743 34567 78702 7117 42909 19808 25681 81501 31176 18679 4329 43376 69645 4500 11355 3849 14690 26362 9386 11726 3618 7536 20647 71589 6826 1715 3350 9616 53843 10023
leaf_count=26944 7743 34567 78702 7117 42909 19808 25681 81501 31176 18679 4329 43376 69645 4500 11355 3849 14690 26362 9386 11726 3618 7536 20647 71589 6826 1715 3350 9616 53843 10023
internal_value=-0.000868527 -0.000578164 -0.000117681 0.000852314 -0.00691795 -0.000225687 -0.00573854 0.00105733 -0.011374 -0.000940622 -0.00665693 -0.00943453 0.00120223 0.00647172 0.0175208 0.00416568 0.00357223 -0.0004319 0.0235611 0.00493616 -0.0200722 -0.0178375 0.00323166 0.00899863 0.0099293 -0.00543921 -0.0127449 -0.000212848 -0.00442735 0.00306867
internal_weight=762808 751447 724503 634061 90442 555359 104848 450511 64393 329079 89725 76855 239354 121432 25241 156809 96191 33479 20741 152960 11361 38712 40455 83315 12870 6044 55875 12966 82545 28702
internal_count=762808 751447 724503 634061 90442 555359 104848 450511 64393 329079 89725 76855 239354 121432 25241 156809 96191 33479 20741 152960 11361 38712 40455 83315 12870 6044 55875 12966 82545 28702
cat_boundaries=0 2 4 6 8 10 12 14
cat_threshold=134742036 6178 134791786 2366629080 2771754112 68051904 536870912 453664832 539035808 1000128 1625546955 273000024 3019061152 1074996101
is_linear=0
shrinkage=0.06


Tree=69
num_leaves=31
num_cat=8
split_feature=89 0 47 47 127 139 113 133 74 109 104 135 0 3 131 104 59 104 111 104 99 133 133 104 113 104 90 104 129 21
split_gain=1173.67 1183.21 753.401 691.972 892.789 648.122 625.856 1361.45 636.995 590.585 676.801 594.687 753.206 632.571 581.431 622.096 576.676 718.734 536.192 664.607 533.563 599.616 521.439 544.857 478.062 474.55 440.515 429.808 551.881 536.699
threshold=0 366.00375000000003 381.64062500000006 1289.166666666667 1.8850884086881476 64.500000000000014 156.50000000000003 0.28106562097635729 1.1649085053205839 22.500000000000004 1 1.0000000180025095e-35 59.815000000000005 127.01250000000002 -0.37940952255126015 2 5404.7050000000008 3 50.500000000000007 4 0.99932962452255414 0.99981043035926087 0.99981043035926087 5 35.500000000000007 6 5.5000000000000009 7 48.500000000000007 115.88333333333335
decision_type=1 2 8 10 2 2 2 2 2 2 1 2 2 10 2 1 8 1 2 1 2 2 2 1 2 1 2 1 2 10
left_child=9 2 5 6 25 14 7 -4 26 10 -1 12 -11 -13 15 -2 18 -18 19 -8 27 -22 -16 -24 -10 -5 -9 28 -20 -29
right_child=1 -3 3 4 -6 -7 16 8 24 11 -12 13 -14 -15 22 -17 17 -19 20 -21 21 -23 23 -25 -26 -27 -28 29 -30 -31
leaf_value=-0.038568776883625443 -0.2870155957359124 1.0754713191145384 -0.35636886524277156 0.19072472096611509 -0.10039484876025241 -1.6158986483366959 -0.34915053154298037 0.13124836064748066 -0.03438379651334543 -0.13329879206115222 1.2253855516904542 0.12680810190162276 0.11690297977607116 1.0889645774285326 -0.4109435910213301 0.17537859919107313 -0.21864955943907702 0.87387443417697797 -0.34510191128223938 -0.067209830444766111 -0.86055297696424704 1.4539077263133646 -0.75279353446225516 1.6996453703294649 0.87371438938607526 -0.96814587491028359 -0.63338804530832016 0.12912522508118271 -0.079136632986406996 -0.040450765135213514
leaf_weight=7819 20498 26498 9385 1140 16304 2325 23912 37524 6523 36826 12237 10077 116748 7350 71744 26958 7531 15594 14511 27037 7281 929 1371 2027 22819 7023 3617 31957 74753 112352
leaf_count=7819 20498 26498 9385 1140 16304 2325 23912 37524 6523 36826 12237 10077 116748 7350 71744 26958 7531 15594 14511 27037 7281 929 1371 2027 22819 7023 3617 31957 74753 112352
internal_value=-0.000876551 -0.00223731 -0.00283921 -0.00162297 -0.0114149 -0.00693013 -0.00101752 0.0037276 0.00658618 0.00319457 0.0129351 0.00205226 0.000860296 0.0125557 -0.0063348 -0.00113534 -0.00221739 0.00690392 -0.00293797 -0.00853189 -0.00175917 -0.0167921 -0.00961846 0.0133451 0.0133401 -0.0276115 0.001769 -0.0012307 -0.00450294 0.000793653
internal_weight=762670 571613 545115 420192 24467 124923 395725 79868 70483 191057 20056 171001 153574 17427 122598 47456 315857 23125 292732 50949 241783 8210 75142 3398 29342 8163 41141 233573 89264 144309
internal_count=762670 571613 545115 420192 24467 124923 395725 79868 70483 191057 20056 171001 153574 17427 122598 47456 315857 23125 292732 50949 241783 8210 75142 3398 29342 8163 41141 233573 89264 144309
cat_boundaries=0 1 4 6 8 10 12 14 16
cat_threshold=48 1928823945 1663936 1 1073799778 3757556760 1610664002 1357677656 1172066151 2993718329 1879360117 2343231508 2 273310728 4009900969 18373
is_linear=0
shrinkage=0.06


Tree=70
num_leaves=31
num_cat=7
split_feature=59 111 130 119 127 104 137 132 123 104 84 104 104 69 139 132 132 104 111 132 132 104 25 127 120 120 132 132 104 137
split_gain=1150.89 1233.63 1647.57 1590.41 1272.05 1226.8 1045.96 1027.83 1024.87 998.818 970.713 880.527 855.54 814.382 795.714 848.378 785.758 774.462 1091 751.595 726.008 689.181 683.678 849.003 757.141 678.223 677.956 815.133 656.401 645.757
threshold=10047.440000000002 71.500000000000014 0.37940952255126054 78.500000000000014 0.49718561527731503 0 0.61497421480319081 0.6547626423706755 0.80353826754041491 1 2.2268750000000006 2 3 10.950000000000001 59.500000000000007 0.3933211724509133 0.17963823861099873 4 90.500000000000014 0.31288844364721724 0.094468741652255758 5 0.98625126803000995 0.20945662005389895 10.500000000000002 11.500000000000002 0.3933211724509133 0.42471264173135381 6 0.030617763276879904
decision_type=10 2 2 2 2 1 2 2 2 1 10 1 1 2 2 2 2 1 2 2 2 1 10 2 2 2 2 2 1 2
left_child=1 5 7 4 12 14 10 9 -5 22 25 -10 -4 17 15 29 20 18 -12 -18 -7 -21 23 -3 -24 28 -23 -28 -6 -1
right_child=-2 2 3 8 6 16 -8 -9 11 -11 13 -13 -14 -15 -16 -17 19 -19 -20 21 -22 26 24 -25 -26 -27 27 -29 -30 -31
leaf_value=-0.063794149043404358 1.7181793286409603 -0.10874367017494592 0.054487583338508894 -0.005681059689232484 0.10960452265707601 0.041399842962104 2.6731865308847795 -0.61615521491063341 -0.32228245720376181 0.08146253047786331 -0.47015873710497569 1.1495298271712999 -0.8386570180315791 -0.35623769538939393 -0.68929033971860065 -0.36177950395968594 -0.41571851052819853 0.54061568290641526 0.44476142001538588 0.87907656925515598 1.0382248740072537 0.39049818389673047 -0.55226496011371651 0.67565174210399903 0.53366058403265471 -0.55432697341315362 -0.93393547410252586 -0.13894138441889581 -0.30779395602524801 -0.26623295714008349
leaf_weight=116092 5629 8467 6689 34763 28284 144344 4021 5318 5068 77315 10560 21749 20763 10958 12418 22606 8755 27686 8394 2599 4769 4307 4732 51757 3170 32702 3330 17689 29301 28117
leaf_count=116092 5629 8467 6689 34763 28284 144344 4021 5318 5068 77315 10560 21749 20763 10958 12418 22606 8755 27686 8394 2599 4769 4307 4732 51757 3170 32702 3330 17689 29301 28117
internal_value=-0.000778694 -0.000979776 0.00135885 -0.00171927 -0.00457563 -0.00348928 -0.00242754 0.00627819 0.00660009 0.00722556 -0.00324858 0.0154128 -0.0164616 0.00283755 -0.00703053 -0.00594008 -7.26572e-05 0.00629575 -0.00304983 -0.00793981 0.0018626 -0.00313042 0.0125218 0.0147009 -0.00406934 -0.00713118 -0.00615227 -0.0105985 -0.00321224 -0.00424589
internal_weight=762352 756723 391697 240938 179358 365026 151906 150759 61580 145441 147885 26817 27452 57598 179233 166815 185793 46640 18954 36680 149113 27925 68126 60224 7902 90287 25326 21019 57585 144209
internal_count=762352 756723 391697 240938 179358 365026 151906 150759 61580 145441 147885 26817 27452 57598 179233 166815 185793 46640 18954 36680 149113 27925 68126 60224 7902 90287 25326 21019 57585 144209
cat_boundaries=0 3 5 7 9 11 13 16
cat_threshold=1691372999 1987363867 1 2300073302 1839373371 587214856 663621 1073791170 356561944 1795183690 902734940 0 663552 2430232253 3946649632 1
is_linear=0
shrinkage=0.06


Tree=71
num_leaves=31
num_cat=6
split_feature=89 61 127 111 130 119 104 84 137 134 132 104 123 25 132 54 120 127 130 104 104 69 126 104 132 134 132 132 98 70
split_gain=1031.5 1027.77 660.473 721.954 1347.22 1109.51 825.814 708.673 757.209 862.485 626.314 577.309 536.881 532.151 530.6 550.879 516.738 513.553 666.577 877.07 506.076 503.546 497.669 914.09 485.515 720.202 600.242 589.603 543.561 458.183
threshold=0 5.9571329339702084 1.0000000180025095e-35 75.500000000000014 -1.0000000180025095e-35 78.500000000000014 1 2.3554166666666672 0.61497421480319081 1.0000000180025095e-35 0.61490419508004501 2 0.95721192111076803 0.98625126803000995 0.37744852145085445 7.7055260689509577 1.5000000000000002 2.409225394845 -0.37940952255126059 3 4 11.050000000000002 134.30000000000004 5 0.16269055358644466 1.0000000180025095e-35 0.094468741652255758 0.26347957579725428 0.6547626423706755 54.500000000000007
decision_type=1 2 2 2 2 2 1 10 2 2 2 1 2 8 2 10 2 2 2 1 1 2 2 1 2 2 2 2 2 2
left_child=10 2 -2 6 11 7 22 8 9 -6 12 -5 17 -13 -8 -16 -15 -1 -19 -20 -7 -9 23 -4 26 27 -24 -26 -27 -21
right_child=1 -3 3 4 5 20 14 21 -10 -11 -12 13 -14 16 15 -17 -18 18 19 29 -22 -23 24 -25 25 28 -28 -29 -30 -31
leaf_value=-0.050300797426184256 -0.55074851964058591 1.1582771649404013 -0.66255251749718524 -0.014565318478876606 -0.44778353581030272 -0.053998558206414062 -0.16393080259961776 0.15471196242418186 1.6835980043579053 0.0085780609200207889 -0.2989427865004049 0.49623287906094876 1.0322950523463339 -0.64653050530385592 -0.21563343161192725 -0.5625951523177245 0.59950507166386324 0.017488919441328504 -0.069307334547601435 1.0993476709740442 0.39892360186720494 -0.3937529961374463 0.094887758805033112 0.065724095134765431 -0.4338293781104427 -0.5532890926962778 1.8039677509357483 0.17121121062464312 0.37478015333248266 0.19675952238350986
leaf_weight=57546 11200 21217 13373 24038 67834 20546 134609 33728 3016 25165 10104 40222 10443 3563 12526 7706 2608 55455 15469 27750 24905 7279 71343 19012 2602 8467 2519 13145 757 14087
leaf_count=57546 11200 21217 13373 24038 67834 20546 134609 33728 3016 25165 10104 40222 10443 3563 12526 7706 2608 55455 15469 27750 24905 7279 71343 19012 2602 8467 2519 13145 757 14087
internal_value=-0.000848872 -0.0021245 -0.00262427 -0.00232457 1.09132e-05 -0.00270976 -0.00438936 -0.00540435 -0.00822425 -0.00918387 0.00297006 0.00705958 0.00378288 0.0109685 -0.00735683 -0.0164167 -0.00543422 0.00297308 0.00532679 0.00986476 0.00541362 0.0011983 -0.000886999 -0.00734206 0.00122812 -0.00600432 0.00367329 0.00179451 -0.0193171 0.0143763
internal_weight=762234 571380 550163 538963 252904 182473 286059 137022 96015 92999 190854 70431 180750 46393 154841 20232 6171 170307 112761 57306 45451 41007 131218 32385 98833 24971 73862 15747 9224 41837
internal_count=762234 571380 550163 538963 252904 182473 286059 137022 96015 92999 190854 70431 180750 46393 154841 20232 6171 170307 112761 57306 45451 41007 131218 32385 98833 24971 73862 15747 9224 41837
cat_boundaries=0 1 3 6 8 10 12
cat_threshold=48 456110136 160119780 908568745 268510016 1 1610662082 273343576 1672690216 424370887 271032320 533376
is_linear=0
shrinkage=0.06


Tree=72
num_leaves=31
num_cat=8
split_feature=59 23 132 134 101 132 132 129 104 127 129 104 139 47 8 104 104 131 104 104 115 47 120 104 139 67 104 120 35 112
split_gain=1024.69 1011.1 800.539 892.062 1765.59 1108.1 1197.89 1085.84 1079.38 975.608 855.831 826.116 800.124 739.246 714.177 747.254 665.199 658.829 647.581 612.668 605.83 567.456 520.717 493.812 464.325 644.172 826.295 668.71 596.196 500.217
threshold=10047.440000000002 -27.499999999999993 0.61490419508004501 1.0000000180025095e-35 0.93301270189221952 -0.76624641395159687 -0.73208386245364632 34.500000000000007 0 5.8846962922641071 178.50000000000003 1 64.500000000000014 509.1375000000001 116.12916666666668 2 3 0.37940952255126048 4 5 -1.2041535051048176 1289.166666666667 2.5000000000000004 6 58.500000000000007 217.50000000000003 7 99.500000000000014 189.18500000000003 3.3850000000000002
decision_type=10 8 2 2 2 2 2 2 1 2 2 1 2 10 8 1 1 2 1 1 2 10 2 1 2 2 1 2 8 2
left_child=1 19 3 5 7 11 16 17 -6 -10 23 -3 24 -14 -8 -16 -7 -5 -12 -1 -11 -13 -23 -4 25 26 -9 29 -28 -27
right_child=-2 2 10 4 8 6 14 12 9 20 18 21 13 -15 15 -17 -18 -19 -20 -21 -22 22 -24 -25 -26 27 28 -29 -30 -31
leaf_value=-0.26640704151893091 1.5634429698730001 -0.26233563289658629 -0.025422427786131435 -1.2206877318515161 -0.17568662105706606 -0.61677150781130674 0.15189587330848708 -0.44149927120964716 0.5484395855419697 0.70506864046170448 0.29011452875210864 0.016478158685512768 -1.4498949773881127 0.17486949763101306 0.12704698979232432 -0.22484510315291317 1.2145195339665624 -0.028382103481880562 -0.28861386965485791 -0.090669051343847396 4.7086191905682107 0.074574965320562389 -1.106779319796567 -1.3177414440399484 1.1068236195642078 -0.031900458479104256 0.044645866694176847 1.364269545689788 0.47256190727561342 -0.73515877425553722
leaf_weight=70193 5684 52214 1026 4168 7657 1318 79884 3555 16414 2807 8881 60734 3773 2705 79172 78106 7743 3433 18180 136495 8498 2178 3042 2380 4341 49905 19363 1927 24038 2594
leaf_count=70193 5684 52214 1026 4168 7657 1318 79884 3555 16414 2807 8881 60734 3773 2705 79172 78106 7743 3433 18180 136495 8498 2178 3042 2380 4341 49905 19363 1927 24038 2594
internal_value=-0.000765888 -0.000956543 0.000387901 0.000942202 0.00475193 -0.000680202 0.00161195 0.00127409 0.0165294 0.0220332 -0.00906459 -0.00545625 0.00276091 -0.0177064 0.000793884 -0.00155265 0.0230214 -0.0206709 -0.00549627 -0.00453435 0.0356041 -0.000991435 -0.0199732 -0.0374053 0.00401517 0.00319225 0.00834125 -0.00125011 0.0106187 -0.00252457
internal_weight=762408 756724 550036 519569 155178 364391 246223 119802 35376 27719 30467 118168 112201 6478 237162 157278 9061 7601 27061 206688 11305 65954 5220 3406 105723 101382 46956 54426 43401 52499
internal_count=762408 756724 550036 519569 155178 364391 246223 119802 35376 27719 30467 118168 112201 6478 237162 157278 9061 7601 27061 206688 11305 65954 5220 3406 105723 101382 46956 54426 43401 52499
cat_boundaries=0 2 4 6 9 12 15 17 19
cat_threshold=536879104 199123008 3911256266 2456635114 2300059012 4012775651 536905728 11272256 1 889194645 227176802 1 1660051530 1381033496 1 1109614666 1106448 1610614784 2097216
is_linear=0
shrinkage=0.06


Tree=73
num_leaves=31
num_cat=3
split_feature=54 139 134 132 132 114 132 114 128 104 123 132 74 20 104 120 113 125 119 129 131 132 110 104 47 132 112 129 132 132
split_gain=960.959 922.695 1110.66 3489.78 1613.15 1495.57 1397.74 1208.09 1188.68 1146.87 1136.94 1510.3 964.97 902.895 971.113 920.974 1456.62 893.92 935.471 961.952 875.983 806.555 805.129 798.627 793.84 792.82 1249.55 797.472 794.184 778.305
threshold=111.40796320716645 64.500000000000014 1.0000000180025095e-35 0.042991213741508195 0.66766646831012755 -0.55079406824129407 -0.80860773948975517 3.3957990556093347 0.0030917338654737341 0 0.71803966417428744 0.17963823861099873 -0.19923106202633981 24.379731003185409 1 92.500000000000014 103.50000000000001 0.5431666666666668 78.500000000000014 31.500000000000004 0.91597561503675351 -0.76624641395159687 22.450000000000003 2 729.13437500000009 -0.931957157303682 2.7850000000000006 169.50000000000003 -0.94941398590724801 -0.73208386245364632
decision_type=10 2 2 2 2 2 2 2 2 1 2 2 2 10 1 2 2 2 2 2 2 2 2 1 10 2 2 2 2 2
left_child=1 2 4 9 6 12 13 17 10 -4 11 -7 -5 14 -1 25 -17 18 20 -20 29 -2 -18 -10 -3 28 -27 -28 -15 -8
right_child=21 24 3 5 -6 8 7 -9 23 -11 -12 -13 -14 15 -16 16 22 -19 19 -21 -22 -23 -24 -25 -26 26 27 -29 -30 -31
leaf_value=0.10543126201908293 -0.25479023882477675 -0.96643496615944513 0.081540347998148369 -0.21893197772938264 -0.57394082633984034 0.055728483199864058 0.64941154038619187 -0.52876578764296933 -0.24814613076989786 0.51868336747884614 -0.15705508231471582 -0.71505527904717125 0.63547221066383031 -0.38588677023944584 -0.14562042580256843 1.8524834716932663 -1.128209051896818 1.5892462450303013 0.95363896517476876 0.089446991635896325 0.25501764350753264 1.5733824683022635 0.145061043822096 0.39719282699230224 0.23197278456735332 -0.93755876005220484 1.6725257815729964 -1.0629025120749322 0.24466107987061206 -0.20316955039626747
leaf_weight=26293 4424 8477 58773 8012 11259 5265 9056 11141 5819 74170 20461 17742 9827 15596 37733 4950 3541 8837 8618 131475 43802 7647 4717 7018 2776 30460 3975 1634 13289 166013
leaf_count=26293 4424 8477 58773 8012 11259 5265 9056 11141 5819 74170 20461 17742 9827 15596 37733 4950 3541 8837 8618 131475 43802 7647 4717 7018 2776 30460 3975 1634 13289 166013
internal_value=-0.000715311 -0.000985361 -0.000725864 0.00300249 -0.00217611 -0.00742707 -0.00169063 0.000212802 -0.0122236 0.0088192 -0.0169611 -0.0261118 0.00771188 -0.00676339 -0.00148063 -0.0110907 0.00335226 0.000802443 0.000338306 0.00416677 -0.00211219 0.0160785 -0.0120741 0.00381835 -0.0180363 -0.0140276 -0.0199595 0.00606417 -0.00661982 -0.00401085
internal_weight=762800 750729 739476 207087 532389 74144 521130 378942 56305 132943 43468 23007 17839 142188 64026 78162 13208 367801 358964 140093 218871 12071 8258 12837 11253 64954 36069 5609 28885 175069
internal_count=762800 750729 739476 207087 532389 74144 521130 378942 56305 132943 43468 23007 17839 142188 64026 78162 13208 367801 358964 140093 218871 12071 8258 12837 11253 64954 36069 5609 28885 175069
cat_boundaries=0 2 5 7
cat_threshold=3895531522 1029662664 80663412 4012946448 1 1187178835 1920238621
is_linear=0
shrinkage=0.06


Tree=74
num_leaves=31
num_cat=0
split_feature=111 127 88 98 124 129 99 132 109 140 23 131 109 130 67 119 111 0 130 137 109 47 121 111 126 0 110 131 122 129
split_gain=998.024 1139.29 1022.69 1018.46 992.046 809.694 762.703 767.534 723.446 673.03 756.08 740.308 883.284 670.458 657.26 632.407 685.991 731.087 751.614 670.245 614.008 597.041 584.306 575.948 570.238 570.191 569.157 531.547 498.852 707.538
threshold=44.500000000000007 84.974054599140928 0.50459434946012538 -0.18386704952168662 0.071666666666666712 224.50000000000003 0.99932962452255414 0.025799818015934263 57.500000000000007 10.500000000000002 11.200000000000003 -0.37940952255126015 32.500000000000007 0.25881904510252091 52.500000000000007 169.50000000000003 70.500000000000014 366.00375000000003 -1.0000000180025095e-35 0.61497421480319081 1102.5000000000002 589.58125000000007 988.35000000000002 74.500000000000014 1638.7500000000002 30.046250000000004 7.2500000000000009 0.78656609248549303 0.021722203101946135 214.50000000000003
decision_type=2 2 10 2 2 2 2 2 2 2 8 2 2 2 2 2 2 2 2 2 2 10 2 2 2 2 2 2 2 2
left_child=3 2 4 13 -2 14 9 -8 23 10 -7 -11 27 28 25 16 -4 18 -18 -20 -5 -14 -16 -3 -15 -6 -27 -13 -1 -30
right_child=1 8 15 20 5 6 7 -9 -10 11 -12 12 21 24 22 -17 17 -19 19 -21 -22 -23 -24 -25 -26 26 -28 -29 29 -31
leaf_value=0.62508718516007178 -0.11975118511189578 -0.27993588164088362 -0.36268773889067119 -0.74475391952354442 -0.17632792954576312 -0.15087178570939358 0.97430831662859474 -0.79292324447277018 2.6134152041458023 0.70341730824379622 0.3242222050888654 0.3544432846221508 -0.17494289848538258 -0.35066029948570371 -0.2962825694470318 0.064126617694304569 0.088337261541265449 1.4408853480567585 -0.25297135603190241 1.7220573164218596 0.29424160614065642 0.30338415651941969 0.014447803192668402 5.8460065904708562 0.43519230901342493 -0.71923898940878472 0.15496738016902148 1.4213597133304297 -0.56634189039216642 -0.19905170354029222
leaf_weight=3053 67945 5066 53920 6923 8776 31938 2460 7767 8109 40352 26941 18083 29198 6668 25981 65779 49794 8907 102239 3113 1063 30526 26031 1408 12991 2263 49046 17333 7858 40913
leaf_count=3053 67945 5066 53920 6923 8776 31938 2460 7767 8109 40352 26941 18083 29198 6668 25981 65779 49794 8907 102239 3113 1063 30526 26031 1408 12991 2263 49046 17333 7858 40913
internal_value=-0.000705257 3.52282e-05 -0.000326754 -0.00706908 0.00168906 0.00310045 0.00534607 -0.0106238 0.0166251 0.00618638 0.000830503 0.0085138 0.00562534 -0.00479856 -0.000998234 -0.00305928 -0.00461532 -0.00268558 -0.00364532 -0.00651638 -0.0273895 0.00117338 -0.00593621 0.00166795 0.00463581 0.0032763 0.00569363 0.0131327 -0.00837742 -0.00985032
internal_weight=762444 682975 668392 79469 384640 316695 204598 10227 14583 194371 58879 135492 95140 71483 112097 283752 217973 164053 155146 105352 7986 59724 52012 6474 19659 60085 51309 35416 51824 48771
internal_count=762444 682975 668392 79469 384640 316695 204598 10227 14583 194371 58879 135492 95140 71483 112097 283752 217973 164053 155146 105352 7986 59724 52012 6474 19659 60085 51309 35416 51824 48771
is_linear=0
shrinkage=0.06


Tree=75
num_leaves=31
num_cat=9
split_feature=111 130 129 133 104 111 104 122 110 130 104 132 104 104 104 139 132 104 139 132 132 25 120 128 104 126 104 109 133 137
split_gain=917.33 1213.29 1244.5 1508.43 1421.9 1638.3 1349.59 1237.63 1093.88 2004.96 1223.85 1034.2 999.306 932.906 886.569 1035.63 855.548 936.908 793.873 802.909 784.177 730.988 871.718 817.793 737.89 701.615 692.891 690.934 685.119 679.765
threshold=70.500000000000014 0.37940952255126054 52.500000000000007 0.97648852793709995 0 92.500000000000014 1 0.52105357315761036 13.250000000000002 0.12940952255126045 2 0.6547626423706755 3 4 5 41.500000000000007 -0.73208386245364632 6 59.500000000000007 0.57340843044527534 -0.99359783145257141 0.98704003633434467 21.500000000000004 0.00018056025463869532 7 138.80000000000004 8 42.500000000000007 0.95936279103287792 0.0080707547752903383
decision_type=2 2 2 2 1 2 1 2 2 2 1 2 1 1 1 2 2 1 2 2 2 8 2 2 1 2 1 2 2 2
left_child=8 11 12 4 -4 -6 -5 -7 16 10 -10 13 -3 -2 15 -11 17 -1 19 -12 29 23 28 26 -25 -14 -22 -18 -23 -15
right_child=1 2 3 6 5 7 -8 -9 9 14 18 -13 25 20 -16 -17 27 -19 -20 -21 21 22 -24 24 -26 -27 -28 -29 -30 -31
leaf_value=-1.2667689594822633 -0.3796250283532967 -0.009101765742368784 0.46075621432355945 0.047472755303194274 -0.20458441960126605 1.0122348204476361 -0.74467373753834021 0.19602465827930698 -0.022242793886638735 0.1578602139553473 -0.17368739059760435 -0.6102700634306174 -0.95655157516515299 0.0085086163291153132 -0.0068624867534255425 2.2244446854456195 0.57787984348164734 5.4496410302920442 -0.79508854960630848 -0.4097945892384936 0.64039235941451123 0.17659080668171809 0.4879999925806851 0.83985509929730195 0.23875665672716465 -0.26089408390449503 -0.35338472346260513 -0.66930257576336116 -0.75404269722920669 -0.70370045832261874
leaf_weight=572 9312 15258 61809 25897 71759 5001 26458 19878 118054 33265 105606 5533 7497 8097 52669 14062 1835 1340 8351 7666 5114 3592 4956 50036 49054 11746 14495 16296 4928 2677
leaf_count=572 9312 15258 61809 25897 71759 5001 26458 19878 118054 33265 105606 5533 7497 8097 52669 14062 1835 1340 8351 7666 5114 3592 4956 50036 49054 11746 14495 16296 4928 2677
internal_value=-0.000637665 0.00132787 -0.00131225 0.000416692 0.00333422 -0.00121181 -0.00841279 0.0120555 -0.00284023 -0.00203648 -0.00501398 0.00543211 -0.0118758 0.00635812 0.00510015 0.0110588 -0.0164608 0.0217041 -0.00923771 -0.0079221 0.00755666 0.00882596 -0.00441641 0.0103294 0.0125448 -0.0209629 -0.000865885 -0.0204864 -0.0160545 -0.00800742
internal_weight=762813 403097 245303 210802 158447 96638 52355 24879 359716 339673 239677 157794 34501 152261 99996 47327 20043 1912 121623 113272 142949 132175 13476 118699 99090 19243 19609 18131 8520 10774
internal_count=762813 403097 245303 210802 158447 96638 52355 24879 359716 339673 239677 157794 34501 152261 99996 47327 20043 1912 121623 113272 142949 132175 13476 118699 99090 19243 19609 18131 8520 10774
cat_boundaries=0 3 5 7 9 11 14 16 18 20
cat_threshold=80619677 3761314082 1 3630811586 877434619 2334045752 2374990020 1141424339 1038529657 537002112 8192 385815965 135797667 1 1644222530 281125976 2300338036 3835861031 34095170 491295896
is_linear=0
shrinkage=0.06


Tree=76
num_leaves=31
num_cat=9
split_feature=123 104 135 104 126 114 132 104 127 132 131 104 5 127 130 132 104 104 122 137 134 104 104 123 130 104 101 99 113 132
split_gain=881.111 1407.74 1023.51 1115.6 981.642 886.024 966.901 893.022 811.099 779.902 793.845 801.979 733.434 714.007 1146.53 1061.63 873.359 801.202 792.601 828.818 936.465 874.208 772.019 696.309 678.744 730.875 658.645 657.643 610.142 832.634
threshold=0.95721192111076803 0 1.0000000180025095e-35 1 91.425000000000011 -1.7549121587522174 0.61490419508004501 2 26.030574147774761 0.62837760187664593 -0.9159756150367534 3 1.5575000000000003 1.6144428561815538 0.37940952255126054 0.53038584004487344 4 5 0.07688256673047679 0.0021274278612003691 1.0000000180025095e-35 6 7 0.72707149129435711 -0.91597561503675329 8 0.93301270189221952 0.90070004940655357 302.50000000000006 0.51572537064332258
decision_type=2 1 2 1 2 2 2 1 2 2 2 1 10 2 2 2 1 1 2 2 2 1 1 2 2 1 2 2 2 2
left_child=2 27 5 -4 -5 7 12 -1 -6 -8 -11 -12 13 14 15 18 -15 -16 -7 20 21 -20 -21 -19 25 -18 -9 -2 29 -22
right_child=1 -3 3 4 8 6 9 26 -10 10 11 -13 -14 16 17 -17 24 23 19 22 28 -23 -24 -25 -26 -27 -28 -29 -30 -31
leaf_value=-0.15939563012089053 -0.55264922206606426 0.93772396428811788 -0.13633539196991593 1.2805966220533087 0.067712205326101296 -1.0426284199195059 -0.74444197105207377 0.17649205938666254 1.9104043655403382 0.31127846743541948 -0.59812140032373173 -0.1450712376365339 -0.26950670987614872 -0.089522595744928699 0.032731867880936245 1.0463067406196302 0.16608652440404001 -1.1214141159299906 -0.1227695416987241 -0.61849952795577634 0.2111520667539247 0.49773452791699069 -0.089783379256541521 -0.54144373892128783 0.16280664300847278 -0.42377679975202376 1.6604844023231038 0.75271861211164115 -0.43951973451381632 -1.8878819163734726
leaf_weight=18876 11795 25356 34896 15101 43681 2104 5012 18974 6005 4235 6317 13188 47313 174469 9221 3580 12493 3805 13378 9278 11608 23253 21230 24535 161440 17028 8743 5864 6947 2989
leaf_count=18876 11795 25356 34896 15101 43681 2104 5012 18974 6005 4235 6317 13188 47313 174469 9221 3580 12493 3805 13378 9278 11608 23253 21230 24535 161440 17028 8743 5864 6947 2989
internal_value=-0.000621149 0.00772038 -0.00111972 0.00452329 0.00918084 -0.00202698 -0.00267352 0.00592995 0.00511039 -0.0133969 -0.00885557 -0.013968 -0.00210743 -0.00142834 -0.00521189 -0.00168299 -6.23921e-05 -0.0140775 -0.00294687 -0.00208313 0.00211737 0.00795534 -0.0100928 -0.0190723 0.00274124 -0.0056236 0.012782 -0.00528693 -0.00780877 -0.000842581
internal_weight=762714 43015 719699 99683 64787 620016 573423 46593 49686 28752 23740 19505 544671 497358 131928 94367 365430 37561 90787 88683 58175 36631 30508 28340 190961 29521 27717 17659 21544 14597
internal_count=762714 43015 719699 99683 64787 620016 573423 46593 49686 28752 23740 19505 544671 497358 131928 94367 365430 37561 90787 88683 58175 36631 30508 28340 190961 29521 27717 17659 21544 14597
cat_boundaries=0 3 5 8 10 12 14 16 19 21
cat_threshold=1928791433 34677701 1 3818076712 269115972 814645921 2683101252 1 1220603970 3530589208 3827386819 1425983385 1073791170 273589400 1722200632 2151769156 17303681 535890208 1 135037480 2835423296
is_linear=0
shrinkage=0.06


Tree=77
num_leaves=31
num_cat=7
split_feature=111 46 98 104 0 140 54 130 129 111 127 131 104 91 104 114 109 104 57 104 122 111 112 109 129 122 121 111 139 104
split_gain=889.829 970.898 939.876 839.615 763.847 896.359 694.996 674.482 794.466 782.37 702.599 643.831 819.42 605.227 818.032 665.569 601.794 594.331 590.753 543.274 543.07 672.825 772.652 510.716 497.1 489.708 483.295 503.889 579.179 660.31
threshold=44.500000000000007 118.90000000000002 -0.18386704952168662 0 385.50041198730474 27.000000000000004 111.40796320716645 0.91597561503675362 60.500000000000007 70.500000000000014 0.36115311521097199 -0.37940952255126015 1 2 3 -0.14913154157920147 1152.5000000000002 4 313.66579516951361 5 0.021722203101946135 32.500000000000007 3.2050000000000005 47.500000000000007 84.500000000000014 0.07688256673047679 994.75000000000011 93.500000000000014 19.500000000000004 6
decision_type=2 8 2 1 2 2 10 2 2 2 2 2 1 1 1 2 2 1 10 1 2 2 2 2 2 2 2 2 2 1
left_child=2 4 3 -1 11 -6 7 9 -9 18 17 12 -2 14 -12 -15 -4 -11 -3 -17 -5 -22 25 -16 -10 -23 27 28 -26 -30
right_child=1 6 16 20 5 -7 -8 8 24 10 13 -13 -14 15 23 19 -18 -19 -20 -21 21 22 -24 -25 26 -27 -28 -29 29 -31
leaf_value=0.24009193040792268 -0.14704987330209418 -0.064166631094780657 -0.65372230235295614 0.7158077513646347 3.2010332954628375 -0.37658769669212205 1.678209078083188 -0.49287971899731514 0.78817507570021517 0.26838339955526463 0.22126870857802841 -0.1980362491174236 0.25732100316991308 0.40731769947991098 2.8246739630102988 0.17981131076634482 0.42229535231723869 -0.37579626644395209 0.14833478651494544 -0.063484981213892983 -0.7390729825594653 -0.74100023501754064 0.18859498763324439 0.62015785263507894 -0.43208042973222061 -0.2520581939329955 -0.68301131316859875 0.31617177140759278 -0.52135273862044496 1.0284378300394446
leaf_weight=18425 38756 128040 7420 2608 7006 6652 5297 8353 2453 9682 20986 181160 41754 30943 13769 32325 666 16130 42996 46775 8306 2975 11968 8700 15493 27193 3110 11859 3142 7297
leaf_count=18425 38756 128040 7420 2608 7006 6652 5297 8353 2453 9682 20986 181160 41754 30943 13769 32325 666 16130 42996 46775 8306 2975 11968 8700 15493 27193 3110 11859 3142 7297
internal_value=-0.000604928 9.49202e-05 -0.00660994 -0.00441631 -0.00265733 0.011175 0.00195517 0.00167067 -0.00472615 0.00261478 0.00538394 -0.00337936 0.00108507 0.00692408 0.0129191 0.00455504 -0.0259973 -0.00377484 -0.000288359 0.00163689 -0.00824787 -0.00962988 -0.00655291 0.0208746 -0.00146142 -0.0116703 -0.00303506 -0.00116374 -0.00584892 0.00507471
internal_weight=762239 682678 79561 71475 275328 13658 407350 402053 51707 350346 179310 261670 80510 153498 43455 110043 8086 25812 171036 79100 53050 50442 42136 22469 43354 30168 40901 37791 25932 10439
internal_count=762239 682678 79561 71475 275328 13658 407350 402053 51707 350346 179310 261670 80510 153498 43455 110043 8086 25812 171036 79100 53050 50442 42136 22469 43354 30168 40901 37791 25932 10439
cat_boundaries=0 2 4 5 7 9 11 13
cat_threshold=706982016 8902 1660975722 2608260188 24 1646510315 500164184 1208533063 491697304 541766 1610529816 1610666050 281977884
is_linear=0
shrinkage=0.06


Tree=78
num_leaves=31
num_cat=8
split_feature=139 134 98 111 132 137 132 137 110 126 104 104 132 114 104 54 104 133 129 104 28 104 132 115 104 20 112 104 115 114
split_gain=825.129 890.947 2583.89 2344.45 1383.54 1460.14 1821.34 1281 1222.63 1525.16 1241.3 1211.93 1184.19 1148.12 1090.9 976.576 974.741 966.275 896.83 894.993 907.555 890.441 882.048 1318.07 881.834 838.862 824.17 817.64 797.918 789.38
threshold=64.500000000000014 1.0000000180025095e-35 -0.012900982721897882 79.500000000000014 0.66766646831012755 0.0021274278612003691 -0.73208386245364632 0.01126364564421809 20.950000000000003 237.20000000000002 0 1 -0.61828976220477139 3.3957990556093347 2 2.0622503342401326 3 0.99138911339924218 37.500000000000007 4 113.06041666666668 5 -0.76624641395159687 -1.1618516072351885 6 23.434435355117156 1.1250000000000002 7 0.45748186522764456 -0.40666562505290288
decision_type=2 2 2 2 2 2 2 2 2 2 1 1 2 2 1 10 1 2 2 1 10 1 2 2 1 8 2 1 2 2
left_child=1 4 12 18 5 6 11 8 9 -7 -11 -1 24 19 -14 -16 -9 -15 27 -8 -21 -10 23 -13 -3 -18 -20 -4 -5 -27
right_child=-2 2 3 28 -6 7 13 16 21 10 -12 22 14 17 15 -17 25 -19 26 20 -22 -23 -24 -25 -26 29 -28 -29 -30 -31
leaf_value=-0.67206493454366523 -0.52958481865008766 0.30199762511528516 0.41307073039343506 -0.0022966455906157533 -0.50350096917831189 -0.50340945134725812 0.19776465809255653 -0.27906586385029641 0.61270775085939833 -0.56409664273731353 4.8010581993654293 -2.591585913580126 -0.36765297747615644 -0.20429712018676441 -0.11204570633464583 1.2727903438905284 0.15633009015141014 -2.1423839371939537 -1.9231336176437064 0.18530255557966965 -0.12771453155573623 -0.57007550696278908 1.4876917685752085 0.47574282847778449 -0.072503402020340668 0.39187237047323659 -0.16425199373646876 -1.0190471009904658 0.90283212788193223 -0.31241965049486797
leaf_weight=2980 11304 41810 885 26174 11311 8539 113240 35833 1160 1192 3662 2387 7021 8177 6588 37128 22567 2759 1604 30065 206977 23479 15052 6694 41594 14256 28307 8227 8923 32218
leaf_count=2980 11304 41810 885 26174 11311 8539 113240 35833 1160 1192 3662 2387 7021 8177 6588 37128 22567 2759 1604 30065 206977 23479 15052 6694 41594 14256 28307 8227 8923 32218
internal_value=-0.000671632 -0.000429376 0.00290663 -0.00608411 -0.00170993 -0.00126779 0.000640431 -0.00645315 -0.0158862 -0.00129461 0.0255572 0.0156384 0.00787449 -0.000485357 0.0151023 0.0186256 -0.00303218 -0.0196288 -0.0162039 0.000112366 -0.00198386 -0.0238174 0.0200919 0.00533142 0.00347749 0.00113567 -0.0111828 -0.032683 0.00516782 -0.00347283
internal_weight=762113 750809 208261 74120 542548 531237 388331 142906 38032 13393 4854 27113 134141 361218 50737 43716 104874 10936 39023 350282 237042 24639 24133 9081 83404 69041 29911 9112 35097 46474
internal_count=762113 750809 208261 74120 542548 531237 388331 142906 38032 13393 4854 27113 134141 361218 50737 43716 104874 10936 39023 350282 237042 24639 24133 9081 83404 69041 29911 9112 35097 46474
cat_boundaries=0 2 4 6 8 10 12 14 16
cat_threshold=1073791042 275555416 536905728 9175104 536870912 152723520 3777038466 2423146062 2282227840 3979221224 32768 8256 348840189 3417413686 0 306847744
is_linear=0
shrinkage=0.06


Tree=79
num_leaves=31
num_cat=7
split_feature=89 61 140 57 111 127 104 104 114 118 104 119 123 132 122 104 69 112 16 23 140 69 104 132 60 139 111 123 104 123
split_gain=817.257 682.936 979.986 599.059 577.314 793.766 872.789 649.989 572.624 574.347 528.455 494.998 807.238 574.165 494.952 465.998 457.057 450.067 434.774 461.523 549.419 581.137 402.272 381.699 375.721 371.606 367.544 367.409 387.739 363.553
threshold=0 5.9571329339702084 4.5000000000000009 83.062639869110527 75.500000000000014 1.0000000180025095e-35 1 2 -0.69185236169184083 0.15000000000000005 3 201.50000000000003 0.29193314194359404 0.55923163791368669 0.2660205089007065 4 9.7500000000000018 2.3650000000000007 249.55000000000004 3.1833333333333305 10.500000000000002 11.65 5 -0.79836866623954783 81.919182337021894 59.500000000000007 68.500000000000014 0.31467010681895352 6 0.94532124365709502
decision_type=1 2 2 8 2 2 1 1 2 2 1 2 2 2 2 1 2 2 10 8 2 2 1 2 2 2 2 2 1 2
left_child=18 3 -3 -2 7 6 -6 -5 14 10 -10 13 15 25 27 -13 22 -12 19 -1 -21 -22 -16 -4 -18 29 -20 28 -7 -9
right_child=1 2 23 4 5 8 -8 11 9 -11 17 12 -14 -15 16 -17 24 -19 26 20 21 -23 -24 -25 -26 -27 -28 -29 -30 -31
leaf_value=-0.045871206917004199 -0.27195590654571644 4.3866294853359404 -1.577126085295792 -0.008971721429933837 0.38242113673277967 -0.39123796023194612 -0.87556633905981229 -0.26994812714545657 0.11275494758529418 -0.46210349474275564 -0.20111616054720974 -0.0062597395884772308 0.20083555080277504 -0.63630375971268904 0.28800832971297979 -0.21583991331798386 0.068249017847072227 0.11285237898723664 0.1521635755034991 0.33204733252571955 0.32011060499560473 -0.14856331010375584 1.3033617250555531 0.57271975755865356 2.5164590626769527 -0.87250589716160043 1.1407307106967766 -0.44304979221853896 0.92557898670224781 0.21686855950364844
leaf_weight=80642 69367 3955 1837 127649 2271 954 4272 48308 88591 2356 64248 22044 19017 3339 5289 27025 17816 19421 16958 24698 26531 27045 9712 15389 1288 5147 14849 3662 1209 7729
leaf_count=80642 69367 3955 1837 127649 2271 954 4272 48308 88591 2356 64248 22044 19017 3339 5289 27025 17816 19421 16958 24698 26531 27045 9712 15389 1288 5147 14849 3662 1209 7729
internal_value=-0.000619969 -0.00175424 0.00881786 -0.0021609 -0.00140967 0.000844814 -0.0197402 -0.00332484 0.00147268 -9.62106e-06 0.000392892 -0.00626648 -0.00269831 -0.0100325 0.00795472 -0.00676544 0.0107154 -0.00302653 0.00278115 0.00149965 0.0047816 0.0013685 0.0185535 0.00263308 0.00456006 -0.00870998 0.00918448 -0.00820803 0.0113956 -0.00729255
internal_weight=762618 571895 21181 550714 481347 221089 6543 260258 214546 174616 172260 132609 68086 64523 39930 49069 34105 83669 190723 158916 78274 53576 15001 17226 19104 61184 31807 5825 2163 56037
internal_count=762618 571895 21181 550714 481347 221089 6543 260258 214546 174616 172260 132609 68086 64523 39930 49069 34105 83669 190723 158916 78274 53576 15001 17226 19104 61184 31807 5825 2163 56037
cat_boundaries=0 1 3 5 8 11 14 17
cat_threshold=48 1174454355 424600664 456110648 160168900 2429075671 4142963770 1 2697987460 1677721603 1 1980399649 262758468 1 1149289026 3757868060 1
is_linear=0
shrinkage=0.06


Tree=80
num_leaves=31
num_cat=0
split_feature=111 127 131 131 124 127 115 113 132 129 132 132 132 129 137 113 133 25 132 54 127 3 27 111 115 133 25 59 126 119
split_gain=775.335 838.61 950.096 1083.76 1000.57 895.903 836.381 844.198 777.84 700.525 1106.4 647.514 1016.03 793.824 764.201 644.264 622.726 608.664 616.75 605.284 593.621 585.757 582.412 620.093 1320.52 876.763 577.405 645.431 563.864 556.26
threshold=44.500000000000007 0.010854541769774019 -0.37940952255126015 0.37940952255126048 0.034999999999999996 52.489913145642596 1.8859116222410479 298.50000000000006 -0.38142733947913604 67.500000000000014 0.32917936166072764 -0.76624641395159687 -0.73208386245364632 112.50000000000001 0.22623637047664433 265.50000000000006 0.99981043035926087 0.98704003633434467 0.61490419508004501 12.953644681412234 31.211025117122379 40.001250000000006 107.1375 57.500000000000007 -1.5512966824453474 0.94066717844141279 0.93621440507378628 2562.5950000000003 111.12500000000001 641.50000000000011
decision_type=2 2 2 2 2 2 2 2 2 2 2 2 2 2 2 2 2 8 2 10 2 10 8 2 2 2 10 8 2 2
left_child=8 16 4 5 20 22 7 21 11 -6 29 13 -13 -1 -15 -12 26 18 -9 -14 -3 -5 -4 24 25 -24 27 -2 -27 -11
right_child=1 2 3 6 9 -7 -8 17 -10 10 15 12 19 14 -16 -17 -18 -19 -20 -21 -22 -23 23 -25 -26 28 -28 -29 -30 -31
leaf_value=0.57872454243865967 -0.70708637780637817 -0.11365158998552245 0.048295214024325329 0.095906739016202738 -0.050550221070802905 1.3204230958121146 -0.61385213481747181 0.034705191627722912 -0.440501975832922 0.27211071631406863 0.42549475261044617 0.96384128954137216 0.16692019614878489 -0.61645941096394663 0.1303290723543705 1.5516744341984527 0.7233989767970993 -0.36763099456232051 -0.45139504965287469 -0.32062239520274616 3.3671095946136713 0.36235672504115202 -0.28688774307055437 -0.17533561008641285 -0.73974694330419588 -3.552648755318788 0.20674834179848914 -0.023904572827971433 0.86533119788982582 -0.17052199044471988
leaf_weight=4208 14791 45444 27210 91608 29047 5611 7179 109589 14131 105245 9535 6197 14600 17685 5132 6351 2340 14009 9062 17785 1930 45469 7418 107690 19078 320 3445 6349 3311 10722
leaf_count=4208 14791 45444 27210 91608 29047 5611 7179 109589 14131 105245 9535 6197 14600 17685 5132 6351 2340 14009 9062 17785 1930 45469 7418 107690 19078 320 3445 6349 3311 10722
internal_value=-0.000573095 8.07612e-05 0.000506839 -0.00105104 0.00385452 -0.00481226 0.00126666 0.00180464 -0.00617163 0.00611109 0.00796927 -0.00342123 0.00156753 -0.0105432 -0.0149592 0.0228187 -0.0102971 -0.00160741 -0.000210869 -0.0026919 -0.0038096 0.00510673 -0.00561396 -0.00719775 -0.0148068 0.00169955 -0.0131123 -0.0168242 0.0258535 0.00593491
internal_weight=762491 682753 655828 447554 208274 170638 276916 269737 79738 160900 131853 65607 38582 27025 22817 15886 26925 132660 118651 32385 47374 137077 165027 137817 30127 11049 24585 21140 3631 115967
internal_count=762491 682753 655828 447554 208274 170638 276916 269737 79738 160900 131853 65607 38582 27025 22817 15886 26925 132660 118651 32385 47374 137077 165027 137817 30127 11049 24585 21140 3631 115967
is_linear=0
shrinkage=0.06


Tree=81
num_leaves=31
num_cat=8
split_feature=89 111 104 5 128 139 128 104 121 124 132 20 135 104 104 0 110 122 139 111 104 14 34 133 132 104 69 104 128 134
split_gain=730.461 701.275 583.882 543.881 535.875 629.411 622.114 572.408 525.505 1018.62 608.841 579.232 495.962 480.284 472.096 462.46 538.737 458.697 480.148 715.703 454.363 444.728 437.736 499.88 657.491 634.462 592.747 432.513 414.845 411.345
threshold=0 70.500000000000014 1 0.62450000000000017 0.0042444013425743119 51.500000000000007 0.0098579303511149869 2 992.55000000000007 0.048333333333333346 -0.38142733947913604 25.316884257966024 1.0000000180025095e-35 3 4 159.01000000000002 15.250000000000002 0.49661736981649779 46.500000000000007 35.500000000000007 5 367.62500000000006 2.0935000000000001 0.93469109537144635 -0.26762560548918296 6 10.950000000000001 7 0.00029882613473292135 1.0000000180025095e-35
decision_type=1 2 1 10 2 2 2 1 2 2 2 10 2 1 1 2 2 2 2 2 1 8 10 2 2 1 2 1 2 2
left_child=12 4 3 28 8 7 -7 -6 11 10 -10 27 22 -12 -13 -14 -17 18 19 29 -8 -4 23 -1 25 -25 -26 -2 -3 -9
right_child=1 2 21 -5 5 6 20 17 9 -11 13 14 15 -15 -16 16 -18 -19 -20 -21 -22 -23 -24 24 26 -27 -28 -29 -30 -31
leaf_value=-0.16502802237658684 -0.1241059353871212 -0.41504609869673259 0.14953844737746649 0.27295107060008716 -0.10313468024834178 0.13751596573574518 0.052121353033430746 -0.94397294604289284 0.14664764596009219 0.28635644442881952 0.04374522104722544 -0.45847779587363047 -0.064136257168867131 -0.55739495543994877 -0.19074101298401955 0.062521721578512476 1.3933580513869737 -0.12504501997388701 1.1818629758757102 0.3757857570485939 -0.86218145833656701 1.3779376649156989 -0.56275348262800973 -0.30351481399805025 0.036418529084048142 2.8757582155800927 -0.7582800848833906 0.096801064747229049 -0.042006234079565698 0.50561815146601785
leaf_weight=157029 11475 12801 156848 14803 21033 8904 3024 3122 6080 28926 2471 24273 30003 8077 39864 14348 9269 11934 7918 29012 7067 8793 9024 3056 48095 5203 9512 19324 49346 1502
leaf_count=157029 11475 12801 156848 14803 21033 8904 3024 3122 6080 28926 2471 24273 30003 8077 39864 14348 9269 11934 7918 29012 7067 8793 9024 3056 48095 5203 9512 19324 49346 1502
internal_value=-0.00054258 0.000895201 0.00315567 -0.00116319 -0.00144816 0.00207107 -0.00767846 0.00455624 -0.00379071 0.00150675 -0.0103265 -0.00633262 -0.00294232 -0.0190426 -0.00958028 0.00225807 0.0085384 0.00785286 0.0108319 0.00770223 -0.0178775 0.00516178 -0.00414479 -0.00362025 0.000767 0.0165981 -0.00150292 0.000430519 -0.00362522 -0.0142184
internal_weight=762136 476597 242591 76950 234006 93516 18995 74521 140490 45554 16628 94936 285539 10548 64137 53620 23617 53488 41554 33636 10091 165641 231919 222895 65866 8259 57607 30799 62147 4624
internal_count=762136 476597 242591 76950 234006 93516 18995 74521 140490 45554 16628 94936 285539 10548 64137 53620 23617 53488 41554 33636 10091 165641 231919 222895 65866 8259 57607 30799 62147 4624
cat_boundaries=0 1 4 6 8 11 13 15 17
cat_threshold=133 841167528 9003588 1 1610663939 1928070152 2162762 306898584 1104167495 2607860794 1 1744882288 2191680592 1646477378 424666712 3875551651 314590633
is_linear=0
shrinkage=0.06


Tree=82
num_leaves=31
num_cat=6
split_feature=112 104 131 96 0 140 23 140 69 131 47 114 104 132 131 104 139 126 16 104 110 132 104 110 104 119 113 132 122 101
split_gain=736.229 958.13 804.915 760.268 551.001 753.602 545.08 812.576 606.635 463.758 723.333 758.912 671.498 594.102 514.772 577.768 480.478 397.937 397.025 381.919 362.079 366.522 366.615 360.376 341.672 337.917 364.332 328.13 326.107 443.428
threshold=3.6250000000000004 0 -0.9159756150367534 -0.37940952255126059 385.50041198730474 2.5000000000000004 3.1833333333333305 21.000000000000004 11.850000000000003 -0.37940952255126015 388.00520833333343 -1.5952980467773936 1 0.66766646831012755 0.91597561503675351 2 10.500000000000002 65.475000000000009 249.55000000000004 3 16.650000000000002 -0.73208386245364632 4 25.250000000000004 5 678.50000000000011 319.50000000000006 -0.79836866623954783 0.1518190249420957 0.93301270189221952
decision_type=2 1 2 2 2 2 10 2 2 2 8 2 1 2 2 1 2 2 10 1 2 2 1 2 1 2 2 2 2 2
left_child=3 -2 28 6 9 -6 18 -8 17 12 13 16 23 -11 15 20 24 -9 -1 -18 21 22 -13 -5 -12 26 -4 -7 29 -3
right_child=1 2 25 4 5 27 7 8 -10 10 11 14 -14 -15 -16 -17 19 -19 -20 -21 -22 -23 -24 -25 -26 -27 -28 -29 -30 -31
leaf_value=-0.043039637585979874 0.23870559310535966 0.1286396708436493 -0.3365700220812527 -0.064689810803443631 4.5715555145123252 -1.2897496527385319 0.35873961767587215 1.3327118660095947 -0.17283871207673202 -0.30572607118218714 -0.057509613808565799 -0.83225080268022056 0.099916667235410442 -1.2178850725819901 0.10204652146016016 -0.031125055574705837 0.24500154537719254 0.12743589620085771 0.35891393789946446 -0.8344168455235812 -0.33653206919152123 -0.21733073314107626 3.0078662489095116 -0.27335352639739313 1.0613154736167119 -0.60575237937250948 -1.1934062032364408 0.76664543418328002 0.50772644573442194 -0.8499589260219208
leaf_weight=116940 10220 5129 17412 42518 2275 1860 57633 6797 32817 64332 2725 805 99565 1973 44346 83681 1571 31476 26164 1538 31644 33564 2048 12025 8860 1894 2162 13070 2278 2888
leaf_count=116940 10220 5129 17412 42518 2275 1860 57633 6797 32817 64332 2725 805 99565 1973 44346 83681 1571 31476 26164 1538 31644 33564 2048 12025 8860 1894 2162 13070 2278 2888
internal_value=-0.000523949 -0.00824743 -0.0133864 -7.37267e-05 -0.00159152 0.00893758 0.00242999 0.00526289 0.000970587 -0.00201166 -0.00347911 -0.00175972 0.000626829 -0.00894489 -0.00274528 -0.00440719 0.0113916 0.00610284 -0.000118235 -0.00954984 -0.00851187 -0.00443352 0.0162088 -0.00472376 0.0170119 -0.0200047 -0.0176613 0.00403456 0.000402098 -0.0052906
internal_weight=762210 41983 31763 720227 448400 17205 271827 128723 71090 431195 277087 210782 154108 66305 196088 151742 14694 38273 143104 3109 68061 36417 2853 54543 11585 21468 19574 14930 10295 8017
internal_count=762210 41983 31763 720227 448400 17205 271827 128723 71090 431195 277087 210782 154108 66305 196088 151742 14694 38273 143104 3109 68061 36417 2853 54543 11585 21468 19574 14930 10295 8017
cat_boundaries=0 2 4 7 9 11 14
cat_threshold=2703331456 144322 3774884466 2607235088 4160167172 8392583 1 3938505066 811066584 1644173312 8389632 545431681 152576068 1
is_linear=0
shrinkage=0.06


Tree=83
num_leaves=31
num_cat=8
split_feature=139 47 127 111 110 137 104 104 124 126 104 119 119 127 21 110 119 20 104 111 104 104 104 109 59 90 122 46 104 47
split_gain=694.162 731.575 691.527 671.288 1094.64 1009.42 816.234 767.275 695.958 657.237 1371.86 784.919 637.596 608.421 705.194 686.616 585.741 585.173 574.205 661.698 557.535 532.958 521.696 517.051 516.604 606.43 512.367 490.165 475.432 442.709
threshold=64.500000000000014 548.08645833333344 1.0000000180025095e-35 75.500000000000014 8.0500000000000025 0.61497421480319081 0 1 0.37166666666666676 134.30000000000004 2 43.500000000000007 125.50000000000001 8.5068687658261819 118.31666666666668 17.050000000000004 604.50000000000011 112.39701400630111 3 83.500000000000014 4 5 6 17.500000000000004 132.57500000000002 4.5000000000000009 0.038136718240524781 175.75000000000003 7 1188.2458333333336
decision_type=2 10 2 2 2 2 1 1 2 2 1 2 2 2 8 2 2 10 1 2 1 1 1 2 10 2 2 10 1 10
left_child=2 20 18 4 -4 7 9 17 -9 10 -6 22 23 14 28 16 -15 27 -1 -20 -2 -7 -12 -10 -25 -26 -16 -5 -11 -28
right_child=1 -3 3 5 6 21 -8 8 12 13 11 -13 -14 15 26 -17 -18 -19 19 -21 -22 -23 -24 24 25 -27 29 -29 -30 -31
leaf_value=-0.0061046473442689826 -0.16960241645770452 0.084953381158535984 -1.1197539485571442 0.017880259899580152 -0.61551833299998637 0.34498129432738722 -0.10485351879678539 0.063871214594611272 0.18250760881822428 0.35957999642995769 1.9393777282300795 -0.53998163580377334 0.33062417659628152 2.143530229592598 -1.1076746969909124 0.215210681553377 -0.82267049837086414 2.1553753433478549 -0.21167083621425528 -0.96408003987113766 -1.2727753602218208 4.3794682559447926 0.1452198451567483 -0.6281565643782846 -0.045532113887007314 -0.70218433813024383 -0.0023351928456148128 0.23914330241374429 0.035726992082601612 -0.68142497471986241
leaf_weight=6965 2360 4549 2126 68122 16145 3527 211898 115705 13621 6566 6418 9016 11817 8997 1104 39218 338 7277 4002 4329 4462 4441 17203 18981 26094 9782 66717 59568 7325 3559
leaf_count=6965 2360 4549 2126 68122 16145 3527 211898 115705 13621 6566 6418 9016 11817 8997 1104 39218 338 7277 4002 4329 4462 4441 17203 18981 26094 9782 66717 59568 7325 3559
internal_value=-0.000508663 -0.0152216 -0.000285831 -2.32474e-05 -0.00169881 0.00193753 -0.00146736 0.00142944 -0.000967905 0.00147259 -0.00448927 0.00258944 -0.00525979 0.00364596 0.000593161 0.00900729 0.0236311 0.00491058 -0.0129123 -0.0235267 -0.0276477 0.0230393 0.00833884 -0.00748083 -0.0100787 -0.0058433 -0.00181393 0.0039677 0.0129614 -0.00117649
internal_weight=762232 11371 750861 735565 396630 338935 394504 330967 196000 182606 48782 32637 80295 133824 85271 48553 9335 134967 15296 8331 6822 7968 23621 68478 54857 35876 71380 127690 13891 70276
internal_count=762232 11371 750861 735565 396630 338935 394504 330967 196000 182606 48782 32637 80295 133824 85271 48553 9335 134967 15296 8331 6822 7968 23621 68478 54857 35876 71380 127690 13891 70276
cat_boundaries=0 2 4 6 8 10 12 14 16
cat_threshold=456078904 160119716 2152221142 1953537082 270730240 533376 1189527635 424474328 707893248 2360173252 1694525506 3153060952 17301520 159383552 271122448 602624
is_linear=0
shrinkage=0.06


Tree=84
num_leaves=31
num_cat=10
split_feature=123 104 135 133 134 104 99 126 104 139 104 139 53 132 104 132 104 104 130 137 137 124 104 104 111 133 112 123 104 133
split_gain=680.036 1234.88 694.164 940.717 1057.79 987.75 781.072 728.183 660.279 633.901 1293.46 789.317 1097.49 852.625 948.848 802.364 881.308 800.864 689.271 885.587 774.245 834.39 778.473 716.98 714.373 902.794 658.585 657.123 563.479 538.591
threshold=0.95721192111076803 0 1.0000000180025095e-35 0.97648852793709995 1.0000000180025095e-35 1 0.96177147954086928 30.225000000000005 2 59.500000000000007 3 46.500000000000007 10.208192883553815 -0.73208386245364632 4 -0.67086170185690197 5 6 0.37940952255126054 0.083227709543603312 0.61497421480319081 0.40500000000000008 7 8 50.500000000000007 0.99138911339924218 3.3850000000000002 0.91052814484341871 9 0.94909129669788206
decision_type=2 1 2 2 2 1 2 2 1 2 1 2 10 2 1 2 1 1 2 2 2 2 1 1 2 2 2 2 1 2
left_child=2 29 7 5 8 -4 -7 -1 -5 11 -11 12 18 14 -13 17 -17 -15 19 24 21 26 -23 -21 25 -9 -20 -24 -26 -2
right_child=1 -3 3 4 -6 6 -8 9 -10 10 -12 13 -14 15 -16 16 -18 -19 20 23 -22 22 27 -25 28 -27 -28 -29 -30 -31
leaf_value=-0.60804237485797552 -0.52505430592327573 0.86112724998845069 0.63132957045055038 -0.078359280226220698 0.42344363403027596 -0.033244303477110153 0.85971718917530293 -0.041405227115706961 -1.1487063661068226 -0.70728452799242603 0.032117917660964959 -0.77395742726310146 -0.21015630176065087 0.4447710801825826 1.1217053868543976 -0.17619127930976161 0.90187181895132196 -0.57091906074677634 -0.014020722107383676 0.049578552377760585 2.5948952292810326 0.011562134634953765 -0.93950987062003144 -0.38053482831801871 -0.0074456306656657031 -1.2403307686789462 -0.76754904113241473 -0.2061814064596193 0.16847740277331921 0.71110908032330711
leaf_weight=13819 12124 25440 32779 5540 5956 45120 3146 43916 7222 13712 17942 2070 111953 8261 12520 8121 11053 14030 72927 16746 2455 10017 14055 20530 73957 4140 3367 7156 137315 5416
leaf_count=13819 12124 25440 32779 5540 5956 45120 3146 43916 7222 13712 17942 2070 111953 8261 12520 8121 11053 14030 72927 16746 2455 10017 14055 20530 73957 4140 3367 7156 137315 5416
internal_value=-0.000552565 0.00677881 -0.000990323 0.00365483 -0.0084684 0.00645485 0.000994262 -0.00173769 -0.018212 -0.00142725 -0.00969326 -0.000971858 -0.00170303 0.00579171 0.0182661 0.00140211 0.010401 -0.0063386 -0.000254561 0.00124974 -0.00431159 -0.0050724 -0.0133338 -0.00739759 0.00249274 -0.00411012 -0.00169081 -0.0198388 0.00399464 -0.00546977
internal_weight=762805 42980 719825 99763 18718 81045 48266 620062 12762 606243 31654 574589 518534 56055 14590 41465 19174 22291 406581 296604 109977 107522 31228 37276 259328 48056 76294 21211 211272 17540
internal_count=762805 42980 719825 99763 18718 81045 48266 620062 12762 606243 31654 574589 518534 56055 14590 41465 19174 22291 406581 296604 109977 107522 31228 37276 259328 48056 76294 21211 211272 17540
cat_boundaries=0 3 6 9 11 14 17 19 21 23 25
cat_threshold=1928791433 34677701 1 470549527 1873878304 1 1208533442 910605599 1 3561505238 374513049 536905728 11272256 1 2364711969 1151296192 1 109873176 3685838916 1078116546 876917880 2600449848 1073754821 1719806651 3510894660
is_linear=0
shrinkage=0.06


Tree=85
num_leaves=31
num_cat=8
split_feature=46 122 104 134 102 103 104 111 20 54 130 111 127 16 109 129 104 104 104 104 119 129 113 111 120 28 21 129 104 104
split_gain=682.799 635.872 688.593 595.08 944.108 819.117 625.033 756.814 506.467 502.15 513.691 655.232 639.667 666.246 676.305 596.916 537.34 491.987 481.651 458.292 529.222 426.24 455.588 418.917 480.194 468.781 409.524 430.368 408.763 405.802
threshold=100.425 0.07688256673047679 0 1.0000000180025095e-35 61.500000000000007 1.229174317522145e-10 1 92.500000000000014 32.303888181231578 111.40796320716645 0.91597561503675362 75.500000000000014 0.36115311521097199 102.01375000000002 57.500000000000007 60.500000000000007 2 3 4 5 201.50000000000003 84.500000000000014 292.50000000000006 94.500000000000014 1.5000000000000002 124.7013888888889 115.88333333333335 184.50000000000003 6 7
decision_type=8 2 1 2 2 2 1 2 10 10 2 2 2 10 2 2 1 1 1 1 2 2 2 2 2 8 10 2 1 1
left_child=3 2 -2 6 5 -5 7 8 -1 10 11 19 17 16 -15 28 -14 -13 -7 20 -3 -17 -23 24 -16 -25 -21 -28 -12 -6
right_child=1 9 -4 4 29 18 -8 -9 -10 -11 15 12 13 14 23 21 -18 -19 -20 26 -22 22 -24 25 -26 -27 27 -29 -30 -31
leaf_value=-0.098063687416001383 0.086337242660464428 -0.22582984165177464 -0.30382358002359339 -0.2249942342026594 0.20745859673144423 0.56252157768380529 -0.11487967905880736 0.18973486712845861 -0.59345528030691164 0.91537597868228682 -0.028711762698179655 0.23530432574890725 0.19043890253274581 0.8364881012523665 -0.01551814990599496 0.73196514976141358 -0.10038841722063281 -0.37087269639936232 0.06992091547004918 0.12279602810670212 0.043387734241904778 -0.35888710043511679 0.10231535815594327 0.91428802774106599 0.50492741420982357 -0.6413142139509318 -0.20039497169523265 0.069969131551804647 -0.59793791560655563 -1.0775498616983918
leaf_weight=13026 13013 50851 18360 14964 1355 23025 147790 6655 20846 7640 3196 9108 25314 44998 16449 2670 32123 15210 26507 29439 42199 20890 24197 962 15916 5001 23518 97574 5679 4109
leaf_count=13026 13013 50851 18360 14964 1355 23025 147790 6655 20846 7640 3196 9108 25314 44998 16449 2670 32123 15210 26507 29439 42199 20890 24197 962 15916 5001 23518 97574 5679 4109
internal_value=-0.000427388 0.000857452 -0.00741442 -0.00293614 0.001789 0.00381785 -0.00469153 -0.0112916 -0.0149287 0.0014062 0.00115565 0.0018978 0.00481615 0.00636853 0.00979562 -0.00419967 0.00139664 -0.00416958 0.00753437 -8.00552e-05 -0.00339003 -0.00154403 -0.00292362 0.00393853 0.00663103 -0.010674 0.0019661 0.000423146 -0.0184881 -0.0221555
internal_weight=762584 504307 31373 258277 69960 64496 188317 40527 33872 472934 465294 408662 165081 140763 83326 56632 57437 24318 49532 243581 93050 47757 45087 38328 32365 5963 150531 121092 8875 5464
internal_count=762584 504307 31373 258277 69960 64496 188317 40527 33872 472934 465294 408662 165081 140763 83326 56632 57437 24318 49532 243581 93050 47757 45087 38328 32365 5963 150531 121092 8875 5464
cat_boundaries=0 3 5 7 9 11 13 15 17
cat_threshold=2855515272 2148215750 1 1610637378 272942104 3305161810 4193698840 1208500294 525268120 1409991165 4104165431 3837790599 4100981187 1162133715 465708056 171151360 2148360768
is_linear=0
shrinkage=0.06


Tree=86
num_leaves=31
num_cat=8
split_feature=132 129 104 104 109 104 127 104 111 131 112 103 109 137 104 104 111 113 109 104 127 69 112 104 111 130 54 124 119 113
split_gain=594.093 1278.71 866.807 761.119 678.006 1034.03 617.518 610.705 557.902 820.456 1245.64 1066.17 975.162 972.181 901.323 896.738 891.361 845.714 796.731 731.276 694.595 632.676 619.529 604.555 597.605 556.095 516.707 502.125 560.582 497.741
threshold=0.61490419508004501 178.50000000000003 0 1 17.500000000000004 2 0.010854541769774019 3 42.500000000000007 -0.37940952255126015 1.7750000000000001 0.61497421480319081 217.50000000000003 0.61497421480319081 4 5 84.500000000000014 140.50000000000003 182.50000000000003 6 94.12546632628893 17.650000000000002 2.8750000000000004 7 75.500000000000014 -0.78656609248549303 11.266302581936781 0.83500000000000008 641.50000000000011 183.50000000000003
decision_type=2 2 1 1 2 1 2 1 2 2 2 2 2 2 1 1 2 2 2 1 2 2 2 1 2 2 10 2 2 2
left_child=4 3 -3 -2 5 -1 7 -6 19 15 12 14 13 23 18 17 21 27 -12 -8 22 -16 29 -11 -15 -4 -27 28 -10 -19
right_child=1 2 25 -5 6 -7 8 -9 9 10 11 -13 -14 24 16 -17 -18 20 -20 -21 -22 -23 -24 -25 -26 26 -28 -29 -30 -31
leaf_value=-0.14353876910209776 -0.013417714416994783 0.36286114867850472 -0.52467091456423198 -1.1175096505487352 -0.0042337714922501841 0.90125789404382683 -0.37008505503623851 -0.54610302390195697 1.315206508126858 -0.11774360015572469 0.21510060288600355 -0.95369011453066876 0.46386108167371942 -1.2058556600595927 -0.20826042771500411 -0.005002683366712119 0.10860814084922921 -0.48338565038892056 -0.26299170441802106 -0.0011995685431446645 6.7769485147439488 0.19244581267954627 -0.1057942604181126 -0.57952902173130494 1.8851027350344549 0.044698591444544959 -0.45440746952914651 -0.68461770718073178 -0.35707012589007076 0.30896239827885752
leaf_weight=18766 1544 11411 5689 3431 12724 21676 26140 13375 14059 27820 136406 5782 3110 1091 90154 113179 56580 4536 12340 35349 1096 7679 19194 42323 4717 12370 6073 1148 1261 51999
leaf_count=18766 1544 11411 5689 3431 12724 21676 26140 13375 14059 27820 136406 5782 3110 1091 90154 113179 56580 4536 12340 35349 1096 7679 19194 42323 4717 12370 6073 1148 1261 51999
internal_value=-0.000532671 -0.00760236 -0.00361411 -0.0360892 -0.000136193 0.00741191 -0.000583758 -0.00963448 -0.00022364 0.000339123 -0.0012869 0.000432897 -0.00800713 -0.00935565 0.000919712 0.00339473 -0.00229122 0.00774951 0.00425284 -0.00566434 0.0051053 -0.00575812 0.00441859 -0.011309 0.0142331 -0.0100551 -0.005 0.0200887 0.0229567 0.00758066
internal_weight=763022 40518 35543 4975 722504 40442 682062 26099 655963 594474 388002 308941 79061 75951 303159 206472 154413 93293 148746 61489 76825 97833 75729 70143 5808 24132 18443 16468 15320 56535
internal_count=763022 40518 35543 4975 722504 40442 682062 26099 655963 594474 388002 308941 79061 75951 303159 206472 154413 93293 148746 61489 76825 97833 75729 70143 5808 24132 18443 16468 15320 56535
cat_boundaries=0 3 5 8 10 12 15 17 19
cat_threshold=620759189 227160418 1 1109614666 269542940 1928791465 35480517 1 1734590547 424212188 228343357 2872530980 2566881684 1677794211 1 1170230283 3145141304 3226124770 3024401465
is_linear=0
shrinkage=0.06


Tree=87
num_leaves=31
num_cat=6
split_feature=88 109 104 133 139 0 140 0 104 21 132 113 60 91 60 133 132 129 47 111 104 111 128 130 104 104 140 99 129 130
split_gain=612.105 575.352 899.376 460.137 451.83 445.298 603.86 422.649 523.864 510.476 638.581 655.406 628.75 471.385 466.62 595.65 471.253 1746.55 559.135 469.846 458.073 449.236 471.849 637.92 607.432 477.792 428.532 427.99 396.706 714.043
threshold=0.50459434946012538 22.500000000000004 0 0.87291090774974645 64.500000000000014 385.50041198730474 7.5000000000000009 30.046250000000004 1 115.88333333333335 -0.96875021044074028 134.50000000000003 81.919182337021894 2 69.133311516989195 0.99981043035926087 0.61490419508004501 178.50000000000003 569.35104166666679 90.500000000000014 3 50.500000000000007 0.032600153146948981 0.37940952255126054 4 5 4.5000000000000009 0.97832380634958016 66.500000000000014 0.78656609248549325
decision_type=10 2 1 2 2 2 2 2 1 10 2 2 2 1 2 2 2 2 10 2 1 2 2 2 1 1 2 2 2 2
left_child=1 2 3 -1 5 -2 -7 8 -3 -9 -11 12 13 20 16 -16 21 -18 19 -19 -12 27 28 25 -25 -24 -10 -13 29 -23
right_child=4 7 -4 -5 -6 6 -8 9 26 10 11 14 -14 -15 15 -17 17 18 -20 -21 -22 22 23 24 -26 -27 -28 -29 -30 -31
leaf_value=-0.45753619186600286 -0.089691306765265322 -0.62771488597104652 0.851361568710293 0.57421341303466755 -0.64604394343828975 3.667208568510361 0.091080597264952406 0.085550656664930641 -0.41776807536344396 -0.38266101778826878 -0.25040607724823755 -0.10699409648261507 2.5236112880301103 0.031763240542403391 -0.58197077119348395 1.4588493534554858 -1.141903321493875 -0.49679572259107402 0.27290472603303684 2.5518662617455465 1.5013505780873759 -0.023780803463141636 1.0548196137298453 -0.68878880739200865 4.6602746938952437 -0.94306501554271138 0.013165108172230048 -0.55759256365829712 0.065415173664394921 -0.78049197384651769
leaf_weight=9647 297409 2140 23039 6495 6170 3572 10605 72115 2164 6670 3786 53511 2728 33674 9355 942 3005 4551 6649 572 9662 19010 2005 913 4345 2682 8874 4794 145700 5938
leaf_count=9647 297409 2140 23039 6495 6170 3572 10605 72115 2164 6670 3786 53511 2728 33674 9355 942 3005 4551 6649 572 9662 19010 2005 913 4345 2682 8874 4794 145700 5938
internal_value=-0.000540747 0.000895617 0.0078388 -0.00302359 -0.00255214 -0.00223373 0.00815489 0.000225193 -0.0103437 0.000579968 -0.000446312 -5.58276e-05 0.00625384 0.00463213 -0.0012474 -0.0137677 -0.000739132 -0.0111368 -0.000713497 -0.0156089 0.0141229 -9.59401e-05 0.00138244 0.0140861 0.0284313 -0.00200939 -0.00505023 -0.00467499 0.00064202 -0.00634895
internal_weight=762722 444966 39181 16142 317756 311586 14177 405785 13178 392607 320492 313822 49850 47122 263972 10297 253675 14777 11772 5123 13448 238898 180593 9945 5258 4687 11038 58305 170648 24948
internal_count=762722 444966 39181 16142 317756 311586 14177 405785 13178 392607 320492 313822 49850 47122 263972 10297 253675 14777 11772 5123 13448 238898 180593 9945 5258 4687 11038 58305 170648 24948
cat_boundaries=0 3 5 6 8 10 12
cat_threshold=1928823945 33907649 1 536873088 192 16 813867040 428826692 3758147650 298615896 118239291 194203684
is_linear=0
shrinkage=0.06


Tree=88
num_leaves=31
num_cat=1
split_feature=112 131 133 134 132 111 132 132 99 99 106 20 110 120 110 115 111 133 112 132 114 114 19 132 112 111 120 110 133 130
split_gain=591.997 856.473 739.208 651.658 1504.99 1389.31 1050.03 1060.86 882.294 930.479 1117.33 860.161 855.35 815.238 941.172 880.124 813.891 1009.34 794.634 748.67 862.584 711.143 706.008 670.539 1176.4 657.987 959.182 802.225 905.25 656.902
threshold=3.6250000000000004 -0.9159756150367534 0.99138911339924218 1.0000000180025095e-35 0.042991213741508195 83.500000000000014 0.66766646831012755 -0.80860773948975517 0.91159213926341531 0.97263757644091875 0 25.860978531681226 10.65 92.500000000000014 21.250000000000004 0.20273573896142658 51.500000000000007 0.99138911339924218 2.2550000000000003 -0.73208386245364632 1.7043156782104201 1.2960201354624097 94.901840277777794 -0.931957157303682 2.7850000000000006 92.500000000000014 82.500000000000014 20.450000000000003 0.96407344085605606 -0.37940952255126059
decision_type=2 2 2 2 2 2 2 2 2 2 1 10 2 2 2 2 2 2 2 2 2 2 8 2 2 2 2 2 2 2
left_child=3 2 -2 6 8 22 7 11 -5 10 -10 -1 18 23 -15 -16 17 -14 -9 -18 -21 -11 -6 29 -25 27 -27 -22 -29 -13
right_child=1 -3 -4 4 5 -7 -8 12 9 21 -12 13 16 14 15 -17 19 -19 -20 20 25 -23 -24 24 -26 26 -28 28 -30 -31
leaf_value=-0.0058743178431979 0.18699859126841317 -0.32122160258014104 -2.4604224176191187 0.10268558670666607 0.015472691121755132 0.15129907774704066 -0.42641376671714964 -0.32357000918113216 3.5578444728904239 -0.12008604066752127 -0.46520001447592363 -0.42599228589302279 -0.053734718126689243 -0.88196926174128032 2.4047795138044084 -0.083792026495905239 1.1098348971907501 -1.3294953593696985 0.13820390866307902 0.26975414207283915 -0.19650852070903041 1.4514320644928342 -0.41096240583761212 -0.84189049215154199 0.86277617027828846 1.2681801337182843 -0.77131488195170783 0.91841458329088621 -0.53981797812975496 0.097784447401299407
leaf_weight=66793 13047 28587 716 101081 10845 29521 10399 57435 10421 13242 2853 10668 58856 3192 4095 4998 15324 3671 20780 133780 61964 8466 27716 29520 4106 6107 2135 4083 2616 15846
leaf_count=66793 13047 28587 716 101081 10845 29521 10399 57435 10421 13242 2853 10668 58856 3192 4095 4998 15324 3671 20780 133780 61964 8466 27716 29520 4106 6107 2135 4083 2616 15846
internal_value=-0.000481423 -0.0073755 0.00492153 -7.61956e-05 0.00279359 -0.00448923 -0.00121076 -0.000822855 0.00643771 0.0146505 0.0271638 -0.00528204 0.000869852 -0.00981112 0.00427316 0.0141126 0.00237848 -0.00367995 -0.00469546 0.0040546 0.00312323 0.00699802 -0.0119885 -0.0126882 -0.0183139 -0.00194029 0.0140774 -0.00386316 0.0158597 -0.00555308
internal_weight=762863 42350 13763 720513 204145 68082 516368 505969 136063 34982 13274 139218 366751 72425 12285 9093 288536 62527 78215 226009 210685 21708 38561 60140 33626 76905 8242 68663 6699 26514
internal_count=762863 42350 13763 720513 204145 68082 516368 505969 136063 34982 13274 139218 366751 72425 12285 9093 288536 62527 78215 226009 210685 21708 38561 60140 33626 76905 8242 68663 6699 26514
cat_boundaries=0 1
cat_threshold=41
is_linear=0
shrinkage=0.06


Tree=89
num_leaves=31
num_cat=5
split_feature=89 47 109 104 74 85 114 127 104 129 133 127 69 23 140 70 140 54 133 70 53 0 112 99 114 69 104 133 104 99
split_gain=558.638 436.185 429.768 674.907 385.767 474.392 395.163 348.768 513.949 368.466 342.68 343.875 341.654 333.233 749.141 576.942 527.907 502.582 443.686 489.138 526.341 431.461 413.811 384.749 346.864 452.464 441.629 358 385.647 320.675
threshold=0 1159.0145833333333 17.500000000000004 1 1.1459846774602691 23.050000000000004 -0.69185236169184083 1.8850884086881476 2 75.500000000000014 0.99530134160901229 6.8017936114223074 9.9500000000000011 3.1833333333333305 7.5000000000000009 62.500000000000007 15.000000000000002 111.40796320716645 0.94066717844141279 54.500000000000007 10.208192883553815 146.56250000000003 1.7750000000000001 0.94353349168649059 1.20371378932179 18.450000000000003 3 0.73136292505298039 4 0.91159213926341531
decision_type=1 10 2 1 2 10 2 2 1 2 2 2 2 8 2 2 2 10 2 2 10 2 2 2 2 2 1 2 1 2
left_child=4 2 3 -2 -1 6 12 8 -3 -9 11 -11 -6 16 21 18 22 24 29 20 -20 23 -4 -15 27 26 -26 -18 -29 -16
right_child=1 7 13 -5 5 -7 -8 9 -10 10 -12 -13 -14 14 15 -17 17 -19 19 -21 -22 -23 -24 -25 25 -27 -28 28 -30 -31
leaf_value=-0.16277125586688454 -0.1258011483792876 0.23536797772791088 -0.31844261023509318 0.91497539825008445 0.74945413829936847 -0.49595952275107491 -0.02886149037106463 0.24199356208207609 -0.55892883810968674 -0.43940130261701033 1.4040797451822586 -0.080968920347866055 -0.15395763595233744 0.15005554807663229 0.096953883588410283 -0.10096134676067776 -0.050108675602390344 2.1000874991666327 1.3329302708194026 0.060856554478438053 -0.45386068327822354 0.71969473045750021 -0.053688422865805732 -0.19987024140805032 -0.25793488478832854 0.21960089332841262 -0.0068014147713867596 -0.055951698218865427 0.52038880222459794 -0.41663281840759819
leaf_weight=127559 10703 1640 18458 15420 10257 4791 138292 4334 8244 5242 1423 12547 4751 21730 49318 76377 19242 2878 10812 10080 1199 22681 62604 5987 19684 8560 46077 11491 25491 5226
leaf_count=127559 10703 1640 18458 15420 10257 4791 138292 4334 8244 5242 1423 12547 4751 21730 49318 76377 19242 2878 10812 10080 1199 22681 62604 5987 19684 8560 46077 11491 25491 5226
internal_value=-0.000411218 0.00084447 0.0013421 0.00880799 -0.00250997 -0.000529439 5.16631e-05 -0.00576471 -0.0152231 -0.00179386 -0.00535887 -0.00762563 0.00929842 0.000875385 0.0026152 0.000525446 -0.000774596 0.0015456 0.00420351 0.011377 0.0195554 0.0089597 -0.00459346 0.00393751 0.000998728 -0.00169129 -0.00338037 0.00455456 0.008008 0.00129801
internal_weight=763098 477448 444018 26123 285650 158091 153300 33430 9884 23546 19212 17789 15008 417895 203410 153012 214485 133423 76635 22091 12011 50398 81062 27717 130545 74321 65761 56224 36982 54544
internal_count=763098 477448 444018 26123 285650 158091 153300 33430 9884 23546 19212 17789 15008 417895 203410 153012 214485 133423 76635 22091 12011 50398 81062 27717 130545 74321 65761 56224 36982 54544
cat_boundaries=0 1 4 6 8 10
cat_threshold=133 1927742857 34694085 1 32770 273572872 1388466762 809534488 1610654240 1610113092
is_linear=0
shrinkage=0.06


Tree=90
num_leaves=31
num_cat=1
split_feature=89 131 109 133 23 140 22 140 129 61 54 54 132 132 61 133 132 132 98 132 115 61 140 47 132 137 130 132 114 137
split_gain=570.378 494.045 606.4 485.864 409.826 964.714 1101.15 539.844 528.806 523.223 451.706 442.938 419.28 976.072 390.846 381.297 379.334 692.831 515.827 447.254 412.931 344.967 470.11 374.405 450.689 336.524 323.907 377.101 323.45 320.225
threshold=0 0.91597561503675351 32.500000000000007 0.82777578779003613 -4.9999999999999973 4.5000000000000009 3.1262493133544926 15.000000000000002 208.50000000000003 4.7707058104574918 111.40796320716645 1.6639432781120937 -0.13291928626387098 -0.098749067963353782 3.9776702767982077 0.94066717844141279 -0.33323705862247266 -0.26762560548918296 -0.25101255527900046 -0.38142733947913604 0.052305400478344484 6.0238509814460039 2.5000000000000004 388.00520833333343 0.66766646831012755 0.01126364564421809 -0.5 -0.53402660245708555 2.0478165680950897 0.0080707547752903383
decision_type=1 2 2 2 8 2 10 2 2 2 10 10 2 2 2 2 2 2 2 2 2 2 2 8 2 2 2 2 2 2
left_child=21 4 3 -3 7 6 -6 14 11 15 -9 -7 16 -14 -2 -10 19 -18 -19 26 -20 23 -23 24 -1 29 -11 -28 -27 -13
right_child=1 2 -4 -5 5 8 -8 10 9 12 -12 25 13 -15 -16 -17 17 18 20 -21 -22 22 -24 -25 -26 28 27 -29 -30 -31
leaf_value=-0.22599932449606 -0.27114525871279865 0.25232849350814718 0.033575053256294896 1.4833309624999531 0.037040432290696972 0.048564294481095942 0.60932293734096743 -0.0055536472131824154 0.092575369720477169 -0.33921449336501663 2.4071844382763996 -0.31178376928346463 -2.7291181973625043 -0.12700237162631722 -0.12203428053326121 0.44312829769119599 2.8109264567745473 -1.1972385647836727 1.1238207604472359 -1.0062665788847258 -0.58847043149145406 5.2921246636211947 0.30379170207067258 -0.052596604414159455 -0.91558547008216473 -0.12262729069125498 0.4736776766287471 -0.31450698677517125 0.74036482388956359 -0.81894241602312234
leaf_weight=63591 10857 13202 41094 11507 28819 19492 19523 106703 30842 10837 2231 18190 1858 28782 55886 14952 5463 1860 4783 1780 2421 1186 8519 210504 1809 15381 20399 6026 2402 2087
leaf_count=63591 10857 13202 41094 11507 28819 19492 19523 106703 30842 10837 2231 18190 1858 28782 55886 14952 5463 1860 4783 1780 2421 1186 8519 210504 1809 15381 20399 6026 2402 2087
internal_value=-0.000496837 0.000772076 0.00559936 0.0130271 2.91563e-07 0.00163418 0.00919182 -0.00219367 -0.000313826 0.00180594 0.000409786 -0.00510208 -0.00100107 -0.006599 -0.00644283 0.00696757 0.00220086 0.0104777 0.000304468 -0.000879031 0.00757807 -0.00261767 0.0084999 -0.00300886 -0.00697421 -0.00886892 0.000524917 0.00410732 -0.00284413 -0.0141523
internal_weight=762986 477377 65803 24709 411574 235897 48342 175677 187555 130003 108934 57552 84209 30640 66743 45794 53569 14527 9064 39042 7204 285609 9705 275904 65400 38060 37262 26425 17783 20277
internal_count=762986 477377 65803 24709 411574 235897 48342 175677 187555 130003 108934 57552 84209 30640 66743 45794 53569 14527 9064 39042 7204 285609 9705 275904 65400 38060 37262 26425 17783 20277
cat_boundaries=0 1
cat_threshold=133
is_linear=0
shrinkage=0.06


Tree=91
num_leaves=31
num_cat=8
split_feature=121 99 132 104 114 111 132 133 133 115 104 126 104 133 25 130 133 111 109 104 54 104 104 133 104 125 104 69 133 140
split_gain=517.428 844.559 1034.03 760.136 877.975 1201.72 927.361 1000.58 1616.72 847.186 751.105 713.764 692.149 655.962 1194.08 1049.07 780.406 648.407 698.643 631.842 628.529 621.029 603.339 553.3 530.881 526.518 526.339 513.216 1155.94 501.182
threshold=988.35000000000002 0.99932962452255414 0.025799818015934263 0 1.0430709343817244 97.500000000000014 -0.73208386245364632 0.99445195900249039 0.99024581825578073 -1.5012194125844724 1 166.62500000000003 2 0.86004965528756494 0.89761298328108685 -0.37940952255126059 0.99349222267034787 90.500000000000014 1152.5000000000002 3 7.0511050944318754 4 5 0.93769647993491489 6 0.31341666666666673 7 9.6500000000000004 0.92519182738459482 4.5000000000000009
decision_type=2 2 2 1 2 2 2 2 2 2 1 2 1 2 10 2 2 2 2 1 10 1 1 2 1 2 1 2 2 2
left_child=10 3 -3 23 5 13 12 8 17 11 -1 -10 -6 15 16 21 19 18 20 -15 27 -5 -7 -2 -19 -9 -4 28 -8 -16
right_child=1 2 26 4 6 22 7 25 9 -11 -12 -13 -14 14 29 -17 -18 24 -20 -21 -22 -23 -24 -25 -26 -27 -28 -29 -30 -31
leaf_value=0.12948937506109615 -0.12412636208454784 0.47030743758654947 -0.37673741887962248 0.30034421300665881 0.040784168817506836 0.28754493027842243 0.16453011598035211 0.76796847889934494 2.01106175042124 -1.4245308775399566 -0.10522147467250789 -0.52056620680087606 1.3278800868583138 0.70084154570333834 -0.65404983178713216 0.48718248537807424 0.0010785166051249461 -0.093393378268187624 1.1434998064979367 1.8708185355239026 -0.21978838196661157 -0.6810105907992422 -0.98969618421700822 0.079850801975022132 0.49892356607354044 -0.74890151432051932 -1.1598398047561469 0.33131726672431178 -0.33602054920146029 0.14167966848343355
leaf_weight=36472 117879 4890 5628 5671 11307 2822 22042 15131 904 6652 204928 1811 11249 15756 2989 35104 7348 9291 1794 21306 69160 11208 5756 63447 14276 1938 6461 18778 16475 14038
leaf_count=36472 117879 4890 5628 5671 11307 2822 22042 15131 904 6652 204928 1811 11249 15756 2989 35104 7348 9291 1794 21306 69160 11208 5756 63447 14276 1938 6461 18778 16475 14038
internal_value=-0.000386433 0.000677359 -0.0124841 0.00112066 0.00286676 0.00688137 0.000427869 -0.00102259 -0.00248548 -0.0266759 -0.00268284 0.00156848 0.0118899 0.00851906 0.0127162 0.0035584 0.0178956 -0.000992774 -0.00267368 0.021437 -0.00320127 -0.00873341 -0.014771 -0.0019879 0.00815428 0.0127909 -0.0219007 0.00144617 -0.00251882 -0.000792812
internal_weight=762511 521111 16979 504132 322806 121998 200808 178252 161183 9367 241400 2715 22556 113420 61437 51983 44410 151816 128249 37062 126455 16879 8578 181326 23567 17069 12089 57295 38517 17027
internal_count=762511 521111 16979 504132 322806 121998 200808 178252 161183 9367 241400 2715 22556 113420 61437 51983 44410 151816 128249 37062 126455 16879 8578 181326 23567 17069 12089 57295 38517 17027
cat_boundaries=0 3 5 7 9 11 13 15 17
cat_threshold=1690477059 340844612 1 9085490 45056 2496 3953656857 34947240 1269760512 136331368 2307789848 2317422664 537790104 2335446072 185139456 690522566 491501817
is_linear=0
shrinkage=0.06


Tree=92
num_leaves=31
num_cat=6
split_feature=82 61 104 28 111 104 130 104 120 129 104 111 127 112 133 114 119 140 132 127 132 129 140 104 131 104 129 113 131 133
split_gain=533.051 448.179 774.948 656.071 676.491 503.492 520.774 1021.78 825.306 716.841 708.291 823.375 531.238 548.839 530.9 486.757 472.086 463.536 460.454 456.291 601.111 1099.46 443.617 431.24 489.37 431.19 408.44 454.53 544.629 506.342
threshold=32.500000000000007 3.4354780208441746 0 109.72291666666669 92.500000000000014 1 -0.78656609248549303 2 9.5000000000000018 34.500000000000007 3 92.500000000000014 1.3231830843984487 3.6250000000000004 0.99138911339924218 -0.69185236169184083 678.50000000000011 4.5000000000000009 0.57340843044527534 84.974054599140928 -0.76624641395159687 239.50000000000003 2.5000000000000004 4 -0.9159756150367534 5 97.500000000000014 255.50000000000003 0.25881904510252057 0.97648852793709995
decision_type=8 2 1 8 2 1 2 1 2 2 1 2 2 2 2 2 2 2 2 2 2 2 2 1 2 1 2 2 2 2
left_child=25 2 -2 4 23 -5 7 8 -7 17 11 -11 -12 15 -15 16 -14 -8 -10 -17 21 -21 -4 -3 -25 -1 -26 -28 -29 -30
right_child=1 3 22 5 -6 6 9 -9 18 10 12 -13 13 14 -16 19 -18 -19 -20 20 -22 -23 -24 24 26 -27 27 28 29 -31
leaf_value=-0.0083039985910374984 -0.5992809206840598 -0.11012467948515123 -0.4450219959298426 0.11176188636905408 0.41572753078370767 -0.55424287429360897 0.17079482265193319 0.01472073646183304 0.096696241993757037 -0.20802472502002572 -0.10861128131858962 0.36284040056314154 0.73629685688686097 -0.11029302195688501 -1.8979455997379857 0.095059066655985874 -1.7610491345265833 -0.37117055470915317 -0.88403215718736416 2.2113050115200283 3.7259243736078278 -1.6602049999111181 0.0092611283674383319 0.29674093638340521 0.17966735693993918 -0.22923649335826254 0.45930867485586901 0.069718927486865631 -0.35936728790862971 0.27329687830686922
leaf_weight=64546 2994 11676 1800 152119 10178 29301 3967 53817 13812 32944 49364 7187 17099 14927 1093 135476 451 18642 1200 4086 2731 2285 12603 6365 11994 75034 4555 9926 8868 1668
leaf_count=64546 2994 11676 1800 152119 10178 29301 3967 53817 13812 32944 49364 7187 17099 14927 1093 135476 451 18642 1200 4086 2731 2285 12603 6365 11994 75034 4555 9926 8868 1668
internal_value=-0.000439906 0.000310818 -0.00918381 0.000583525 0.00626757 -0.00010246 -0.00124853 -0.00502716 -0.0117729 2.89403e-05 0.000895593 -0.00645259 0.00219195 0.00371824 -0.00687598 0.00476509 0.0142009 -0.01023 -0.000335709 0.00361961 0.0166231 0.00652542 -0.00339254 0.00364013 0.00639454 -0.00379135 0.00375284 -0.00061156 -0.0044275 -0.0139281
internal_weight=762708 623128 17397 605731 65230 540501 388382 98130 44313 290252 267643 40131 227512 178148 16020 162128 17550 22609 15012 144578 9102 6371 14403 55052 43376 139580 37011 25017 20462 10536
internal_count=762708 623128 17397 605731 65230 540501 388382 98130 44313 290252 267643 40131 227512 178148 16020 162128 17550 22609 15012 144578 9102 6371 14403 55052 43376 139580 37011 25017 20462 10536
cat_boundaries=0 2 4 7 9 11 13
cat_threshold=536873088 192 151553072 218249440 888342917 1049347 1 1073758274 272647192 2065176869 8395235 2682129685 537467367
is_linear=0
shrinkage=0.06


Tree=93
num_leaves=31
num_cat=5
split_feature=89 21 132 104 104 111 114 130 120 133 114 60 121 110 127 127 114 104 25 19 25 133 132 139 104 20 133 133 132 133
split_gain=541.763 506.423 936.263 913.892 570.889 554.975 546.957 475.352 671.579 670.145 540.989 504.89 483.016 465.671 528.579 461.177 466.566 453.701 424.179 421.29 381.23 1074.18 658.491 377.562 454.928 400.019 379.884 621.956 711.424 504.751
threshold=0 123.44000000000001 -0.96875021044074028 1 2 97.500000000000014 1.2960201354624097 -0.91597561503675329 5.5000000000000009 0.92191100909954782 -0.40666562505290288 81.919182337021894 990.55000000000007 7.2500000000000009 0.010854541769774019 19.813682907006392 1.5034641879826174 3 0.98316662802636379 33.111944444444454 0.97475805823593131 0.94636490295939868 0.17963823861099873 64.500000000000014 4 56.199981724033059 0.94066717844141279 0.99138911339924218 -0.098749067963353782 0.9863035000474919
decision_type=1 10 2 1 1 2 2 2 2 2 2 2 2 2 2 2 2 1 10 8 10 2 2 2 1 10 2 2 2 2
left_child=-1 3 -3 19 -4 7 -7 8 17 -10 11 12 -9 -12 -15 16 -5 -6 -8 -2 23 -22 -23 24 -16 -25 -26 29 -29 -28
right_child=1 2 4 15 5 6 18 10 9 -11 13 -13 -14 14 20 -17 -18 -19 -20 -21 21 22 -24 25 26 -27 27 28 -30 -31
leaf_value=0.072028145831940268 -0.50477872347011044 -0.51773854139923792 -0.1518942265628877 0.04047829901751001 -0.09389944301716753 -0.82162072582435364 -0.23864994828742736 0.013934764755534842 -0.33445136679008269 0.62134090362227512 -0.31171410384240461 2.6114552906688338 0.86170686534879448 -0.744047006187746 0.40345634110140149 -0.12085787059754678 0.16406845378817905 -0.65769842921759614 1.5247565772112566 -0.12427111275019256 0.39174148263904041 0.19680195599395717 -0.65779837998453305 0.25628415777526442 -0.078283555673239108 -1.2271591394557748 0.33516771369158871 -1.3595011150737581 0.15752228646053368 2.1625599451815751
leaf_weight=190773 3067 8667 155296 49738 7308 8591 1265 26098 6718 5889 6650 2041 18285 3433 47030 11758 33409 11077 630 12447 8133 2708 7030 1771 94675 2683 13970 3304 13921 3887
leaf_count=190773 3067 8667 155296 49738 7308 8591 1265 26098 6718 5889 6650 2041 18285 3433 47030 11758 33409 11077 630 12447 8133 2708 7030 1771 94675 2683 13970 3304 13921 3887
internal_value=-0.000383022 -0.00130721 -0.00218132 0.00234251 -0.00180705 -0.000265964 -0.0138228 0.000230067 -0.00678734 0.00387849 0.0010809 0.00694023 0.00559796 -0.000219411 0.000293563 0.0045495 0.00612282 -0.0141009 0.0153481 -0.0111536 0.000696087 -0.0076645 -0.0211069 0.00152051 0.00195522 -0.0157306 0.000122526 0.00545563 -0.00267851 0.0133016
internal_weight=762252 571479 461060 110419 452393 297097 10486 286611 30992 12607 255619 46424 44383 209195 202545 94905 83147 18385 1895 15514 199112 17871 9738 181241 176787 4454 129757 35082 17225 17857
internal_count=762252 571479 461060 110419 452393 297097 10486 286611 30992 12607 255619 46424 44383 209195 202545 94905 83147 18385 1895 15514 199112 17871 9738 181241 176787 4454 129757 35082 17225 17857
cat_boundaries=0 1 3 6 8 10
cat_threshold=48 3909093504 226 1656779338 2456871960 1 2283536544 219087040 524436 151001122
is_linear=0
shrinkage=0.06


Tree=94
num_leaves=31
num_cat=10
split_feature=59 112 104 131 133 135 104 118 114 104 104 132 104 131 109 126 112 104 137 104 104 104 126 119 122 115 129 104 109 98
split_gain=495.663 499.152 745.281 720.663 584.293 509.184 844.14 649.216 677.648 747.142 583.797 577.932 566.364 570.372 564.608 928.761 826.957 985.152 819.523 760.222 739.505 690.65 551.5 519.519 501.725 470.677 470.38 462.916 458.268 485.538
threshold=10047.440000000002 3.6250000000000004 0 -0.9159756150367534 0.99138911339924218 1.0000000180025095e-35 1 0.15000000000000005 -1.7549121587522174 2 3 0.61490419508004501 4 -0.9159756150367534 17.500000000000004 162.07500000000002 1.7050000000000003 5 0.44064828010201723 6 7 8 91.425000000000011 569.50000000000011 0.37713367162428924 0.31072555872915075 172.50000000000003 9 42.500000000000007 0.31288844364721724
decision_type=10 2 1 2 2 2 1 2 2 1 1 2 1 2 2 2 2 1 2 1 1 1 2 2 2 2 2 1 2 2
left_child=1 5 -3 4 -4 7 -7 8 9 -1 -9 14 13 -13 19 16 18 28 21 -10 24 25 -8 -11 -17 -16 -14 -2 -18 -30
right_child=27 2 3 -5 -6 6 22 10 11 23 -12 12 26 -15 15 20 17 -19 -20 -21 -22 -23 -24 -25 -26 -27 -28 -29 29 -31
leaf_value=-0.17663116641500962 -0.15316902835044402 0.2982871870627406 0.11541467199661511 -0.3682813334517297 -2.1696197564064952 -0.12555077873342213 0.92576996454703875 0.012662946785374558 -0.1335901551271769 0.5515924610605617 -0.53108902091640053 0.16940235620397884 -0.93747101361320984 -0.45438759245378801 -0.13269981973834005 -0.11580827962667725 0.40744688904275789 -0.18366955051392295 0.59959174608166566 0.74849139384820718 0.11250068860175247 -0.5778784107096604 0.1452305071090626 -0.78119333330088714 0.077286412632077625 0.43755853473510425 0.029193389527155559 2.740194088334416 -0.14521738316662974 0.76013659807020184
leaf_weight=13570 1949 7511 10412 22986 591 32979 15961 4456 18266 23081 5874 2041 1154 10910 9441 72773 43133 99346 6447 20591 146110 44959 45182 907 38952 2795 14974 3733 36672 4302
leaf_count=13570 1949 7511 10412 22986 591 32979 15961 4456 18266 23081 5874 2041 1154 10910 9441 72773 43133 99346 6447 20591 146110 44959 45182 907 38952 2795 14974 3733 36672 4302
internal_value=-0.000380915 -0.000513553 -0.00691068 -0.0106888 0.00193566 -0.000142178 0.00397012 -0.000765713 -0.000513282 0.00729412 -0.015681 -0.00102516 -0.00926616 -0.0186036 -0.000584456 -0.00112079 -0.00374939 -0.00170495 -0.00964254 0.00638479 0.00139833 -0.0119285 0.00814239 0.0136556 -0.00227626 0.000715277 -0.00175476 0.0172726 0.00307354 -0.00147016
internal_weight=762058 756376 41500 33989 11003 714876 94122 620754 610424 37558 10330 572866 29079 12951 543787 504930 247095 183453 63642 38857 257835 57195 61143 23988 111725 12236 16128 5682 84107 40974
internal_count=762058 756376 41500 33989 11003 714876 94122 620754 610424 37558 10330 572866 29079 12951 543787 504930 247095 183453 63642 38857 257835 57195 61143 23988 111725 12236 16128 5682 84107 40974
cat_boundaries=0 2 4 7 9 11 14 17 19 21 23
cat_threshold=2686488704 140224 2746429992 4874948 814253729 730783812 1 1138880730 518104 3403206722 4067728409 159949877 3954956324 1 1927742889 119104391 1 1702905923 3757229112 1073758274 340042808 2684405762 468509784
is_linear=0
shrinkage=0.06


Tree=95
num_leaves=31
num_cat=5
split_feature=5 23 133 132 104 104 104 140 24 110 140 130 120 104 127 137 113 104 130 132 0 140 109 111 112 134 109 120 132 59
split_gain=497.352 528.189 716.981 1713.04 1612.74 1090.32 885.319 698.622 1229.92 654.4 633.341 595.752 817.891 1141.93 839.829 676.156 669.619 613.45 567.269 552.337 539.352 734.92 539.143 593.682 527.999 505.059 502.766 447.776 513.874 422.686
threshold=2.2035000000000005 -60.599999999999994 0.94066717844141279 -0.26762560548918296 0 1 2 4.5000000000000009 -8.8333333333333268 7.7500000000000009 27.000000000000004 -0.37940952255126059 13.500000000000002 3 24.402265416142299 0.31573828964358458 275.50000000000006 4 -0.5 0.32917936166072764 118.43666666666668 2.5000000000000004 57.500000000000007 74.500000000000014 2.7850000000000006 1.0000000180025095e-35 32.500000000000007 96.500000000000014 0.32917936166072764 1441.1550000000004
decision_type=10 8 2 2 1 1 1 2 8 2 2 2 2 1 2 2 2 1 2 2 2 2 2 2 2 2 2 2 2 10
left_child=1 10 6 4 -4 19 -3 8 -8 -9 -1 17 13 16 24 -14 -13 -11 -10 -5 21 -7 23 -16 29 -6 -20 28 -2 -15
right_child=27 2 3 5 25 20 7 9 18 11 -12 12 15 14 22 -17 -18 -19 26 -21 -22 -23 -24 -25 -26 -27 -28 -29 -30 -31
leaf_value=-0.2875186241926988 -0.45639686646463273 0.18481980667548895 -0.84684376661261951 -0.17482165578007311 1.267580431075495 -0.18896662762923483 -0.12446673816138557 -0.78684494378597514 0.46916587826198081 -0.0096005845550934058 0.026472390151208954 0.20910695275762634 -0.22712924562350778 0.24698737396145531 -0.90451660375091025 1.0657230880158863 -0.22933462317688053 -0.2257821647742034 -0.21745755822645946 0.60859204580491766 0.11059513369097686 0.4290788559439957 2.4705192202438937 1.5722187202129689 -0.2395793571241083 4.3423161449187662 0.21228881011581791 0.46800983411511055 0.278193182204312 -0.28605017084621237
leaf_weight=56886 18933 75073 4208 60214 7203 3262 27162 3698 9373 42349 56688 11794 53058 44288 3373 3527 38481 73225 7606 1541 59034 22327 9866 4934 9832 7850 28788 3496 3957 10528
leaf_count=56886 18933 75073 4208 60214 7203 3262 27162 3698 9373 42349 56688 11794 53058 44288 3373 3527 38481 73225 7606 1541 59034 22327 9866 4934 9832 7850 28788 3496 3957 10528
internal_value=-0.000374216 -8.41111e-05 0.000602318 0.00398418 0.0208047 0.00177075 -0.000623561 -0.00179453 0.00348745 -0.00304142 -0.00384697 -0.00273744 -0.000668382 0.00190057 0.0062302 -0.00671085 -0.00523207 -0.00613316 0.00949004 -0.00429071 0.00619396 0.0134701 0.0176263 0.00636254 0.00302743 0.0299721 0.00609974 -0.00846781 -0.0115224 0.0053239
internal_weight=762554 736168 622594 165639 19261 146378 456955 381882 72929 308953 113574 305255 189681 133096 82821 56585 50275 115574 45767 61755 84623 25589 18173 8307 64648 15053 36394 26386 22890 54816
internal_count=762554 736168 622594 165639 19261 146378 456955 381882 72929 308953 113574 305255 189681 133096 82821 56585 50275 115574 45767 61755 84623 25589 18173 8307 64648 15053 36394 26386 22890 54816
cat_boundaries=0 2 5 7 9 11
cat_threshold=570589184 424616000 1996763709 2342543622 1 34078768 159397920 1744879682 273663192 402707528 2215624916
is_linear=0
shrinkage=0.06


Tree=96
num_leaves=31
num_cat=7
split_feature=46 0 104 114 109 104 21 129 129 104 99 133 140 22 24 98 120 104 104 130 114 131 104 127 98 47 133 104 133 133
split_gain=459.702 405.873 542.655 491.441 407.578 414.656 404.387 531.622 655.107 598.845 473.711 531.742 488.004 614.509 542.289 460.188 442.33 418.604 402.547 411.031 399.248 410.464 849.623 395.155 397.694 361.045 390.069 545.299 454.804 532.774
threshold=175.75000000000003 30.046250000000004 0 -1.5952980467773936 197.50000000000003 1 115.88333333333335 181.50000000000003 160.50000000000003 2 0.99932962452255414 0.99981043035926087 7.5000000000000009 -3.7000000000000006 -11.504861111111117 -0.81860753270059983 1.5000000000000002 3 4 -0.5 3.745678740201448 -0.37940952255126015 5 108.20926979741948 0.51572537064332258 371.36250000000013 0.99981043035926087 6 0.99138911339924218 0.98486764554468398
decision_type=8 2 1 2 2 1 10 2 2 1 2 2 2 8 10 2 2 1 1 2 2 2 1 2 2 10 2 1 2 2
left_child=20 2 -2 4 5 -3 17 8 9 -8 12 -12 13 -9 18 -10 -16 -5 -14 -20 21 22 -1 24 -11 26 28 -28 29 -23
right_child=1 3 -4 6 -6 -7 7 10 15 23 11 -13 14 -15 16 -17 -18 -19 19 -21 -22 25 -24 -25 -26 -27 27 -29 -30 -31
leaf_value=-0.1077411448697228 -0.52568449183081556 1.0798436075315694 -0.049354964774984605 -0.05925993440859393 0.0005747394961812802 0.2756331204860879 0.12519661878231289 -0.217003310219022 -0.13624635787112516 -0.38229086226277598 -0.63157755390630743 1.0603320778341514 0.068558814178947353 0.15735508727794326 -0.16461506569779516 -0.89706757965132367 0.22083079642192927 0.1163360419375558 -0.013551983497442278 0.64517442345966458 -0.50504951484073624 -0.29597151456859411 0.21925252066995085 4.9261191117275507 0.055109157536606973 -0.047472351399680972 1.8683631632889965 -0.43723667549344725 -1.3781872800896149 0.42202887793425603
leaf_weight=64190 2597 8106 11889 16526 10619 8832 24867 31227 2416 24098 8628 1438 32660 18308 37405 3294 25682 54380 10121 38202 4508 61744 66174 540 8688 167555 1827 1877 7149 6788
leaf_count=64190 2597 8106 11889 16526 10619 8832 24867 31227 2416 24098 8628 1438 32660 18308 37405 3294 25682 54380 10121 38202 4508 61744 66174 540 8688 167555 1827 1877 7149 6788
internal_value=-0.000315215 0.00116066 -0.00868917 0.00155049 0.00925539 0.0150328 0.000923183 -0.000144408 -0.00491894 -0.00301577 0.00135365 -0.011336 0.00201347 -0.00312379 0.0037798 -0.024311 -0.000390883 0.00495184 0.0070288 0.0105056 -0.00178611 -0.00157401 0.0011497 -0.00827189 -0.00911337 -0.00301189 -0.00634495 0.012664 -0.00727544 -0.00577299
internal_weight=762335 380523 14486 366037 27557 16938 338480 267574 63903 58193 203671 10066 193605 49535 144070 5710 63087 70906 80983 48323 381812 377304 130364 33326 32786 246940 79385 3704 75681 68532
internal_count=762335 380523 14486 366037 27557 16938 338480 267574 63903 58193 203671 10066 193605 49535 144070 5710 63087 70906 80983 48323 381812 377304 130364 33326 32786 246940 79385 3704 75681 68532
cat_boundaries=0 2 4 6 8 10 12 15
cat_threshold=536873088 224 1292917078 3571506363 554190018 466550010 3919775872 7136 1610634442 922739801 1627421290 2617238556 2347971976 877927395 1
is_linear=0
shrinkage=0.06


Tree=97
num_leaves=31
num_cat=8
split_feature=134 129 101 104 111 132 137 132 104 137 110 126 104 104 104 111 104 19 104 110 20 114 132 6 132 115 132 59 129 104
split_gain=453.29 1429.71 919.512 1081.77 932.348 864.14 800.308 1069.29 1026 911.458 910.589 1037.51 1074.78 824.716 792.606 806.173 781.515 777.169 921.433 995.409 753.435 722.803 705.978 693.978 682.393 985.375 611.814 667.187 600.876 676.448
threshold=1.0000000180025095e-35 34.500000000000007 0.93301270189221952 0 97.500000000000014 0.66766646831012755 0.0021274278612003691 -0.73208386245364632 1 0.01126364564421809 21.150000000000002 237.20000000000002 2 3 4 76.500000000000014 5 105.8512152777778 6 8.4500000000000011 24.379731003185409 -0.40666562505290288 -0.88965196910377931 300.13500000000005 -0.76624641395159687 -1.1618516072351885 -0.67086170185690197 817.21000000000015 91.500000000000014 7
decision_type=2 2 2 1 2 2 2 2 1 2 2 2 1 1 1 2 1 10 1 2 10 2 2 10 2 2 2 10 2 1
left_child=5 14 28 4 -4 6 7 8 -1 10 11 23 -13 -12 -2 -16 -11 -9 -19 -20 -18 22 -22 -8 25 -10 -21 -28 29 -3
right_child=1 2 3 -5 -6 -7 9 17 24 16 13 12 -14 -15 15 -17 20 18 19 26 21 -23 -24 -25 -26 -27 27 -29 -30 -31
leaf_value=-0.28917469591864003 0.092966378934911803 -0.38475450520197285 1.4556243006289449 0.075758941506616675 -1.22508551497933 -0.34829742837197203 0.072228693023643445 0.12664992075091561 -2.8107218744434288 -0.2007776075512325 -0.10180104077894754 -0.50029129675178063 4.6836275600533845 -0.57563969230566625 -1.0974038980241079 -0.16452563507161641 0.15551174506297669 -0.20175067694489016 -0.49409158005816434 -0.86097597490416944 0.030644715023839239 -0.26522294088552884 2.6802439486891467 -1.0299127841098752 1.4263036549029322 0.40709932766393669 0.11582188032429201 1.553238295301308 -0.024535373975586479 0.22154886950313518
leaf_weight=5460 4179 3549 20928 24031 1034 11291 4751 73787 2166 37744 9201 1681 3277 14950 5406 3767 23879 122558 12437 8234 9830 30391 3447 4073 13467 5972 139543 4699 122761 34348
leaf_count=5460 4179 3549 20928 24031 1034 11291 4751 73787 2166 37744 9201 1681 3277 14950 5406 3767 23879 122558 12437 8234 9830 30391 3447 4073 13467 5972 139543 4699 122761 34348
internal_value=-0.000290466 0.00200696 0.00323646 0.0107166 0.0203377 -0.00122158 -0.000872659 0.000541249 0.0120439 -0.00470616 -0.0126804 -0.000374374 0.021585 -0.0197027 -0.0170209 -0.0268706 -0.00183319 -0.000320546 -0.00173046 0.00119801 0.00203114 -0.00265451 0.00902395 -0.0127139 0.0179117 0.00420199 0.00252943 0.00343753 0.00109499 0.00769909
internal_weight=762841 220003 206651 45993 21962 542838 531547 388323 27065 143224 37933 13782 4958 24151 13352 9173 105291 361258 287471 164913 67547 43668 13277 8824 21605 8138 152476 144242 160658 37897
internal_count=762841 220003 206651 45993 21962 542838 531547 388323 27065 143224 37933 13782 4958 24151 13352 9173 105291 361258 287471 164913 67547 43668 13277 8824 21605 8138 152476 144242 160658 37897
cat_boundaries=0 2 5 7 9 11 13 16 18
cat_threshold=493722901 3827309479 536905728 283926592 1 1610664002 3530466392 1889910994 779868 67649602 466285592 3777038466 2423146346 1992811131 273998876 1 1610614784 16576
is_linear=0
shrinkage=0.06


Tree=98
num_leaves=31
num_cat=11
split_feature=5 127 114 69 99 132 119 104 104 104 111 104 132 129 104 104 111 137 137 104 104 111 119 91 132 104 111 110 104 133
split_gain=429.516 465.02 607.846 865.844 784.743 1169.18 638.962 597.152 547.846 532.24 443.963 441.055 433.909 920.136 708.928 637.426 437.469 425.553 917.2 801.24 604.006 551.738 809.502 1027.94 824.459 642.23 704.483 649.071 629.769 611.474
threshold=1.9435000000000002 1.0000000180025095e-35 -0.69185236169184083 9.7500000000000018 0.99958851518450398 0.025799818015934263 687.50000000000011 0 1 2 83.500000000000014 3 0.61490419508004501 172.50000000000003 4 5 90.500000000000014 0.030617763276879904 0.015719683812837577 6 7 48.500000000000007 169.50000000000003 8 0.47084587141109652 9 94.500000000000014 8.4500000000000011 10 0.99138911339924218
decision_type=10 2 2 2 2 2 2 1 1 1 2 1 2 2 1 1 2 2 2 1 1 2 2 1 2 1 2 2 1 2
left_child=1 9 3 7 12 -6 8 -3 -5 10 -1 -7 17 14 -14 -15 -17 18 21 -19 -20 29 25 28 -25 26 27 -23 -24 -4
right_child=-2 2 4 6 5 11 -8 -9 -10 -11 -12 -13 13 15 -16 16 -18 19 20 -21 -22 22 23 24 -26 -27 -28 -29 -30 -31
leaf_value=-0.22334125995137852 -0.20190586478456934 -0.01023609743691594 -0.097290811355737222 0.20351803381928901 0.86004466080089315 -0.64115713710032951 -2.0180283119655189 0.78158937363944803 -0.11406598708331955 -0.011655400988497674 -0.89424648701261811 -1.7361253032060695 0.045112171170889184 0.14874763392657114 -1.0565625303366317 -0.28999713087752155 0.49256211047469289 -0.32013266300468585 -0.073169418368774358 0.0052591923062308863 0.31867032213091279 -0.25327390437878905 0.15936899171296728 0.044518205394834351 -0.61129587517794348 -0.085757911800767625 -0.27698105459312217 0.25844513991828505 1.1282748411454389 -1.0321417364683674
leaf_weight=3123 38328 10016 79233 34873 2612 2762 1078 25146 41453 8152 3347 3834 1047 14055 2432 13158 1704 27177 4868 58012 16879 9108 19122 29679 4142 150038 21251 110845 22305 2646
leaf_count=3123 38328 10016 79233 34873 2612 2762 1078 25146 41453 8152 3347 3834 1047 14055 2432 13158 1704 27177 4868 58012 16879 9108 19122 29679 4142 150038 21251 110845 22305 2646
internal_value=-0.000347286 -1.96382e-05 0.000198654 0.00424281 -0.000564005 -0.0179433 0.000696079 0.0120502 0.00134422 -0.0106107 -0.0234408 -0.0313961 -0.000291678 -0.00704139 -0.0361897 -0.00353344 -0.0121912 0.000102106 0.00080916 -0.00379974 0.0128426 0.000225483 0.00122033 0.00676793 -0.000994916 -0.000213018 0.00269122 0.00447522 0.0131025 -0.00422741
internal_weight=762425 724097 709475 112566 596909 9208 77404 35162 76326 14622 6470 6596 587701 32396 3479 28917 14862 555305 470116 85189 21747 448369 366490 75248 33821 291242 141204 119953 41427 81879
internal_count=762425 724097 709475 112566 596909 9208 77404 35162 76326 14622 6470 6596 587701 32396 3479 28917 14862 555305 470116 85189 21747 448369 366490 75248 33821 291242 141204 119953 41427 81879
cat_boundaries=0 3 5 8 10 12 15 17 19 20 22 24
cat_threshold=1610777089 385376324 1 1330418007 1883280889 2551721900 3333752867 1 2030619074 491304185 1109615178 1173016 892177541 227240902 1 3911260162 2305639938 570689666 1149371848 26 218942517 3946797094 1640168035 491709524
is_linear=0
shrinkage=0.06


Tree=99
num_leaves=31
num_cat=0
split_feature=111 70 21 98 47 83 35 127 0 69 119 139 139 110 84 45 140 111 127 139 113 111 122 125 139 130 126 126 21 111
split_gain=452.849 476.611 539.758 766.476 457.749 518.993 407.615 417.544 363.731 358.803 505.921 402.199 373.766 353.817 352.118 342.743 389.906 342.063 494.718 389.955 347.15 378.647 331.921 325.592 299.699 298.563 326.785 283.426 273.462 270.821
threshold=33.500000000000007 64.500000000000014 123.44000000000001 -0.98024766238342442 1001.2989583333334 2.7550000000000003 257.65500000000003 108.20926979741948 30.046250000000004 10.550000000000002 121.50000000000001 64.500000000000014 59.500000000000007 10.250000000000002 3.1827083333333337 86.425000000000011 4.5000000000000009 67.500000000000014 8.2254398743019639 57.500000000000007 51.500000000000007 42.500000000000007 0.021722203101946135 0.34005000000000013 27.500000000000004 -0.91597561503675329 51.675000000000004 79.90000000000002 242.21250000000001 56.500000000000007
decision_type=2 2 10 2 8 10 10 2 2 2 2 2 2 2 10 2 2 2 2 2 2 2 2 2 2 2 2 2 10 2
left_child=22 4 8 -4 5 25 -5 9 -3 11 12 -8 13 -11 -7 -10 -17 18 19 20 -12 -22 -1 28 -25 27 -27 -2 -15 -20
right_child=1 2 3 6 -6 14 7 -9 15 10 17 -13 -14 23 -16 16 -18 -19 29 -21 21 -23 -24 24 -26 26 -28 -29 -30 -31
leaf_value=0.71829330004385494 -0.44776468931059638 -0.094573904656141822 -0.52595673790311004 -0.18616508384180519 -0.096892444016468238 0.32390476003939839 0.040949840472241587 2.7651390503369755 -0.029680142726161166 -0.66547190031905212 1.0754795939944293 -0.77235331300120402 -0.99256304176050891 -0.011560085108093004 -0.19618911114921445 0.2159093241765811 0.068986957625530532 0.44657952614075896 0.62718578763874511 1.3469246884788515 -1.4100834960935114 -0.28377137663627516 -0.41267913591163308 0.79359261769783418 -0.18275604233585624 0.43726743867428752 0.027657119829366934 -0.023400747006972152 -0.42857595001884957 -0.24774551899045491
leaf_weight=1429 7465 12183 5893 67833 43756 57984 155034 2330 25376 9892 1016 3682 4894 20363 5687 10860 45557 14663 7703 967 1921 16304 14586 8189 9379 25163 117561 22241 39254 3343
leaf_count=1429 7465 12183 5893 67833 43756 57984 155034 2330 25376 9892 1016 3682 4894 20363 5687 10860 45557 14663 7703 967 1921 16304 14586 8189 9379 25163 117561 22241 39254 3343
internal_value=-0.000360861 -0.000146686 -0.00132077 -0.00234551 0.00181099 0.00285563 -0.00200056 -0.00104772 0.0027428 -0.00124651 -0.00348541 0.000698602 -0.00605336 -0.00514642 0.00748492 0.00418344 0.00678826 0.00165817 -0.00188898 -0.00746994 -0.00933895 -0.0112422 -0.0103434 -0.00377711 0.00340145 0.0011462 0.00228523 -0.00432625 -0.00589252 0.00832081
internal_weight=762508 746493 466636 372660 279857 236101 366767 298934 93976 296604 137888 158716 91971 87077 63671 81793 56417 45917 31254 20208 19241 18225 16015 77185 17568 172430 142724 29706 59617 11046
internal_count=762508 746493 466636 372660 279857 236101 366767 298934 93976 296604 137888 158716 91971 87077 63671 81793 56417 45917 31254 20208 19241 18225 16015 77185 17568 172430 142724 29706 59617 11046
is_linear=0
shrinkage=0.06


Tree=100
num_leaves=31
num_cat=8
split_feature=112 133 131 104 134 129 132 132 20 104 129 120 127 104 130 132 127 125 99 104 101 104 127 104 110 112 104 104 110 113
split_gain=429.358 916.003 774.643 669.458 474.861 1258.47 719.884 722.651 781.399 761.991 859.703 972.021 702.928 733.395 676.788 733.355 922.198 673.975 660.827 630.674 609.495 1049.52 1367.11 594.167 574.731 688.511 629.337 567.815 550.557 554.147
threshold=3.8050000000000002 0.99138911339924218 -0.9159756150367534 0 1.0000000180025095e-35 34.500000000000007 0.66766646831012755 -0.80860773948975517 29.210896071078519 1 154.50000000000003 92.500000000000014 4.5847508079289883 2 -0.78656609248549303 -0.92558427394243059 13.015076718927093 0.5431666666666668 0.99748108949426018 3 0.93301270189221952 4 0.027229624622079215 5 10.65 2.2550000000000003 6 7 20.950000000000003 323.50000000000006
decision_type=2 2 2 1 2 2 2 2 10 1 2 2 2 1 2 2 2 2 2 1 2 1 2 1 2 2 1 1 2 2
left_child=4 2 -2 -4 6 12 7 8 27 -10 -11 14 13 -6 -12 -16 -17 24 20 -20 -7 -22 -23 -19 25 -9 -26 -1 29 -24
right_child=1 -3 3 -5 5 18 -8 17 9 10 11 -13 -14 -15 15 16 -18 23 19 -21 21 22 28 -25 26 -27 -28 -29 -30 -31
leaf_value=-0.27826386361202027 0.21394088669756156 -1.5654668442809776 0.56735658389409704 -0.30271346430523821 0.091219126606404466 0.064290269436049804 -0.32005240247136713 -0.29617355240072951 -0.62119804407415979 -0.60359481686785588 -0.78386430634504756 0.9198762104645033 1.4598947898203516 -0.81719068555069407 0.44830678059444778 -1.3411415000015454 0.24674099848865466 2.799353527323766 0.14889139175332444 -0.71004371163589608 0.0084068342917305462 -0.7606961485460888 1.549774650049851 0.20184158517024683 -0.053097500168296105 0.12197949576484746 0.16863059948789214 0.029442945441160686 5.7679035871051338 -2.8477361166264985
leaf_weight=10119 9662 2706 2000 16516 3133 142095 11028 56466 18079 14694 6708 5681 775 8785 11856 3440 4608 3955 6394 6601 18423 2608 16567 5086 118906 20641 166786 64870 2627 879
leaf_count=10119 9662 2706 2000 16516 3133 142095 11028 56466 18079 14694 6708 5681 775 8785 11856 3440 4608 3955 6394 6601 18423 2608 16567 5086 118906 20641 166786 64870 2627 879
internal_value=-0.000382643 -0.00731229 -0.00410944 -0.0112956 -9.01872e-05 0.00232804 -0.00105618 -0.000729406 -0.00440267 -0.00921389 -0.00518192 0.000291695 -0.0159808 -0.0195822 -0.00451809 0.00103693 -0.0129407 0.000654151 0.00351263 -0.0095614 0.00444007 0.0108746 0.0195108 0.0168348 0.000250882 -0.00434585 0.00149153 -0.00022803 0.0248291 0.0209709
internal_weight=762694 30884 28178 18516 731810 208887 522923 511895 140055 65066 46987 32293 12693 11918 26612 19904 8048 371840 196194 12995 183199 41104 22681 9041 362799 77107 285692 74989 20073 17446
internal_count=762694 30884 28178 18516 731810 208887 522923 511895 140055 65066 46987 32293 12693 11918 26612 19904 8048 371840 196194 12995 183199 41104 22681 9041 362799 77107 285692 74989 20073 17446
cat_boundaries=0 2 5 7 9 12 14 16 18
cat_threshold=536903808 139584 1075923138 4050445850 1 67125314 332063768 2366146949 1031748067 1652711498 467592536 1 3372767826 1810028570 1692647879 272934429 687868032 655522
is_linear=0
shrinkage=0.06


Tree=101
num_leaves=31
num_cat=6
split_feature=28 104 110 121 104 111 130 104 120 111 57 121 99 114 104 47 133 133 115 125 59 137 123 133 120 111 139 104 104 110
split_gain=447.97 802.838 736.781 760.234 650.114 720.508 654.497 735.562 745.056 646.882 600.13 561.971 1113.51 966.734 722.006 620.757 589.105 996.324 754.279 606.083 546.716 564.015 696.783 540.049 536.384 523.753 510.427 489.197 487.355 550.578
threshold=121.55468750000001 0 7.2500000000000009 994.55000000000007 1 97.500000000000014 -0.91597561503675329 2 6.5000000000000009 95.500000000000014 289.96665403201786 990.35000000000002 0.99932962452255414 1.0430709343817244 3 1289.166666666667 0.99445195900249039 0.99138911339924218 -1.5012194125844724 0.31341666666666673 5404.7050000000008 0.85826565528689469 0.16843077088813632 0.92191100909954782 9.5000000000000018 55.500000000000007 60.500000000000007 4 5 24.650000000000002
decision_type=8 1 2 2 1 2 2 1 2 2 10 2 2 2 1 10 2 2 2 2 10 2 2 2 2 2 2 1 1 2
left_child=1 -1 3 10 26 6 7 -6 -9 -3 -2 15 13 14 -13 20 17 -15 -19 25 21 -8 -23 -10 -7 -18 -4 -28 -22 -30
right_child=2 9 4 -5 5 24 11 8 23 -11 -12 12 -14 16 -16 -17 19 18 -20 -21 28 22 -24 -25 -26 -27 27 -29 29 -31
leaf_value=-0.08893175444694662 -0.61015940966931903 0.073975441056086874 -0.092769383959388704 -0.57732963942825077 0.068515156564150026 1.3885098139655292 -0.042676533344906599 -0.48362512322087614 -0.28818680883022779 0.49568044701364272 0.1820975852978225 1.4896795263685843 -0.7546507466287744 0.047713008901334605 0.35409494261674862 -0.43829737716685141 -0.39911698324788814 0.23092232122621112 -1.540577049912851 -1.1167553882030756 -0.48246076396889392 -1.4670474984860891 5.4824433458697737 0.50789221868213263 -0.83392661837194304 1.3094790716846063 -0.25635842276342374 -1.1738352929556324 1.8549384010131984 -0.28008117603470339
leaf_weight=26965 4163 70843 121080 8107 29426 995 168410 22144 8402 6477 6328 19616 8771 126435 58991 15194 1820 1788 3649 1601 2765 579 2608 6052 9838 10475 3414 2326 9671 3318
leaf_count=26965 4163 70843 121080 8107 29426 995 168410 22144 8402 6477 6328 19616 8771 126435 58991 15194 1820 1788 3649 1601 2765 579 2608 6052 9838 10475 3414 2326 9671 3318
internal_value=-0.000320603 0.00333295 -0.00089968 -0.0126716 -0.000557237 0.000394491 0.000725072 -0.0048418 -0.0105187 0.0064414 -0.00200724 0.00156868 0.00357714 0.00439699 0.00976008 -0.000743239 0.00150485 0.00026662 -0.0248805 0.0132547 0.00020272 -0.00077938 0.0242221 7.47146e-05 -0.0149142 0.0177765 -0.00440334 -0.0218847 0.0108994 0.0157615
internal_weight=762251 104285 657966 18598 639368 512548 501715 66024 36598 77320 10491 435691 233146 224375 78607 202545 145768 131872 5437 13896 187351 171597 3187 14454 10833 12295 126820 5740 15754 12989
internal_count=762251 104285 657966 18598 639368 512548 501715 66024 36598 77320 10491 435691 233146 224375 78607 202545 145768 131872 5437 13896 187351 171597 3187 14454 10833 12295 126820 5740 15754 12989
cat_boundaries=0 2 4 6 8 10 12
cat_threshold=3944357541 8395232 1623212098 273966104 2550961704 2368438464 2301103132 71714 549453824 1335296 34816 3232399424
is_linear=0
shrinkage=0.06


Tree=102
num_leaves=31
num_cat=0
split_feature=6 35 132 129 129 130 112 133 130 115 132 128 5 115 132 109 115 139 139 16 25 129 128 122 113 125 109 113 132 129
split_gain=464.7 667.649 620.516 973.561 613.479 836.354 533.582 898.75 600.937 709.007 714.2 684.914 689.038 639.41 657 595.537 545.696 544.048 537.569 529.051 517.797 502.181 795.18 490.963 489.183 506.608 502.583 882.635 484.966 461.026
threshold=231.54500000000004 189.18500000000003 0.61490419508004501 178.50000000000003 46.500000000000007 0.78656609248549325 3.8950000000000005 0.99138911339924218 -0.91597561503675329 -1.5512966824453474 0.31288844364721724 0.00024856191100669506 1.8795000000000004 -0.66606983713531964 -0.3169700421330815 72.500000000000014 -1.8897473725879277 64.500000000000014 59.500000000000007 287.12500000000006 0.93621440507378628 81.500000000000014 0.0045398106633599009 0.07688256673047679 131.50000000000003 0.13410000000000002 872.50000000000011 51.500000000000007 0.53038584004487344 9.5000000000000018
decision_type=10 8 2 2 2 2 2 2 2 2 2 2 10 2 2 2 2 2 2 10 10 2 2 2 2 2 2 2 2 2
left_child=1 23 4 -4 5 28 8 -8 9 10 18 15 17 -11 -15 -10 -17 19 -6 21 -16 22 -13 -1 25 26 -23 -28 -2 -7
right_child=2 -3 3 -5 6 29 7 -9 11 13 -12 12 -14 14 20 16 -18 -19 -20 -21 -22 24 -24 -25 -26 -27 27 -29 -30 -31
leaf_value=-0.20306410874282718 -0.17637456559621653 0.10728694111139277 -1.3125409304329974 -0.20800345711879487 0.12864116929053268 -0.16724100453211291 -0.14516273360003354 -1.6503751395656003 -0.53599229260579406 -0.51421783282361155 0.79462876964421092 0.059786482695379277 -0.22006097153986673 -0.42458230184990753 1.2119240587309947 -0.89713357302361196 0.092507870746601092 -0.51816373208054389 -0.553265797363789 0.57490085497173138 -0.28647339972898533 0.9327201397923286 1.9440925933548674 -0.0074216975304938863 0.0055291561299870293 -0.039797541552583193 0.84346783868189867 -0.93933380406205969 0.68861296045315012 -0.88953592014788108
leaf_weight=5998 24741 107315 1862 16457 18026 3955 15114 2205 22486 26388 1631 8982 29968 6254 5254 1838 24438 7356 3069 43693 2070 25146 5779 91060 224457 20793 2540 3705 3591 6402
leaf_count=5998 24741 107315 1862 16457 18026 3955 15114 2205 22486 26388 1631 8982 29968 6254 5254 1838 24438 7356 3069 43693 2070 25146 5779 91060 224457 20793 2540 3705 3591 6402
internal_value=-0.000339036 0.00210878 -0.00123525 -0.012095 -0.000866745 -0.00814629 -0.000304793 -0.0106524 6.55956e-05 -0.00541496 0.0030466 0.000881377 0.00175689 -0.0102264 0.000353487 -0.00580522 0.000328805 0.00252035 8.81684e-05 0.0028747 0.0125488 0.00195152 0.012734 -0.00149723 0.00137615 0.0066088 0.0114201 -0.00381364 -0.00281227 -0.022736
internal_weight=762573 204373 558200 18319 539881 38689 501192 17319 483873 62692 22726 421181 372419 39966 13578 48762 26276 342451 21095 335095 7324 291402 14761 97058 276641 52184 31391 6245 28332 10357
internal_count=762573 204373 558200 18319 539881 38689 501192 17319 483873 62692 22726 421181 372419 39966 13578 48762 26276 342451 21095 335095 7324 291402 14761 97058 276641 52184 31391 6245 28332 10357
is_linear=0
shrinkage=0.06


Tree=103
num_leaves=31
num_cat=6
split_feature=19 104 35 104 110 35 59 112 133 104 132 110 111 137 137 132 128 112 132 110 110 104 104 120 104 132 111 98 113 139
split_gain=418.048 677.36 621.254 736.423 564.774 523.933 491.258 436.243 593.938 552.964 460.782 993.834 1122.59 794.8 622.016 801.069 565.277 502.215 766.774 785.888 517.826 501.645 496.053 464.834 459.73 431.137 429.852 425.258 397.699 395.362
threshold=109.59119791666667 0 270.32500000000005 1 7.2500000000000009 317.84500000000008 10047.440000000002 3.8950000000000005 0.99138911339924218 2 -0.80860773948975517 20.950000000000003 75.500000000000014 0.042730530857558173 0.01126364564421809 -0.86491625635379854 0.0012038874427933168 1.3750000000000002 -0.098749067963353782 20.550000000000004 11.450000000000001 3 4 1.5000000000000002 5 -0.96875021044074028 62.500000000000007 -0.80860773948975517 124.50000000000001 59.500000000000007
decision_type=10 1 10 1 2 10 10 2 2 1 2 2 2 2 2 2 2 2 2 2 2 1 1 2 1 2 2 2 2 2
left_child=2 4 3 25 -2 -6 7 10 9 -9 11 16 14 -14 -13 23 -3 18 20 21 -12 -20 -22 -16 -25 -1 -7 -19 -15 -29
right_child=1 6 -4 -5 5 26 -8 8 -10 -11 17 12 13 28 15 -17 -18 27 19 -21 22 -23 -24 24 -26 -27 -28 29 -30 -31
leaf_value=-0.32137472868185651 -0.52945358509114726 -1.1638447444614533 0.16720710476077641 0.021262542990608677 -0.16798332687665918 0.027414206627440763 2.0258308197750465 0.089008777177830886 -1.5464159583832702 -0.48785047809780935 -0.94764690313011557 -1.5197231873923505 -1.2583277973737552 3.263297809729218 -0.71663915243766751 1.6925434094393341 -0.50716993621240536 1.5835367073012385 0.38465818684167175 -1.3700376635202443 -0.49181544276355676 -0.52443168635261772 1.0352275992716926 0.29265010033755573 -0.55422044856119934 -0.00094799230761111631 0.64593353239743523 -0.064769019016850962 0.6865194807175572 -0.36208715918881423
leaf_weight=11736 3091 5854 66559 178728 19783 26775 3426 7624 1836 6330 2688 2921 1394 2948 8520 3211 11433 2656 9729 1672 3503 9164 22329 7928 6028 7610 44441 253129 5275 24674
leaf_count=11736 3091 5854 66559 178728 19783 26775 3426 7624 1836 6330 2688 2921 1394 2948 8520 3211 11433 2656 9729 1672 3503 9164 22329 7928 6028 7610 44441 253129 5275 24674
internal_value=-0.000290565 -0.00131398 0.00163675 -4.84665e-05 0.00327095 0.00412813 -0.0023811 -0.00257455 -0.0123488 -0.00812612 -0.0021737 -0.00723074 -0.00183174 0.0159014 -0.00779335 -0.00480925 -0.0191682 -0.00132182 0.00427698 -0.00455412 0.0106448 -0.00106383 0.0132528 -0.00881434 -0.00207208 -0.011165 0.00652765 -0.00230172 0.0230034 -0.0025302
internal_weight=762995 498362 264633 198074 94090 90999 404272 400846 15790 13954 385056 55512 38225 9617 28608 25687 17287 329544 49085 20565 28520 18893 25832 22476 13956 19346 71216 280459 8223 277803
internal_count=762995 498362 264633 198074 94090 90999 404272 400846 15790 13954 385056 55512 38225 9617 28608 25687 17287 329544 49085 20565 28520 18893 25832 22476 13956 19346 71216 280459 8223 277803
cat_boundaries=0 2 4 6 8 10 12
cat_threshold=151521296 6368 687867904 6370 2788529293 227418882 3505505732 1679729171 8421376 337256448 383162156 1879057679
is_linear=0
shrinkage=0.06


Tree=104
num_leaves=31
num_cat=7
split_feature=8 133 104 111 5 104 19 139 111 111 119 104 119 110 98 20 114 104 104 23 140 35 104 121 114 104 115 133 111 122
split_gain=412.795 524.517 560.423 515.726 708.902 562.846 491.661 507.827 489.457 487.648 718.666 978.525 689.819 536.824 726.841 497.31 481.696 467.23 461.427 457.681 602.061 488.336 762.102 422.387 571.7 433.057 416.878 723.193 525.485 394.469
threshold=113.41250000000001 0.28106562097635729 0 92.500000000000014 0.5395000000000002 1 189.42013888888891 60.500000000000007 96.500000000000014 69.500000000000014 201.50000000000003 2 545.50000000000011 21.250000000000004 -0.8378775142878907 100.80102644811019 2.146505090748636 3 4 -60.599999999999994 27.000000000000004 189.18500000000003 5 994.55000000000007 1.2960201354624097 6 -0.18032048462856368 0.99932962452255414 38.500000000000007 0.07688256673047679
decision_type=10 2 1 2 10 1 10 2 2 2 2 1 2 2 2 8 2 1 1 8 2 8 1 2 2 1 2 2 2 2
left_child=19 -2 3 5 -5 6 7 -3 9 10 11 -4 26 14 16 -16 -11 -17 -14 20 -1 22 -21 24 25 -10 27 28 -12 -24
right_child=1 2 8 4 -6 -7 -8 -9 23 13 12 -13 18 -15 15 17 -18 -19 -20 21 -22 -23 29 -25 -26 -27 -28 -29 -30 -31
leaf_value=-0.26937762812875776 -0.5708360517970571 -0.17009306051661424 0.24236183511827675 -0.38586586764360303 0.37217439044204198 -0.13689963191809795 -1.1925977013562039 -1.0219065932338227 0.034088703304907993 -0.67236327409310093 -0.22470611705338911 -0.46196783607349856 0.13945468595821153 1.2368103632840735 0.085611084382808261 -0.30979873326341217 3.9830131282478414 1.6323772063953998 -0.31727296332287208 -0.39049887249128529 0.091790328615437317 0.091372375462622418 -0.16754522236573655 -1.0508656243054548 0.87422087861476028 -1.1374707859495909 -0.20549937502897705 -1.1992094732437104 1.1378159841354942 0.020453136215231992
leaf_weight=24787 6090 25414 18439 10516 12556 77725 3945 2056 4557 9183 2873 41559 24709 8421 99043 4640 544 14434 23417 7280 24735 192716 5810 2813 2614 4846 5037 537 14957 86169
leaf_count=24787 6090 25414 18439 10516 12556 77725 3945 2056 4557 9183 2873 41559 24709 8421 99043 4640 544 14434 23417 7280 24735 192716 5810 2813 2614 4846 5037 537 14957 86169
internal_value=-0.00029464 -0.00155215 -0.0012955 -0.00451964 0.00363022 -0.00624293 -0.0130192 -0.010178 0.000212926 0.000800541 -0.00180553 -0.00664811 0.00225636 0.00331601 0.00234941 0.00364771 -0.0134149 0.012519 -0.0018526 0.00125535 -0.00407811 0.00215997 -0.00125912 -0.0103971 -0.00549675 -0.0123969 0.0107054 0.0148987 0.016966 0.000221111
internal_weight=762422 420925 414835 132212 23072 109140 31415 27470 282623 267793 131528 59998 71530 136265 127844 118117 9727 19074 48126 341497 49522 291975 99259 14830 12017 9403 23404 18367 17830 91979
internal_count=762422 420925 414835 132212 23072 109140 31415 27470 282623 267793 131528 59998 71530 136265 127844 118117 9727 19074 48126 341497 49522 291975 99259 14830 12017 9403 23404 18367 17830 91979
cat_boundaries=0 3 5 7 9 11 13 15
cat_threshold=1892835914 2429608988 1 1073758274 272671768 151519280 185008192 2317456512 68092160 2317717892 531395 536872960 224 2334200192 537793219
is_linear=0
shrinkage=0.06


Tree=105
num_leaves=31
num_cat=6
split_feature=8 133 104 112 133 113 0 104 23 17 47 133 137 133 120 130 104 120 129 120 129 120 104 104 91 133 110 112 114 130
split_gain=405.019 572.049 476.792 435.66 511.69 402.451 400.099 714.106 334.714 357.955 316.216 358.646 1186.37 813.2 917.167 487.479 894.213 965.709 507.717 498.492 541.828 532.448 568.253 468.932 459.774 568.691 439.756 432.496 416.854 628.075
threshold=107.57875000000001 0.28106562097635729 0 3.8950000000000005 0.99138911339924218 317.50000000000006 42.756036758422859 1 -78.887499999999989 146.00500000000002 1289.166666666667 0.99024581825578073 3.3412422113289955e-10 0.98486764554468398 31.500000000000004 -0.78656609248549303 2 5.5000000000000009 48.500000000000007 94.500000000000014 82.500000000000014 15.500000000000002 3 4 5 0.94066717844141279 9.6500000000000004 1.4550000000000003 1.2960201354624097 -0.25881904510252113
decision_type=10 2 1 2 2 2 2 1 8 10 10 2 2 2 2 2 1 2 2 2 2 2 1 1 1 2 2 2 2 2
left_child=6 -2 -3 10 5 -5 7 -1 -8 -10 11 13 23 15 28 16 -4 -18 -17 20 -20 22 24 -13 25 27 -24 -22 -15 -30
right_child=1 2 3 4 -6 -7 8 -9 9 -11 -12 12 -14 14 -16 18 17 -19 19 -21 21 -23 26 -25 -26 -27 -28 -29 29 -31
leaf_value=-0.44913286852949658 -0.50288991829235896 0.093190031611215141 0.079006464495848264 -0.13672841421745929 -1.6817580911530345 -1.2113401698534085 -0.11107317138969812 -0.018703391109153953 0.042668007669472062 0.21755164552253206 -0.53286815480245298 -0.52683576259883691 -2.3307383962860744 1.9892426664563947 -0.7040967094007905 -0.38713494584820352 -0.71767256658241219 0.038202027612183116 0.72644211902937117 0.48351980072367806 0.42541589646659062 -0.2874558173636288 -0.24319127523602702 0.052227688979321271 -0.50625706566760387 0.30123017699669558 0.17053732702584284 -0.36964763773268228 -0.20679684767600831 1.5348741090619267
leaf_weight=4837 7124 124110 24121 9827 1311 950 29812 38099 206010 38876 7885 14627 3883 4819 2930 12909 19853 11030 6068 14218 2470 30654 7453 25379 6704 2977 89973 8196 2831 2742
leaf_count=4837 7124 124110 24121 9827 1311 950 29812 38099 206010 38876 7885 14627 3883 4819 2930 12909 19853 11030 6068 14218 2470 30654 7453 25379 6704 2977 89973 8196 2831 2742
internal_value=-0.000291709 -0.00145981 -0.00118542 -0.00243043 -0.0135991 -0.00929115 0.00134494 -0.00404127 0.00218683 0.00291759 -0.00198301 -0.00166479 -0.00666712 -0.0007864 0.0136366 -0.00159847 -0.00654704 -0.0133055 -9.97671e-05 0.000777766 -0.000211656 -0.000930148 0.000903255 -0.00359337 -0.00821397 -0.00188516 0.00280797 -0.00835849 0.0219956 0.0108181
internal_weight=762678 445044 437920 313810 12088 10777 317634 42936 274698 244886 301722 293837 43889 249948 13322 236626 55004 30883 181622 168713 154495 148427 117773 40006 20347 13643 97426 10666 10392 5573
internal_count=762678 445044 437920 313810 12088 10777 317634 42936 274698 244886 301722 293837 43889 249948 13322 236626 55004 30883 181622 168713 154495 148427 117773 40006 20347 13643 97426 10666 10392 5573
cat_boundaries=0 2 4 6 8 10 11
cat_threshold=151554192 69867744 536872960 192 570709608 2340806676 1073762370 272688152 1980117608 2155955204 9
is_linear=0
shrinkage=0.06


Tree=106
num_leaves=31
num_cat=7
split_feature=62 61 140 104 127 133 114 91 104 113 126 104 133 130 120 89 58 130 131 104 109 135 34 104 127 115 111 127 133 120
split_gain=381.769 574.323 563.987 390.537 428.6 554.718 349.771 384.444 524.713 364.684 356.658 732.158 463.851 367.861 404.779 348.757 335.072 324.123 318.936 538.102 444.217 316.912 487.11 450.622 400.018 307.884 305.388 319.058 303.523 298.836
threshold=5.3340464067285707 6.0238509814460039 33.000000000000007 0 0.027229624622079215 0.99981043035926087 3.745678740201448 1 2 131.50000000000003 111.12500000000001 3 0.94066717844141279 0.25881904510252091 16.500000000000004 4 141.29500000000004 0.37940952255126054 0.91597561503675351 5 32.500000000000007 1.0000000180025095e-35 0.73350000000000015 6 24.402265416142299 1.6956777853009961 75.500000000000014 66.286753804372026 0.98770287048522643 53.500000000000007
decision_type=10 2 2 1 2 2 2 1 1 2 2 1 2 2 2 1 2 2 2 1 2 2 10 1 2 2 2 2 2 2
left_child=15 3 -3 29 5 -5 7 8 9 -6 11 12 -9 28 -15 -1 -16 -10 21 -20 25 -17 23 -23 -25 -21 -13 -28 -12 -2
right_child=1 2 -4 4 6 -7 -8 10 17 -11 13 26 -14 14 16 18 -18 -19 19 20 -22 22 -24 24 -26 -27 27 -29 -30 -31
leaf_value=-0.043205009707256749 -0.67387201207266401 2.327559379625916 -0.34093719463425198 -0.91585475047840981 1.8297432405795584 0.75835838537890654 -0.86160726226429085 0.3512725427287941 0.073183344976198439 0.27549939747382607 -0.26495399078473725 -1.2251225334601037 -1.0282591222549131 0.3908142078162305 0.18917604249913467 0.00094483768033683192 -0.78275216730274477 -0.68351397220824706 -0.17585189749363864 0.93823930871686367 0.10842982740530928 -0.2125038854307047 0.42471726172503321 0.15097482003105056 2.9844294867431955 -1.054371555417976 -0.56801432968946242 5.0362952044832419 0.82734319068008455 0.13477699967932666
leaf_weight=201721 5719 7163 5590 5775 4094 1193 2141 14289 12619 20380 24289 7715 2056 18877 2805 304637 3242 7970 12188 15155 26932 11106 9724 15787 1918 793 13221 315 1379 1800
leaf_count=201721 5719 7163 5590 5775 4094 1193 2141 14289 12619 20380 24289 7715 2056 18877 2805 304637 3242 7970 12188 15155 26932 11106 9724 15787 1918 793 13221 315 1379 1800
internal_value=-0.000362631 -0.0029411 0.00928179 -0.00398118 -0.00327623 -0.0177873 -0.00252953 -0.00214286 0.00236544 0.00830223 -0.00444631 -0.00887305 0.00067865 -0.00115747 0.0040345 0.000336321 -0.00947421 -0.00469223 0.00136587 0.00560461 0.00876548 0.000685718 0.00581223 0.00189296 0.0078336 0.0167032 -0.016212 -0.0107882 -0.00619892 -0.0172988
internal_weight=762593 162632 12753 149879 142360 6968 135392 133251 45063 24474 88188 37596 16345 50592 24924 599961 6047 20589 398240 55068 42880 343172 38535 28811 17705 15948 21251 13536 25668 7519
internal_count=762593 162632 12753 149879 142360 6968 135392 133251 45063 24474 88188 37596 16345 50592 24924 599961 6047 20589 398240 55068 42880 343172 38535 28811 17705 15948 21251 13536 25668 7519
cat_boundaries=0 2 3 5 7 8 10 12
cat_threshold=1073758274 272663576 16 2571902352 604248547 84412976 3417987168 133 807501992 67642176 1670541930 273327324
is_linear=0
shrinkage=0.06


Tree=107
num_leaves=31
num_cat=8
split_feature=134 129 131 132 115 132 104 132 111 54 127 101 104 113 69 104 104 140 104 6 129 132 114 104 132 104 104 111 132 126
split_gain=376.469 1204 723.634 704.995 676.749 570.462 1380.05 937.53 710.318 575.81 565.192 611.26 964.314 624.123 585.712 709.901 563.442 552.56 519.45 515.612 786.963 656.482 647.734 619.765 610.123 1348.78 1176.84 642.13 634.325 1088.53
threshold=1.0000000180025095e-35 34.500000000000007 0.37940952255126048 0.66766646831012755 -1.0458475812433148 0.32917936166072764 0 0.34537287020513602 95.500000000000014 111.40796320716645 7.4394851282643115 0.93301270189221952 1 323.50000000000006 10.950000000000001 2 3 10.500000000000002 4 268.84500000000008 221.50000000000003 -0.99359783145257141 3.745678740201448 5 0.19653276579064646 6 7 95.500000000000014 0.14569472580964501 116.52500000000002
decision_type=2 2 2 2 2 2 1 2 2 8 2 2 1 2 2 1 1 2 1 10 2 2 2 1 2 1 1 2 2 2
left_child=3 2 -2 5 10 9 8 -8 -7 19 11 12 -3 -13 15 -12 -6 -5 -11 21 -21 23 24 -1 26 -26 -22 -27 -28 -30
right_child=1 4 -4 17 16 6 7 -9 -10 18 14 13 -14 -15 -16 -17 -18 -19 -20 20 22 -23 -24 -25 25 27 28 -29 29 -31
leaf_value=0.09853735918749755 -0.64934303634655333 0.020633965155656141 0.023761576783566482 0.061424347001317013 0.38416252623313041 0.53474143916009753 0.68765410759312851 -0.12613179196131014 -0.45699993006901551 -0.52672273845625339 -0.30475857352233787 0.27264361241097984 -0.31856814548174622 -3.1263497612692137 0.34155786669411864 0.1601649161278999 0.075556061859379603 -0.49866768663982552 0.67443519471754576 -0.43722977354250386 -0.37377886850315944 0.050443213128143642 -0.83639834615457997 -0.26789908028761733 0.090707629395634079 -0.64500338573913008 0.003258614471073997 0.092959867101848198 -1.0852721771425615 3.700002407068725
leaf_weight=4970 7677 16565 5640 3538 48078 36204 3278 52816 3676 1769 9853 11595 19357 803 21073 22309 56943 7796 10696 25997 35868 118164 3464 12519 10298 10632 195165 2084 1334 2544
leaf_count=4970 7677 16565 5640 3538 48078 36204 3278 52816 3676 1769 9853 11595 19357 803 21073 22309 56943 7796 10696 25997 35868 118164 3464 12519 10298 10632 195165 2084 1334 2544
internal_value=-0.000246307 0.00184807 -0.0156375 -0.00109474 0.00297536 -0.000778958 0.00340839 -0.00265859 0.0119395 -0.00170175 -0.000516956 -0.00521512 -0.00917963 0.00627147 0.00374746 -0.00134689 0.00635238 -0.0159012 0.0110075 -0.00207626 -0.0035154 0.000972622 -0.00252519 -0.0098765 -0.002179 -0.0115021 -0.00126558 -0.024562 0.000537442 0.024563
internal_weight=762705 219893 13317 542812 206576 531478 95974 56094 39880 435504 101555 48320 35922 12398 53235 32162 105021 11334 12465 423039 287386 135653 261389 17489 257925 23014 234911 12716 199043 3878
internal_count=762705 219893 13317 542812 206576 531478 95974 56094 39880 435504 101555 48320 35922 12398 53235 32162 105021 11334 12465 423039 287386 135653 261389 17489 257925 23014 234911 12716 199043 3878
cat_boundaries=0 2 4 6 8 11 13 15 17
cat_threshold=2300058757 229513706 1086046794 282060380 1879064771 877562904 2617822687 3825507379 536905728 281542720 1 1411760320 452184 1654907466 282977884 1610629186 281863192
is_linear=0
shrinkage=0.06


Tree=108
num_leaves=31
num_cat=5
split_feature=0 140 104 59 133 19 21 102 140 24 126 24 140 126 133 133 104 114 104 133 98 104 118 7 98 140 104 139 133 54
split_gain=376.122 709.784 698.905 727.99 724.063 656.307 643.514 629.143 606.719 1509.66 488.235 455.105 973.023 686.008 448.705 441.052 870.177 602.702 519.127 515.776 450.989 706.439 446.339 416.01 427.501 412.03 497.166 705.821 441.422 388.903
threshold=117.00250000000001 27.000000000000004 0 15.300000000000002 0.94066717844141279 319.9461805555556 295.90125000000006 39.500000000000007 2.5000000000000004 -12.472413194444441 89.15000000000002 54.509513888888897 2.5000000000000004 134.30000000000004 0.6811602155975035 0.28106562097635729 1 -0.40666562505290288 2 0.86004965528756494 0.34537287020513602 3 1.0000000180025095e-35 377.12500000000006 -0.030098581458670341 27.000000000000004 4 42.500000000000007 0.93769647993491489 9.1404311908661899
decision_type=2 2 1 10 2 8 10 2 2 8 2 10 2 2 2 2 1 2 1 2 2 1 2 2 2 2 1 2 2 10
left_child=8 5 3 -3 7 11 -6 -5 9 -1 -11 13 -13 -2 -9 16 22 18 -17 -20 25 -22 -10 -4 -25 -19 28 -28 -27 -16
right_child=1 2 23 4 6 -7 -8 14 15 10 -12 12 -14 -15 29 17 -18 20 19 -21 21 -23 -24 24 -26 26 27 -29 -30 -31
leaf_value=-0.26887068345794601 -0.25159857835735178 -1.2414112820587357 0.070154887269438568 -0.54809086076784475 0.16956213984144625 1.2203381502380408 -0.67785491038453838 0.85804898290156695 0.12735218763459499 -0.17153320773031366 0.1609839758740948 1.0082788503569104 0.0095922969099333944 0.067955328585611596 0.27521998761194738 -0.33846297377298751 -0.11853107228425926 -0.0037976698719990052 0.17092549108956745 0.7920642529582318 -0.22049519452797589 0.075419450674712105 -0.22662274907525676 -0.15464699109666852 -0.56554705904265634 -0.075142985646423591 0.26840648500182851 1.9095345782825086 0.25991334101700003 -0.5792792487530406
leaf_weight=24287 65104 3528 69789 23130 21195 11209 9056 3705 26587 5482 15050 12888 38079 78207 3927 4274 38775 59359 25043 17829 24130 29804 3854 46598 11287 25691 32184 7163 13543 12279
leaf_count=24287 65104 3528 69789 23130 21195 11209 9056 3705 26587 5482 15050 12888 38079 78207 3927 4274 38775 59359 25043 17829 24130 29804 3854 46598 11287 25691 32184 7163 13543 12279
internal_value=-0.000314375 -0.00155056 -0.00405311 -0.00857466 -0.00729401 0.000939909 -0.000180484 -0.0122936 0.00112113 -0.00540161 0.00657478 0.000125387 0.0049949 -0.00160643 -0.00447469 0.00206958 -0.00214803 0.00329092 0.00936899 0.0113555 0.00179742 -0.00285455 0.00544398 -0.00133171 -0.00509242 0.00361633 0.00646637 0.0112308 0.0016848 -0.00878139
internal_weight=763036 409981 204494 76820 73292 205487 30251 43041 353055 44819 20532 194278 50967 143311 19911 308236 69216 239020 47146 42872 191874 53934 30441 127674 57885 137940 78581 39347 39234 16206
internal_count=763036 409981 204494 76820 73292 205487 30251 43041 353055 44819 20532 194278 50967 143311 19911 308236 69216 239020 47146 42872 191874 53934 30441 127674 57885 137940 78581 39347 39234 16206
cat_boundaries=0 3 6 8 11 13
cat_threshold=1927799370 274064924 1 281997400 4287864848 1 0 34217984 1992471384 3759244308 1 1610664018 2999886936
is_linear=0
shrinkage=0.06


Tree=109
num_leaves=31
num_cat=8
split_feature=111 104 54 104 6 104 133 129 134 130 139 137 130 104 98 129 69 104 120 110 137 134 111 104 140 104 111 98 104 129
split_gain=362.27 504.131 412.182 438.48 412.055 558.574 546.255 483.017 854.39 745.195 713.324 1010.18 873.723 855.43 674.722 623.326 608.086 647.518 583.53 747.335 658.307 568.329 839.291 558.785 546.241 526.539 484.269 476.418 474.766 581.187
threshold=31.500000000000004 0 111.40796320716645 1 244.13000000000002 2 0.24788919046402172 46.500000000000007 1.0000000180025095e-35 0.78656609248549325 64.500000000000014 1.7690173644091866e-09 -0.37940952255126059 3 -0.36547047648896602 169.50000000000003 11.65 4 92.500000000000014 20.950000000000003 0.61497421480319081 1.0000000180025095e-35 76.500000000000014 5 7.5000000000000009 6 73.500000000000014 -0.13291928626387098 7 9.5000000000000018
decision_type=2 1 10 1 10 1 2 2 2 2 2 2 2 1 2 2 2 1 2 2 2 2 2 1 2 1 2 2 1 2
left_child=1 -1 4 -4 5 6 -2 9 16 21 11 12 15 14 -13 -10 -9 18 20 -20 -18 -6 -23 -12 -19 -14 -22 -27 -11 -30
right_child=2 -3 3 -5 7 -7 -8 8 10 28 23 13 25 -15 -16 -17 17 24 19 -21 26 22 -24 -25 -26 27 -28 -29 29 -31
leaf_value=0.069451056735140071 -0.21091424290731076 -0.56950124153550119 -0.15875282335127536 1.4158707415200371 0.086776112545721845 0.058284340340353395 0.043985280260838096 -0.020609774273284528 0.54907299573801205 -0.14241954281742522 -0.98205132800738171 0.65189490782058379 0.32094010794842587 0.19050135087747774 4.9280269178438427 -0.40824140316643137 -0.28281959057635969 0.014381301480414947 -0.24981031485046115 1.1555191859321674 -0.1017778315762078 -0.7508019296885281 0.60432609125065617 -0.0061268289587295037 -0.51373997950546535 -1.0756063747182174 3.678681685603626 0.034719863526139108 -0.19651003792373414 -1.1910401430898572
leaf_weight=4859 15917 4899 4003 6834 19258 180016 21984 234023 2754 3743 3756 18537 13200 51356 4533 18045 45464 12329 4031 4213 3552 5118 2586 5054 40947 2061 3566 19772 2290 3712
leaf_count=4859 15917 4899 4003 6834 19258 180016 21984 234023 2754 3743 3756 18537 13200 51356 4533 18045 45464 12329 4031 4213 3552 5118 2586 5054 40947 2061 3566 19772 2290 3712
internal_value=-0.000244749 -0.0117307 -9.58208e-05 0.0115206 -0.000265537 0.00192706 -0.00469245 -0.00117755 -0.000677471 -0.00781465 0.00329793 0.00441551 -0.00168502 0.0089919 0.0185867 -0.011426 -0.00226556 -0.00585681 -0.00162533 0.0132153 -0.00395261 -0.00267478 -0.0164465 -0.0132244 -0.0106855 0.0040983 0.0130131 -0.00162333 -0.0220337 -0.0324696
internal_weight=762412 9758 752654 10837 741817 217917 37901 523900 487193 36707 139068 130258 55832 74426 23070 20799 348125 114102 60826 8244 52582 26962 7704 8810 53276 35033 7118 21833 9745 6002
internal_count=762412 9758 752654 10837 741817 217917 37901 523900 487193 36707 139068 130258 55832 74426 23070 20799 348125 114102 60826 8244 52582 26962 7704 8810 53276 35033 7118 21833 9745 6002
cat_boundaries=0 2 5 7 9 11 14 16 18
cat_threshold=2855483032 3297206982 2688588162 1072456776 1 1769998496 6370 1426590004 1107302439 3118372657 604641765 1955087319 307928123 1 2149829826 2148529784 1292390595 283882712
is_linear=0
shrinkage=0.06


Tree=110
num_leaves=31
num_cat=9
split_feature=121 99 104 104 132 114 104 123 47 59 137 132 130 127 115 31 127 140 104 130 104 104 137 104 126 132 104 104 6 130
split_gain=362.453 785.073 703.433 571.783 558.93 476.471 425.052 401.348 388.335 380.323 381.012 549.32 437.255 379.33 355.087 541.926 350.829 344.996 340.464 382.612 329.995 329.057 322.649 574.003 457.343 328.596 477.124 345.318 431.836 315.908
threshold=990.6500000000002 0.99958851518450398 0 1 0.025799818015934263 1.1025412482507799 2 0.61802246634437907 1334.7635416666669 5404.7050000000008 0.44064828010201723 -0.931957157303682 -0.70710678118654735 1.0000000180025095e-35 -0.66606983713531964 90.117044248466271 0.59774158431927682 4.5000000000000009 3 0.37940952255126054 4 5 0.083227709543603312 6 208.15000000000003 0.34537287020513602 7 8 136.04000000000005 -0.60355339059327362
decision_type=2 2 1 1 2 2 1 2 10 10 2 2 2 2 2 8 2 2 1 2 1 1 2 1 2 2 1 1 10 2
left_child=3 2 5 7 -3 17 -6 -1 9 10 22 12 -12 -4 -9 -16 29 -2 19 -11 -13 -14 25 24 -24 27 -27 28 -5 -7
right_child=1 4 13 8 6 16 -8 14 -10 18 11 20 21 -15 15 -17 -18 -19 -20 -21 -22 -23 23 -25 -26 26 -28 -29 -30 -31
leaf_value=-0.18697693686958403 -0.038891760572469992 0.52656602399638586 -0.92676836723747769 0.63721189155239333 -0.38137761765608758 1.5098301135489327 -1.3937330830631232 -0.1815135312041562 -0.26758475892021194 0.35624858916563995 -0.11082398645782632 0.34302719203275739 1.9918062635858784 -0.0080269222126366918 0.29294115505816848 -0.13185003758824493 0.024567539880306837 0.62273802656651756 0.02740055097298949 2.8355788399036999 -0.7721773527763659 0.47442805743121885 -0.89147659257965117 -0.065351392618545098 0.019316246538311717 -0.38337611480147443 -0.047831566403190348 0.015935500331309527 0.11084578682080035 0.23731500270985917
leaf_weight=33118 8544 1769 2406 1545 2272 1465 3590 43522 14200 5553 3803 1362 5449 232058 11741 22600 71213 36527 9574 3383 2272 5368 5007 28226 2240 6067 23450 163933 3285 6651
leaf_count=33118 8544 1769 2406 1545 2272 1465 3590 43522 14200 5553 3803 1362 5449 232058 11741 22600 71213 36527 9574 3383 2272 5368 5007 28226 2240 6067 23450 163933 3285 6651
internal_value=-0.000312598 0.00104694 0.00145191 -0.0015718 -0.0179953 0.00509858 -0.0269145 -0.0052247 -0.00014772 0.000359976 -0.000249754 0.0080986 0.0132877 -0.000483122 -0.00287193 0.00168948 0.00230001 0.0100253 0.0086608 0.0170739 -0.0127758 0.0194398 -0.000901717 -0.00617184 -0.0212207 4.11537e-05 -0.00579917 0.00106267 0.016856 0.0141185
internal_weight=762193 366495 358864 395698 7631 124400 5862 110981 284717 270517 252007 18254 14620 234464 77863 34341 79329 45071 18510 8936 3634 10817 233753 35473 7247 198280 29517 168763 4830 8116
internal_count=762193 366495 358864 395698 7631 124400 5862 110981 284717 270517 252007 18254 14620 234464 77863 34341 79329 45071 18510 8936 3634 10817 233753 35473 7247 198280 29517 168763 4830 8116
cat_boundaries=0 2 4 6 9 11 13 15 17 19
cat_threshold=2301184066 191831736 1761613826 2615676169 1762167938 491303017 348792377 21158 1 80511281 1192032 2464056989 1052834 2425857 139778 46179136 1678802964 32768 8192
is_linear=0
shrinkage=0.06


Tree=111
num_leaves=31
num_cat=4
split_feature=8 132 104 132 112 133 90 113 115 0 104 140 104 23 140 17 59 99 132 111 126 104 110 58 111 102 122 113 122 19
split_gain=387.751 464.188 416.349 401.941 402.58 481.543 400.549 377.625 326.689 317.795 531.152 321.041 317.671 307.344 371.706 342.497 320.982 304.436 990.355 306.062 651.262 767.213 733.836 559.107 448.219 799.19 559.744 504.68 562.526 422.185
threshold=113.41250000000001 -0.97670382270880773 0 0.66766646831012755 3.8950000000000005 0.99138911339924218 2.5000000000000004 317.50000000000006 1.8859116222410479 30.046250000000004 1 10.500000000000002 2 -66.989999999999995 27.000000000000004 122.51250000000002 5768.9650000000011 0.99981043035926087 0.025799818015934263 71.500000000000014 151.85000000000002 3 13.250000000000002 2226.2850000000008 47.500000000000007 40.500000000000007 0.12226669061696131 335.50000000000006 0.44718046156505908 185.04687500000003
decision_type=10 2 1 2 2 2 2 2 2 2 1 2 1 8 2 10 10 2 2 2 2 1 2 2 2 2 2 2 2 10
left_child=9 -2 -3 4 8 7 -5 -6 17 10 -1 -12 -10 14 -11 -15 -17 19 -19 20 21 -4 23 -22 26 27 -24 28 -26 -23
right_child=1 2 3 6 5 -7 -8 -9 12 13 11 -13 -14 15 -16 16 -18 18 -20 -21 22 29 24 -25 25 -27 -28 -29 -30 -31
leaf_value=-0.31015353977906734 -1.121993021758348 0.095838608818712603 -0.030446815257799499 -0.7604234997537882 -0.13599991851599896 -1.5290937701314151 0.10916330777290824 -1.1552711628431342 0.017562967139187292 -0.21482480770976323 -0.20978242764483815 0.099040392947397138 -1.0074245123040726 0.024713938982265943 0.088116204301902021 0.13001346743361381 1.217480852598835 0.74976937550531775 -1.110577295251342 0.030146743365997392 -0.72542951665609501 -0.30122987652368122 0.12404582620646749 4.3544274011202537 0.037894805913052207 1.4104269795081332 -0.35761074728514697 1.0602042320899088 -0.68818230695572313 -1.2945788261016389
leaf_weight=6071 1526 96853 18670 2498 9777 1329 1275 984 3294 21179 3808 8210 4678 215089 20978 62967 3758 2332 4362 151635 5642 11066 16725 466 38390 9294 21599 3970 3867 10556
leaf_count=6071 1526 96853 18670 2498 9777 1329 1275 984 3294 21179 3808 8210 4678 215089 20978 62967 3758 2332 4362 151635 5642 11066 16725 466 38390 9294 21599 3970 3867 10556
internal_value=-0.000258452 -0.00147808 -0.00135781 -0.00239408 -0.00216359 -0.0129022 -0.0218601 -0.00869169 -0.00174003 0.00124188 -0.00649751 0.000818023 -0.0137263 0.00167403 -0.00310404 0.0023888 0.00614423 -0.00141994 -0.0140702 -0.00112978 -0.00315004 -0.00958976 -0.000554055 -0.0207039 0.000757624 0.00420266 -0.00423327 0.000974734 -0.00094704 -0.0172792
internal_weight=762848 420788 419262 322409 318636 12090 3773 10761 306546 342060 18089 12018 7972 323971 42157 281814 66725 298574 6694 291880 140245 40292 99953 6108 93845 55521 38324 46227 42257 21622
internal_count=762848 420788 419262 322409 318636 12090 3773 10761 306546 342060 18089 12018 7972 323971 42157 281814 66725 298574 6694 291880 140245 40292 99953 6108 93845 55521 38324 46227 42257 21622
cat_boundaries=0 2 4 6 8
cat_threshold=134776976 661728 1669335176 8655296 2803122763 2571109656 654594592 3417694212
is_linear=0
shrinkage=0.06


Tree=112
num_leaves=31
num_cat=8
split_feature=21 132 104 110 127 118 104 111 127 104 104 109 110 129 129 110 134 98 111 109 112 104 104 132 119 104 111 132 104 132
split_gain=335.458 935.417 684.309 417.966 783.448 444.167 471.501 407.851 655.466 824.861 598.367 484.266 566.737 453.718 1087.78 676.859 569.004 838.343 877.506 780.416 774.234 727.428 680.973 673.075 577.27 559.866 827.299 685.058 895.326 846.7
threshold=118.31666666666668 -0.96875021044074028 0 16.650000000000002 31.211025117122379 1.0000000180025095e-35 1 42.500000000000007 75.112654610106716 2 3 77.500000000000014 12.850000000000003 66.500000000000014 81.500000000000014 8.0500000000000025 1.0000000180025095e-35 -0.064461972558210262 85.500000000000014 367.50000000000006 1.175 4 5 0.66766646831012755 59.500000000000007 6 92.500000000000014 0.32917936166072764 7 0.19653276579064646
decision_type=10 2 1 2 2 2 1 2 2 1 1 2 2 2 2 2 2 2 2 2 2 1 1 2 2 1 2 2 1 2
left_child=2 -2 -1 4 -4 -5 -7 10 13 -10 -3 12 -11 15 -15 -9 23 19 20 22 -19 -21 -18 25 -20 26 -16 29 -29 -27
right_child=1 7 3 5 -6 6 -8 8 9 11 -12 -13 -14 14 16 -17 17 18 24 21 -22 -23 -24 -25 -26 27 -28 28 -30 -31
leaf_value=-0.082291315625997327 -0.35881636692938129 -0.38956483030861527 0.046271756226169886 0.1248847996434496 -0.5038393557245916 0.38540994749669633 -0.18950572451342584 -0.67278386935998591 -0.30849774525706208 5.2724526646680578 0.0006343407464055417 4.7126058063409015 0.18043930286469959 0.9032385749984122 -0.24015737989525135 -0.11025186668043574 0.64681942487614941 -1.6354381967551672 0.031116865147634769 -0.061825001280036811 -0.14284910154712449 1.6578847928855132 -0.01467850581908408 -0.37048263049685032 0.91343998313700747 0.0071651712966399822 0.2861450582444357 -0.18284939154183588 0.51345982467709683 -0.23052320540635349
leaf_weight=35060 13504 22998 23455 64694 3103 953 5432 4384 5418 1427 30249 3636 5143 10602 48402 54299 28577 1806 14586 3309 27906 7712 41647 8548 4321 221541 10003 10243 23413 25053
leaf_count=35060 13504 22998 23455 64694 3103 953 5432 4384 5418 1427 30249 3636 5143 10602 48402 54299 28577 1806 14586 3309 27906 7712 41647 8548 4321 221541 10003 10243 23413 25053
internal_value=-0.000283836 -0.000862408 0.00245746 0.00503912 -0.00138258 0.00743922 -0.00765738 -0.000519518 -4.39876e-05 0.012073 -0.00553824 0.0221043 0.0123999 -0.000390517 0.000209281 -0.00537489 -0.000213177 0.00317499 -0.00305677 0.00690422 -0.00948676 0.0217474 0.00457444 -0.00148046 0.00704781 -0.00106072 -0.00640407 5.30934e-05 0.00808272 -0.00104284
internal_weight=761424 628727 132697 97637 26558 71079 6385 615223 561976 15624 53247 10206 6570 546352 487669 58683 477067 129864 48619 81245 29712 11021 70224 347203 18907 338655 58405 280250 33656 246594
internal_count=761424 628727 132697 97637 26558 71079 6385 615223 561976 15624 53247 10206 6570 546352 487669 58683 477067 129864 48619 81245 29712 11021 70224 347203 18907 338655 58405 280250 33656 246594
cat_boundaries=0 2 4 6 8 10 12 14 17
cat_threshold=3911388289 994 8683536 24576 3760244934 4260144216 1170754667 3145401400 1090535522 2573132888 1426638964 3374635062 1073758274 281338904 48734728 1611727364 1
is_linear=0
shrinkage=0.06


Tree=113
num_leaves=31
num_cat=0
split_feature=15 0 140 35 19 132 129 8 111 110 103 110 70 132 84 132 132 126 132 113 111 101 99 114 137 127 133 17 25 28
split_gain=371.098 430.799 521.7 427.598 401.087 414.464 718.687 390.747 374.753 624.905 1058.38 540.506 501.776 381.552 352.99 459.957 358.128 356.923 350.155 345.11 482.562 361.845 319.388 310.288 306.278 304.451 545.434 326.156 284.268 283.441
threshold=206.27500000000003 412.16666666666669 7.5000000000000009 270.32500000000005 102.88593750000001 0.61490419508004501 178.50000000000003 117.55833333333335 74.500000000000014 21.350000000000005 0.01126364564421809 10.65 49.500000000000007 -0.931957157303682 3.1450000000000009 -0.38142733947913604 -0.34940546490494873 134.30000000000004 -0.36547047648896602 332.50000000000006 47.500000000000007 0.6830127018922193 0.19758679452260591 3.745678740201448 0.042730530857558173 0.027229624622079215 0.99981043035926087 287.12500000000006 0.48391496584519339 127.6744791666667
decision_type=10 2 2 8 8 2 2 10 2 2 2 2 2 2 10 2 2 2 2 2 2 2 2 2 2 2 2 10 8 8
left_child=3 23 -3 7 -5 8 -7 28 11 10 12 -6 -10 -12 17 -16 18 -13 -17 -19 -21 -22 -9 25 -11 26 -2 -27 -1 -14
right_child=1 2 -4 4 5 6 -8 22 9 24 13 14 29 -15 15 16 -18 19 -20 20 21 -23 -24 -25 -26 27 -28 -29 -30 -31
leaf_value=-0.048300628152152997 -0.79536973555265289 3.5221743660842457 0.053014816320591081 0.1461323143558266 -0.69571669821028359 -1.3186155232568926 -0.11973226402574426 -1.1672720998725541 0.90459119950500788 -0.034574015179091332 0.185920812912656 -0.21128025186785462 0.29372083581639313 -0.87862652286186715 0.28814768914601047 -0.28526293602302244 -0.1057750332997989 0.040868567824430782 -1.3968289313398399 -0.30204835094265137 -0.23327504885032083 1.3287113254118161 -0.15515621792377202 -0.78121279256414911 1.8012074566367176 -0.19499604464749495 0.66916667063659874 0.10064183135685539 0.037184914017711602 0.063440855432702961
leaf_weight=91287 5927 3145 9549 52791 2629 1320 6057 1108 14633 2037 2558 36804 7810 7607 3070 2798 4655 95679 2594 2062 1073 5305 60173 2281 7164 100482 1331 39667 102015 87130
leaf_count=91287 5927 3145 9549 52791 2629 1320 6057 1108 14633 2037 2558 36804 7810 7607 3070 2798 4655 95679 2594 2062 1073 5305 60173 2281 7164 100482 1331 39667 102015 87130
internal_value=-0.00028783 -0.00283256 0.00777944 0.00040046 0.00177444 0.000907006 -0.0131336 -0.00146569 0.00126971 0.00366543 0.00250745 -0.000701985 0.00422564 -0.0160122 -0.000241494 -0.00965544 -0.0158658 0.00063481 -0.0263898 0.00243008 0.0140599 0.0222166 -0.00564048 -0.00373254 0.0187329 -0.00339262 -0.015374 -0.00277203 -0.00014216 0.00263153
internal_weight=762741 162382 12694 600359 345776 292985 7377 254583 285608 128939 119738 156669 109573 10165 154040 13117 10047 140923 5392 104119 8440 6378 61281 149688 9201 147407 7258 140149 193302 94940
internal_count=762741 162382 12694 600359 345776 292985 7377 254583 285608 128939 119738 156669 109573 10165 154040 13117 10047 140923 5392 104119 8440 6378 61281 149688 9201 147407 7258 140149 193302 94940
is_linear=0
shrinkage=0.06


Tree=114
num_leaves=31
num_cat=0
split_feature=21 47 133 19 27 127 35 21 98 15 133 139 132 98 25 111 47 132 132 139 139 139 121 114 140 132 126 140 59 43
split_gain=339.771 348.378 512.397 358.341 426.007 453.851 334.223 408.167 534.838 362.571 325.376 306.518 497.59 319.004 293.329 285.303 271.408 294.724 379.825 284.027 319.468 281.547 252.423 250.868 300.776 264.469 349.924 237.677 397.287 307.209
threshold=752.87500000000011 119.82083333333334 0.99138911339924218 307.63194444444451 315.01000000000005 0.027229624622079215 270.32500000000005 119.21000000000002 -0.98024766238342442 117.61250000000001 0.99981043035926087 59.500000000000007 -0.26762560548918296 -0.3169700421330815 0.48391496584519339 75.500000000000014 1232.9364583333338 0.17963823861099873 0.21336913576298863 64.500000000000014 62.500000000000007 60.500000000000007 993.95000000000016 -1.2984543603845724 21.000000000000004 0.32917936166072764 122.92500000000001 21.000000000000004 4926.5400000000009 159.42732240369517
decision_type=10 8 2 10 10 2 8 8 2 8 2 2 2 2 8 2 10 2 2 2 2 2 2 2 2 2 2 2 8 2
left_child=1 2 23 4 6 10 7 14 -9 -8 -6 12 13 15 -3 -5 17 19 -19 20 21 27 -13 -1 -25 -26 -27 29 -29 -7
right_child=-2 3 -4 11 5 16 9 8 -10 -11 -12 22 -14 -15 -16 -17 -18 18 -20 -21 -22 -23 -24 24 25 26 -28 28 -30 -31
leaf_value=-0.49689874428871289 -0.65504733204016441 -0.023389621919016435 -2.3782932764159561 0.42037169612423891 -0.83554124345623793 -0.22602431453319638 0.13324747864804323 -0.38159532392903484 -0.06557390443177212 0.0090596336218101217 0.60186991892956876 -1.1023342329625392 -0.1464101157102857 3.6087237167785662 0.073868963453792416 2.6033005045100985 -0.51518804792091888 -0.44292714995070498 -0.1658246051777158 -0.59963939111653808 0.93233263321956594 -0.54591588955842096 1.6767743643165192 0.65812974610399577 -0.8631204672599545 -0.80705668938322128 0.7709137597257506 0.037670704802282559 1.2557048148447205 0.3760734203571458
leaf_weight=1831 10484 56756 1899 7437 6369 40564 123140 7644 123234 188529 958 1682 7082 2622 55988 2664 7291 2638 15786 4291 4679 4825 723 3493 3249 496 750 58284 6279 10938
leaf_count=1831 10484 56756 1899 7437 6369 40564 123140 7644 123234 188529 958 1682 7082 2622 55988 2664 7291 2638 15786 4291 4679 4825 723 3493 3249 496 750 58284 6279 10938
internal_value=-0.000237842 -8.83101e-05 -0.0103524 7.41487e-05 -0.00015798 -0.00285593 0.000633505 -0.00103143 -0.00331084 0.00193493 -0.0174481 0.00758003 0.0100364 0.0171314 0.00161462 0.0122887 -0.00216859 -0.00161284 -0.00871425 -0.000605263 -8.64856e-05 -0.000681937 -0.0126434 -0.00483299 -0.00024033 -0.0105027 0.0129912 -9.14997e-05 0.0023335 -0.00313147
internal_weight=762605 752121 11718 740403 718193 162902 555291 243622 130878 311669 7327 22210 19805 12723 112744 10101 155575 148284 18424 129860 125569 120890 2405 9819 7988 4495 1246 116065 64563 51502
internal_count=762605 752121 11718 740403 718193 162902 555291 243622 130878 311669 7327 22210 19805 12723 112744 10101 155575 148284 18424 129860 125569 120890 2405 9819 7988 4495 1246 116065 64563 51502
is_linear=0
shrinkage=0.06


Tree=115
num_leaves=31
num_cat=7
split_feature=130 133 104 111 104 139 111 127 28 104 109 104 104 119 120 112 132 28 104 122 122 104 118 130 101 119 109 133 133 133
split_gain=333.813 548.35 768.374 679.948 695.296 647.796 538.789 604.495 580.903 509.539 503.674 1806.93 834.096 694.65 583.084 503.237 699.556 590.609 488.339 482.33 475.237 470.093 461.724 456.701 767.381 499.027 619.038 497.236 988.604 1490.05
threshold=0.91597561503675362 0.76556758748011056 0 89.500000000000014 1 42.500000000000007 75.500000000000014 0.26221022290174079 202.23263888888889 2 62.500000000000007 3 4 78.500000000000014 72.500000000000014 2.0250000000000004 0.11157877211276467 186.32305555555561 5 0.07688256673047679 0.021722203101946135 6 1.0000000180025095e-35 -1.0000000180025095e-35 0.93301270189221952 35.500000000000007 82.500000000000014 0.99748108949426018 0.98770287048522643 0.96633974041180493
decision_type=2 2 1 2 1 2 2 2 10 1 2 1 1 2 2 2 2 8 1 2 2 1 2 2 2 2 2 2 2 2
left_child=6 2 5 4 -3 -2 10 8 22 -9 11 14 -12 21 -1 16 18 -18 -5 20 -14 -13 -8 24 27 -25 -27 28 29 -11
right_child=1 3 -4 15 -6 -7 7 9 -10 23 12 13 19 -15 -16 -17 17 -19 -20 -21 -22 -23 -24 25 -26 26 -28 -29 -30 -31
leaf_value=-0.57798112204896912 0.14538674520366271 -0.021470418826896064 -0.12388056457591332 -0.68360560563195039 -0.68449253668026189 3.6180793168427123 0.20242205085357198 -0.026529456014663139 -0.51116573950240474 0.21894815486373814 0.10132512026011881 0.86071813254219698 0.24704294223562298 -0.50493889401095415 0.73517215383697532 0.16817898066062981 -0.18803314953315406 -1.1802106946505464 0.36624309253964726 -0.030665908963902238 -0.24438163839600044 0.0085366979281573663 -0.33685464789001507 -0.027035428340004584 1.9386481881481636 0.88102722196857031 0.031838131194316471 -1.9484174104844918 1.4879766289599701 -0.54905207406275136
leaf_weight=37136 11366 5404 22460 6470 10137 3925 13100 70385 18259 40500 124927 14401 3273 4620 2937 11188 6897 5605 11789 148926 21678 44907 2648 57453 13680 17547 22245 1023 3631 4240
leaf_count=37136 11366 5404 22460 6470 10137 3925 13100 70385 18259 40500 124927 14401 3273 4620 2937 11188 6897 5605 11789 148926 21678 44907 2648 57453 13680 17547 22245 1023 3631 4240
internal_value=-0.000230715 -0.00355368 0.00206453 -0.00724287 -0.0179629 0.0124337 0.00024341 0.00234617 -0.00512174 0.003447 -0.00113846 -0.00473472 0.000113251 0.00152771 -0.0147216 -0.00327104 -0.00723425 -0.0181684 0.000253012 -0.00257373 -0.0102942 0.0032737 0.00332212 0.00531516 0.0092918 0.00273636 0.00790089 0.00580869 0.00668445 0.00424041
internal_weight=762757 95241 37751 57490 15541 15291 667516 264711 34007 230704 402805 104001 298804 63928 40073 41949 30761 12502 18259 173877 24951 59308 15748 160319 63074 97245 39792 49394 48371 44740
internal_count=762757 95241 37751 57490 15541 15291 667516 264711 34007 230704 402805 104001 298804 63928 40073 41949 30761 12502 18259 173877 24951 59308 15748 160319 63074 97245 39792 49394 48371 44740
cat_boundaries=0 3 5 7 10 13 15 17
cat_threshold=81658293 1846548771 1 656517169 151724960 639840425 419963652 2431880581 537406339 1 3124213128 601025 1 571748408 1339449664 151519280 159514628
is_linear=0
shrinkage=0.06


Tree=116
num_leaves=31
num_cat=10
split_feature=111 104 59 104 130 133 104 111 104 111 133 112 132 104 104 111 110 120 111 126 104 104 127 119 130 137 103 127 104 104
split_gain=324.47 479.32 362.646 366.405 351.083 453.367 667.09 625.685 639.758 553.712 473.285 453.121 661.994 541.24 472.49 437.032 415.857 508.422 401.862 707.552 1528.86 723.306 680.689 534.039 626.211 517.315 645.563 640.259 485.469 479.434
threshold=31.500000000000004 0 10047.440000000002 1 0.91597561503675362 0.76556758748011056 2 88.500000000000014 3 85.500000000000014 0.74298546529340237 2.0150000000000001 0.11157877211276467 4 5 94.500000000000014 8.4500000000000011 1.0000000180025095e-35 75.500000000000014 134.30000000000004 6 7 10.175298815609001 78.500000000000014 0.60355339059327384 0.44064828010201723 0.16210544303708729 11.40984261462452 8 9
decision_type=2 1 10 1 2 2 1 2 1 2 2 2 2 1 1 2 2 2 2 2 1 1 2 2 2 2 2 2 1 1
left_child=1 -1 4 -4 18 6 9 8 -7 -6 -8 12 14 -14 -9 -15 17 -13 19 20 -2 -21 -23 -22 -25 26 28 29 -20 -27
right_child=2 -3 3 -5 5 7 10 11 -10 -11 -12 16 13 15 -16 -17 -18 -19 25 21 23 22 -24 24 -26 27 -28 -29 -30 -31
leaf_value=-0.62814870082343954 -0.51306557980931866 0.012502645508997715 -0.21864947238891602 2.6766720067385634 2.5661760742824575 0.0087136716251552566 -0.1644779856454312 0.58073540576001392 -0.65861466916164513 0.10736446455398038 1.2886439654539219 -0.10639055507709627 -0.9622297406476723 -0.84010414144507217 -0.40023417893057911 0.13371736084592811 -0.052263465940022798 0.74059547160053685 0.1721665118619265 0.12510400481442871 0.093932249245264068 -0.083811276851592564 0.11609320368349557 -0.57421840696384241 0.23879614032701965 0.43565563230630799 -0.48249604744928004 -0.75898424371675133 0.00079432804595768402 3.0118873168102316
leaf_weight=4244 36326 5585 1753 3298 4132 4827 21511 8084 10003 9713 1779 1379 5760 1970 10168 4690 7454 2873 94586 97400 55534 133520 56087 6394 4441 3516 7699 1770 153068 3554
leaf_count=4244 36326 5585 1753 3298 4132 4827 21511 8084 10003 9713 1779 1379 5760 1970 10168 4690 7454 2873 94586 97400 55534 133520 56087 6394 4441 3516 7699 1770 153068 3554
internal_value=-0.00026009 -0.0110905 -0.000118759 0.0159026 -0.000226933 -0.00364856 0.00151389 -0.0069996 -0.0176064 0.0119385 -0.00468649 -0.00328748 -0.00712027 -0.0178053 0.000151208 -0.00611602 0.00675493 0.0217258 0.00026674 -0.00095796 -0.00523195 0.000571343 -0.00158751 0.000185297 -0.0119989 0.00207325 0.00157922 0.016342 0.00211116 0.0244209
internal_weight=763118 9829 753289 5051 748238 94343 37135 57208 14830 13845 23290 42378 30672 12420 18252 6660 11706 4252 653895 389702 102695 287007 189607 66369 10835 264193 255353 8840 247654 7070
internal_count=763118 9829 753289 5051 748238 94343 37135 57208 14830 13845 23290 42378 30672 12420 18252 6660 11706 4252 653895 389702 102695 287007 189607 66369 10835 264193 255353 8840 247654 7070
cat_boundaries=0 3 5 8 10 13 16 19 22 24 26
cat_threshold=1439467815 994614569 1 2684405826 468477016 80609717 1712331043 1 119646257 151724960 2643204916 4009761187 1 3505097669 2684885671 1 2431880580 537404291 1 439849352 537469825 1 3242739782 3827735610 627144850 2615796600
is_linear=0
shrinkage=0.06


Tree=117
num_leaves=31
num_cat=1
split_feature=89 15 114 102 35 132 111 123 111 139 124 53 130 131 47 132 131 123 133 133 135 3 126 0 21 140 132 140 123 127
split_gain=357.138 302.088 297.057 246.982 222.832 260.661 243.52 242.092 315.872 266.956 236.942 227.811 264.442 218.595 271.695 236.418 208.696 330.178 328.981 253.179 238.907 378.613 342.039 262.421 315.839 438.241 258.028 234.777 206.832 258.122
threshold=0 186.01375000000004 3.5443923638628787 65.500000000000014 393.71500000000009 0.025799818015934263 56.500000000000007 0.27083907088159825 48.500000000000007 51.500000000000007 0.09166666666666666 13.753409251518951 0.37940952255126054 -0.37940952255126015 388.00520833333343 0.66766646831012755 0.91597561503675351 0.92198117898971532 0.83258597624099873 0.99855310097228334 1.0000000180025095e-35 132.33381666666671 371.52500000000003 46.552500000000009 118.31666666666668 4.5000000000000009 -0.96875021044074028 2.5000000000000004 0.84473655549730287 1.8850884086881476
decision_type=1 10 2 2 10 2 2 2 2 2 2 10 2 2 8 2 2 2 2 2 2 10 2 2 10 2 2 2 2 2
left_child=13 3 4 16 11 6 7 8 9 -6 -9 12 -3 28 15 -15 20 -18 -19 -20 23 -22 -23 27 25 -25 -26 -2 -1 -30
right_child=1 2 -4 -5 5 -7 -8 10 -10 -11 -12 -13 -14 14 -16 -17 17 18 19 -21 21 22 -24 24 26 -27 -28 -29 29 -31
leaf_value=-0.021959538358125599 -0.19490042491636458 0.10234820283164651 -0.67412584623604888 0.61199433641785461 0.38291880734667016 -0.43432287780122975 0.40609401349171914 0.063807669531312283 2.568899844713076 -0.82835698278695447 -1.1038205789144526 -0.39752667794844343 -0.31073009657948741 -0.27180436399755931 -0.062507255918840335 -0.99447937424232813 0.02659237574117327 0.17096958203593743 1.5001762091407613 -0.69025171176580558 0.070170875394965429 0.98932222812370152 -0.11325277261178342 0.23291503400665597 -0.27049093538486357 0.046117082884712626 0.0055236764907456853 -0.039597234030778236 -0.23415814981960381 0.78791507690668128
leaf_weight=107535 4883 23861 2817 3302 2760 3747 26618 2305 1534 2118 3076 18342 13382 38957 126140 1104 32415 11133 7437 801 28809 5353 1478 8334 4826 34357 205925 26972 4038 7370
leaf_count=107535 4883 23861 2817 3302 2760 3747 26618 2305 1534 2118 3076 18342 13382 38957 126140 1104 32415 11133 7437 801 28809 5353 1478 8334 4826 34357 205925 26972 4038 7370
internal_value=-0.000318932 0.00068599 -0.00223506 0.00146719 -0.00168133 0.0016082 0.00308185 -0.0040953 0.00377982 -0.00368928 -0.0134783 -0.00417623 -0.00148051 -0.00199849 -0.00340393 -0.00770855 0.00132243 0.00485682 0.0110541 0.0201432 0.000752108 0.00538369 0.0180826 0.000173503 0.000818646 0.00552469 -0.000134661 -0.00495919 -3.48063e-05 0.00764659
internal_weight=761729 476585 100560 376025 97743 42158 38411 11793 6412 4878 5381 55585 37243 285144 166201 40061 372723 51786 19371 8238 320937 35640 6831 285297 253442 42691 210751 31855 118943 11408
internal_count=761729 476585 100560 376025 97743 42158 38411 11793 6412 4878 5381 55585 37243 285144 166201 40061 372723 51786 19371 8238 320937 35640 6831 285297 253442 42691 210751 31855 118943 11408
cat_boundaries=0 1
cat_threshold=133
is_linear=0
shrinkage=0.06


Tree=118
num_leaves=31
num_cat=0
split_feature=9 140 47 69 73 61 110 133 114 59 133 16 19 132 129 28 129 129 127 140 61 69 84 85 133 107 72 133 133 126
split_gain=360.898 482.228 576.065 626.865 616.471 532.203 490.36 355.86 348.438 348.635 331.518 285.402 303.674 315.619 599.094 288.869 279.404 459.274 423.168 332.865 973.626 349.121 526.259 365.22 416.153 415.182 380.764 376.237 369.369 346.249
threshold=197.93750000000003 27.000000000000004 322.32708333333341 11.450000000000001 277.50000000000006 5.8551077375385701 25.050000000000004 0.96407344085605606 0.95008273051478975 352.93000000000006 0.95436825032516992 95.501389821370466 102.88593750000001 0.61490419508004501 178.50000000000003 121.55468750000001 67.500000000000014 76.500000000000014 84.974054599140928 2.5000000000000004 4.9942518112578513 11.65 2.0856250000000007 18.350000000000005 0.94066717844141279 28.682950000000002 2.9850000000000008 0.92191100909954782 0.92191100909954782 116.52500000000002
decision_type=10 2 10 2 2 2 2 2 2 10 2 10 10 2 2 8 2 2 2 2 2 2 10 10 2 2 2 2 2 2
left_child=11 5 4 -4 7 -2 -7 10 -9 -10 -3 15 -13 16 -15 -1 18 -18 -14 20 -19 23 -23 26 25 27 -21 -25 -28 -22
right_child=1 2 3 -5 -6 6 -8 8 9 -11 -12 12 13 14 -16 -17 17 19 -20 21 29 22 -24 24 -26 -27 28 -29 -30 -31
leaf_value=0.02917594933774879 -0.072808484520753045 -0.17451870224130303 0.087641914681778135 -0.65046140010158859 -1.0687138272439025 1.3162766205993124 -1.510466682737075 0.084520056077156486 -0.97551309572125655 1.1344881812637511 1.7557623423204467 0.11045449636698493 -0.1697946522319087 -1.310062731960373 -0.11032041007634759 -0.060060983034493344 1.9543293499180854 -0.27519209135029088 6.292711593007505 0.089623543198223951 -0.0578971689328776 0.05527131070853443 -0.50948983945463111 0.15115852278554912 0.99147669836665042 0.87153861213961714 0.25145962102665803 -0.46758066653934804 -0.44887743515755119 0.60302516920082383
leaf_weight=65385 73887 9258 42364 15314 10098 14361 1131 3041 6227 647 2508 76813 26429 1039 6684 160177 2652 19003 676 86033 5754 49062 13629 24106 14215 8836 2933 4435 9598 6073
leaf_count=65385 73887 9258 42364 15314 10098 14361 1131 3041 6227 647 2508 76813 26429 1039 6684 160177 2652 19003 676 86033 5754 49062 13629 24106 14215 8836 2933 4435 9598 6073
internal_value=-0.000250745 -0.00260886 -0.00572313 -0.00214914 -0.0122096 0.000508167 0.010619 -0.00650586 -0.014879 -0.0223593 0.000550693 0.000471953 0.00152526 0.000611827 -0.011349 -0.00119966 0.000949696 0.00158592 -0.00483214 0.00131559 -0.00451104 0.00215957 -0.00160116 0.0037297 0.00781967 0.00449623 0.0015888 0.000977507 -0.00818225 0.00900406
internal_weight=762368 178836 89457 57678 31779 89379 15492 21681 9915 6874 11766 583532 357970 281157 7723 225562 273434 246329 27105 243677 30830 212847 62691 150156 51592 37377 98564 28541 12531 11827
internal_count=762368 178836 89457 57678 31779 89379 15492 21681 9915 6874 11766 583532 357970 281157 7723 225562 273434 246329 27105 243677 30830 212847 62691 150156 51592 37377 98564 28541 12531 11827
is_linear=0
shrinkage=0.06


Tree=119
num_leaves=31
num_cat=3
split_feature=0 140 47 132 53 132 23 133 99 104 99 140 140 24 126 16 104 126 25 132 104 140 126 24 130 120 139 8 133 23
split_gain=331.375 547.235 783.169 660.54 952.241 860.179 632.144 613.651 1110.97 611.979 558.439 548.675 480.439 1214.65 447.795 421.72 396.711 355.48 352.913 609.954 395.217 349.074 343.003 421.209 341.836 392.852 435.723 336.121 321.881 683.339
threshold=118.43666666666668 27.000000000000004 322.32708333333341 -0.13291928626387098 6.1608400965932235 -0.098749067963353782 11.200000000000003 0.94066717844141279 0.95691861501572195 0 0.99981043035926087 1.5000000000000002 2.5000000000000004 -15.532986111111098 87.375000000000014 110.67083333333335 1 122.92500000000001 0.96784987164734015 0.025799818015934263 2 45.000000000000007 111.12500000000001 47.005416666666669 -0.91597561503675329 13.500000000000002 35.500000000000007 185.67333333333337 0.93469109537144635 -48.970833333333331
decision_type=2 2 8 2 8 2 8 2 2 1 2 2 2 8 2 8 1 2 8 2 1 2 2 8 2 2 2 10 2 8
left_child=12 6 3 4 -3 -5 17 9 16 24 -10 22 13 -1 -15 -13 -9 -2 19 20 -7 -21 23 -8 -4 -26 -27 28 -14 -30
right_child=1 2 7 5 -6 18 11 8 10 -11 -12 15 27 14 -16 -17 -18 -19 -20 21 -22 -23 -24 -25 25 26 -28 -29 29 -31
leaf_value=-0.25273332212038752 -0.30498329517807293 0.40631553603848375 -0.40930561506059177 -1.950952086999119 -0.625657192824423 -1.0945388048234608 -0.3446828653520197 -1.4171816841905343 0.12833523091647719 -0.37348345723078097 -0.77103465617593314 -0.10639245855775342 0.016093789677130346 -0.16966901805747256 0.13688490494110025 0.24815236369592808 2.8088390171726871 0.011721853425555366 -0.033137744630898282 -0.17494789577199568 0.79449860472747103 -0.79491868470840665 0.92892776799241628 0.79500406972417748 0.2499580726303452 -0.13337557420284951 -1.3177704003935828 1.3093342952740155 -0.12770272477509848 0.24731846263628141
leaf_weight=23035 39954 14659 7157 4133 14200 1404 3039 699 38496 39532 4159 36176 246308 5828 16470 60123 4678 52142 7327 3670 2255 7091 6336 4491 38766 10971 1950 3478 17867 46021
leaf_count=23035 39954 14659 7157 4133 14200 1404 3039 699 38496 39532 4159 36176 246308 5828 16470 60123 4678 52142 7327 3670 2255 7091 6336 4491 38766 10971 1950 3478 17867 46021
internal_value=-0.000217755 -0.00139779 -0.00361376 -0.00973657 -0.0034948 -0.0166964 0.000805984 -0.00132451 0.00423459 -0.00403875 0.000994467 0.00387288 0.00110822 -0.00466537 0.00531683 0.00226604 0.0299331 -0.00286263 -0.0119266 -0.0173747 0.00378689 -0.0245698 0.0150314 0.00637366 -0.000159035 0.00154272 -0.00751741 0.00194265 0.00173464 0.00552959
internal_weight=762415 403408 201147 54739 28859 25880 202261 146408 48032 98376 42655 110165 359007 45333 22298 96299 5377 92096 21747 14420 3659 10761 13866 7530 58844 51687 12921 313674 310196 63888
internal_count=762415 403408 201147 54739 28859 25880 202261 146408 48032 98376 42655 110165 359007 45333 22298 96299 5377 92096 21747 14420 3659 10761 13866 7530 58844 51687 12921 313674 310196 63888
cat_boundaries=0 2 4 6
cat_threshold=252448565 3416922595 536903680 151920704 805605945 3920314372
is_linear=0
shrinkage=0.06


Tree=120
num_leaves=31
num_cat=5
split_feature=86 140 130 104 139 0 140 22 132 109 129 104 104 114 140 3 47 23 126 132 110 111 126 104 104 44 132 132 132 132
split_gain=311.095 408.714 372.682 466.773 544.557 322.93 600.997 740.833 436.48 395.408 369.142 396.803 358.276 358.188 341.082 352.705 305.086 288.972 291.6 277.792 293.108 351.722 346.418 272.163 261.86 267.62 261.359 678.029 599.874 541.365
threshold=552.50000000000011 7.5000000000000009 -0.37940952255126059 0 41.500000000000007 118.43666666666668 2.5000000000000004 -13.749999999999991 -0.97670382270880773 32.500000000000007 233.50000000000003 1 2 3.3957990556093347 27.000000000000004 164.58333333333334 509.1375000000001 12.1 189.27500000000003 0.66766646831012755 10.65 79.500000000000014 162.07500000000002 3 4 0.004251852474720568 0.17963823861099873 -0.3169700421330815 0.32917936166072764 -0.26762560548918296
decision_type=8 2 2 1 2 2 2 10 2 2 2 1 1 2 2 10 10 8 2 2 2 2 2 1 1 2 2 2 2 2
left_child=5 17 -3 -4 -5 6 7 -1 -7 -9 11 -8 26 19 15 -12 -15 18 -2 20 21 -14 -23 -16 -11 -26 27 -10 -28 -29
right_child=1 2 3 4 -6 8 10 9 12 24 14 -13 13 16 23 -17 -18 -19 -20 -21 -22 22 -24 -25 25 -27 28 29 -30 -31
leaf_value=-0.24962210480247166 3.0688355387553656e-05 -0.11436527720856104 -0.087998326365956808 0.099835526111659328 1.6109335558079352 -1.2108676134146596 0.052643763239014443 -0.4968643870023649 -0.10576308645145502 -0.14693547226782872 -0.045181202124209459 -0.075377224542178073 -0.8638945702247508 -0.80248052265074843 0.081270863981149757 0.30130885647451361 -0.1729974380059309 0.46580992742900545 0.31302345186364261 -0.48890555992472284 -0.066969674821250463 -0.37672580690692709 0.096990321322978162 0.37756707382100768 0.15234559898325301 -0.30123404456476321 -0.37241776227140178 3.1468059138575666 0.04330432327015131 0.29509836417844498
leaf_weight=17494 16193 34510 23319 31090 9062 1212 57337 2141 57319 3644 44338 64463 2765 2570 36458 8792 3902 13005 4142 2352 178324 26241 7878 34171 11388 971 8101 4183 19885 35261
leaf_count=17494 16193 34510 23319 31090 9062 1212 57337 2141 57319 3644 44338 64463 2765 2570 36458 8792 3902 13005 4142 2352 178324 26241 7878 34171 11388 971 8101 4183 19885 35261
internal_value=-0.000289805 0.00236716 0.000414566 0.00314312 0.00706322 -0.000842598 0.000671484 -0.00660961 -0.00205906 0.00188482 0.00172821 -0.000616744 -0.0019341 -0.003369 0.00403604 0.000404284 -0.0172779 0.00810534 0.00363788 -0.00295531 -0.00273111 -0.00759984 -0.00593142 0.00676795 0.00512497 0.0092886 0.000642995 0.00212 -0.0044635 0.00817442
internal_weight=762511 131321 97981 63471 40152 631190 281197 35638 349993 18144 245559 121800 348781 224032 123759 53130 6472 33340 20335 217560 215208 36884 34119 70629 16003 12359 124749 96763 27986 39444
internal_count=762511 131321 97981 63471 40152 631190 281197 35638 349993 18144 245559 121800 348781 224032 123759 53130 6472 33340 20335 217560 215208 36884 34119 70629 16003 12359 124749 96763 27986 39444
cat_boundaries=0 2 5 7 9 11
cat_threshold=1744883818 284091480 2417775732 3219799065 1 136939664 607001314 1703151698 316597272 696256660 788797666
is_linear=0
shrinkage=0.06


Tree=121
num_leaves=31
num_cat=6
split_feature=21 19 132 139 9 139 111 114 104 132 111 132 114 104 1 99 109 104 53 121 104 104 114 129 83 132 111 129 127 104
split_gain=319.684 317.659 427.421 416.038 410.299 351.972 330.009 360.516 310.829 398.08 293.016 346.088 320.781 282.359 268.769 267.986 840.794 426.147 345.792 344.914 503.561 448.208 424.328 419.624 398.864 384.828 468.663 397.071 332.084 319.394
threshold=752.87500000000011 319.9461805555556 -0.26762560548918296 49.500000000000007 197.93750000000003 64.500000000000014 97.500000000000014 1.1435674044193884 0 -0.60467950862903008 92.500000000000014 1.0000000180025095e-35 1.3847229852640108 1 133.21000000000001 0.99748108949426018 62.500000000000007 2 0.069931450296986289 990.55000000000007 3 4 1.0430709343817244 66.500000000000014 2.7350000000000008 0.53038584004487344 95.500000000000014 25.500000000000004 0.59774158431927682 5
decision_type=10 10 2 2 10 2 2 2 1 2 2 2 2 1 8 2 2 1 8 2 1 1 2 2 10 2 2 2 2 1
left_child=1 4 3 -3 15 6 8 13 9 -6 11 12 -11 -8 -10 18 -17 -18 -1 20 -20 23 24 25 -23 27 -27 -21 -24 -28
right_child=-2 2 -4 -5 5 -7 7 -9 14 10 -12 -13 -14 -15 -16 16 17 -19 19 21 -22 22 28 -25 -26 26 29 -29 -30 -31
leaf_value=0.15211345743278884 -0.60864408401267434 2.2070909633849509 -0.27448377815733549 0.25294608498244714 0.50262022083457847 -0.95686206812822461 -0.0013833344976202965 0.85899111930255168 1.1482659986906856 -0.50597399291631739 0.16663165088461851 -0.14374530887850143 -1.4927603542654699 -1.277698997454686 -0.086525216333442637 -0.88631585696122728 -0.60714262334605362 0.15601210066137711 0.040230339396628803 -0.12708283558851058 -0.077014703434140297 0.23895569277846931 0.39724077427073851 0.033571489910105896 0.91038815963527497 0.75611267995827924 1.6763888008851551 -0.54794820080803464 0.021139257357713603 -1.1581505925903208
leaf_weight=27420 10575 6051 6342 6549 865 2766 1472 1280 3516 1717 1560 1994 1851 3901 136452 9035 2961 15646 129055 8762 153517 27508 6246 104228 10581 2656 377 7264 69127 1394
leaf_count=27420 10575 6051 6342 6549 865 2766 1472 1280 3516 1717 1560 1994 1851 3901 136452 9035 2961 15646 129055 8762 153517 27508 6246 104228 10581 2656 377 7264 69127 1394
internal_value=-0.000221538 -7.58682e-05 0.00759542 0.0139894 -0.000274077 -0.00298904 -0.00260942 -0.0156808 -0.00202155 -0.0135259 -0.0182114 -0.0246558 -0.035842 -0.0224972 -0.00136392 0.000467993 -0.0052961 0.00199592 0.00075868 0.000412855 -0.00100477 0.00209495 0.00482335 -0.000388317 0.0099853 -0.00824582 0.00741192 -0.0125713 0.00221535 -0.0164898
internal_weight=762668 752093 18942 12600 733151 157374 154608 6653 147955 7987 7122 5562 3568 5373 139968 575777 27642 18607 548135 520715 282572 238143 113462 124681 38089 20453 4427 16026 75373 1771
internal_count=762668 752093 18942 12600 733151 157374 154608 6653 147955 7987 7122 5562 3568 5373 139968 575777 27642 18607 548135 520715 282572 238143 113462 124681 38089 20453 4427 16026 75373 1771
cat_boundaries=0 2 4 6 9 11 13
cat_threshold=1073758274 272663576 1778405570 541975770 1073741872 8601604 385279544 604237844 1 1993777845 609804356 1073741952 4751424
is_linear=0
shrinkage=0.06


Tree=122
num_leaves=31
num_cat=9
split_feature=134 129 104 111 127 113 69 102 130 104 129 104 104 127 104 101 98 67 104 132 140 132 104 132 111 104 131 132 129 104
split_gain=303.049 856.809 675.508 560.831 490.691 457.822 645.642 711.542 626.063 644.168 476.341 533.62 461.188 460.421 685.377 987.28 569.16 788.622 537.306 422.259 505.988 467.108 1055.66 807.155 500.068 451.251 407.724 392.158 661.341 658.649
threshold=1.0000000180025095e-35 31.500000000000004 0 76.500000000000014 0.49718561527731503 305.50000000000006 10.450000000000001 33.500000000000007 -1.0000000180025095e-35 1 229.50000000000003 2 3 6.3826464313672435 4 0.93301270189221952 0.55923163791368669 239.50000000000003 5 0.66766646831012755 4.5000000000000009 0.32917936166072764 6 0.34537287020513602 96.500000000000014 7 -0.12940952255126037 0.53038584004487344 78.500000000000014 8
decision_type=2 2 1 2 2 2 2 2 2 1 2 1 1 2 1 2 2 2 1 2 2 2 1 2 2 1 2 2 2 1
left_child=19 2 -2 -4 -5 13 8 12 10 -10 -7 -12 -8 16 -15 -16 18 -18 -3 21 -21 -1 24 26 -23 -22 -24 -25 29 -29
right_child=1 5 3 4 -6 6 7 -9 9 -11 11 -13 -14 14 15 -17 17 -19 -20 20 25 22 23 27 -26 -27 -28 28 -30 -31
leaf_value=-0.046676269922411251 0.13188758499865458 0.26621453925471883 -0.84431642614600977 -0.61880946372197754 1.3083785772504442 0.11061658144091836 0.20802942667145166 0.74256352599666908 -0.25283593747167232 0.26489494477909969 0.058585347948435638 -0.61612740955147183 -0.12770127757397837 0.0037959360723221636 0.23943677719976506 2.992190774892332 -0.37761297975599661 0.61994087094211547 -0.016561272914742773 0.21807706485024397 0.11175793376577729 0.44624300282404217 0.85747382645620029 -0.26229733947496897 -0.66453311134397719 -0.45872648502139241 0.16381504721774831 1.1138785152844848 -0.11800569271423782 0.20755509856359339
leaf_weight=435846 3943 33028 5102 2014 877 3899 6146 10331 7897 9772 4089 15086 14074 18140 21551 8042 4569 1529 49840 2154 2091 36306 1671 27278 2063 7091 1712 1873 18166 7127
leaf_count=435846 3943 33028 5102 2014 877 3899 6146 10331 7897 9772 4089 15086 14074 18140 21551 8042 4569 1529 49840 2154 2091 36306 1671 27278 2063 7091 1712 1873 18166 7127
internal_value=-0.0002502 0.00162897 -0.0140035 -0.0240105 -0.00292531 0.00252613 -0.00137177 0.00522192 -0.00631602 0.00218336 -0.0128243 -0.0167115 -0.00132338 0.00455903 0.00931286 0.0149392 0.00200839 -0.0156813 0.00331028 -0.00101079 -0.0124689 -0.00076663 0.00301756 -0.00210277 0.0107322 -0.0186083 0.0263298 -0.00387033 0.00123238 0.0145317
internal_weight=763307 219929 11936 7993 2891 207993 71294 30551 40743 17669 23074 19175 20220 136699 47733 29593 88966 6098 82868 543378 11336 532042 96196 57827 38369 9182 3383 54444 27166 9000
internal_count=763307 219929 11936 7993 2891 207993 71294 30551 40743 17669 23074 19175 20220 136699 47733 29593 88966 6098 82868 543378 11336 532042 96196 57827 38369 9182 3383 54444 27166 9000
cat_boundaries=0 2 4 6 9 11 13 15 17 19
cat_threshold=67649730 466285592 2030059766 1063947326 49216 45211732 269205828 613392401 1 1644986498 534668360 2433255574 3175879727 2300058759 229513666 554270721 34480740 1073758272 536904728
is_linear=0
shrinkage=0.06


Tree=123
num_leaves=31
num_cat=4
split_feature=19 35 104 139 59 104 132 111 114 132 132 132 114 111 110 127 25 133 69 120 98 129 111 104 130 126 104 131 127 110
split_gain=306.814 413.851 516.281 467.241 420.804 410.671 495.821 489.552 560.446 484.584 458.183 675.867 512.725 457.609 609.642 608.479 538.516 550.38 472.966 421.109 574.792 516.76 508.81 543.187 421.608 463.12 1168.12 495.165 435.615 556.304
threshold=109.59119791666667 189.18500000000003 0 47.500000000000007 291.79000000000002 1 0.57340843044527534 97.500000000000014 1.4419071038483893 0.53038584004487344 0.34537287020513602 0.23014236637527921 1.20371378932179 71.500000000000014 11.850000000000003 2.7979542081939068 0.98165526639553924 0.94636490295939868 10.450000000000001 94.500000000000014 0.042991213741508195 7.5000000000000009 43.500000000000007 2 0.91597561503675362 182.87500000000003 3 -0.12940952255126037 8.2254398743019639 22.150000000000002
decision_type=10 8 1 2 10 1 2 2 2 2 2 2 2 2 2 2 10 2 2 2 2 2 2 1 2 2 1 2 2 2
left_child=1 2 -1 4 -4 6 9 13 -9 10 11 -2 -13 14 -7 -15 18 -18 -17 21 22 -16 -21 -24 25 26 27 -23 -27 -30
right_child=5 -3 3 -5 -6 7 -8 8 -10 -11 -12 12 -14 15 19 16 17 -19 -20 20 -22 24 23 -25 -26 28 -28 -29 29 -31
leaf_value=-0.2711553066754338 -0.1571361643640192 0.070184806238783037 0.064548595271008646 0.48779385328033054 -0.070463189167004392 -0.63058788066382909 -0.48394549598789421 -0.60442012873155981 1.1842314925601465 0.41950622082672223 -0.41522294760829198 0.020425840761211018 0.49985120881952411 -0.070832036286853819 -2.5685202564595508 0.63616830783271494 0.49613309403840272 -0.43631970765437356 0.15573123882941758 -0.75018562966509672 -0.53820099571337066 -0.30905844178747799 -0.1299784031374594 1.4045619240374423 1.815483630638981 -0.09287677580405905 -0.5902473169324679 0.82127611572839154 0.5922907011910854 -0.0091621700653303148
leaf_weight=10296 93092 157140 38025 2384 56694 5506 4228 11490 1414 3293 9468 7023 4367 70532 701 44204 4755 7489 47786 637 1507 8621 2245 5030 2454 68884 31614 12980 16807 31053
leaf_count=10296 93092 157140 38025 2384 56694 5506 4228 11490 1414 3293 9468 7023 4367 70532 701 44204 4755 7489 47786 637 1507 8621 2245 5030 2454 68884 31614 12980 16807 31053
internal_value=-0.000251195 0.00139964 -0.00147095 -0.000115534 -0.000775971 -0.00112957 -0.0041621 -0.000148994 -0.0116327 -0.00343438 -0.00409018 -0.00294479 0.0108507 0.000259478 -0.00179483 0.0024698 0.00538207 -0.00643855 0.00695546 -0.00120142 0.0111529 -0.00187367 0.0176216 0.0221248 -0.00166448 -0.00202106 -0.00666003 0.00409495 9.35372e-05 0.0044905
internal_weight=761719 264539 107399 97103 94719 497180 121471 375709 12904 117243 113950 104482 11390 362805 188039 174766 104234 12244 91990 182533 9419 173114 7912 7275 172413 169959 53215 21601 116744 47860
internal_count=761719 264539 107399 97103 94719 497180 121471 375709 12904 117243 113950 104482 11390 362805 188039 174766 104234 12244 91990 182533 9419 173114 7912 7275 172413 169959 53215 21601 116744 47860
cat_boundaries=0 2 5 7 9
cat_threshold=687867904 4320 1916821578 307553304 1 557217 229244996 151525424 2376269892
is_linear=0
shrinkage=0.06


Tree=124
num_leaves=31
num_cat=6
split_feature=0 132 140 47 69 23 73 90 133 133 99 47 104 140 104 140 133 104 104 98 133 104 24 23 139 59 133 133 6 104
split_gain=302.729 462.156 443.559 663.999 661.886 613.665 561.655 682.037 505.935 582.746 557.023 479.665 476.33 465.425 413.039 407.174 599.268 464.641 452.502 541.533 469.557 400.83 378.28 377.071 354.542 354.185 353.257 451.456 342.609 336.806
threshold=117.00250000000001 -0.97670382270880773 27.000000000000004 322.32708333333341 10.750000000000002 11.200000000000003 277.50000000000006 2.5000000000000004 0.94066717844141279 0.91511078773075516 0.95691861501572195 1188.2458333333336 0 1.5000000000000002 1 27.000000000000004 0.94066717844141279 2 3 -0.9953885283364815 0.90438663683299525 4 26.234895833333344 -12.499382972717276 42.500000000000007 4926.5400000000009 0.99958851518450398 0.99138911339924218 348.10500000000008 5
decision_type=2 2 2 10 2 8 2 2 2 2 2 10 1 2 1 2 2 1 1 2 2 1 8 8 2 10 2 2 10 1
left_child=15 -2 5 6 8 -3 7 26 9 21 14 12 -6 22 -10 23 18 -18 19 -17 -20 -5 -7 -1 -21 -14 27 -4 -8 -22
right_child=1 2 3 4 11 13 28 -9 10 -11 -12 -13 25 -15 -16 16 17 -19 20 24 29 -23 -24 -25 -26 -27 -28 -29 -30 -31
leaf_value=-0.086557524727694637 -1.1240654806509232 -0.096203118438368443 -0.39155116159576064 0.43270950549876541 -0.45095182709353693 0.040435800535486233 -0.18442778341465951 0.089918383352172671 -0.9959476784160165 -0.45845903951646588 0.1647435979411884 -1.0698234920681648 -0.10886166317462993 0.09505936968241456 3.2140288896511362 -0.15874712308001726 -0.032833683394015337 0.41991063434397485 0.006724812622591116 0.17666910043501671 -0.37345407227766786 -0.15705434547101532 0.90701096173282192 0.026040320359140879 1.6090673841481078 1.493385437896003 0.16712562389686439 -1.747677663302748 -0.98094711545038593 0.0022373434543351322
leaf_weight=76632 1498 94232 9147 19546 15126 5129 7987 21073 908 9797 33160 4708 32948 96228 3649 6602 9775 24831 84859 35347 5144 26788 8730 101494 4613 2248 2950 2705 11111 3463
leaf_count=76632 1498 94232 9147 19546 15126 5129 7987 21073 908 9797 33160 4708 32948 96228 3649 6602 9775 24831 84859 35347 5144 26788 8730 101494 4613 2248 2950 2705 11111 3463
internal_value=-0.000219247 -0.00132868 -0.00120655 -0.00318672 -0.00110586 0.000769088 -0.00882199 -0.00439681 0.00195761 -0.0016536 0.00733178 -0.00633025 -0.00461658 0.00381131 0.0269987 0.00106917 0.0031279 0.0101979 0.00138057 0.00621218 -0.00102699 0.00115766 0.0140909 -0.00094921 0.00884362 -0.000787343 -0.0142674 -0.0188914 -0.0171339 -0.0143796
internal_weight=762428 409668 408170 203851 148878 204319 54973 35875 93848 56131 37717 55030 50322 110087 4557 352760 174634 34606 140028 46562 93466 46334 13859 178126 39960 35196 14802 11852 19098 8607
internal_count=762428 409668 408170 203851 148878 204319 54973 35875 93848 56131 37717 55030 50322 110087 4557 352760 174634 34606 140028 46562 93466 46334 13859 178126 39960 35196 14802 11852 19098 8607
cat_boundaries=0 3 5 7 9 11 13
cat_threshold=3265650762 276162072 1 570654720 151994432 1728839728 260061472 2602308924 2373990691 252183088 3417379170 1621246146 273777752
is_linear=0
shrinkage=0.06


Tree=125
num_leaves=31
num_cat=10
split_feature=111 104 102 102 104 134 98 111 124 104 104 129 104 90 104 54 104 6 131 129 104 114 119 6 104 111 125 104 69 110
split_gain=292.526 421.561 315.239 334.244 476.922 333.135 826.053 1008.93 771.066 736.053 695.604 622.774 555.699 503.622 442.479 425.955 417.776 402.93 402.689 369.807 395.325 387.476 426.571 368.613 604.925 530.267 418.255 445.58 436.461 426.604
threshold=31.500000000000004 0 65.500000000000014 62.500000000000007 1 1.0000000180025095e-35 -0.064461972558210262 83.500000000000014 0.6116666666666668 2 3 31.500000000000004 4 4.5000000000000009 5 111.40796320716645 6 461.38000000000005 -0.12940952255126037 154.50000000000003 7 3.2991786903316851 169.50000000000003 353.57000000000005 8 92.500000000000014 0.52790000000000015 9 12.750000000000002 10.250000000000002
decision_type=2 1 2 2 1 2 2 2 2 1 1 2 1 2 1 10 1 8 2 2 1 2 2 10 1 2 2 1 2 2
left_child=1 -1 3 5 -5 15 10 8 9 -8 -7 -11 -9 14 -12 23 -17 -15 -14 20 -13 22 -21 -2 25 -25 28 -28 29 -26
right_child=2 -3 -4 4 -6 6 7 12 -10 11 13 19 18 17 -16 16 -18 -19 -20 21 -22 -23 -24 24 26 -27 27 -29 -30 -31
leaf_value=0.032021738077445294 -0.0022554308972168257 -0.53915270072322941 0.56817155823441812 0.15332084549446848 -0.56924268404089218 -0.11142092294246481 0.063087973493367144 0.44746944125065025 -1.5264100704919767 -0.74998268611505303 0.78877804939909069 0.37778738096358155 0.41696314642413934 0.028101380942927391 0.21388957578634546 -0.56188106030591312 1.0679140841483439 2.8224764613283102 -0.13597007443825077 -0.41468333946285779 -0.15943344650544916 -0.54498930169229098 -0.0042086768930150948 -0.96404971057090927 -0.72107165856847921 0.41808956248454648 2.8694681927899799 -0.31044870478129211 -0.48879643882864399 -0.020318585583464426
leaf_weight=5286 380944 4527 5260 6473 9727 25796 14147 12422 1784 5486 20771 2701 4127 43423 38874 1595 7991 2277 14061 8885 3875 937 7624 3815 10477 1189 3012 2828 27017 85348
leaf_count=5286 380944 4527 5260 6473 9727 25796 14147 12422 1784 5486 20771 2701 4127 43423 38874 1595 7991 2277 14061 8885 3875 937 7624 3815 10477 1189 3012 2828 27017 85348
internal_value=-0.000217522 -0.0105095 -8.33613e-05 -0.000186355 -0.00871057 2.46101e-06 0.00203928 -0.0029357 -0.00860783 -0.00702721 0.00492428 -0.0124191 0.0054843 0.00708626 0.0107182 -0.000802568 0.0117284 0.00234743 -0.00120007 -0.00825709 0.00386802 -0.0128274 -0.0106953 -0.001036 -0.00374666 -0.0241914 -0.00294934 0.0127375 -0.00369545 -0.00179638
internal_weight=762679 9813 752866 747606 16200 731406 207190 76049 45439 43655 131141 29508 30610 105345 59645 524216 9586 45700 18188 24022 6576 17446 16509 514630 133686 5004 128682 5840 122842 95825
internal_count=762679 9813 752866 747606 16200 731406 207190 76049 45439 43655 131141 29508 30610 105345 59645 524216 9586 45700 18188 24022 6576 17446 16509 514630 133686 5004 128682 5840 122842 95825
cat_boundaries=0 2 5 7 9 11 13 16 19 21 23
cat_threshold=2855499464 3300352710 169065480 3919921988 1 69288642 424338968 673251330 680648 2171706888 2374980320 348651956 2149586983 536905728 415260736 1 2568749312 2189427111 1 1073758274 272663576 2906204688 1872894464
is_linear=0
shrinkage=0.06


Tree=126
num_leaves=31
num_cat=9
split_feature=86 88 126 104 104 111 110 122 91 114 112 104 110 139 133 104 120 115 104 133 133 129 104 104 19 104 111 110 111 132
split_gain=285.515 311.345 255.345 554.211 446.847 431.193 390.08 341.707 408.077 650.696 416.005 395.756 387.368 426.992 364.437 360.968 348.031 337.537 299.71 294.053 320.982 292.52 288.449 283.873 269.938 272.171 264.835 244.478 330.488 264.856
threshold=552.50000000000011 0.20355114254296661 162.07500000000002 0 1 75.500000000000014 10.65 0.37713367162428924 2 1.6510639157396003 2.0050000000000003 3 23.550000000000004 60.500000000000007 0.91852788691372023 4 1.0000000180025095e-35 -1.1928353267080827 5 0.97461712852231652 0.97062204580664158 85.500000000000014 6 7 181.18090277777782 8 89.500000000000014 15.450000000000001 73.500000000000014 -0.96875021044074028
decision_type=8 8 2 1 1 2 2 2 1 2 2 1 2 2 2 1 2 2 1 2 2 2 1 1 10 1 2 2 2 2
left_child=1 -1 4 -4 6 24 -3 11 10 -10 -9 -5 13 16 21 -16 19 -18 -14 20 -12 -11 -21 -23 -6 -26 -17 28 -13 -29
right_child=-2 2 3 7 5 -7 -8 8 9 14 12 27 18 -15 15 26 17 -19 -20 22 -22 23 -24 -25 25 -27 -28 29 -30 -31
leaf_value=0.0482745866797228 0.065340201957331201 -0.26916968958058646 0.17022770129347725 -0.1433147041761228 -0.19689296695148606 -0.10996836510657146 0.083709385503525482 -0.040063510141204295 0.30391929514575705 -1.0470009360159711 0.2932543912895097 -0.34270976469012521 0.32796777382091397 -0.33724743382121802 -0.11218482605680265 -1.2611245383675387 0.6587373401220219 0.23630741306451311 -0.72222400287490873 0.10276914697986456 0.70415336813501284 0.38301688054694999 -0.25680966667228572 -0.23898027144916398 -0.30705023123904196 -1.1744385899245617 -0.10043934026862729 -0.10476563151127578 -0.0058974887832556533 0.07470964548963735
leaf_weight=133472 131159 26381 27924 58984 25916 90172 84125 18800 9173 696 11984 7356 892 2981 2546 3944 5217 5951 1899 1985 574 3392 2318 3562 4271 9157 952 9213 12601 64733
leaf_count=133472 131159 26381 27924 58984 25916 90172 84125 18800 9173 696 11984 7356 892 2981 2546 3944 5217 5951 1899 1985 574 3392 2318 3562 4271 9157 952 9213 12601 64733
internal_value=-0.000198182 -0.000727504 -0.0014176 -0.000105946 -0.00282573 -0.00521683 -2.28019e-05 -0.00107615 0.00218715 -0.00424864 0.00515586 -0.00271689 0.00913615 0.0110632 -0.0119102 -0.0213624 0.0133593 0.021574 -0.0122708 0.00791721 0.0125551 -0.00271337 -0.00561803 0.00100072 -0.0104583 -0.0173624 -0.030862 -0.00029708 -0.00619 0.00129336
internal_weight=762330 631171 497699 257677 240022 129516 110506 229753 76866 24265 52601 152887 33801 31010 15092 7442 28029 11168 2791 16861 12558 7650 4303 6954 39344 13428 4896 93903 19957 73946
internal_count=762330 631171 497699 257677 240022 129516 110506 229753 76866 24265 52601 152887 33801 31010 15092 7442 28029 11168 2791 16861 12558 7650 4303 6954 39344 13428 4896 93903 19957 73946
cat_boundaries=0 2 4 5 7 9 11 13 15 17
cat_threshold=2162816 9088 3356017265 4021213236 13 1091060337 3757064208 755935248 102711360 1342226530 275956824 1954701898 276677724 588783157 2946701414 621026304 73792
is_linear=0
shrinkage=0.06


Tree=127
num_leaves=31
num_cat=11
split_feature=121 99 104 104 132 136 6 104 112 127 104 137 130 126 110 104 104 6 104 127 120 111 104 102 136 115 104 104 104 120
split_gain=271.776 528.728 502.764 478.371 460.424 409.999 372.969 370.387 337.951 463.985 361.713 324.465 434.607 362.908 553.158 721.043 440.415 391.804 316.766 315.508 599.967 724.468 570.721 346.57 311.363 309.212 300.051 284.696 275.395 274.298
threshold=990.6500000000002 0.99958851518450398 0 1 0.025799818015934263 1.0000000180025095e-35 184.19500000000002 2 1.3250000000000004 1.7873219135996194 3 0.44064828010201723 -0.70710678118654735 134.30000000000004 14.050000000000002 4 5 175.88500000000002 6 15.117826142688434 12.500000000000002 52.500000000000007 7 37.500000000000007 1.0000000180025095e-35 -2.898863277960396 8 9 10 92.500000000000014
decision_type=2 2 1 1 2 2 10 1 2 2 1 2 2 2 2 1 1 10 1 2 2 2 1 2 2 2 1 1 1 2
left_child=3 2 -2 5 28 -1 -4 -6 9 -8 -11 13 -13 14 27 29 17 -15 -7 24 21 23 -23 -21 -18 -10 -14 -5 -3 -16
right_child=1 4 6 11 7 18 8 -9 25 10 -12 12 26 16 15 -17 19 -19 -20 20 -22 22 -24 -25 -26 -27 -28 -29 -30 -31
leaf_value=-0.11237319234422742 -0.047921899843769607 1.3659054675299704 0.24976739421554298 0.37452746351274696 -1.2846930363095677 0.24961885593072722 -0.026136552985500428 -0.31240577681181375 -0.42916048943104573 0.15484717992218805 1.7375808139445492 -0.26569551854508944 0.20389857956437957 0.31388559338184507 -0.58946627751776182 -0.057226523707935684 -0.052156785692477566 0.11676946298111091 -0.091155639556681073 0.89333448546442462 -0.50963280789135013 -0.4520013782718641 2.7677764888108323 -0.14252195374254611 0.27942661945307951 0.053127949820100467 1.1885676660807063 -0.062344683033048791 -0.43122009827410462 0.26923650706585361
leaf_weight=149046 134853 840 13805 15931 3005 12492 12633 2777 2338 6264 11234 3514 4350 7143 15808 38828 62761 14805 12207 2281 3967 799 6419 8600 4850 177751 5923 24250 917 1747
leaf_count=149046 134853 840 13805 15931 3005 12492 12633 2777 2338 6264 11234 3514 4350 7143 15808 38828 62761 14805 12207 2281 3967 799 6419 8600 4850 177751 5923 24250 917 1747
internal_value=-0.000230509 0.000946951 0.00127731 -0.00132078 -0.0147772 -0.00367861 0.0030196 -0.02295 0.00239234 0.0082736 0.0145997 0.000524896 0.00943864 -6.5421e-05 -0.00275876 -0.0065923 0.00226453 0.00988023 0.00348097 0.000399385 0.0066289 0.0112608 0.0259981 0.00148318 -0.00163373 0.0014083 0.0156687 0.00262058 0.012116 -0.0166788
internal_weight=762138 366417 358878 395721 7539 173745 224025 5782 210220 30131 17498 221976 13787 208189 96564 56383 111625 21948 24699 89677 22066 18099 7218 10881 67611 180089 10273 40181 1757 17555
internal_count=762138 366417 358878 395721 7539 173745 224025 5782 210220 30131 17498 221976 13787 208189 96564 56383 111625 21948 24699 89677 22066 18099 7218 10881 67611 180089 10273 40181 1757 17555
cat_boundaries=0 3 5 8 10 12 14 16 18 21 24 27
cat_threshold=1959962157 1105925 1 1795168582 3756805435 2195174197 3803334916 1 52449346 2521432152 2159084672 640 2326528 8704 1258295618 461373465 16384 32832 69296128 537109060 1 2157388416 537924224 1 1750729474 375429377 1
is_linear=0
shrinkage=0.06


Tree=128
num_leaves=31
num_cat=7
split_feature=15 104 16 59 28 104 127 139 139 113 131 110 132 132 104 114 137 104 111 115 114 104 90 69 110 104 25 104 127 115
split_gain=272.619 455.994 285.836 376.143 271.005 531.851 404.008 352.877 459.011 314.057 279.708 343.202 263.507 262.424 259.741 250.314 247.002 627.315 303.519 299.59 394.044 389.489 341.902 332.049 328.176 305.212 301.445 283.409 276.599 255.737
threshold=223.51375000000004 0 165.31666666666669 10047.440000000002 121.55468750000001 1 4.0988599403785155 52.500000000000007 51.500000000000007 277.50000000000006 0.25881904510252057 6.8500000000000005 0.025799818015934263 -0.5627915150444055 2 1.7998833191138199 0.44064828010201723 3 75.500000000000014 -1.5512966824453474 -0.69185236169184083 4 4.5000000000000009 8.0500000000000025 6.3500000000000005 5 0.98625126803000995 6 15.769827400926602 0.99815618170708553
decision_type=8 1 10 10 8 1 2 2 2 2 2 2 2 2 1 2 2 1 2 2 2 1 2 2 2 1 10 1 2 2
left_child=2 12 4 -4 5 -1 -7 8 9 -8 -11 -12 -2 15 -6 -9 19 -18 -19 25 21 -21 28 29 26 -16 -22 -26 -23 -24
right_child=1 -3 3 -5 14 6 7 13 -10 10 11 -13 -14 -15 16 -17 17 18 -20 20 24 22 23 -25 27 -27 -28 -29 -30 -31
leaf_value=-0.073782989784705461 0.32154434027024165 -0.19207072687343582 0.076802463535600218 3.0136686895294695 -0.14404580997699951 0.14149068580194168 0.21672020733054623 1.099626733589625 -0.62136368507471307 0.021985589533237544 0.39383765905926166 -0.2704332132990504 -0.25132034332952286 -0.027275954305902701 0.14881518787102038 -1.1078006328913017 -0.14465069485495732 0.28665525244756168 2.3756333092753645 -0.41609058856074466 -1.0078315584401607 0.31400657748351823 0.020607801511523433 -0.20316579825530709 0.033517713025043749 -0.034834531932417007 0.18057139950843848 -0.11665332787191537 -0.202054267085538 1.8025121460047364
leaf_weight=25814 30386 103854 167685 1880 33509 32387 7572 1951 574 11201 1051 8292 6252 1435 38821 225 8022 4297 3918 5958 2460 25430 2034 12485 40984 43729 568 132176 5966 1227
leaf_count=25814 30386 103854 167685 1880 33509 32387 7572 1951 574 11201 1051 8292 6252 1435 38821 225 8022 4297 3918 5958 2460 25430 2034 12485 40984 43729 568 132176 5966 1227
internal_value=-0.000230901 -0.00261792 0.000308565 0.00240933 -0.000479377 0.00245694 0.00536206 0.000614823 -0.00161026 -0.000524949 -0.00437479 -0.0120398 0.00313678 0.018289 -0.00121432 0.0314194 -0.000700243 0.00651435 0.0181546 -0.00107594 -0.00219182 0.00233894 0.00416601 -0.0030482 -0.00355732 0.00202348 -0.0231363 -0.00321481 0.00778546 0.0139975
internal_weight=762143 140492 621651 169565 452086 90502 64688 32301 28690 28116 20544 9343 36638 3611 361584 2176 328075 16237 8215 311838 229288 53100 47142 15746 176188 82550 3028 173160 31396 3261
internal_count=762143 140492 621651 169565 452086 90502 64688 32301 28690 28116 20544 9343 36638 3611 361584 2176 328075 16237 8215 311838 229288 53100 47142 15746 176188 82550 3028 173160 31396 3261
cat_boundaries=0 2 5 7 10 12 15 18
cat_threshold=17598608 538980448 4288290213 8395232 1 1140852752 274726912 555831362 2332944184 1 524288 101212160 942876160 1619780228 1 268959873 252481792 1
is_linear=0
shrinkage=0.06


Tree=129
num_leaves=31
num_cat=10
split_feature=10 104 119 133 99 104 109 111 133 104 111 104 120 127 104 121 115 114 91 16 131 104 16 104 58 114 69 104 104 139
split_gain=282.349 377.688 321.78 364.658 474.266 473.206 366.445 358.789 374.318 355.111 318.734 679.065 382.147 357.17 456.379 317.797 294.693 356.862 312.248 279.845 329.445 286.716 275.724 416.807 297.583 281.89 466.546 374.584 311.361 271.144
threshold=150.12500000000003 0 109.50000000000001 0.99981043035926087 0.99981043035926087 1 172.50000000000003 47.500000000000007 0.99138911339924218 2 71.500000000000014 3 71.500000000000014 0.04991223840506593 4 996.05000000000007 -0.45853040473694212 0.79883308639404604 5 170.01041221618655 -0.37940952255126015 6 57.403750000000009 7 794.53000000000009 -0.69185236169184083 9.7500000000000018 8 9 54.500000000000007
decision_type=10 1 2 2 2 1 2 2 2 1 2 1 2 2 1 2 2 2 1 10 2 1 8 1 2 2 2 1 1 2
left_child=22 -2 3 4 6 -5 10 8 9 -4 11 -3 -13 14 -12 19 17 -9 -19 20 -15 -21 23 -1 -25 26 27 -24 -28 -18
right_child=1 2 7 5 -6 -7 -8 16 -10 -11 13 12 -14 15 -16 -17 29 18 -20 21 -22 -23 25 24 -26 -27 28 -29 -30 -31
leaf_value=-0.24372401883415407 0.14561513148532354 0.084485786015127351 0.14393620897269718 -0.51755886811523966 -1.2163097571850239 1.1315426018187102 -0.46601937540434518 1.1778202364429109 -1.1436311064000193 -0.2907052930363298 0.10725739626164568 -0.62542899671521468 0.33819136712187542 0.53173518937893016 -1.2039356690297061 -0.39849458404043048 -0.18922509034056248 0.32530010141416027 -0.090243172412309031 0.70813828398649037 -0.16686983155645718 -0.033696593960688116 -0.14405758394024473 0.031382532125976186 -0.12918605002638167 0.015248919718987394 -0.070621018793272011 0.6383282104286172 0.18132094809285576 0.75099653889361684
leaf_weight=12513 51755 17082 11646 2306 2910 2964 6712 6169 919 18600 2493 27021 2185 3780 3302 3741 19937 12723 13191 14353 47988 18866 3872 42491 20144 326201 23686 15174 24274 3638
leaf_count=12513 51755 17082 11646 2306 2910 2964 6712 6169 919 18600 2493 27021 2185 3780 3302 3741 19937 12723 13191 14353 47988 18866 3872 42491 20144 326201 23686 15174 24274 3638
internal_value=-0.000207071 -0.00166351 -0.00265642 -0.00428852 -0.00483202 0.0112237 -0.00435875 0.000270202 -0.00488417 -0.00373723 -0.00370579 -0.007785 -0.0133402 -0.00170814 -0.0161387 -0.000765477 0.00315636 0.00689877 0.00381092 -1.20017e-05 -0.00277 0.00428597 0.000708051 -0.00262199 -0.000623503 0.00134448 0.00488904 0.0128335 0.00173391 -0.00193672
internal_weight=762636 294281 242526 155703 150433 5270 147523 86823 31165 30246 140811 46288 29206 94523 5795 88728 55658 32083 25914 84987 51768 33219 468355 75148 62635 393207 67006 19046 47960 23575
internal_count=762636 294281 242526 155703 150433 5270 147523 86823 31165 30246 140811 46288 29206 94523 5795 88728 55658 32083 25914 84987 51768 33219 468355 75148 62635 393207 67006 19046 47960 23575
cat_boundaries=0 2 4 6 8 10 11 13 15 18 21
cat_threshold=134744080 528608 1946473065 3417554964 2721525956 262919 553914912 2410102788 1728106695 1061323800 9 2178154756 3760326659 562038912 6368 1610743808 373825600 1 2706624 1073736214 1
is_linear=0
shrinkage=0.06


Tree=130
num_leaves=31
num_cat=9
split_feature=121 133 104 104 104 122 129 104 129 104 130 113 111 133 129 134 119 109 104 119 104 104 6 122 121 119 121 131 104 20
split_gain=253.548 481.666 460.217 443.488 419.438 378.363 359.985 526.587 389.054 587.548 374.605 498.005 373.957 665.698 538.638 637.236 430.378 335.279 323.356 296.105 415.884 390.185 345.224 311.05 287.079 362.524 276.573 270.975 264.118 429.239
threshold=990.6500000000002 0.99932962452255414 0 1 2 0.71383121345663281 66.500000000000014 3 94.500000000000014 4 -0.25881904510252113 288.50000000000006 94.500000000000014 0.8511460603353429 21.500000000000004 1.0000000180025095e-35 47.500000000000007 182.50000000000003 5 201.50000000000003 6 7 351.67500000000007 0.1518190249420957 995.85000000000002 156.50000000000003 983.75000000000011 0.78656609248549303 8 23.925753934078372
decision_type=2 2 1 1 1 2 2 1 2 1 2 2 2 2 2 2 2 2 1 2 1 1 10 2 2 2 2 2 1 10
left_child=4 2 5 -3 -1 24 7 -4 9 -8 11 -11 13 -9 15 16 -15 28 26 21 -21 -10 -23 -22 -2 -26 -19 -17 -6 -30
right_child=1 3 6 -5 17 -7 8 12 19 10 -12 -13 -14 14 -16 27 -18 18 -20 20 23 22 -24 -25 25 -27 -28 -29 29 -31
leaf_value=0.019841833860089649 0.16724681132314004 0.21239955138879138 0.074511057603093039 -0.83579631267811061 -0.26238585306395612 2.1788321798470554 -0.27370298474812782 0.54956091075154512 0.079940382802535334 1.1518010063206601 1.7365151514310364 -0.61238015911376664 -0.790516010110625 -0.29646582968052426 -0.61496345265980112 -0.8110343034315054 1.3167701319307503 0.21229748602240989 -0.064175562988760926 0.21129131616843225 -0.15469400510115405 -0.036608909130291918 -0.44826685793447435 0.12833485660882374 -0.48580244326859739 0.17018557571092799 -0.24358331501368871 0.44692965202246537 0.088024560075148126 -0.096414835773205712
leaf_weight=187081 83143 2543 14611 4781 20570 2733 3679 2899 67747 2351 3452 1237 3851 1632 6661 2660 1905 1359 39321 35940 14976 57543 25440 18664 3645 3839 22116 729 35052 90351
leaf_count=187081 83143 2543 14611 4781 20570 2733 3679 2899 67747 2351 3452 1237 3851 1632 6661 2660 1905 1359 39321 35940 14976 57543 25440 18664 3645 3839 22116 729 35052 90351
internal_value=-0.000223551 0.000913266 0.00122375 -0.0143181 -0.00127654 0.00484776 -4.84984e-05 -0.00572377 0.000810025 0.011972 0.0221075 0.00855949 -0.0119628 -0.00803542 -0.0136047 -0.00188826 0.0159243 -0.0031253 -0.00679141 0.000266895 0.0035044 -0.00122762 -0.00398559 -0.0012909 0.0041848 -0.00707014 -0.0123623 -0.0204779 -0.00154836 -0.000514297
internal_weight=762511 366661 359337 7324 395850 93360 265977 34948 231029 10719 7040 3588 20337 16486 13587 6926 3537 208769 62796 220310 69580 150730 82983 33640 90627 7484 23475 3389 145973 125403
internal_count=762511 366661 359337 7324 395850 93360 265977 34948 231029 10719 7040 3588 20337 16486 13587 6926 3537 208769 62796 220310 69580 150730 82983 33640 90627 7484 23475 3389 145973 125403
cat_boundaries=0 2 4 7 9 12 14 17 19 21
cat_threshold=2299086912 154080824 1746403650 373865544 351790776 68268228 1 1075843466 348187011 1711415441 33595396 1 1091043331 2615149600 840307078 838871491 1 67143217 3859859524 536872960 2097920
is_linear=0
shrinkage=0.06


Tree=131
num_leaves=31
num_cat=0
split_feature=21 19 132 47 133 113 42 98 139 126 103 132 112 112 132 127 5 120 133 129 67 140 0 125 122 122 129 101 140 24
split_gain=266.741 286.037 422.774 367.387 342.952 238.303 235.249 229.761 221.444 220.535 362.535 326.584 306.478 281.702 333.238 258.328 219.631 363.755 247.961 229.384 674.886 439.127 316.719 306.475 505.551 322.585 297.223 409.549 294.348 1140.13
threshold=752.87500000000011 358.9666666666667 -0.26762560548918296 119.82083333333334 0.99138911339924218 117.50000000000001 3.3294492108610263 -0.16693218438255733 59.500000000000007 3216.3000000000006 0.021938586047620796 -0.76624641395159687 3.7250000000000005 4.245000000000001 -0.70822003333690042 20.770189093230687 2.2035000000000005 96.500000000000014 0.94636490295939868 208.50000000000003 49.500000000000007 4.5000000000000009 46.552500000000009 0.049033333333333338 0.6059496068042135 0.51256722024949808 75.500000000000014 0.6830127018922193 2.5000000000000004 25.004340277777782
decision_type=10 10 2 8 2 2 10 2 2 2 2 2 2 2 2 2 10 2 2 2 2 2 2 2 2 2 2 2 2 8
left_child=1 3 8 4 5 -1 9 -7 -3 16 11 -11 -13 14 -14 -12 19 18 -18 20 23 22 -22 25 26 -5 -25 -28 29 -21
right_child=-2 2 -4 6 -6 7 -8 -9 -10 10 15 12 13 -15 -16 -17 17 -19 -20 28 21 -23 -24 24 -26 -27 27 -29 -30 -31
leaf_value=-0.63867593499262199 -0.56012260169951278 2.0052212170053765 -0.42728528441926411 0.028263949266046778 -1.9121718341023635 -0.74223034562990842 -0.12119461635170438 0.20929287457730653 -1.0163192258179423 -0.36724259811827997 -0.11572566070117318 0.19094300663210545 0.29400272633893904 0.020994543966373059 -0.45910974983187497 1.9318204531225922 -0.0024839530760749537 0.50213534394816661 -0.39304652518879191 -0.16459455500867406 -0.28204905890948834 -0.1416730627340273 0.12700041753004362 0.27521853594530937 -0.041255496347354634 -0.33301073159720601 -0.17837106432888447 1.3717111802502 0.068592375712937248 0.44389359601820927
leaf_weight=1650 10519 5026 2515 48884 1867 2329 75361 4229 547 8106 1811 4493 968 4210 3064 2347 5991 2474 9210 38161 2101 90107 19622 16749 14042 5797 3658 1184 361792 13536
leaf_count=1650 10519 5026 2515 48884 1867 2329 75361 4229 547 8106 1811 4493 968 4210 3064 2347 5991 2474 9210 38161 2101 90107 19622 16749 14042 5797 3658 1184 361792 13536
internal_value=-0.000213602 -8.08425e-05 0.0111411 -0.000202892 -0.011582 -0.0063004 -4.6615e-05 -0.00117091 0.0203552 0.000316903 -0.0052104 -0.00843777 -0.00244504 -0.009317 -0.0206496 0.0109642 0.000535094 -0.00605906 -0.00953164 0.000724424 -0.000932004 -0.00404754 0.00360983 0.00292576 0.00725543 0.000104239 0.0130187 -7.43341e-05 0.00153421 -0.00270068
internal_weight=762350 751831 8088 743743 10075 8208 733668 6558 5573 658307 24999 20841 12735 8242 4032 4158 633308 17675 15201 615633 202144 111830 21723 90314 35633 54681 21591 4842 413489 51697
internal_count=762350 751831 8088 743743 10075 8208 733668 6558 5573 658307 24999 20841 12735 8242 4032 4158 633308 17675 15201 615633 202144 111830 21723 90314 35633 54681 21591 4842 413489 51697
is_linear=0
shrinkage=0.06


Tree=132
num_leaves=31
num_cat=8
split_feature=10 129 139 114 127 110 122 104 139 134 54 58 110 54 104 104 129 127 91 104 139 130 130 132 111 104 110 104 104 119
split_gain=259.94 283.207 490.467 438.353 415.682 411.81 400.502 360.873 358.692 369.386 541.103 524.29 421.242 516.063 436.413 405.928 401.026 657.025 516.706 686.289 485.082 827.99 449.124 430.946 766.508 676.799 359.945 351.487 331.068 327.987
threshold=116.51666666666669 208.50000000000003 39.500000000000007 3.745678740201448 108.20926979741948 20.750000000000004 0.43883055453560055 0 64.500000000000014 1.0000000180025095e-35 1.771204290516023 4926.5400000000009 10.050000000000002 1.1587402239136344 1 2 226.50000000000003 75.112654610106716 3 4 30.500000000000004 0.37940952255126054 0.25881904510252091 0.17963823861099873 61.500000000000007 5 21.150000000000002 6 7 100.50000000000001
decision_type=10 2 2 2 2 2 2 1 2 2 10 2 2 10 1 1 2 2 1 1 2 2 2 2 2 1 2 1 1 2
left_child=-1 2 4 8 7 6 -4 -2 9 11 15 12 -3 14 -14 -11 -12 18 19 -18 23 -22 -19 -20 -25 -26 -21 -10 -13 -15
right_child=1 3 5 -5 -6 -7 -8 -9 27 10 16 28 13 29 -16 -17 17 22 20 26 21 -23 -24 24 25 -27 -28 -29 -30 -31
leaf_value=0.021782419482039756 -0.27294975506252755 -0.29641806035674451 2.1708130414713773 -0.54152065451559872 4.3569847623509794 -1.1390305009530903 -0.5936705868227764 0.0077620452220457988 -0.010796665229069333 0.13701841540308776 2.392778523421363 -0.16085928466818472 0.9707281409430436 -0.17844776495077624 0.00016733898028064686 -0.44690677300886589 0.98508078839836799 -1.0733693271244471 0.32573221675745601 -0.017565084536193182 -2.3069869832309333 0.49866239879356011 0.42567704872109968 -0.66862140692921601 -0.27815162720262976 0.27237471025206361 0.59260361270585915 -0.89205854337105206 1.7248092762946849 0.041434667610760409
leaf_weight=351723 22292 30769 1537 3761 1049 3814 2707 35268 3415 6587 2027 3430 8592 106622 9462 9711 20350 4058 9679 19780 1710 1222 2165 2067 2899 3538 5595 3336 6491 76770
leaf_count=351723 22292 30769 1537 3761 1049 3814 2707 35268 3415 6587 2027 3430 8592 106622 9462 9711 20350 4058 9679 19780 1710 1222 2165 2067 2899 3538 5595 3336 6491 76770
internal_value=-0.000144801 -0.00117004 -0.00474921 -0.00047646 -0.00284081 -0.0186276 -0.00576678 -0.00352322 -0.000251267 2.59051e-05 0.00327611 -0.00120081 -0.00177791 -0.000779163 0.00889947 -0.00663354 0.00542702 0.00469643 0.00643258 0.0100162 -0.00133201 -0.0239755 -0.0139492 0.00231962 -0.00753439 0.00267474 0.00342945 -0.0139425 0.012306 -0.00173202
internal_weight=762426 410703 66667 344036 58609 8058 4244 57560 340275 333524 91388 242136 232215 201446 18054 16298 75090 73063 66840 45725 21115 2932 6223 18183 8504 6437 25375 6751 9921 183392
internal_count=762426 410703 66667 344036 58609 8058 4244 57560 340275 333524 91388 242136 232215 201446 18054 16298 75090 73063 66840 45725 21115 2932 6223 18183 8504 6437 25375 6751 9921 183392
cat_boundaries=0 3 6 8 9 11 13 15 18
cat_threshold=2011672088 3796984324 1 2298156417 1730288261 1 606718163 340702776 26 353208629 2455836967 2399934901 526391587 2339609600 2913289156 541083840 3959349329 1
is_linear=0
shrinkage=0.06


Tree=133
num_leaves=31
num_cat=6
split_feature=9 104 140 110 0 69 134 122 132 130 132 137 103 104 104 130 114 112 122 104 69 111 34 104 122 127 119 114 104 126
split_gain=251.251 359.985 352.171 323.2 328.327 312.831 304.695 296.562 270.163 286.509 319.97 258.679 559.963 415.954 345.17 336.573 247.167 245.473 392.759 717.68 519.056 477.275 812.27 803.719 653.907 588.744 549.244 607.5 566.931 503.683
threshold=203.51125000000005 0 27.000000000000004 25.250000000000004 412.16666666666669 11.750000000000002 1.0000000180025095e-35 0.49284909376632019 -0.73208386245364632 0.25881904510252091 -0.76624641395159687 0.61497421480319081 0.61497421480319081 1 2 0.37940952255126054 1.5491832711765425 1.8150000000000002 0.37713367162428924 3 18.450000000000003 92.500000000000014 0.5395000000000002 4 0.51842244232170442 1.6989029912407831 49.500000000000007 -1.0393208789485404 5 138.80000000000004
decision_type=10 1 2 2 2 2 2 2 2 2 2 2 2 1 1 2 2 2 2 1 2 2 10 1 2 2 2 2 1 2
left_child=11 -2 3 4 -3 8 -7 -8 9 -4 -11 12 17 15 -14 -13 -10 -1 19 -19 21 23 25 26 -24 -23 27 28 -20 -26
right_child=1 2 5 -5 -6 6 7 -9 16 10 -12 13 14 -15 -16 -17 -18 18 20 -21 -22 22 24 -25 29 -27 -28 -29 -30 -31
leaf_value=-0.038543613912185602 0.22501439789055042 -0.025728394468006142 -0.22312216583622699 -0.71367881294956714 1.6205703618565144 -0.78918934895609494 0.80407854295410142 -0.71889835578881667 -0.073603304190818328 -0.079636716685335077 3.8569639661079371 0.3817431336679013 -0.055769851316279352 -0.023961789451688559 -0.8378139489219657 4.7971185887173275 -0.37307715409326392 0.20579756245166378 -0.69447222673148912 -0.040852885871650813 0.22013622176340775 -0.27252726074561168 0.67421000458368718 0.16053318760514984 0.37703611499175732 0.58473377966494411 0.1389132662087556 -0.18549769835356528 0.59007830859954902 -0.46788592968444193
leaf_weight=184477 26777 59908 3050 5068 5234 14940 1898 3033 23947 1130 1519 3442 2151 7233 2787 2136 20726 11071 2156 150213 15881 10649 7605 96234 7201 8643 15227 58963 6686 1519
leaf_count=184477 26777 59908 3050 5068 5234 14940 1898 3033 23947 1130 1519 3442 2151 7233 2787 2136 20726 11071 2156 150213 15881 10649 7605 96234 7201 8643 15227 58963 6686 1519
internal_value=-0.000174286 -0.00222877 -0.00344416 -0.000439247 0.000696314 -0.0064481 -0.0128231 0.000109489 -0.00393306 0.00836842 0.0228 0.000403853 0.000218036 0.00883703 -0.0198988 0.0211272 -0.00550253 0.000390373 0.00123964 -0.00103196 0.00282729 0.00205367 0.00839744 0.00079323 0.018247 6.21987e-05 -0.00353166 -0.00584462 0.00882054 0.0070313
internal_weight=761504 167230 140453 70210 65142 70243 19871 4931 50372 5699 2649 594274 581463 12811 4938 5578 44673 576525 392048 161284 230764 214883 35617 179266 16325 19292 83032 67805 8842 8720
internal_count=761504 167230 140453 70210 65142 70243 19871 4931 50372 5699 2649 594274 581463 12811 4938 5578 44673 576525 392048 161284 230764 214883 35617 179266 16325 19292 83032 67805 8842 8720
cat_boundaries=0 2 4 6 8 10 12
cat_threshold=526352 12512 3674179389 7143 2496561653 227719523 2162688 8704 1650708930 273458904 537002112 532544
is_linear=0
shrinkage=0.06


Tree=134
num_leaves=31
num_cat=0
split_feature=137 113 111 112 137 125 137 137 111 113 19 110 127 21 109 130 21 111 129 110 126 132 113 132 111 25 3 111 130 132
split_gain=254.601 478.082 604.325 433.877 349.419 358.502 336.475 866.576 817.075 749.726 506.652 627.832 486.747 465.621 415.624 411.432 391.237 361.539 640.625 488.955 650.849 1026.77 637.105 554.213 549.033 789.016 587.685 627.255 557.867 909.295
threshold=0.61497421480319081 183.50000000000003 73.500000000000014 2.0850000000000004 0.083227709543603312 0.71306666666666685 0.01126364564421809 0.0057829484964584546 92.500000000000014 299.50000000000006 127.74756944444447 21.150000000000002 108.20926979741948 121.56666666666668 1002.5000000000001 -0.5 144.40875000000003 48.500000000000007 193.50000000000003 15.850000000000003 75.750000000000014 -0.11585131824808122 335.50000000000006 -0.3169700421330815 83.500000000000014 0.87539159713072767 38.736000000000004 96.500000000000014 0.37940952255126054 -0.73208386245364632
decision_type=2 2 2 2 2 2 2 2 2 2 10 2 2 10 2 2 10 2 2 2 2 2 2 2 2 8 10 2 2 2
left_child=4 2 -2 -3 5 6 7 17 9 14 11 -9 13 -11 -8 -15 -10 18 -1 24 21 23 -22 -21 25 28 27 -26 -19 -30
right_child=1 3 -4 -5 -6 -7 8 10 16 12 -12 -13 -14 15 -16 -17 -18 19 -20 20 22 -23 -24 -25 26 -27 -28 -29 29 -31
leaf_value=-0.33622869922444726 -0.51784605983949716 1.4969101360842187 1.3187496078402774 -0.15181795820302624 -0.11441937081558791 1.1105651518467023 0.26554876203878036 0.26493002584148828 -0.072222651027056772 0.032511562975879683 -1.0811576546253472 -0.23879868102437465 2.8755528096325182 0.098830886366124845 2.0635737651248287 -0.56651781802418311 -1.2045834257633625 0.1230749943484544 -0.05950027322571088 -0.15468757528710839 0.086548656070576727 -1.1023775411980894 0.65819297455444037 2.0386761968025455 0.028404549353414268 -0.27111656860431838 0.16776215317541071 -0.39912215121743144 0.69700674270071372 -0.35451543814181546
leaf_weight=6000 5108 5657 3730 2438 66565 5499 26613 4120 3776 19336 4744 13474 2042 3459 1955 5988 2247 51692 83651 17624 138193 4033 10642 3154 108738 31702 63051 21537 9689 36731
leaf_count=6000 5108 5657 3730 2438 66565 5499 26613 4120 3776 19336 4744 13474 2042 3459 1955 5988 2247 51692 83651 17624 138193 4033 10642 3154 108738 31702 63051 21537 9689 36731
internal_value=-0.000192141 0.00708279 -0.0025659 0.0176161 -0.000357223 4.90811e-05 -7.53791e-05 -0.000514771 0.00401364 0.00614911 -0.0121133 -0.00742029 -0.000340622 -0.00234922 0.0131513 -0.0132663 -0.0170418 -7.29489e-05 -0.00357984 0.000559918 0.00312772 -0.00586893 0.00462751 -0.00049088 -0.000819952 -0.00383808 0.00120666 -0.00109475 -0.00117905 -0.00595334
internal_weight=763188 16933 8838 8095 746255 679690 674191 608775 65416 59393 22338 17594 30825 28783 28568 9447 6023 586437 89651 496786 173646 24811 148835 20778 323140 129814 193326 130275 98112 46420
internal_count=763188 16933 8838 8095 746255 679690 674191 608775 65416 59393 22338 17594 30825 28783 28568 9447 6023 586437 89651 496786 173646 24811 148835 20778 323140 129814 193326 130275 98112 46420
is_linear=0
shrinkage=0.06


Tree=135
num_leaves=31
num_cat=7
split_feature=102 139 104 134 98 111 112 104 129 104 90 104 104 128 98 139 130 19 20 109 111 109 59 110 111 104 54 104 130 133
split_gain=273.536 290.415 408.59 294.683 675.809 798.339 690.216 599.123 662.256 567.071 512.778 475.137 383.278 375.692 370.775 365.064 427.248 342.954 337.122 331.746 385.115 301.785 395.207 297.955 285.931 339.166 324.782 390.5 305.731 842.582
threshold=65.500000000000014 64.500000000000014 0 1.0000000180025095e-35 -0.064461972558210262 76.500000000000014 1.0750000000000004 1 22.500000000000004 2 4.5000000000000009 3 4 0.003494537365699824 -0.97287096065939793 44.500000000000007 -0.5 358.9666666666667 9.5202852843142001 237.50000000000003 55.500000000000007 27.500000000000004 352.93000000000006 14.850000000000003 29.500000000000004 5 111.40796320716645 6 0.37940952255126054 0.97648852793709995
decision_type=2 2 1 2 2 2 2 1 2 1 2 1 1 2 2 2 2 10 8 2 2 2 10 2 2 1 10 1 2 2
left_child=1 3 -3 24 9 6 -6 -8 -9 18 12 -7 13 -11 -15 -16 -17 -12 -5 -10 -21 -13 23 -23 25 -1 28 -28 -26 -30
right_child=-2 2 -4 4 5 11 7 8 19 10 17 21 -14 14 15 16 -18 -19 -20 20 -22 22 -24 -25 26 -27 27 -29 29 -31
leaf_value=0.18276704246973394 0.44716086943609978 -0.67263289824471895 0.037093976861057025 -0.39718452022489331 -1.4299523464819925 0.27478975249796872 0.032707621536079041 -0.89006014746745221 -0.31273678043373992 0.27478513317515479 0.016534133373750422 -0.45791905677017236 0.16530741716101885 -0.27733441136932324 3.0958877577367767 -0.76513482789455989 1.3054614962297462 3.1399165648977805 -0.012923240903888312 -0.18766086113253114 0.17607713903905717 -0.11348888896030075 0.39315080390684581 0.7155141199477989 0.0026808239768126184 -0.94828441568120236 -0.25137522066642642 1.2172014506337163 -0.030109906911740154 -0.38873811504379902
leaf_weight=1216 5709 4610 4982 4077 1182 16786 13687 3397 8021 15355 43280 5589 29634 725 6934 1170 3621 1482 26182 4948 5138 12407 3177 1658 328362 2090 3026 6981 160913 35978
leaf_count=1216 5709 4610 4982 4077 1182 16786 13687 3397 8021 15355 43280 5589 29634 725 6934 1170 3621 1482 26182 4948 5138 12407 3177 1658 328362 2090 3026 6981 160913 35978
internal_value=-0.000210857 -0.000309592 -0.0106828 -0.000176382 0.00173911 -0.00277138 -0.00918953 -0.0076739 -0.0139159 0.00432671 0.00646245 0.00312131 0.0102148 0.0152739 0.0230247 0.0255995 0.0128589 0.00164868 -0.00288801 -0.0093605 -0.00211758 -0.00251379 0.00141275 -0.00290488 -0.000917769 -0.0185062 -0.000809101 0.00989808 -0.00101311 -0.00288249
internal_weight=762317 756608 9592 747016 208450 75990 36373 35191 21504 132460 102201 39617 57439 27805 12450 11725 4791 44762 30259 18107 10086 22831 17242 14065 538566 3306 535260 10007 525253 196891
internal_count=762317 756608 9592 747016 208450 75990 36373 35191 21504 132460 102201 39617 57439 27805 12450 11725 4791 44762 30259 18107 10086 22831 17242 14065 538566 3306 535260 10007 525253 196891
cat_boundaries=0 3 6 8 10 12 14 17
cat_threshold=1435255733 1934761251 1 2753774274 441116184 1 674299906 537551560 2172247560 2291102432 348791229 3256883239 540229824 254678 2688583682 468477000 1
is_linear=0
shrinkage=0.06


Tree=136
num_leaves=31
num_cat=10
split_feature=111 104 114 115 133 139 133 104 131 133 133 129 104 130 104 99 120 104 127 6 129 104 119 104 111 104 115 112 104 104
split_gain=241.649 636.388 341.778 510.834 468.417 661.109 398.722 319.84 299.179 537.996 1262.94 815.852 527.265 450.407 1287.7 802.88 753.36 1278.58 786.832 683.231 603.726 567.776 510.431 768.742 504.996 602.589 473.76 452.787 506.327 444.293
threshold=42.500000000000007 0 2.2861301521573618 -2.3832053297776628 0.56012257943637511 47.500000000000007 0.58828525785978592 1 -0.37940952255126015 0.99024581825578073 0.99445195900249039 181.50000000000003 2 -1.0000000180025095e-35 3 0.84199059757024453 11.500000000000002 4 52.489913145642596 306.95500000000004 160.50000000000003 5 43.500000000000007 6 90.500000000000014 7 -1.5012194125844724 2.0850000000000004 8 9
decision_type=2 1 2 2 2 2 2 1 2 2 2 2 1 2 1 2 2 1 2 10 2 1 2 1 2 1 2 2 1 1
left_child=1 -1 -3 -4 -5 6 -6 -7 9 11 -11 29 -13 14 15 19 17 20 -19 -10 -15 -18 23 -16 25 -22 -24 28 -25 -2
right_child=8 2 3 4 5 7 -8 -9 13 10 -12 12 -14 16 22 -17 21 18 -20 -21 24 -23 26 27 -26 -27 -28 -29 -30 -31
leaf_value=0.077362228122817664 0.06890590309278749 -0.41013091180034933 -0.55161483722037996 2.7530306914021887 -1.1030858638085961 -0.35222446470607222 -0.15414265952340359 0.64009832146195855 -0.058295640093619171 -0.73253272393988988 0.038232635177673439 0.050433742711506392 0.25903523432252368 0.097349953977485484 0.72252157252819671 0.040142691317570325 -0.023176174111671912 0.096873510780292799 2.5678556658032043 -0.64530798731073957 -0.2035358565310571 -0.38319583949355718 0.18705939027060053 0.0024179932640728905 -0.059767927233043992 -0.64024625845332817 -0.12619261745087981 -0.012356435777166722 0.39337676599584992 -0.10526439202806891
leaf_weight=24700 31620 17107 3594 1449 917 1057 10128 3054 28733 7865 25035 57565 70883 11865 36115 52647 28603 65579 6198 25221 12183 48876 11390 13788 15762 13779 28867 50179 17799 40034
leaf_count=24700 31620 17107 3594 1449 917 1057 10128 3054 28733 7865 25035 57565 70883 11865 36115 52647 28603 65579 6198 25221 12183 48876 11390 13788 15762 13779 28867 50179 17799 40034
internal_value=-0.000208814 -0.00379893 -0.00874347 -0.0034604 0.000979164 -0.00213763 -0.00978273 0.0183998 0.000108937 0.00186538 -0.00524483 0.00303444 0.00589588 -0.000766321 0.000863715 -0.00423273 -0.00289372 -1.91438e-05 0.00521619 -0.0093767 -0.00703097 -0.00754491 0.00429924 0.00629155 -0.0104283 -0.0155714 -0.00153361 0.00306981 0.00869761 -0.00209504
internal_weight=762592 62006 37306 20199 16605 15156 11045 4111 700586 233002 32900 200102 128448 467584 264739 106601 202845 125366 71777 53954 53589 77479 158138 117881 41724 25962 40257 81766 31587 71654
internal_count=762592 62006 37306 20199 16605 15156 11045 4111 700586 233002 32900 200102 128448 467584 264739 106601 202845 125366 71777 53954 53589 77479 158138 117881 41724 25962 40257 81766 31587 71654
cat_boundaries=0 3 5 7 10 12 14 16 18 20 22
cat_threshold=2720265152 8446932 1 67635233 185204736 3239098912 3757989958 887335301 1141908387 1 1761660994 500098269 1617029250 340076268 151523376 193085440 553680896 151806149 34866184 2684946500 414683536 1152072583
is_linear=0
shrinkage=0.06


Tree=137
num_leaves=31
num_cat=8
split_feature=121 133 104 104 104 110 121 110 132 119 104 52 132 98 122 110 133 104 104 115 21 104 113 110 127 104 35 59 15 119
split_gain=259.759 445.618 431.635 419.317 382.095 400.089 324.136 402.622 300.699 291.653 435.868 291.069 280.159 306.517 269.61 268.798 488.476 321.704 276.62 336.885 288.18 271.925 233.682 316.139 280.669 224.733 217.807 450.469 273.236 217.402
threshold=990.6500000000002 0.99932962452255414 0 1 2 27.550000000000004 995.85000000000002 8.4500000000000011 0.025799818015934263 545.50000000000011 3 2.3071049326842679 0.17963823861099873 0.34537287020513602 0.41867363808798025 21.550000000000004 0.94909129669788206 4 5 -0.66606983713531964 113.21666666666668 6 269.50000000000006 24.850000000000005 0.49718561527731503 7 140.99500000000003 543.74000000000024 111.80500000000002 100.50000000000001
decision_type=2 2 1 1 1 2 2 2 2 2 1 2 2 2 2 2 2 1 1 2 10 1 2 2 2 1 10 10 8 2
left_child=4 3 -3 6 5 -1 22 -8 25 11 -11 -6 -9 -14 -15 18 21 -18 19 -5 -20 -17 23 24 -2 -4 27 -13 -28 -30
right_child=1 2 8 15 9 -7 7 12 -10 10 -12 26 13 14 -16 16 17 -19 20 -21 -22 -23 -24 -25 -26 -27 28 -29 29 -31
leaf_value=0.012302973143374061 -0.013064075052663496 0.24911519767589538 0.90461861441453884 -0.052513819477898238 0.028791530486649002 0.23180738367544151 -0.48347506328734724 0.53557754862519624 -0.90317536284368494 -0.023145044878403808 -0.23604057193411634 0.011905033696703454 -0.50388773395755904 0.3785959565966186 -0.71501237730084 0.43261022669581278 0.069720002345151216 3.2041013437040284 0.17161349664975403 -0.54929372777506502 -0.022103108138424969 -0.0040516232227751203 0.11675043419495323 -0.87394333796585921 0.9653479877596981 -1.1769494516092174 0.0085825026514032739 -0.43601017402400744 -0.24919163232774266 0.060773213135965273
leaf_weight=97221 5083 2366 824 20264 83522 11823 2306 3825 3000 22480 20797 6268 1016 2041 766 5690 1527 2506 12831 8605 175290 28260 71263 746 17276 1159 66951 6635 65716 14502
leaf_count=97221 5083 2366 824 20264 83522 11823 2306 3825 3000 22480 20797 6268 1016 2041 766 5690 1527 2506 12831 8605 175290 28260 71263 746 17276 1159 66951 6635 65716 14502
internal_value=-0.000215668 0.000935073 -0.0136898 0.00123425 -0.00128133 0.00174187 0.00443848 -0.00585836 -0.0236804 -0.00243048 -0.00696936 -0.00162417 0.000768728 -0.0107165 -0.000491453 -7.6946e-05 0.0045793 0.0243183 -0.000892019 -0.00635942 -5.26226e-05 0.00223381 0.00552512 0.0107686 0.012051 -0.00559476 -0.00312233 -0.0105967 -0.00246694 -0.00482878
internal_weight=762559 366644 7349 359295 395915 109044 104322 9954 4983 286871 43277 243594 7648 3823 2807 254973 37983 4033 216990 28869 188121 33950 94368 23105 22359 1983 160072 12903 147169 80218
internal_count=762559 366644 7349 359295 395915 109044 104322 9954 4983 286871 43277 243594 7648 3823 2807 254973 37983 4033 216990 28869 188121 33950 94368 23105 22359 1983 160072 12903 147169 80218
cat_boundaries=0 2 4 7 9 12 14 16 19
cat_threshold=2014838786 373865544 2301184000 154083128 282256944 12356 1 2820737228 1075757970 1073775202 281075776 1 545399304 8192 570560640 8384 4588292 547356929 1
is_linear=0
shrinkage=0.06


Tree=138
num_leaves=31
num_cat=4
split_feature=0 99 140 47 129 90 53 23 129 140 104 137 126 16 24 126 75 104 104 140 6 140 129 104 103 99 52 0 129 112
split_gain=255.109 436.029 322.622 523.154 519.669 483.481 689.151 462.872 414.367 398.624 366.388 364.094 360.529 333.872 329.138 370.653 318.868 314.655 303.011 302.17 294.043 283.206 478.045 438.073 568.251 455.672 421.555 376.064 455.55 354.947
threshold=117.00250000000001 0.19758679452260591 27.000000000000004 322.32708333333341 178.50000000000003 2.5000000000000004 6.1608400965932235 11.200000000000003 109.50000000000001 1.5000000000000002 0 6.5078511944142929e-10 122.92500000000001 110.67083333333335 60.785416666666677 122.92500000000001 -0.24912080332863185 1 2 4.5000000000000009 330.20500000000004 27.000000000000004 187.50000000000003 3 2.3941046606280338e-10 0.92519182738459482 1.7757601259644773 37.132500000000007 127.50000000000001 2.3650000000000007
decision_type=2 2 2 10 2 2 10 8 2 2 1 2 2 8 10 2 2 1 1 2 8 2 2 1 2 2 2 2 2 2
left_child=21 -2 7 5 8 17 11 12 -5 14 20 -7 19 -11 15 -9 -8 -4 -13 -3 -6 27 26 25 -25 -24 -23 -1 -29 -30
right_child=1 2 3 4 10 6 16 9 -10 13 -12 18 -14 -15 -16 -17 -18 -19 -20 -21 -22 22 23 24 -26 -27 -28 28 29 -31
leaf_value=-0.12222994835863592 -1.1006243323130169 -0.47489443799872161 -0.32882291608256481 -0.13832890187990757 0.021433843123207907 -0.17170342764070681 -0.54943684583094266 -0.23783928811940255 -0.59427371250232508 -0.095375559896721418 0.1502798346813978 -0.076796106925188207 0.023539028991914533 0.20732021676841328 1.3827535896217462 0.52589673875900589 -0.02774142875001644 -0.66461533130228212 1.1747680424463933 -0.10990753060282997 -0.42240850142675695 0.077377652283512358 -0.075438843012901768 0.035029262960788753 0.63914090245898592 0.23335303613690656 -0.087948690857379719 0.082374047018538468 -0.11241603714502943 0.033504392137556918
leaf_weight=15770 1419 16535 13723 20894 24779 5224 7753 4253 6589 36098 77845 3918 53398 60509 5204 4516 4505 12096 7480 24269 18517 35009 29377 22832 34267 14951 38302 51963 65350 45503
leaf_count=15770 1419 16535 13723 20894 24779 5224 7753 4253 6589 36098 77845 3918 53398 60509 5204 4516 4505 12096 7480 24269 18517 35009 29377 22832 34267 14951 38302 51963 65350 45503
internal_value=-0.000142676 -0.00116183 -0.00104635 -0.00273937 -0.000892986 -0.00775612 -0.00242235 0.000634623 -0.00834158 0.00326747 0.000796916 0.00553691 -0.00245597 0.00189736 0.0127394 0.00564424 -0.0132148 -0.0137219 0.0115484 -0.00670212 -0.00362713 0.00103859 0.00275588 0.00542395 0.00889757 0.000947247 -0.000935454 -0.000641704 0.000215211 -0.00195771
internal_weight=762848 409524 408105 203323 148624 54699 28880 204782 27483 110580 121141 16622 94202 96607 13973 8769 12258 25819 11398 40804 43296 353324 174738 101427 57099 44328 73311 178586 162816 110853
internal_count=762848 409524 408105 203323 148624 54699 28880 204782 27483 110580 121141 16622 94202 96607 13973 8769 12258 25819 11398 40804 43296 353324 174738 101427 57099 44328 73311 178586 162816 110853
cat_boundaries=0 3 6 8 10
cat_threshold=1925603403 283108380 1 756555153 2923370978 1 8306 1541399624 1073797186 310289432
is_linear=0
shrinkage=0.06


Tree=139
num_leaves=31
num_cat=10
split_feature=8 98 111 130 133 133 132 133 98 104 104 137 104 139 132 104 98 114 111 104 127 28 115 104 133 104 104 104 112 104
split_gain=235.621 386.498 313.656 359.112 602.22 700.988 1335.14 658.492 749.761 581.643 503.825 451.935 612.832 522.299 867.756 828.725 674.401 512.762 528.576 534.725 474.263 412.993 396.524 426.72 386.29 373.824 370.411 362.114 359.412 359.208
threshold=106.01625000000001 -0.98024766238342442 71.500000000000014 -1.0000000180025095e-35 0.9863035000474919 0.99748108949426018 0.025799818015934263 0.96407344085605606 0.11157877211276467 0 1 0.61497421480319081 2 34.500000000000007 -0.87342076657365908 3 -0.8378775142878907 1.2586839799709686 89.500000000000014 4 1.8850884086881476 161.3763888888889 -0.54792289849514797 5 0.83258597624099873 6 7 8 2.0550000000000002 9
decision_type=10 2 2 2 2 2 2 2 2 1 1 2 1 2 2 1 2 2 2 1 2 10 2 1 2 1 1 1 2 1
left_child=-1 -2 -3 4 7 25 10 9 26 -4 -7 13 -13 17 -15 -16 28 22 27 -20 21 -21 -5 -24 -11 -6 -9 -19 -17 -10
right_child=1 2 3 11 5 6 -8 8 29 24 -12 12 -14 14 15 16 -18 18 19 20 -22 -23 23 -25 -26 -27 -28 -29 -30 -31
leaf_value=0.021094209144458774 -0.70023337331425572 -0.084792312117181148 0.52714518507056707 -0.45514214684786564 2.5325528507489969 -0.37235084332428214 -1.7980152053082983 1.158759840432815 -0.91578012108138696 -0.46806877125922408 1.4974139028918509 -0.3911440899741308 3.6089787117665462 4.123381899400111 -0.4077162878516597 -0.86246850994303881 0.84143992825499647 0.048867806221193744 -0.20651294045688245 0.31912407533507176 0.61000967114405913 -0.17324904032031554 -0.53378253164338163 0.08556329102879999 0.1932338607853866 0.70743126884765783 -0.82120502506980075 -0.40052275251230413 2.8450120725459072 -0.18501603486711701
leaf_weight=311521 2117 218248 22653 25725 4346 2426 2396 2913 2069 9364 4604 1689 2347 1841 11919 2589 18642 10179 11119 3509 13139 8410 14938 20708 9606 5761 3169 12529 413 1844
leaf_count=311521 2117 218248 22653 25725 4346 2426 2396 2913 2069 9364 4604 1689 2347 1841 11919 2589 18642 10179 11119 3509 13139 8410 14938 20708 9606 5761 3169 12529 413 1844
internal_value=-0.000210427 -0.00108667 -0.000966074 0.000575703 0.00412104 0.0130941 0.00132386 0.000725314 -0.0131032 0.00404622 0.0145072 -0.0010039 0.018816 -0.00151791 0.00488745 0.00268681 0.00968091 -0.00340371 0.000596067 0.00509978 0.00995652 0.00129362 -0.00724141 -0.00314416 -0.00370476 0.02407 7.89084e-05 -0.00657889 -0.0167033 -0.0335871
internal_weight=762733 451212 449095 230847 71151 19533 9426 51618 9995 41623 7030 159696 4036 155660 35404 33563 21644 120256 58885 36177 25058 11919 61371 35646 18970 10107 6082 22708 3002 3913
internal_count=762733 451212 449095 230847 71151 19533 9426 51618 9995 41623 7030 159696 4036 155660 35404 33563 21644 120256 58885 36177 25058 11919 61371 35646 18970 10107 6082 22708 3002 3913
cat_boundaries=0 2 4 6 8 10 13 15 17 19 21
cat_threshold=3415744029 3383417030 1912660574 2307556380 1728071906 1005569368 2840646976 75949269 655765561 185075968 881108537 3417784322 1 2312641797 1679956131 3473791059 2248858810 88910517 2383819104 2367430453 3985250723
is_linear=0
shrinkage=0.06


Tree=140
num_leaves=31
num_cat=9
split_feature=9 139 114 128 133 104 104 101 130 131 111 128 114 104 124 104 104 139 35 15 104 104 21 128 110 139 126 104 104 128
split_gain=258.526 338.247 336.843 334.765 339.137 326.039 273.892 266.664 265.36 259.307 358.832 354.452 293.471 323.517 314.697 273.943 252.526 242.677 240.908 296.544 290.982 231.68 225.596 449.495 498.373 350.941 422.005 982.855 407.406 365.357
threshold=203.51125000000005 64.500000000000014 3.745678740201448 1.3614719629906348e-05 0.99981043035926087 0 1 0.93301270189221952 0.25881904510252091 -0.37940952255126015 48.500000000000007 0.00094210014908036055 1.9564810950285263 2 0.23166666666666672 3 4 43.500000000000007 270.32500000000005 104.52250000000002 5 6 123.44000000000001 0.012930954492237802 16.650000000000002 25.500000000000004 91.425000000000011 7 8 8.0619289627437151e-07
decision_type=10 2 2 2 2 1 1 2 2 2 2 2 2 1 2 1 1 2 8 8 1 1 10 2 2 2 2 1 1 2
left_child=18 2 3 4 6 7 -2 8 -5 10 15 -12 14 -14 -11 -7 -13 -10 20 -20 -1 -6 23 25 -25 26 27 -22 -28 -30
right_child=1 -3 -4 5 21 9 -8 -9 17 12 11 16 13 -15 -16 -17 -18 -19 19 -21 22 -23 -24 24 -26 -27 28 -29 29 -31
leaf_value=-0.12038502721176701 -1.1586593464824395 -0.84029682657818805 -0.84809917600432327 -0.29501518978206265 1.2346388180204935 0.10027570093541299 -0.28519751502417534 0.73754646587194994 -0.10067329325772448 0.25019319665248829 -0.19995995105998304 -0.093383473820701252 0.030173180222901122 -0.74263844211971419 -0.24819685563787144 -0.4825610687402917 0.73171218855032605 1.3395007252183477 0.12154286897038645 0.010960669395850288 -0.69783322081720855 -0.43359326539206561 -0.053431105820664015 -0.45209622428154062 0.0012111545206097674 0.24508362461764605 0.22614326393714435 0.019230077675215965 -0.28892605227966695 0.043369457767636274
leaf_weight=39860 2707 2820 1761 9427 571 8076 3153 12163 4887 13532 10301 4592 5703 12210 46670 8933 14354 4870 88749 263144 4497 661 97899 4421 7764 11016 8585 19994 1925 47427
leaf_count=39860 2707 2820 1761 9427 571 8076 3153 12163 4887 13532 10301 4592 5703 12210 46670 8933 14354 4870 88749 263144 4497 661 97899 4421 7764 11016 8585 19994 1925 47427
internal_value=-0.000201869 -0.00228506 -0.00193192 -0.00164952 -0.0143973 -0.00106885 -0.0204129 0.00439888 -6.25489e-06 -0.00244714 0.00111291 0.00514292 -0.00455553 -0.0112973 -0.00254937 -0.00581658 0.0100132 0.0069297 0.000383919 0.00138775 -0.00106743 0.0142092 -0.000149161 0.00177393 -0.0090645 0.00318733 0.00184304 -0.00475992 0.00463426 0.00253307
internal_weight=762672 167391 164571 162810 7092 155718 5860 31347 19184 124371 46256 29247 78115 17913 60202 17009 18946 9757 595281 351893 243388 1232 203528 105629 12185 93444 82428 24491 57937 49352
internal_count=762672 167391 164571 162810 7092 155718 5860 31347 19184 124371 46256 29247 78115 17913 60202 17009 18946 9757 595281 351893 243388 1232 203528 105629 12185 93444 82428 24491 57937 49352
cat_boundaries=0 2 5 8 10 12 14 16 18 20
cat_threshold=788496 536883424 2297759528 3769977603 1 352322592 2333540352 1 598979468 328455 1125314656 273318940 754977077 2103395 2381450372 67113952 2162688 8704 32768 2148425728
is_linear=0
shrinkage=0.06


Tree=141
num_leaves=31
num_cat=11
split_feature=125 104 27 47 133 104 35 91 21 104 98 127 114 104 139 110 104 137 104 104 127 111 104 87 104 133 132 122 104 110
split_gain=250.499 563.464 268.022 326.41 311.59 331.56 278.916 261.339 258.967 388.145 359.913 300.112 498.234 400.376 368.409 331.303 411.358 328.243 324.657 270.041 248.515 357.485 444.829 368.174 322.554 270.052 396.566 308.971 424.7 294.006
threshold=0.71306666666666685 0 325.01333333333338 146.97395833333337 0.94636490295939868 1 265.78500000000003 2 119.21000000000002 3 -0.98024766238342442 5.1686218267373585 1.3463698478002637 4 53.500000000000007 17.650000000000002 5 0.083227709543603312 6 7 1.2623093044020852 72.500000000000014 8 47.500000000000007 9 0.99138911339924218 -0.098749067963353782 0.49661736981649779 10 13.250000000000002
decision_type=2 1 8 10 2 1 8 1 10 1 2 2 2 1 2 2 1 2 1 1 2 2 1 8 1 2 2 2 1 2
left_child=2 -2 3 4 -1 -6 8 -3 9 -5 -10 12 19 17 15 16 -13 -14 -17 -11 24 23 -23 25 -4 27 -27 29 -29 -22
right_child=1 7 20 6 5 -7 -8 -9 10 11 -12 14 13 -15 -16 18 -18 -19 -20 -21 21 22 -24 -25 -26 26 -28 28 -30 -31
leaf_value=0.21533429527310147 1.5342014758794034 3.0289769949996677 -0.4234352777875881 -0.16387654405635621 0.010161022196380712 -0.73096990062756784 0.050514430606004766 -0.42000612831195239 -0.30907150342808465 -0.10593453827316426 -0.054184583666547895 0.21091293870626729 0.26281327972445157 0.051306150534531837 0.6018869263935418 0.095881006303643226 -0.26016517014535495 -0.62766203322709424 -0.12182894039396956 0.061170318929816357 -0.74746190927122647 -0.17897810426022048 0.32470128767415984 0.30322014952963228 -0.051387799416137483 -2.2154067585355501 -0.031166672541087903 -0.11003724368343597 -0.98641161140101985 -0.043589939920632897
leaf_weight=2527 4037 678 18037 9762 3005 5349 323354 3757 7538 13944 118404 2970 11479 16269 1562 14808 11098 726 7740 20621 2557 25357 36530 9991 20150 1747 1671 8856 8838 48951
leaf_count=2527 4037 678 18037 9762 3005 5349 323354 3757 7538 13944 118404 2970 11479 16269 1562 14808 11098 726 7740 20621 2557 25357 36530 9991 20150 1747 1671 8856 8838 48951
internal_value=-0.000217784 0.0100413 -0.000333094 0.000306746 -0.0099853 -0.0155691 0.000506643 -0.00473684 -0.00105731 0.00105587 -0.00291942 0.0021581 0.00470082 0.0105777 -0.00203986 -0.0032575 -0.0104826 0.0187868 0.00125061 -0.000140601 -0.00233351 -0.00119586 0.00225213 -0.00377887 -0.00663821 -0.00526459 -0.0217257 -0.00445125 -0.0112913 -0.00210138
internal_weight=762313 8472 753841 571156 10881 8354 560275 4435 236921 110979 125942 101217 63039 28474 38178 36616 14068 12205 22548 34565 182685 144498 61887 82611 38187 72620 3418 69202 17694 51508
internal_count=762313 8472 753841 571156 10881 8354 560275 4435 236921 110979 125942 101217 63039 28474 38178 36616 14068 12205 22548 34565 182685 144498 61887 82611 38187 72620 3418 69202 17694 51508
cat_boundaries=0 3 5 6 8 10 13 16 18 20 23 25
cat_threshold=2299034450 4224619672 1 2696126984 1109353152 18 536873088 131552 2155447312 3212583426 2184262153 1249985028 1 271311474 314700824 1 3241223712 110701058 2872267874 231687132 193232504 3690055696 1 755521593 3383940212
is_linear=0
shrinkage=0.06


Tree=142
num_leaves=31
num_cat=8
split_feature=102 139 104 134 129 104 110 123 110 90 104 127 113 34 98 91 132 104 126 132 104 140 19 132 104 132 120 132 129 104
split_gain=209.713 257.682 395.954 258.049 577.065 574.434 481.729 442.975 396.541 389.295 511.487 630.952 579.999 436.374 436.041 425 471.291 426.973 396.504 375.569 465.012 405.079 361.523 357.744 1017.92 617.523 460.691 439.348 690.182 501.555
threshold=65.500000000000014 64.500000000000014 0 1.0000000180025095e-35 31.500000000000004 1 15.050000000000002 0.0096217370038105959 9.0500000000000025 4.5000000000000009 2 7.4394851282643115 277.50000000000006 1.0000000180025095e-35 -0.88965196910377931 3 -0.78789334285648371 4 2680.8000000000006 0.66766646831012755 5 4.5000000000000009 358.9666666666667 0.32917936166072764 6 0.34537287020513602 97.500000000000014 0.53038584004487344 78.500000000000014 7
decision_type=2 2 1 2 2 1 2 2 2 2 1 2 2 10 2 1 2 1 2 2 1 2 8 2 1 2 2 2 2 1
left_child=1 3 -3 19 5 -5 8 -6 -7 10 12 18 13 -9 -13 17 -17 -16 -12 23 -21 -22 -11 -1 25 -25 -26 -27 29 -29
right_child=-2 2 -4 4 7 6 -8 9 -10 22 11 14 -14 -15 15 16 -18 -19 -20 20 21 -23 -24 24 26 27 -28 28 -30 -31
leaf_value=-0.037938400041085951 0.40598299140708505 -0.60755604746941971 0.062757367793144281 0.11389594927498507 1.0408710109504837 -0.62975922038364229 -1.3161224198525772 -0.3327885402869461 0.061578574457936096 -0.03348697476908484 0.10608744954933733 -0.26420230622945351 -0.15258025080852314 0.42169253977175231 0.19187112871467063 2.6811241186968213 0.19604784671891451 3.1989778160893878 -0.57836732733492613 0.44173710307340264 0.12614436259189332 -0.38398061831474883 2.8145849028341314 0.5563414800681642 0.35743809181008313 -0.30533395866332824 -0.27933293375104457 1.0838249994753142 -0.13738600421345892 0.24437826824414344
leaf_weight=431649 5651 4825 4831 4517 1948 1577 2691 3889 3182 84181 46980 1975 20030 7698 1880 2766 15697 6378 1261 1916 1743 7564 1738 2691 44759 21546 5500 1631 14385 5610
leaf_count=431649 5651 4825 4831 4517 1948 1577 2691 3889 3182 84181 46980 1975 20030 7698 1880 2766 15697 6378 1261 1916 1743 7564 1738 2691 44759 21546 5500 1631 14385 5610
internal_value=-0.000166385 -0.000252352 -0.00999068 -0.000126521 0.0016665 -0.0111247 -0.021343 0.00244586 -0.00989496 0.0021606 0.00454885 0.00718849 -0.00187619 0.00880739 0.0142342 0.016245 0.0111627 0.0275584 0.00299863 -0.000819748 -0.0116803 -0.0172118 -0.000856844 -0.000588777 0.00272151 -0.00374199 0.00861866 -0.0054812 0.000560411 0.0156669
internal_weight=762689 757038 9656 747382 208388 11967 7450 196421 4759 194473 108554 76937 31617 11587 28696 26721 18463 8258 48241 538994 11223 9307 85919 527771 96122 45863 50259 43172 21626 7241
internal_count=762689 757038 9656 747382 208388 11967 7450 196421 4759 194473 108554 76937 31617 11587 28696 26721 18463 8258 48241 538994 11223 9307 85919 527771 96122 45863 50259 43172 21626 7241
cat_boundaries=0 3 5 7 8 10 12 15 17
cat_threshold=1972110271 1532107811 1 1141391458 466613272 1644191810 843490392 20 819201 227033344 620789761 925764 1726473048 844146204 1 1073758272 33816
is_linear=0
shrinkage=0.06


Tree=143
num_leaves=31
num_cat=8
split_feature=19 115 120 104 131 104 133 104 99 35 130 115 111 133 104 132 133 122 59 112 133 104 130 104 133 133 115 104 98 104
split_gain=241.253 343.498 503.327 638.515 486.692 460.865 340.002 776.774 650.615 338.609 422.013 626.492 754.251 430.534 426.064 389.908 381.76 464.435 348.945 376.012 694.202 517.923 412.37 582.164 522.605 627.04 613.852 467.915 467.24 407.204
threshold=105.8512152777778 1.8859116222410479 30.500000000000004 0 0.78656609248549303 1 0.99981043035926087 2 0.99958851518450398 257.65500000000003 -0.91597561503675329 -1.5512966824453474 57.500000000000007 0.93158198870884079 3 -0.098749067963353782 0.94066717844141279 0.45633707225282433 10047.440000000002 3.7250000000000005 0.99138911339924218 4 0.91597561503675362 5 0.74298546529340237 0.71952396275653763 -1.6452241335952165 6 -0.67086170185690197 7
decision_type=10 2 2 1 2 1 2 1 2 10 2 2 2 2 1 2 2 2 10 2 2 1 2 1 2 2 2 1 2 1
left_child=-1 6 3 -3 5 -4 8 -8 9 -2 11 14 13 -13 -11 -15 -16 -18 19 22 21 -21 24 -24 25 27 -27 -12 -26 -30
right_child=1 2 4 -5 -6 -7 7 -9 -10 10 18 12 -14 15 16 -17 17 -19 -20 20 -22 -23 23 -25 28 26 -28 -29 29 -31
leaf_value=0.024027702316041653 -0.13685323966963381 0.43465628308547621 -0.30467672743340102 -1.3024529601132491 -0.86301034670270949 0.41504929128202206 1.2991352289975855 -0.24610081234717085 -0.65805772136684959 0.37362623961307179 -0.39361634457557554 -0.34266639918135577 -0.013855259851145546 -1.8339997561005996 -0.38350924159250621 -0.29607887428624452 0.73820449052302417 -0.23477885260643061 1.8176683931108766 0.54891327401399337 -0.99077949643627128 -0.18660729863599101 0.14181922563429394 -0.33807056533246194 1.7020151430778721 -1.5516537249328015 -0.30962093229497556 0.12973936052143556 0.2790495618721418 0.037108620497720179
leaf_weight=246660 59203 1419 3562 4823 2187 4544 3415 4263 8658 9436 16392 11677 15601 3366 6982 2397 1765 1960 3674 3137 2063 13934 21105 31695 3856 2728 6401 51509 76898 137162
leaf_count=246660 59203 1419 3562 4823 2187 4544 3415 4263 8658 9436 16392 11677 15601 3366 6982 2397 1765 1960 3674 3137 2063 13934 21105 31695 3856 2728 6401 51509 76898 137162
internal_value=-0.000148097 -0.000886135 -0.00939405 -0.0228352 -0.0012415 0.00553596 -0.000604353 0.0119234 -0.000800041 -0.000507763 8.60907e-05 -0.00491191 -0.00999637 -0.01857 0.00342832 -0.0319882 -0.00476395 0.0107407 0.000803443 0.000619165 -0.00756938 -0.00359536 0.00106974 -0.00381356 0.00194394 -0.00230401 -0.0170668 -0.000318989 0.00344553 0.00307258
internal_weight=762472 515812 16535 6242 10293 8106 499277 7678 491599 482941 423738 53184 33041 17440 20143 5763 10707 3725 370554 366880 19134 17071 347746 52800 294946 77030 9129 67901 217916 214060
internal_count=762472 515812 16535 6242 10293 8106 499277 7678 491599 482941 423738 53184 33041 17440 20143 5763 10707 3725 370554 366880 19134 17071 347746 52800 294946 77030 9129 67901 217916 214060
cat_boundaries=0 2 5 8 10 12 14 17 20
cat_threshold=570688011 424183112 1703068480 1873797140 1 2347960196 336862179 1 2550458090 3978815696 572620928 926274 2230029489 1074869152 3224489152 2695684624 1 152574208 3768735781 1
is_linear=0
shrinkage=0.06


Tree=144
num_leaves=31
num_cat=6
split_feature=124 104 86 140 130 104 139 24 0 98 140 24 109 11 131 104 111 104 74 125 136 104 114 99 104 130 113 25 99 0
split_gain=242.599 296.408 216.257 362.209 316.609 393.561 393.064 277.397 236.894 321.507 317.504 935.275 372.413 326.939 269.094 349.238 331.676 618.17 408.352 395.041 381.018 425.514 319.996 554.821 297.729 283.75 277.492 457.087 261.097 321.001
threshold=0.95833333333333337 0 552.50000000000011 7.5000000000000009 -0.37940952255126059 1 41.500000000000007 40.778472222222248 118.43666666666668 -0.98024766238342442 2.5000000000000004 -28.645833333333332 32.500000000000007 171.51250000000002 -0.37940952255126015 2 74.500000000000014 3 1.1459846774602691 0.52790000000000015 1.0000000180025095e-35 4 1.9956580870215597 0.85561368268953431 5 -1.0000000180025095e-35 74.500000000000014 0.94847200471257598 0.93158198870884079 34.001250000000006
decision_type=2 1 8 2 2 1 2 10 2 2 2 8 2 8 2 1 2 1 2 2 2 1 2 2 1 2 2 10 2 2
left_child=2 -2 8 7 -5 6 -6 -4 10 -10 11 -1 -13 -12 15 -11 17 20 19 25 -16 -22 23 -19 -20 -18 27 -17 29 -14
right_child=1 -3 3 4 5 -7 -8 -9 9 14 13 12 28 -15 16 26 18 22 24 -21 21 -23 -24 -25 -26 -27 -28 -29 -30 -31
leaf_value=-0.31280277840459492 0.59026885906516424 -1.5465791036107923 0.11865421165438966 -0.10476359411532314 0.11946826887545568 -0.04830671041913405 1.5411028192522211 1.0180393985914094 -1.0089569535794021 -0.11629879647571385 0.015442453800784647 -0.42962786257512559 -0.140479504157419 0.33095245064060519 -0.14673609528723489 1.1488384044465225 0.00053086501598727405 -0.49435427754884415 -0.092103822679287364 0.88241321080067336 1.8649884852381564 -0.04727796339873009 -0.59674282876909268 0.08621722607714033 0.28495868086240078 -0.29031104248875067 0.063561192397028773 -1.1667889018314577 -0.11294044442704204 0.14990588088114576
leaf_weight=13050 312 829 29168 34233 24353 32090 7073 4043 1145 42322 222288 2237 1750 22903 28497 5977 25993 16774 22066 4395 4476 5939 15015 11688 33781 44276 86201 605 3370 15168
leaf_count=13050 312 829 29168 34233 24353 32090 7073 4043 1145 42322 222288 2237 1750 22903 28497 5977 25993 16774 22066 4395 4476 5939 15015 11688 33781 44276 86201 605 3370 15168
internal_value=-0.00015976 -0.0277933 -0.000118285 0.00210017 0.00026087 0.00276776 0.00753889 0.00751355 -0.000579505 -0.00162291 0.000718033 -0.00457893 0.00282607 0.00148659 -0.00151842 0.000575992 -0.00284752 -0.00582813 -0.000965888 -0.00386848 -0.000332965 0.00948733 -0.0107437 -0.00700699 0.0029147 -0.00496001 0.00263616 0.0145101 0.00538814 0.00842603
internal_weight=762017 1141 760876 130960 97749 63516 31426 33211 629916 349150 280766 35575 22525 245191 348005 135105 212900 82389 130511 74664 38912 10415 43477 28462 55847 70269 92783 6582 20288 16918
internal_count=762017 1141 760876 130960 97749 63516 31426 33211 629916 349150 280766 35575 22525 245191 348005 135105 212900 82389 130511 74664 38912 10415 43477 28462 55847 70269 92783 6582 20288 16918
cat_boundaries=0 2 5 7 9 11 13
cat_threshold=1619275783 3495041068 134162837 1291852711 1 1090547314 2606949392 723263032 2410635332 151521328 193085440 1795321899 2614092828
is_linear=0
shrinkage=0.06


Tree=145
num_leaves=31
num_cat=8
split_feature=124 104 102 104 111 104 112 126 104 3 111 119 104 119 112 127 110 120 127 113 130 104 130 119 104 104 25 132 133 126
split_gain=241.685 298.775 230.632 259.643 230.095 569.903 379.481 326.605 326.399 272.075 287.45 283.496 549.682 486.569 567.721 403.752 320.412 392.146 334.384 326.599 300.626 297.175 495.611 639.862 671.853 658.57 480.497 463.639 460.682 436.212
threshold=0.95833333333333337 0 65.500000000000014 1 41.500000000000007 2 3.2050000000000005 3216.3000000000006 3 164.58333333333334 92.500000000000014 201.50000000000003 4 578.50000000000011 1.7050000000000003 6.8017936114223074 19.050000000000004 13.500000000000002 4.3421512806177365 338.50000000000006 0.25881904510252091 5 -1.0000000180025095e-35 43.500000000000007 6 7 0.97772155075959655 0.6547626423706755 0.94636490295939868 134.30000000000004
decision_type=2 1 2 1 2 1 2 2 1 10 2 2 1 2 2 2 2 2 2 2 2 1 2 2 1 1 10 2 2 2
left_child=2 -2 4 -4 5 -1 8 -8 -7 11 -11 21 -13 15 20 -14 18 -18 -16 -20 -15 29 23 24 26 -25 -23 -26 -28 -6
right_child=1 -3 3 -5 9 6 7 -9 -10 10 -12 12 13 14 16 -17 17 -19 19 -21 -22 22 -24 25 27 -27 28 -29 -30 -31
leaf_value=-0.35014998874157521 0.54730301144727267 -1.5532045884750703 -0.069429867413260238 0.83984335219906514 -0.19895928358300338 0.062968091680008484 0.33524327961055606 -0.048903049197762415 -0.38270332170124988 0.077252241436777488 0.66203590783442434 -0.03712287224818752 0.16412229014879484 -0.064943057547215799 -0.088119940848295067 1.0536122366067555 0.086513336685964434 -0.2085626407095249 -0.566152986597659 1.0026720990452651 0.57898870243645706 0.95777176586112267 -0.065631879779531346 -0.31525594693203374 0.087154728745851451 0.040753622610447168 3.412690831350063 -0.46609267350359318 -0.76539450449844904 0.018616855000664855
leaf_weight=16498 341 783 2413 3202 90472 7664 8059 8270 10409 29698 3654 75559 36604 3439 3989 12449 15304 7212 2221 353 8290 24020 177436 18155 101451 29223 541 3093 1569 60244
leaf_count=16498 341 783 2413 3202 90472 7664 8059 8270 10409 29698 3654 75559 36604 3439 3989 12449 15304 7212 2221 353 8290 24020 177436 18155 101451 29223 541 3093 1569 60244
internal_value=-0.000157274 -0.0279467 -0.000116219 0.0119979 -0.000206224 -0.00410208 0.0002964 0.0069259 -0.00569326 7.50663e-05 0.00536443 -0.000187605 0.00196879 0.00513998 0.000299934 0.00916745 -0.00419464 -0.000794067 -0.0158592 -0.0327146 0.0114425 -0.000892287 5.43461e-05 0.00229078 0.00445655 -0.00368264 0.0130599 0.00230462 -0.0143818 -0.00312485
internal_weight=762615 1124 761491 5615 755876 50900 34402 16329 18073 704976 33352 671624 165420 89861 40808 49053 29079 22516 6563 2574 11729 506204 355488 178052 130674 47378 26130 104544 2110 150716
internal_count=762615 1124 761491 5615 755876 50900 34402 16329 18073 704976 33352 671624 165420 89861 40808 49053 29079 22516 6563 2574 11729 506204 355488 178052 130674 47378 26130 104544 2110 150716
cat_boundaries=0 2 4 6 8 10 13 15 17
cat_threshold=872681479 3497148462 1956287622 340505802 1288178731 996214816 302178496 320604 3372755571 2607146076 854004096 9091 1 151519248 193069056 83896341 1118853156
is_linear=0
shrinkage=0.06


Tree=146
num_leaves=31
num_cat=6
split_feature=7 140 84 69 23 140 110 59 102 127 104 139 47 132 59 104 124 0 104 67 129 140 104 112 104 104 120 58 129 84
split_gain=242.663 645.217 385.915 410.436 348.131 396.596 385.75 345.706 256.028 250.396 203.067 244.111 198.303 195.977 298.343 274.911 225.643 194.155 365.837 199.832 359.631 585.982 594.568 450.195 440.927 377.412 557.616 542.583 406.85 397.949
threshold=361.01500000000004 27.000000000000004 1.837291666666667 11.450000000000001 14.003749999999998 1.5000000000000002 25.050000000000004 10.095000000000001 58.500000000000007 0.027229624622079215 0 49.500000000000007 1334.7635416666669 0.025799818015934263 96.100000000000009 1 0.44166666666666671 30.046250000000004 2 49.500000000000007 233.50000000000003 2.5000000000000004 3 2.0850000000000004 4 5 92.500000000000014 616.56000000000006 239.50000000000003 3.1450000000000009
decision_type=2 2 8 2 8 2 2 10 2 2 1 2 10 2 10 1 2 2 1 2 2 2 1 2 1 1 2 2 2 10
left_child=17 4 7 9 -2 -6 -7 -3 13 -4 -11 -12 -5 15 16 -9 -15 18 -1 -19 24 22 -22 -24 -21 -23 28 -28 -27 -30
right_child=1 2 3 12 5 6 -8 8 -10 10 11 -13 -14 14 -16 -17 -18 19 -20 20 21 25 23 -25 -26 26 27 -29 29 -31
leaf_value=-0.29134761737009979 -0.12989091862537122 -1.6621718424548335 -0.90807422597003418 -0.41799167634613643 0.87625363682054735 0.19838311315117776 -0.64491412091602562 -0.020071433296330383 -0.91343952320135147 0.2943893112329462 0.052041149764409621 -0.68768486192717371 -1.3911122402591203 0.042966351484413252 -0.70875702669834417 -0.54226947301331385 -0.98818222831598512 0.06047694939657184 -0.0064289200005508461 -0.18690374930574066 -0.35399770433970018 -0.007564079253235434 -0.16692798844189921 0.10625464976582563 -0.014558720777330761 1.6496759232760938 0.24096999252941714 1.0070409976962236 0.10500286607435555 -0.30020015665504418
leaf_weight=4958 38805 1962 1346 9438 7482 47068 4315 19863 4333 24234 9985 4145 1518 4155 5100 10735 688 84220 13286 29882 15642 136695 12928 14741 91410 1542 14106 6127 130407 11588
leaf_count=4958 38805 1962 1346 9438 7482 47068 4315 19863 4333 24234 9985 4145 1518 4155 5100 10735 688 84220 13286 29882 15642 136695 12928 14741 91410 1542 14106 6127 130407 11588
internal_value=-0.000260546 -0.00208553 -0.00553829 -0.00190893 0.0013613 0.0042697 0.00239024 -0.00946431 -0.00838596 0.000927703 0.00182041 -0.00389506 -0.0121895 -0.00690395 -0.0142216 -0.00452564 -0.00355491 0.000367062 -0.00572212 0.000569318 8.23104e-05 0.00107337 -0.00545115 -0.000162572 -0.00272662 0.00201387 0.0039565 0.0132816 0.00264223 0.00230922
internal_weight=762704 195172 97502 50666 97670 58865 51383 46836 44874 39710 38364 14130 10956 40541 9943 30598 4843 567532 18244 549288 465068 343776 43311 27669 121292 300465 163770 20233 143537 141995
internal_count=762704 195172 97502 50666 97670 58865 51383 46836 44874 39710 38364 14130 10956 40541 9943 30598 4843 567532 18244 549288 465068 343776 43311 27669 121292 300465 163770 20233 143537 141995
cat_boundaries=0 2 5 7 9 11 13
cat_threshold=2374765460 1806703586 3176931125 2885687779 1 1673527424 4288 2367166869 1872894371 1210157056 1614053895 1178880210 334423064
is_linear=0
shrinkage=0.06


Tree=147
num_leaves=31
num_cat=7
split_feature=19 17 132 137 104 114 114 130 132 137 104 132 130 109 132 104 113 104 104 114 111 104 132 104 140 132 120 111 127 132
split_gain=221.729 312.155 312.012 671.582 638.564 470.633 480.467 1003.36 688.91 599.231 539.859 466.6 1084.4 829.974 785.462 688.236 581.427 449.595 438.253 435.85 780.679 754.567 636.464 766.357 687.123 572.926 558.771 765.511 1163.11 542.998
threshold=111.11593750000002 116.25500000000001 -0.80860773948975517 0.01126364564421809 0 2.1552516767520928 -0.40666562505290288 0.60355339059327384 -0.88965196910377931 0.44064828010201723 1 -0.73208386245364632 0.25881904510252091 27.500000000000004 -0.76624641395159687 2 301.50000000000006 3 4 1.5034641879826174 91.500000000000014 5 0.025799818015934263 6 4.5000000000000009 0.094468741652255758 18.500000000000004 67.500000000000014 9.1002937973849942 -0.48970496317164519
decision_type=10 10 2 2 1 2 2 2 2 2 1 2 2 2 2 1 2 1 1 2 2 1 2 1 2 2 2 2 2 2
left_child=1 -1 3 -2 -5 6 7 8 18 10 -8 12 13 -4 16 -16 17 -14 -6 22 21 -21 23 -13 -25 -24 -27 -28 -29 -26
right_child=2 -3 11 4 5 -7 9 -9 -10 -11 -12 19 14 -15 15 -17 -18 -19 -20 20 -22 -23 25 24 29 26 27 28 -30 -31
leaf_value=0.00032974630898308988 -0.75755840132371643 0.10856664394980982 5.4005686142954668 -0.62896904098259598 -0.87367463733056971 1.4943856571628202 -0.094272905398901513 2.2177770642522523 1.478355172274332 0.18904940109218543 -0.76296108289464359 -0.12714464851652252 -0.71578239100614949 -0.38900340080815565 0.12424176423547863 4.4187904943008212 -1.0461633395765568 3.1012065935209336 0.069330363301259579 -0.021964295184660611 0.19460430531418935 -0.24562133018985036 -0.63040719819147228 -0.16529443915418027 0.19169950434687932 0.14224004419304889 -0.51421118974232649 0.16757295105683509 -0.500579894623155 0.97907860113999046
leaf_weight=200781 8713 70262 1088 4651 4311 4244 11415 3953 2828 12754 12140 44324 1281 13347 1723 4558 2649 2886 6023 80957 25424 72899 8939 16140 28898 34853 8804 25053 10638 36072
leaf_count=200781 8713 70262 1088 4651 4311 4244 11415 3953 2828 12754 12140 44324 1281 13347 1723 4558 2649 2886 6023 80957 25424 72899 8939 16140 28898 34853 8804 25053 10638 36072
internal_value=-0.000155624 0.00122216 -0.00091532 -0.00459336 -0.00241175 -0.000684478 -0.00221245 0.00607502 -0.00188711 -0.00611898 -0.0117906 -0.000294055 0.00725675 -0.00408562 0.0197572 0.0350621 0.00565058 0.0196209 -0.00906821 -0.000823049 -0.00300467 -0.00461415 0.00100701 0.00375398 0.00722033 -0.00289575 -0.00127336 -0.0057295 -0.00182058 0.00997368
internal_weight=762608 271043 491565 71032 62319 57668 53424 17115 13162 36309 23555 420533 27532 14435 13097 6281 6816 4167 10334 393001 179280 153856 213721 125434 81110 88287 79348 44495 35691 64970
internal_count=762608 271043 491565 71032 62319 57668 53424 17115 13162 36309 23555 420533 27532 14435 13097 6281 6816 4167 10334 393001 179280 153856 213721 125434 81110 88287 79348 44495 35691 64970
cat_boundaries=0 2 4 7 9 12 14 17
cat_threshold=1075923010 275047960 67633332 1300895842 33560640 262856772 1 588265480 2693464260 3037209753 260638752 1 758488081 3418317664 1619043361 530571344 1
is_linear=0
shrinkage=0.06


Tree=148
num_leaves=31
num_cat=3
split_feature=7 115 139 139 139 110 114 119 139 139 111 104 126 125 25 114 122 115 120 104 104 132 132 132 110 110 114 114 109 99
split_gain=245.425 287.122 297.719 266.616 372.906 251.773 357.727 363.248 439.037 361.839 354.262 350.49 307.615 276.409 282.728 395.38 275.735 263.534 253.081 247.442 227.709 254.916 390.887 262.206 245.12 300.975 339.928 277.679 228.257 226.946
threshold=361.01500000000004 1.8859116222410479 64.500000000000014 62.500000000000007 60.500000000000007 25.250000000000004 3.745678740201448 70.500000000000014 54.500000000000007 52.500000000000007 72.500000000000014 0 3738.3500000000004 0.52790000000000015 0.98165526639553924 -1.7549121587522174 0.021722203101946135 -2.6818009626635004 97.500000000000014 1 2 0.17963823861099873 0.32917936166072764 0.37744852145085445 15.65 17.050000000000004 0.35029892029675225 2.1933302841801918 377.50000000000006 0.94909129669788206
decision_type=2 2 2 2 2 2 2 2 2 2 2 1 2 2 8 2 2 2 2 1 1 2 2 2 2 2 2 2 2 2
left_child=-1 2 3 4 5 6 7 13 9 12 -11 -10 20 14 15 -2 17 -7 29 -18 -9 24 28 -24 -22 -26 -27 -28 -23 -16
right_child=1 -3 -4 -5 -6 16 -8 8 11 10 -12 -13 -14 -15 18 -17 19 -19 -20 -21 21 22 23 -25 25 26 27 -29 -30 -31
leaf_value=0.0093322477465478219 0.62384046570614426 -0.58482898410776218 -0.71851468726355472 0.75299038975466082 -0.67590946720276657 -1.6371180022954637 -0.70344218385389667 -0.058272059245294085 -0.043849789789021543 -2.4128098108976022 2.2084373036154998 1.9034063952201876 -0.82792163286634279 0.72883378120800446 -0.038039467638653547 -0.1624909775774479 -0.82118606575411957 2.1285879001036814 0.45928003479185348 -0.092592842219128502 -0.042097292627614705 -0.17259260590023756 0.63220470791575334 -0.094239893572668473 2.3726551719528084 2.0593085369960549 -0.3826471626213947 0.60387021343232383 -0.96966131353444185 -0.7259420466733274
leaf_weight=567242 8460 5845 3232 4711 5144 258 1704 18657 1740 1240 364 3165 628 6419 2696 81608 6478 1004 1376 5322 5327 1733 1619 2900 2423 3568 3549 5917 832 7007
leaf_count=567242 8460 5845 3232 4711 5144 258 1704 18657 1740 1240 364 3165 628 6419 2696 81608 6478 1004 1376 5322 5327 1733 1619 2900 2423 3568 3549 5917 832 7007
internal_value=-0.000226249 -0.00206293 -0.00165801 -0.00134399 -0.00171051 -0.00124504 -0.000602456 -0.000313343 0.00371876 0.00199721 -0.0260187 0.0208276 0.00295076 -0.00232488 -0.00309111 -0.00197848 -0.00925974 0.0173872 -0.0121354 -0.0121108 0.00351416 0.00694716 -0.00287932 0.00773894 0.0102997 0.0141247 0.0105132 0.00456322 -0.0215822 -0.0155503
internal_weight=762168 194926 189081 185849 181138 175994 162932 161228 53662 48757 1604 4905 47153 107566 101147 90068 13062 1262 11079 11800 46525 27868 7084 4519 20784 15457 13034 9466 2565 9703
internal_count=762168 194926 189081 185849 181138 175994 162932 161228 53662 48757 1604 4905 47153 107566 101147 90068 13062 1262 11079 11800 46525 27868 7084 4519 20784 15457 13034 9466 2565 9703
cat_boundaries=0 3 6 8
cat_threshold=1132652225 1951826006 1 3175615537 4021012512 1 1666219626 2615329820
is_linear=0
shrinkage=0.06


Tree=149
num_leaves=31
num_cat=10
split_feature=21 137 103 104 104 119 130 137 104 103 104 137 132 111 104 104 124 104 114 111 111 120 111 111 104 133 104 119 91 115
split_gain=232.807 218.028 442.362 368.004 295.553 289.037 296.932 247.426 551.145 278.078 410.078 347.166 505.072 371.089 317.053 252.874 228.507 227.618 258.778 217.517 211.383 201.038 271.993 196.607 608.721 383.826 329.965 314.101 580.741 597.706
threshold=752.87500000000011 0.61497421480319081 0.61497421480319081 0 1 703.50000000000011 -0.70710678118654735 0.44064828010201723 2 0.16210544303708729 3 0.22623637047664433 -0.91893749530330049 41.500000000000007 4 5 0.95833333333333337 6 0.35029892029675225 68.500000000000014 76.500000000000014 2.5000000000000004 41.500000000000007 48.500000000000007 7 0.99138911339924218 8 201.50000000000003 9 1.5570062083615002
decision_type=10 2 2 1 1 2 2 2 1 2 1 2 2 2 1 1 2 1 2 2 2 2 2 2 1 2 1 2 1 2
left_child=1 2 7 5 -4 6 19 9 -9 16 20 13 15 -12 -15 -13 23 18 -14 -3 21 22 -11 24 25 -1 -26 -25 29 -29
right_child=-2 3 4 -5 -6 -7 -8 8 -10 10 11 12 17 14 -16 -17 -18 -19 -20 -21 -22 -23 -24 27 26 -27 -28 28 -30 -31
leaf_value=-0.15762605458988688 -0.49175952138540252 0.35227243966271615 0.028824005976131557 -0.028274370873149619 -0.70561123495015576 -2.6328818510938996 2.3935535920665592 -0.39795206907701769 0.6001811782844737 -2.0742555137321506 -1.7170723467450508 -0.2688997248028312 0.79686938081335223 -0.47061038383453635 0.18591557228367775 0.19352089803109557 -1.1586257279940206 1.0175426230386984 -1.149845935254932 -1.7346458139391381 -0.81341805767811282 0.048833301030030328 -0.28538143310323505 -0.004161961980629343 0.45306159359612364 -1.0716868135290374 0.015853202467567797 0.31574303774645124 -0.0077859528169661012 -0.46260714510581352
leaf_weight=46560 10543 854 2026 8453 3301 273 4161 1544 5661 684 869 3021 643 3191 4180 3472 940 1800 229 614 4095 3763 4545 474927 3156 1251 50104 47500 65966 4257
leaf_count=46560 10543 854 2026 8453 3301 273 4161 1544 5661 684 869 3021 643 3191 4180 3472 940 1800 229 614 4095 3763 4545 474927 3156 1251 50104 47500 65966 4257
internal_value=-0.000154291 -3.01579e-05 -0.000172675 0.00729312 -0.0173986 0.0187722 0.02173 -4.73538e-05 0.0110158 -0.000157291 -0.00576526 0.000272164 0.00830679 -0.008664 -0.0042892 -0.000729905 8.88778e-05 0.0302581 0.00475651 -0.00147039 -0.0137838 -0.00864673 -0.0162562 0.000128957 -0.00231696 -0.00723056 0.00209495 0.000546089 0.00332048 0.00807719
internal_weight=762583 752040 737685 14355 5327 5902 5629 732358 7205 725153 30492 17405 9165 8240 7371 6493 694661 2672 872 1468 13087 8992 5229 693721 101071 47811 53260 592650 117723 51757
internal_count=762583 752040 737685 14355 5327 5902 5629 732358 7205 725153 30492 17405 9165 8240 7371 6493 694661 2672 872 1468 13087 8992 5229 693721 101071 47811 53260 592650 117723 51757
cat_boundaries=0 2 4 6 8 11 13 15 17 19 20
cat_threshold=3405744060 6855 281838068 210975089 86050818 2154373888 2637537161 2828835 548928 264552528 1 1648361526 2752513420 12714016 722469252 1171033981 3795163169 0 8256 26
is_linear=0
shrinkage=0.06


Tree=150
num_leaves=31
num_cat=1
split_feature=9 127 133 114 110 119 111 110 114 126 111 133 132 132 126 127 127 114 109 132 47 106 110 107 110 122 114 47 140 110
split_gain=221.162 268.988 258.481 250.319 225.312 380.64 385.586 293.829 367.988 295.579 293.047 382.727 375.065 338.915 305.334 276.614 246.928 233.906 290.334 415.82 329.859 259.15 237.073 227.014 232.375 223.168 217.033 227.583 214.501 207.092
threshold=207.01000000000002 0.027229624622079215 0.99981043035926087 3.745678740201448 25.250000000000004 70.500000000000014 48.500000000000007 23.850000000000005 -0.40666562505290288 2422.3250000000003 63.500000000000007 0.96407344085605606 0.025799818015934263 -0.3169700421330815 237.20000000000002 1.8850884086881476 2.7097792598657864 -2.9998143189632831 42.500000000000007 -0.33323705862247266 645.75312500000018 0 8.4500000000000011 28.729100000000006 21.150000000000002 0.021722203101946135 1.7552359827386967 371.36250000000013 4.5000000000000009 13.050000000000002
decision_type=10 2 2 2 2 2 2 2 2 2 2 2 2 2 2 2 2 2 2 2 10 1 2 2 2 2 2 10 2 2
left_child=-1 2 -2 4 5 10 7 8 -7 -9 11 13 17 14 -3 -8 -13 -12 19 22 -20 28 -19 24 -24 -6 -10 -28 -21 -16
right_child=1 3 -4 -5 25 6 15 9 26 -11 12 16 -14 -15 29 -17 -18 18 20 21 -22 -23 23 -25 -26 -27 27 -29 -30 -31
leaf_value=0.0092763005362462535 -0.66260161366262538 -0.5255397799932382 0.40282961274440027 -0.6790720127366815 1.3517054794051802 1.6654859886389886 -0.043723298761791228 -0.64057517916752937 -1.1437454194330219 0.784453871536127 2.020637245823472 -0.32330340173059058 -0.32054203505028739 1.6460027796674941 -1.5696907778462923 0.46067313276015937 -2.1076705429530493 -2.2478585187255482 -0.45931426060865987 0.089474466645328904 0.26793499530010734 -0.80230609012195142 -0.3596574215611818 0.90071215522052395 1.7219665027268591 -0.52247777510111204 -0.61955937566421015 0.033133901985988812 1.737643985113505 0.531493514763826
leaf_weight=602004 5581 12390 1153 1784 766 1059 11099 1680 2862 3445 667 900 15142 1158 264 24606 1597 369 14180 3484 8910 2185 13619 3949 1389 9332 1898 3276 9667 2617
leaf_count=602004 5581 12390 1153 1784 766 1059 11099 1680 2862 3445 667 900 15142 1158 264 24606 1597 369 14180 3484 8910 2185 13619 3949 1389 9332 1898 3276 9667 2617
internal_value=-0.000131633 -0.0021067 -0.0138441 -0.00159435 -0.00133289 -0.000718755 0.00350318 -0.00485198 -0.0113259 0.00663675 -0.00299779 -0.00965605 -0.00128463 -0.00632867 -0.0087022 0.00683078 -0.0315372 0.000896611 0.000488286 0.00396042 -0.00472392 0.0113373 -0.00189372 -0.000965292 -0.0043334 -0.00999307 -0.0157074 -0.00837101 0.01451 0.00888966
internal_weight=763032 161028 6734 154294 152510 142412 49925 14220 9095 5125 92487 18926 73561 16429 15271 35705 2497 58419 57752 34662 23090 15336 19326 18957 15008 10098 8036 5174 13151 2881
internal_count=763032 161028 6734 154294 152510 142412 49925 14220 9095 5125 92487 18926 73561 16429 15271 35705 2497 58419 57752 34662 23090 15336 19326 18957 15008 10098 8036 5174 13151 2881
cat_boundaries=0 1
cat_threshold=41
is_linear=0
shrinkage=0.06


Tree=151
num_leaves=31
num_cat=5
split_feature=6 104 132 132 111 104 111 91 128 126 111 128 104 139 132 132 132 134 132 109 132 115 104 132 132 20 139 3 112 140
split_gain=232.953 576.266 482.623 416.923 392.896 335.982 392.222 379.93 318.571 281.698 491.29 426.756 339.941 284.24 541.249 331.662 321.352 308.316 289.792 288.484 281.888 398.9 381.274 255.249 269.571 254.892 236.301 233.226 232.185 224.251
threshold=353.57000000000005 0 0.17963823861099873 0.32917936166072764 48.500000000000007 1 93.500000000000014 2 0.00024856191100669506 151.85000000000002 74.500000000000014 0.0033951203064503392 3 51.500000000000007 -0.76624641395159687 -0.78789334285648371 -0.67086170185690197 1.0000000180025095e-35 -0.73208386245364632 617.50000000000011 0.025799818015934263 0.99815618170708553 4 -0.80860773948975517 -0.8378775142878907 104.41333201082708 51.500000000000007 164.58333333333334 4.245000000000001 33.000000000000007
decision_type=10 1 2 2 2 1 2 1 2 2 2 2 1 2 2 2 2 2 2 2 2 2 1 2 2 10 2 8 2 2
left_child=-1 2 4 -4 26 6 7 -3 -6 10 12 -11 -7 14 15 17 19 -13 -16 -15 21 22 -12 24 -10 -25 -2 -22 -19 -9
right_child=1 5 3 -5 8 9 -8 29 23 11 20 13 -14 16 18 -17 -18 28 -20 -21 27 -23 -24 25 -26 -27 -28 -29 -30 -31
leaf_value=0.010884106143074064 0.017716345052489826 0.1268069811777775 -0.67475474818337966 -0.10951218639178704 -0.26220137781434244 -0.3134088647552869 0.42460910477725605 -0.51139800362636212 0.036890226600205266 -0.18096970913551275 0.58909461430915 -0.25690684483479176 -0.94166895919421678 0.057306603623810869 1.8274432883092406 -1.6622389482076678 0.13678622730762213 2.3364146877852523 0.38233304084322128 -1.4266963215351087 -0.67261408122352551 -0.98331411314947836 -0.31103275094857391 0.32639951930254513 -1.5565616924866303 1.3077645121801458 -0.62387705065774157 0.43384887691688673 -1.5351583289437631 -1.1483995439865067
leaf_weight=557138 9715 1333 2905 7471 7890 9355 1374 2519 4857 28788 14086 3099 11978 791 3915 1650 3406 1404 7884 1226 4924 3059 14177 28834 817 18739 5280 771 140 2335
leaf_count=557138 9715 1333 2905 7471 7890 9355 1374 2519 4857 28788 14086 3099 11978 791 3915 1650 3406 1404 7884 1226 4924 3059 14177 28834 817 18739 5280 771 140 2335
internal_value=-0.000155461 -0.00188626 0.00183497 -0.0103036 0.00348968 -0.00460918 -0.0168384 -0.0232999 0.00562433 -0.00377196 -0.00663845 -0.000574717 -0.0138905 0.00542184 0.00903333 -0.00517636 -0.00662611 0.00303618 0.0166119 -0.0255996 -0.0024588 -0.000226032 0.00200184 0.00729154 -0.00473656 0.00872619 -0.00521339 -0.0147367 0.024932 -0.0310545
internal_weight=761860 204722 86508 10376 76132 118214 7561 6187 61137 110653 58350 52303 21333 23515 18092 6293 5423 4643 11799 2017 37017 31322 28263 53247 5674 47573 14995 5695 1544 4854
internal_count=761860 204722 86508 10376 76132 118214 7561 6187 61137 110653 58350 52303 21333 23515 18092 6293 5423 4643 11799 2017 37017 31322 28263 53247 5674 47573 14995 5695 1544 4854
cat_boundaries=0 2 4 5 7 9
cat_threshold=218892433 723531872 1073758274 272942104 1 570463272 3297968132 2430665476 1074791043
is_linear=0
shrinkage=0.06


Tree=152
num_leaves=31
num_cat=5
split_feature=7 139 139 139 115 112 25 114 132 134 132 98 104 115 130 110 110 132 112 110 124 139 139 130 104 104 126 104 104 54
split_gain=219.683 284.549 246.654 264.056 226.904 268.622 259.786 256.653 255.654 235.819 409.793 459.347 406.781 300.594 288.447 287.421 308.825 318.122 262.749 260.18 254.913 260.583 400.219 544.865 514.46 376.121 274.033 246.813 229.361 222.768
threshold=371.42000000000007 64.500000000000014 62.500000000000007 60.500000000000007 1.8859116222410479 3.8950000000000005 0.98165526639553924 -2.9998143189632831 -0.13291928626387098 1.0000000180025095e-35 -0.18386704952168662 -0.18386704952168662 0 -1.4110001600851947 -0.37940952255126059 25.250000000000004 10.450000000000001 -0.098749067963353782 3.2650000000000001 20.950000000000003 0.70500000000000007 49.500000000000007 46.500000000000007 0.12940952255126045 1 2 116.52500000000002 3 4 48.759720514325487
decision_type=2 2 2 2 2 2 8 2 2 2 2 2 1 2 2 2 2 2 2 2 2 2 2 2 1 1 2 1 1 10
left_child=-1 2 3 4 5 6 7 -2 -7 15 12 28 13 29 -13 16 17 -9 -17 -14 21 22 -18 26 -25 -23 -24 -22 -12 -11
right_child=1 -3 -4 -5 -6 8 -8 9 -10 10 11 14 19 -15 -16 18 20 -19 -20 -21 27 25 23 24 -26 -27 -28 -29 -30 -31
leaf_value=0.010061493079042734 1.8336542368932451 -0.75252647335392675 0.68628695748790047 -0.65558767367205117 -0.57519802263488329 -0.31500341965711642 -0.27095933052514398 -1.3389847944596107 -0.96700133736930438 0.64257376100048591 -0.0046030058682003981 -0.49837573432512328 -0.19031009675412719 1.858774577611441 0.19703118907785466 -0.66948195965177748 -0.038315091268788133 -0.18714209194345641 0.58571205678024429 0.50574873571272461 -0.22882561064162871 0.21676708636907677 -1.5503585087954912 0.018986937923872915 3.8273235658494706 -0.94924962082180286 0.40488260301864781 1.3241792117285851 -1.5268408703438081 -0.63365446635465639
leaf_weight=590524 679 2863 4315 4495 4964 3512 15353 3403 1145 1650 555 4052 11486 7377 7473 5896 47955 6644 1280 6740 2498 5348 1037 1423 2530 7499 1889 4755 1301 1674
leaf_count=590524 679 2863 4315 4495 4964 3512 15353 3403 1145 1650 555 4052 11486 7377 7473 5896 47955 6644 1280 6740 2498 5348 1037 1423 2530 7499 1889 4755 1301 1674
internal_value=-0.00011877 -0.00200719 -0.00168923 -0.00206046 -0.00165777 -0.00125371 -0.000814496 2.57501e-05 -0.0154444 -0.000160189 0.00354818 -0.00513376 0.0075643 0.0168428 -0.000671525 -0.00186267 -0.000888894 -0.0107663 -0.0133928 0.00210561 0.000435578 -0.000710085 0.001092 0.014625 0.0291502 -0.00840131 -0.00500171 0.0111249 -0.0328271 0.00187669
internal_weight=762315 171791 168928 164613 160118 155154 150497 135144 4657 134465 42308 13381 28927 10701 11525 92157 84981 10047 7176 18226 74934 67681 54834 6879 3953 12847 2926 7253 1856 3324
internal_count=762315 171791 168928 164613 160118 155154 150497 135144 4657 134465 42308 13381 28927 10701 11525 92157 84981 10047 7176 18226 74934 67681 54834 6879 3953 12847 2926 7253 1856 3324
cat_boundaries=0 2 5 7 9 11
cat_threshold=336382069 36182320 2202048512 4020371524 1 386447384 3803189248 42120353 2218082658 656620177 218628608
is_linear=0
shrinkage=0.06


Tree=153
num_leaves=31
num_cat=10
split_feature=137 103 104 104 114 111 111 114 111 137 104 137 104 115 123 111 104 104 125 104 67 111 104 6 104 132 132 104 122 132
split_gain=201.24 701.063 427.73 395.782 274.54 305.479 271.252 309.656 252.224 202.211 486.507 237.643 715.899 253.06 284.074 496.231 249.62 231.314 229.051 497.812 241.332 221.052 206.783 205.551 511.912 379.624 504.143 464.61 439.735 390.191
threshold=0.61497421480319081 0.61497421480319081 0 1 0.57622964287356682 60.500000000000007 74.500000000000014 0.69343217732869034 75.500000000000014 0.44064828010201723 2 0.083227709543603312 3 -1.2041535051048176 0.0096217370038105959 39.500000000000007 4 5 0.71306666666666685 6 109.50000000000001 76.500000000000014 7 353.57000000000005 8 0.025799818015934263 0.042991213741508195 9 0.56252163874581751 0.17963823861099873
decision_type=2 2 1 1 2 2 2 2 2 2 1 2 1 2 2 2 1 1 2 1 2 2 1 10 1 2 2 1 2 2
left_child=1 9 6 -3 8 -6 7 -2 -4 11 -11 18 21 16 -15 -16 -14 -17 23 -20 -21 -13 -23 -1 -25 27 -27 -26 29 -28
right_child=2 3 4 -5 5 -7 -8 -9 -10 10 -12 12 13 14 15 17 -18 -19 19 20 -22 22 -24 24 25 26 28 -29 -30 -31
leaf_value=0.0143653199744476 -0.14208338211319954 -0.95821123938654862 -0.61637867803012791 -0.22149621615624071 1.1610154341551846 -0.073358940619284274 3.3599697853454136 0.96886270639693939 0.19949520137616844 -0.23773738852467005 0.62626831118434267 -0.20081469754833364 -0.01410160731843149 0.74432308282074333 -1.6336542186751069 0.1653477537970994 0.50877362791352931 -0.12833905905761356 -0.45436452972172131 -0.26510984766032319 2.8590039751669445 -1.089798046947388 -0.2912243261696511 -0.44639975333302673 0.34753271451064505 -0.9274954258526259 0.59622787945405931 -0.085346250520776434 -0.80552036339477773 -0.12917738942520102
leaf_weight=483897 2789 3119 3450 3875 950 2028 3826 1156 2681 2196 5099 11453 4262 735 1051 9204 4429 15576 2389 610 2441 2082 3683 6879 37689 2549 3930 115153 5422 18004
leaf_count=483897 2789 3119 3450 3875 950 2028 3826 1156 2681 2196 5099 11453 4262 735 1051 9204 4429 15576 2389 610 2441 2082 3683 6879 37689 2549 3930 115153 5422 18004
internal_value=-0.000144373 -0.000291018 0.00633375 -0.0191966 -0.00249342 0.0124471 0.0166615 0.00564116 -0.00975538 -0.000112002 0.0098273 -0.000211145 -0.0041013 0.00079789 -0.00210938 -0.00315655 0.00968477 -0.00144304 8.95187e-05 0.0123507 0.028354 -0.014125 -0.0237149 -9.53195e-06 -0.00168394 -0.00107848 -0.00726075 0.000131115 -0.00488211 -0.00109961
internal_weight=762607 745727 16880 6994 9109 2978 7771 3945 6131 738733 7295 731438 52475 35257 26566 25831 8691 24780 678963 5440 3051 17218 5765 673523 189626 182747 29905 152842 27356 21934
internal_count=762607 745727 16880 6994 9109 2978 7771 3945 6131 738733 7295 731438 52475 35257 26566 25831 8691 24780 678963 5440 3051 17218 5765 673523 189626 182747 29905 152842 27356 21934
cat_boundaries=0 2 5 7 9 12 15 18 20 22 24
cat_threshold=3372189500 1073748719 3409018378 2720794254 1 86054914 2422826764 740662403 3024394 2202026312 810664021 1 42082368 1267798208 1 915842209 340861286 1 136382464 2621954 1073758274 272925720 17565712 538972256
is_linear=0
shrinkage=0.06


Tree=154
num_leaves=31
num_cat=5
split_feature=27 127 130 111 104 110 81 133 132 132 132 132 126 113 104 104 109 104 140 112 130 133 109 47 111 129 98 121 104 17
split_gain=203.466 216.879 300.725 268.577 400.176 252.555 291.557 306.325 407.789 276.042 428.355 702.499 367.235 347.728 350.978 322.379 321.907 329.294 255.093 216.421 458.376 262.456 210.295 210.115 206.271 198.252 195.893 210.284 190.801 190.297
threshold=330.37875000000003 1.2623093044020852 0.37940952255126054 72.500000000000014 0 14.050000000000002 46.500000000000007 0.99138911339924218 -0.098749067963353782 -0.76624641395159687 -0.70822003333690042 -0.67086170185690197 202.45000000000002 312.50000000000006 1 2 652.50000000000011 3 51.000000000000007 1.4550000000000003 0.25881904510252091 0.94909129669788206 27.500000000000004 629.96458333333339 37.500000000000007 37.500000000000007 -0.78789334285648371 989.35000000000002 4 122.51250000000002
decision_type=8 2 2 2 1 2 2 2 2 2 2 2 2 2 1 1 2 1 2 2 2 2 2 10 2 2 2 2 1 10
left_child=29 2 -2 5 -5 -3 7 9 -9 22 12 16 13 14 -11 -14 17 -12 25 20 21 28 -7 -21 -22 -8 27 -24 -13 -1
right_child=1 3 -4 4 -6 6 18 8 -10 10 11 19 15 -15 -16 -17 -18 -19 -20 23 24 -23 26 -25 -26 -27 -28 -29 -30 -31
leaf_value=-0.011047811115189602 -0.051373491217166244 -0.54583123576734804 -0.42756883533948492 0.36726327867752839 -0.09772902995258391 0.64824604870232461 -0.45750254997809747 -2.1432502023649298 -0.02860600479773211 0.83204936545201291 0.78524705940365658 -1.0134066967696567 -0.052687327905082952 1.3072501950917725 -1.1364581735750812 1.4481744919556923 -1.658042657042839 -1.1561891613149466 -0.20460394612625521 -0.19861841270356762 -1.6025659969412587 3.3686423224038231 -0.40887681009029109 0.19859824595149433 2.7955324175306751 1.0516429429702399 -2.0771187037488867 0.32599363744680571 0.16086971847261849 0.04830614041331785
leaf_weight=341533 21952 8473 15607 28127 33141 1687 419 1465 1596 1419 1147 1587 1850 938 2276 4216 1677 2704 2770 16041 148 504 9434 6930 2396 5233 1575 2585 1819 241769
leaf_count=341533 21952 8473 15607 28127 33141 1687 419 1465 1596 1419 1147 1587 1850 938 2276 4216 1677 2704 2770 16041 148 504 9434 6930 2396 5233 1575 2585 1819 241769
internal_value=-0.000171896 -0.00193705 -0.00599201 -0.000865657 0.00213093 -0.00313537 -0.00198848 -0.00336964 -0.0218877 -0.00243903 -0.000102512 -0.00331808 0.0104019 -0.00231765 -0.0106006 0.0201154 -0.0229409 -0.0133801 0.00850528 0.000369061 0.0100759 -0.00282281 -0.00941892 -0.00235852 0.0298939 0.0158146 -0.0118985 -0.00928952 -0.0088054 0.000371951
internal_weight=763018 179716 37559 142157 61268 80889 72416 63994 3061 60933 45652 34953 10699 4633 3695 6066 5528 3851 8422 29425 6454 3910 15281 22971 2544 5652 13594 12019 3406 583302
internal_count=763018 179716 37559 142157 61268 80889 72416 63994 3061 60933 45652 34953 10699 4633 3695 6066 5528 3851 8422 29425 6454 3910 15281 22971 2544 5652 13594 12019 3406 583302
cat_boundaries=0 3 5 7 9 11
cat_threshold=1422657925 1647360034 1 654353432 2402484324 906004513 730464324 672147968 1269891136 80522516 1177553475
is_linear=0
shrinkage=0.06


Tree=155
num_leaves=31
num_cat=12
split_feature=110 104 119 21 126 104 101 130 104 127 104 59 132 104 6 124 104 115 104 109 104 104 136 104 130 104 104 139 127 111
split_gain=214.507 596.467 260.249 236.032 230.967 521.386 356.111 275.527 289.755 217.519 454.141 250.055 235.746 395.345 273.625 230.964 222.719 220.119 657.535 387.685 558.641 388.163 364.699 467.498 332.716 659.847 422.321 821 634.336 407.338
threshold=30.050000000000004 0 586.50000000000011 752.87500000000011 3475.2250000000008 1 0.93301270189221952 0.25881904510252091 2 1.0000000180025095e-35 3 15.300000000000002 -0.8816668175367014 4 155.67000000000004 0.95833333333333337 5 -0.25209156866185017 6 1027.5000000000002 7 8 1.0000000180025095e-35 9 -0.78656609248549303 10 11 36.500000000000007 22.909202682621814 94.500000000000014
decision_type=2 1 2 10 2 1 2 2 1 2 1 10 2 1 10 2 1 2 1 2 1 1 2 1 2 1 1 2 2 2
left_child=3 2 -2 4 9 6 -6 -7 -9 10 11 -1 14 -14 -12 17 -17 19 -19 21 -21 22 -11 -24 25 -23 27 -26 29 -28
right_child=1 -3 -4 -5 5 7 -8 8 -10 15 12 -13 13 -15 -16 16 -18 18 -20 20 -22 24 23 -25 26 -27 28 -29 -30 -31
leaf_value=0.13606701182742664 0.087696768107589945 0.30874857300403469 -0.39897787512018112 -0.50723455124133721 0.15405990473424894 -0.29780295754238834 -0.61985486376245369 -0.47421422075342062 4.1866970927511957 1.5083775263065034e-05 0.12344385445998345 -0.5917919880089304 -0.21040949439624312 1.3278368708490791 -0.47252751867266624 0.33824422008681293 -1.3765606641862607 0.19804482370050833 -0.035261413697203495 0.30896602972733211 -0.024818692445086867 0.0092643202056609652 1.2149188872875458 0.072572669583213803 -0.030919410524870444 -0.29852606745042698 -0.058760401914043997 0.74127735538908979 -0.34204757197435864 0.23504022961247292
leaf_weight=946 2237 6198 2255 10198 7611 9413 611 344 526 211577 1790 5330 1874 2099 2837 310 762 71996 95886 9534 10780 34449 9794 31300 70733 41201 69751 21894 16791 10238
leaf_count=946 2237 6198 2255 10198 7611 9413 611 344 526 211577 1790 5330 1874 2099 2837 310 762 71996 95886 9534 10780 34449 9794 31300 70733 41201 69751 21894 16791 10238
internal_value=-0.000132963 0.00830605 -0.00834111 -0.000253166 -0.000128286 -0.006747 0.0045184 -0.0157432 0.0165327 4.13923e-05 -0.00713854 -0.0193924 0.00182557 0.0125466 -0.00737684 0.000192476 -0.0276235 0.000234756 0.00213148 -0.000357072 0.00777357 -0.000676107 0.00100656 0.00617885 -0.00228009 -0.00564381 -0.000936708 0.00195924 -0.0037082 -0.00148294
internal_weight=761265 10690 4492 750575 740377 18505 8222 10283 870 721872 14876 6276 8600 3973 4627 706996 1072 705924 167882 538042 20314 517728 252671 41094 265057 75650 189407 92627 96780 79989
internal_count=761265 10690 4492 750575 740377 18505 8222 10283 870 721872 14876 6276 8600 3973 4627 706996 1072 705924 167882 538042 20314 517728 252671 41094 265057 75650 189407 92627 96780 79989
cat_boundaries=0 3 6 8 11 13 15 17 20 23 25 27 29
cat_threshold=2938705416 2260093602 1 2855401160 2148625106 1 1074137090 273581064 2550673320 3870492707 1 16224260 4481796 1409296391 3495057446 2388167063 2554369513 418622857 605580167 1 420230952 4022315013 1 151519264 184680448 3254829138 272647256 83034261 4898
is_linear=0
shrinkage=0.06


Tree=156
num_leaves=31
num_cat=6
split_feature=9 139 1 114 127 104 104 110 131 111 110 114 127 91 109 104 124 130 104 109 110 120 121 114 110 110 137 103 104 130
split_gain=211.498 289.679 236.578 221.647 224.616 250.121 232.063 228.975 250.347 268.297 278.753 325.846 267.51 222.263 533.204 431.854 358.472 320.385 301.24 394.232 267.175 225.24 219.953 219.191 220.861 218.036 211.208 352.775 320.744 264.099
threshold=207.01000000000002 64.500000000000014 130.41250000000005 3.745678740201448 0.027229624622079215 0 1 25.250000000000004 -0.37940952255126015 48.500000000000007 23.850000000000005 -0.40666562505290288 1.7873219135996194 2 47.500000000000007 3 1.0000000180025095e-35 -1.0000000180025095e-35 4 57.500000000000007 10.050000000000002 41.500000000000007 992.25000000000011 1.7552359827386967 22.050000000000004 25.050000000000004 0.61497421480319081 0.61497421480319081 5 -0.60355339059327362
decision_type=10 2 8 2 2 1 1 2 2 2 2 2 2 1 2 1 2 2 1 2 2 2 2 2 2 2 2 2 1 2
left_child=26 2 25 4 5 -4 -6 8 9 10 11 -8 -11 14 15 -10 17 -16 19 -15 22 -20 -17 -13 -25 -2 27 -1 29 -28
right_child=1 -3 3 -5 6 -7 7 -9 13 12 -12 23 -14 18 16 20 -18 -19 21 -21 -22 -23 -24 24 -26 -27 28 -29 -30 -31
leaf_value=0.0079332320583642962 1.300237226424092 -0.71955752482827273 0.0024829690186523121 -0.68555631106697379 -0.24551194278230282 -0.81454371955922078 1.6853728409819257 -0.40061423373114191 -0.43670048214039409 -0.042447827769366314 0.46336942279496807 -1.1432553786932271 0.63728105623508569 -0.70883476348929542 1.4175659091530455 0.74324538264984652 -0.53006812108234613 -0.24114813724097417 0.14129878534161805 0.076719122964883008 2.1064206118179616 -0.50236173979482768 -2.183594902949578 -0.67249863597310244 0.09441577976319579 -1.4988561256198842 -0.077112425181613847 -0.45511561472937534 0.015946595907707035 2.5556156494035744
leaf_weight=582863 3173 2653 3016 1631 24074 3576 873 8513 4506 9181 3912 2332 18444 15279 1776 2278 10707 1447 21716 6538 7647 3232 473 1489 2530 321 1331 4900 7881 3738
leaf_count=582863 3173 2653 3016 1631 24074 3576 873 8513 4506 9181 3912 2332 18444 15279 1776 2278 10707 1447 21716 6538 7647 3232 473 1489 2530 321 1331 4900 7881 3738
internal_value=-0.000137947 -0.00206685 -0.001738 -0.0020857 -0.0018519 -0.0126862 -0.00136579 -0.000310049 0.000396639 0.00431711 -0.00354494 -0.0105301 0.00748643 -0.00161349 0.00252938 0.010418 -0.00590912 0.0116315 -0.00416752 -0.00931556 0.0171313 0.000336552 0.00111192 -0.015255 -0.00676119 0.0136996 0.000380048 0.000213045 0.00795923 0.0197126
internal_weight=762030 161317 158664 155170 153539 6592 146947 122873 114360 38761 11136 7224 27625 75599 28834 14904 13930 3223 46765 21817 10398 24948 2751 6351 4019 3494 600713 587763 12950 5069
internal_count=762030 161317 158664 155170 153539 6592 146947 122873 114360 38761 11136 7224 27625 75599 28834 14904 13930 3223 46765 21817 10398 24948 2751 6351 4019 3494 600713 587763 12950 5069
cat_boundaries=0 2 5 6 8 10 12
cat_threshold=1729329351 71866360 1647525955 272680472 1 16 67117752 186581252 2621740420 603982211 3372189628 1073748647
is_linear=0
shrinkage=0.06


Tree=157
num_leaves=31
num_cat=0
split_feature=133 132 133 120 131 132 124 132 133 119 122 47 120 107 133 120 132 132 47 110 107 110 126 109 107 124 120 110 119 122
split_gain=197.792 1667.17 1184.38 967.248 792.542 522.911 1006.91 679.612 411.48 464.909 636.252 391.568 338.416 387.132 322.834 1084.32 715.167 848.381 708.475 705.621 657.317 583.66 454.713 454.239 529.948 460.645 476.947 479.831 421.324 415.395
threshold=0.99024581825578073 -0.098749067963353782 0.98486764554468398 57.500000000000007 0.37940952255126048 0.025799818015934263 0.39500000000000007 0.042991213741508195 0.97832380634958016 89.500000000000014 0.56559894639645691 645.75312500000018 1.0000000180025095e-35 28.406700000000004 0.94066717844141279 96.500000000000014 0.32917936166072764 -0.26762560548918296 629.96458333333339 8.4500000000000011 28.654150000000005 7.7500000000000009 122.92500000000001 32.500000000000007 28.610200000000003 0.44833333333333342 1.5000000000000002 6.8500000000000005 611.50000000000011 0.49981066188954598
decision_type=2 2 2 2 2 2 2 2 2 2 2 10 2 2 2 2 2 2 10 2 2 2 2 2 2 2 2 2 2 2
left_child=2 4 8 12 -2 11 7 -7 14 10 -10 -3 -4 -14 21 16 17 -16 20 -17 23 -1 -18 24 -19 26 27 -25 -20 -21
right_child=1 5 3 -5 -6 6 -8 -9 9 -11 -12 -13 13 -15 15 19 22 18 28 29 -22 -23 -24 25 -26 -27 -28 -29 -30 -31
leaf_value=-0.43154300770588233 -1.2447294805649667 0.1209193598692201 0.47889516614657851 -0.49193922268289042 -0.14359680608827999 -0.46684715304119007 -0.48784501959698101 0.19886625154554621 0.095263138172275025 -0.30674196496811817 -1.0252641944927494 0.96348888808835553 -0.78135267810607101 1.5571441334293894 0.73878646904182799 1.1869943303279848 -0.10686544792077597 0.81053990746069815 0.19078065452449494 1.2228875517370965 -0.44946363651312876 -0.0084537318039898668 0.58914069595377405 0.38247061262676879 -0.51376769930486288 -0.70227529335657946 0.097405747285216782 -0.39277088304055213 -0.48253567684581583 -0.084434493433525964
leaf_weight=7287 7079 32894 11566 4089 4235 4589 14458 20531 10277 8777 3469 6646 195 6622 17292 3365 1807 3385 15824 5618 11275 529418 3826 780 1260 2871 8346 8784 948 5025
leaf_count=7287 7079 32894 11566 4089 4235 4589 14458 20531 10277 8777 3469 6646 195 6622 17292 3365 1807 3385 15824 5618 11275 529418 3826 780 1260 2871 8346 8784 948 5025
internal_value=-0.000194665 -0.00282906 0.000159796 0.0137018 -0.0243712 0.000251773 -0.00462366 0.00263684 -0.000308666 -0.00827651 -0.00138794 0.00513189 0.0195725 0.030176 -2.2484e-05 0.00329444 0.000480635 -0.00115734 -0.00489322 0.0186394 -0.00956188 -0.000581212 0.0210543 -0.00421442 0.0127464 -0.00800597 -0.00442856 -0.0135745 0.00532284 0.0110654
internal_weight=762538 90432 672106 22472 11314 79118 39578 25120 649634 22523 13746 39540 18383 6817 627111 90406 76398 70765 53473 14008 36701 536705 5633 25426 4645 20781 17910 9564 16772 10643
internal_count=762538 90432 672106 22472 11314 79118 39578 25120 649634 22523 13746 39540 18383 6817 627111 90406 76398 70765 53473 14008 36701 536705 5633 25426 4645 20781 17910 9564 16772 10643
is_linear=0
shrinkage=0.06


Tree=158
num_leaves=31
num_cat=7
split_feature=7 140 47 73 127 99 104 90 133 58 104 98 22 140 122 139 104 98 111 59 104 127 132 132 104 132 130 104 130 104
split_gain=194.272 451.028 279.325 313.048 312.239 286.015 295.977 224.334 230.047 224.123 198.965 248.306 198.851 223.098 198.036 194.166 523.927 309.04 243.297 236.573 239.076 294.665 426.693 225.906 221.498 208.562 481.798 205.884 197.219 214.172
threshold=371.42000000000007 27.000000000000004 343.48750000000001 277.50000000000006 1.2623093044020852 0.92519182738459482 0 2.5000000000000004 0.96407344085605606 10047.440000000002 1 -0.14994792132438914 150.41666666666671 2.5000000000000004 0.59950748636203233 46.500000000000007 2 -0.76624641395159687 72.500000000000014 389.39500000000004 3 58.877899502100064 -0.60467950862903008 -0.70822003333690042 4 -0.68351797142826876 0.37940952255126054 5 -0.5 6
decision_type=2 2 8 2 2 2 1 2 2 2 1 2 8 2 2 2 1 2 2 10 1 2 2 2 1 2 2 1 2 1
left_child=15 9 3 7 -4 6 -6 -3 -9 12 -7 -12 -2 -14 -10 -1 19 28 -19 27 21 22 25 -23 -20 26 -21 -17 -18 -30
right_child=1 2 4 -5 5 10 -8 8 14 -11 11 -13 13 -15 -16 16 17 18 24 20 -22 23 -24 -25 -26 -27 -28 -29 29 -31
leaf_value=-0.00043794480024743619 0.00094662515769357465 -0.50980784251068201 -0.50242150132787511 -0.69504910709019041 0.3263320651509875 -0.28468434314078422 -0.31283890215755361 0.20123186327499779 -0.48701901291589023 -1.7298593821068831 2.3479789725151856 0.1714882375198637 1.546395611011353 0.2099981319808944 1.8213573727308037 -0.67230854967116271 -0.16419883989896533 0.11305386353093425 2.6122442019599101 0.57150162526660064 -0.21017837436818482 -0.046157432308435914 -0.123561643825916 -0.63499259670965535 0.41967891601622709 0.80724376764988148 -0.29878717093390833 -0.12780688101776491 0.18210629411931109 4.5367412486473029
leaf_weight=527050 68443 8689 10723 9526 9992 2607 22574 8846 4659 954 3002 4842 4159 12539 502 1983 446 20052 2088 1541 13270 1840 3053 582 7696 4240 1379 3471 511 1217
leaf_count=527050 68443 8689 10723 9526 9992 2607 22574 8846 4659 954 3002 4842 4159 12539 502 1983 446 20052 2088 1541 13270 1840 3053 582 7696 4240 1379 3471 511 1217
internal_value=-0.000160215 -0.00193435 -0.00500867 -0.00942557 -0.00236021 -7.67121e-05 -0.00284828 -0.00559369 -0.000895203 0.00113524 0.00855913 0.0133215 0.00145944 0.00732978 -0.0109609 0.000356797 0.00349471 0.00889291 0.00730368 -0.00201785 0.000372887 0.00627708 0.0107441 -0.0125299 0.0150598 0.0187516 0.00640876 -0.0133749 0.030731 0.0399075
internal_weight=762476 172057 85962 32222 53740 43017 32566 22696 14007 86095 10451 7844 85141 16698 5161 590419 63369 32010 29836 31359 25905 12635 10213 2422 9784 7160 2920 5454 2174 1728
internal_count=762476 172057 85962 32222 53740 43017 32566 22696 14007 86095 10451 7844 85141 16698 5161 590419 63369 32010 29836 31359 25905 12635 10213 2422 9784 7160 2920 5454 2174 1728
cat_boundaries=0 2 4 7 9 11 13 15
cat_threshold=8752 1268781152 1644167779 459179100 817922242 374236632 1 805306434 306185496 67635228 2300581922 130 373294088 3221243904 159416324
is_linear=0
shrinkage=0.06


Tree=159
num_leaves=31
num_cat=12
split_feature=8 98 0 104 140 115 120 104 131 104 104 133 104 133 132 133 104 120 104 119 104 104 133 104 132 104 132 130 112 104
split_gain=210.786 293.002 224.519 393.502 224.781 201.695 378.488 490.096 319.388 341.95 318.474 202.579 566.212 224.806 1420.27 1138.56 731.454 674.783 632.585 449.643 385.737 344.602 342.409 722.569 387.582 440.46 278.735 603.086 261.713 248.068
threshold=106.01625000000001 -0.98024766238342442 42.756036758422859 0 2.5000000000000004 1.8859116222410479 30.500000000000004 1 0.78656609248549303 2 3 0.99992139718210815 4 0.99024581825578073 -0.098749067963353782 0.98486764554468398 5 55.500000000000007 6 54.500000000000007 7 8 0.97832380634958016 9 -0.18386704952168662 10 0.16269055358644466 -1.0000000180025095e-35 0.23500000000000001 11
decision_type=10 2 2 1 2 2 2 1 2 1 1 2 1 2 2 2 1 2 1 2 1 1 2 1 2 1 2 2 2 1
left_child=2 -2 3 -1 -5 11 7 -7 10 -10 -8 13 -13 15 19 22 -16 18 26 20 -15 -19 28 -24 25 -25 -17 -28 29 -3
right_child=1 5 -4 4 -6 6 8 -9 9 -11 -12 12 -14 14 16 17 -18 21 -20 -21 -22 -23 23 24 -26 -27 27 -29 -30 -31
leaf_value=-0.35116976854038456 -0.61071502443907233 0.18354399450998726 0.035554753952817604 -0.13978949529320267 0.011848885865154698 0.31159872949614054 -0.31567514315927753 -1.2297120671771693 0.20001084395561178 -1.1781436251608597 0.36533412977986701 2.0158595450634298 -0.51162356587510538 0.70944491144979138 0.29046168246968024 2.3485417269355109 -0.26295403602264483 0.52216378723417678 0.22472653975445495 -1.5251079002044554 -1.02377918737489 -0.85814131421139761 0.18548566289310514 1.8404080451386138 -0.45297117607607845 -1.0399332291616949 -0.27016221191172618 2.1734289132381921 -0.013502110438461726 -1.0324562811027684
leaf_weight=4947 2108 904 269050 4768 32922 1207 2427 3938 781 1108 4321 1779 1647 982 24789 5893 26296 1265 7371 3804 3052 1978 5323 1314 7571 1998 1096 1271 335080 1708
leaf_count=4947 2108 904 269050 4768 32922 1207 2427 3938 781 1108 4321 1779 1647 982 24789 5893 26296 1265 7371 3804 3052 1978 5323 1314 7571 1998 1096 1271 335080 1708
internal_value=-0.000130904 -0.000960107 0.00106895 -0.00297622 -0.000884857 -0.000855283 -0.00800116 -0.0208822 -0.000326464 -0.022127 0.00577863 -0.000628927 0.0139014 -0.000744274 -0.00418811 -0.000199907 -0.000539091 0.0141584 0.0193257 -0.0279679 -0.0140074 -0.010746 -0.000965699 -0.00948479 -0.0183349 -0.00123151 0.0307145 0.013353 -0.000556837 -0.0194719
internal_weight=762698 451011 311687 42637 37690 448903 13782 5145 8637 1889 6748 435121 3426 431695 58923 372772 51085 18874 15631 7838 4034 3243 353898 16206 10883 3312 8260 2367 337692 2612
internal_count=762698 451011 311687 42637 37690 448903 13782 5145 8637 1889 6748 435121 3426 431695 58923 372772 51085 18874 15631 7838 4034 3243 353898 16206 10883 3312 8260 2367 337692 2612
cat_boundaries=0 2 4 6 8 11 13 15 18 20 22 24 26
cat_threshold=545259520 192 1644446211 151561544 4022649027 2572059672 1677902402 3954107412 2348758412 538188771 1 2551742852 1064868323 2315229068 1714559619 134250529 638992704 1 3949056578 68095512 1713625298 828952 2441871620 67246498 3945977416 3490636528
is_linear=0
shrinkage=0.06


Tree=160
num_leaves=31
num_cat=8
split_feature=3 111 86 140 131 130 104 139 133 109 109 104 136 140 24 104 131 136 129 109 133 133 0 104 104 85 104 111 91 104
split_gain=182.684 275.099 200.348 300.121 289.718 274.925 338.499 391.254 256.759 230.028 211.211 596.968 668.408 623.407 807.409 459.395 455.41 438.949 425.996 424.886 397.957 379.813 353.415 301.629 291.102 287.991 269.95 331.89 287.699 471.374
threshold=164.58333333333334 92.500000000000014 552.50000000000011 4.5000000000000009 0.1294095225512602 -0.37940952255126059 0 41.500000000000007 0.94066717844141279 77.500000000000014 72.500000000000014 1 1.0000000180025095e-35 4.5000000000000009 8.4090277777777818 2 0.91597561503675351 1.0000000180025095e-35 22.500000000000004 32.500000000000007 0.99748108949426018 0.98770287048522643 412.16666666666669 3 4 14.250000000000002 5 84.500000000000014 6 7
decision_type=10 2 8 2 2 2 1 2 2 2 2 1 2 2 8 1 2 2 2 2 2 2 2 1 1 8 1 2 1 1
left_child=2 -2 10 4 -4 -5 8 -8 -7 -6 11 12 -1 14 -13 -12 18 -17 23 -18 24 -19 25 -15 -21 -16 -20 -28 29 -29
right_child=1 -3 3 5 9 6 7 -9 -10 -11 15 13 -14 16 22 17 19 21 26 20 -22 -23 -24 -25 -26 -27 27 28 -30 -31
leaf_value=-0.15068989054086329 0.045598847999930144 0.57567394323991039 -0.094544929687135515 -0.096014950697904305 0.20559258381648518 -0.13648300661798807 0.086897841501900219 1.1970602842119249 0.20343057740702816 0.43564431591175035 0.12366963424065516 -0.57746727363052208 -0.80452830401373654 0.093430704890751032 -0.27291627278412189 -0.024285668522885259 0.71556884262674658 0.11363485551668247 0.28253436091074918 0.4621417395142407 -1.8811635705821044 1.8948714815333323 2.7914258173673181 -0.96967798784572601 -0.11762511018424447 0.11917664280116838 -0.16295188709313832 -0.27035073610894456 -0.10671713805388862 0.59125478405293008
leaf_weight=36142 33972 3655 5092 34257 16652 23132 32584 9540 6352 3081 42263 13892 9637 1192 13063 277341 17852 11436 28570 7789 961 2353 1682 2433 9857 8801 58196 10472 21802 18904
leaf_count=36142 33972 3655 5092 34257 16652 23132 32584 9540 6352 3081 42263 13892 9637 1192 13063 277341 17852 11436 28570 7789 961 2353 1682 2433 9857 8801 58196 10472 21802 18904
internal_value=-0.000136128 0.00394015 -0.000347594 0.00177946 0.00771691 0.000387093 0.00250192 0.0059523 -0.00242889 0.0110094 -0.000815083 -0.00209251 -0.00831404 -0.000770198 -0.0078079 0.000185906 0.000709772 -0.000662772 -0.000830261 0.00668952 0.000345013 0.00978535 -0.00103962 -0.0211307 0.00239361 -0.00307889 -0.00029664 -0.00165324 0.00187108 0.0057454
internal_weight=762955 37627 725328 130690 24825 105865 71608 42124 29484 19733 594638 261245 45779 215466 37438 333393 178028 291130 141569 36459 18607 13789 23546 3625 17646 21864 137944 109374 51178 29376
internal_count=762955 37627 725328 130690 24825 105865 71608 42124 29484 19733 594638 261245 45779 215466 37438 333393 178028 291130 141569 36459 18607 13789 23546 3625 17646 21864 137944 109374 51178 29376
cat_boundaries=0 2 4 6 8 11 13 14 16
cat_threshold=1744883946 377414744 576913536 9088 2162816 74624 1207978306 281592921 1100223761 193151079 1 134742064 3441430528 26 16790537 43466820
is_linear=0
shrinkage=0.06


Tree=161
num_leaves=31
num_cat=0
split_feature=6 132 137 110 122 120 132 132 130 109 115 120 110 110 127 122 115 127 111 119 133 59 134 127 108 130 111 119 28 114
split_gain=190.992 302.736 563.74 786.66 584.648 478.586 702.105 478.523 765.779 637.49 796.353 708.439 421.54 403.151 400.702 371.32 385.675 570.768 607.809 393.92 329.744 564.737 471.225 671.432 365.552 354.903 643.776 614.376 447.866 456.22
threshold=301.06500000000005 -0.79836866623954783 0.01126364564421809 20.950000000000003 0.56252163874581751 31.500000000000004 -0.87342076657365908 -0.73208386245364632 0.78656609248549325 32.500000000000007 -1.710556809973536 5.5000000000000009 15.450000000000001 23.350000000000005 1.6144428561815538 0.2660205089007065 -2.4434798656258212 8.2254398743019639 55.500000000000007 399.50000000000006 0.74298546529340237 1263.9950000000006 1.0000000180025095e-35 66.286753804372026 77.423750000000013 0.37940952255126054 80.500000000000014 135.50000000000003 145.38203125000004 1.5034641879826174
decision_type=10 2 2 2 2 2 2 2 2 2 2 2 2 2 2 2 2 2 2 2 2 10 2 2 2 2 2 2 10 2
left_child=-1 2 12 14 15 13 -7 8 9 -3 11 -11 -2 -6 -4 16 -5 19 -19 -18 22 25 23 24 -9 28 27 -27 -22 -30
right_child=1 7 3 4 5 6 -8 20 -10 10 -12 -13 -14 -15 -16 -17 17 18 -20 -21 21 -23 -24 -25 -26 26 -28 -29 29 -31
leaf_value=0.019005387191387581 3.9960135006867179 4.9912500089349665 -1.0976106924347597 -1.2743500336922389 1.118388683220229 3.4071096209183866 -1.7305132782738768 -0.80002103383173029 2.3264932354301733 0.88730711826640341 -0.79040410772695679 -3.3161785472357752 -0.70385790548811966 -0.31316603719548708 -0.36947600821303639 -0.34976257672349276 0.45733348011287317 1.3652773070707922 -0.76565434328054116 -0.36013571674323241 -0.18184462732610085 0.94781519037316964 0.14300649064704316 1.0635860283216343 0.92670782060122514 -0.67113609373984562 -0.040126097453448605 -0.015908610960596547 0.18674298994346714 -0.04347028202873545
leaf_weight=313828 688 1191 3611 866 5557 2935 378 14354 5889 8630 8273 512 9500 5165 11509 13710 2197 4343 715 4412 13281 6693 10031 1698 956 12895 99831 9037 104469 85161
leaf_count=313828 688 1191 3611 866 5557 2935 378 14354 5889 8630 8273 512 9500 5165 11509 13710 2197 4343 715 4412 13281 6693 10031 1698 956 12895 99831 9037 104469 85161
internal_value=-9.90928e-05 -0.000893536 -0.00466007 -0.00227441 0.00210631 0.0119906 0.0319191 -0.000248366 0.00786496 0.00189606 -0.00100942 0.0111955 -0.0176308 0.00583046 -0.0139435 -0.00318016 0.00428435 0.0071529 0.0223206 -0.00445688 -0.000802886 -0.000283009 -0.00717382 -0.0132565 -0.0172268 -0.000638669 -0.00319947 -0.0125072 0.000898025 0.00164403
internal_weight=762315 448487 65586 55398 40278 14035 3313 382901 24495 18606 17415 9142 10188 10722 15120 26243 12533 11667 5058 6609 358406 331367 27039 17008 15310 324674 121763 21932 202911 189630
internal_count=762315 448487 65586 55398 40278 14035 3313 382901 24495 18606 17415 9142 10188 10722 15120 26243 12533 11667 5058 6609 358406 331367 27039 17008 15310 324674 121763 21932 202911 189630
is_linear=0
shrinkage=0.06


Tree=162
num_leaves=31
num_cat=6
split_feature=10 111 104 133 132 132 130 114 104 104 111 132 130 133 98 133 104 104 133 122 132 129 129 111 35 104 21 127 130 53
split_gain=206.223 234.248 328.681 237.981 226.444 521.613 592.579 308.826 276.087 257.856 277.892 318.262 252.34 248.278 379.052 292.632 295.066 290.924 255.672 237.008 242.345 217.861 240.764 212.757 203.911 283.856 247.826 338.362 392.22 329.415
threshold=210.46250000000003 97.500000000000014 0 0.98899263613956456 -0.76624641395159687 -0.73208386245364632 0.12940952255126045 1.5034641879826174 1 2 48.500000000000007 -0.63171705389255084 0.60355339059327384 0.99024581825578073 -0.13291928626387098 0.90070004940655357 3 4 0.96177147954086928 0.51842244232170442 -0.74369257357766683 109.50000000000001 184.50000000000003 88.500000000000014 286.82500000000005 5 123.44000000000001 21.72595923397094 0.37940952255126054 15.52674978916764
decision_type=10 2 1 2 2 2 2 2 1 1 2 2 2 2 2 2 1 1 2 2 2 2 2 2 10 1 10 2 2 10
left_child=24 4 -3 -4 12 6 19 9 -8 -7 11 -11 21 15 -15 16 -9 -17 -19 20 -6 -2 -23 -12 25 -1 27 29 -29 -27
right_child=1 2 3 -5 5 7 8 13 -10 10 23 -13 -14 14 -16 17 -18 18 -20 -21 -22 22 -24 -25 -26 26 -28 28 -30 -31
leaf_value=-0.12739235381116601 0.14220618224483728 -1.2730671930745823 -0.43442265922405621 0.82754775252824142 -0.33496487075544279 -0.15573785666838433 4.0605970024088265 0.02679266601572948 1.0165021218139383 -1.1537494047267842 0.46819405601918956 -0.018272488217544378 0.23150850994804101 -1.3325147795166719 -0.19699470373564137 0.29902456901326019 -0.52010097491765805 0.15225540040593713 -0.42211413465670033 -1.8930082427454964 1.2196791970161915 -1.2978654262073681 -0.5874701118318828 -0.033332388009272906 0.041718149916528655 0.032048864439015716 -0.048723463351621775 0.0027528864987098698 -0.368144390055065 0.30654834299636874
leaf_weight=35935 3483 2755 2119 1510 2167 24189 1993 8205 1710 1195 25635 3049 5966 2605 5344 9594 13089 6088 6889 382 1251 1670 11460 13633 332376 97885 121051 9516 4888 5261
leaf_count=35935 3483 2755 2119 1510 2167 24189 1993 8205 1710 1195 25635 3049 5966 2605 5344 9594 13089 6088 6889 382 1251 1670 11460 13633 332376 97885 121051 9516 4888 5261
internal_value=-0.000143218 -0.00208909 -0.0133438 -0.00143407 -0.00160871 -0.000624474 0.0147201 -0.0015879 0.0317981 0.00108032 0.00384073 -0.010742 -0.00714526 -0.00507421 -0.0148302 -0.00330598 -0.00835126 0.00145401 -0.00440253 -0.00192581 0.00308862 -0.0109462 -0.0144848 0.00541801 0.000356888 -0.000853218 -0.000104354 0.00185792 -0.00675599 0.00306087
internal_weight=762893 155981 6384 3629 149597 127018 7503 119515 3703 67701 43512 4244 22579 51814 7949 43865 21294 22571 12977 3800 3418 16613 13130 39268 606912 274536 238601 117550 14404 103146
internal_count=762893 155981 6384 3629 149597 127018 7503 119515 3703 67701 43512 4244 22579 51814 7949 43865 21294 22571 12977 3800 3418 16613 13130 39268 606912 274536 238601 117550 14404 103146
cat_boundaries=0 3 5 8 10 13 15
cat_threshold=84545337 3417393184 1 205326261 7075 1660281569 307610143 1 637541403 3417915468 2566328192 2685280963 1 687868192 6371
is_linear=0
shrinkage=0.06


Tree=163
num_leaves=31
num_cat=0
split_feature=9 139 1 110 111 114 134 58 132 112 110 107 110 132 132 130 133 127 126 111 132 127 111 132 25 114 123 123 114 112
split_gain=186.082 225.452 202.229 236.444 192.562 238.86 226.815 282.314 282.987 328.824 303.283 241.103 327.817 202.407 506.695 479.034 385.928 423.587 254.719 238.157 235.468 223.541 200.577 199.408 281.929 251.179 232.498 278.848 329.286 266.627
threshold=209.75875000000002 64.500000000000014 130.41250000000005 25.050000000000004 97.500000000000014 1.1435674044193884 1.0000000180025095e-35 10047.440000000002 -0.18386704952168662 4.1050000000000013 20.250000000000004 28.657100000000003 21.150000000000002 -0.76624641395159687 -0.73208386245364632 0.12940952255126045 0.74298546529340237 66.286753804372026 116.52500000000002 35.500000000000007 -0.65800691351482854 58.877899502100064 77.500000000000014 0.32917936166072764 0.97214740111337428 -2.9998143189632831 0.10739620111763275 0.25763009352701083 3.745678740201448 1.4850000000000001
decision_type=10 2 8 2 2 2 2 2 2 2 2 2 2 2 2 2 2 2 2 2 2 2 2 2 10 2 2 2 2 2
left_child=-1 2 3 -2 6 -6 13 8 9 11 -10 12 -8 19 15 18 17 22 -15 -4 -18 -20 -16 24 25 -22 -27 28 -28 -29
right_child=1 -3 4 -5 5 -7 7 -9 10 -11 -12 -13 -14 14 16 -17 20 -19 21 -21 23 -23 -24 -25 -26 26 27 29 -30 -31
leaf_value=0.0077999695228576369 1.2525702638156178 -0.66249703240917268 -2.2028430912790404 -1.4842469484317917 -0.66315423750327684 0.88584468785991588 -0.23795279015408083 -1.5101663573741979 -0.039588184151486412 -1.2314795763603585 -0.70651877750571601 0.95953421645882087 0.58620575430213018 -1.3138111627602722 -1.4092791520871168 2.276927067628387 1.1748123983867822 0.93021146954244494 1.6438433408557875 -0.36979068510825996 1.712198599430913 -0.19472191568076141 -0.38391121698195829 0.18365377669317523 -0.41204697157137699 -0.52237473042931037 0.57577197041109029 0.40294397445588997 -0.79132316919681089 -0.27498938495245112
leaf_weight=607380 3053 2560 1117 295 5041 1095 9257 575 12367 558 1333 11580 4994 903 4430 3685 2045 1002 897 13466 582 1833 1978 9613 7738 2499 6318 9124 462 34601
leaf_count=607380 3053 2560 1117 295 5041 1095 9257 575 12367 558 1333 11580 4994 903 4430 3685 2045 1002 897 13466 582 1833 1978 9613 7738 2499 6318 9124 462 34601
internal_value=-0.000122852 -0.00197843 -0.00168182 0.0128994 -0.00200934 -0.0124165 -0.00156256 0.00222796 0.00282714 0.00645926 -0.00416904 0.00744426 0.00221864 -0.00306939 -0.00198105 0.0131329 -0.00335701 -0.0164026 -0.00232801 -0.00961465 -0.00203225 0.00681069 -0.0220752 -0.00261101 -0.00387053 -0.00232444 -0.00275521 -0.00187106 0.00944993 -0.00362668
internal_weight=762381 155001 152441 3348 149093 6136 142957 40664 40089 26389 13700 25831 14251 102293 87710 7318 80392 7410 3633 14583 72982 2730 6408 70937 61324 53586 53004 50505 6780 43725
internal_count=762381 155001 152441 3348 149093 6136 142957 40664 40089 26389 13700 25831 14251 102293 87710 7318 80392 7410 3633 14583 72982 2730 6408 70937 61324 53586 53004 50505 6780 43725
is_linear=0
shrinkage=0.06


Tree=164
num_leaves=31
num_cat=7
split_feature=28 104 110 132 104 104 111 119 115 132 104 115 104 110 123 31 115 137 113 113 125 127 104 133 99 125 104 0 132 123
split_gain=195.919 362.596 275.285 284.81 375.07 275.041 360.417 270.363 221.238 198.898 193.396 202.78 255.124 245.862 193.159 207.002 292.333 192.089 178.589 191.729 177.101 197.027 170.84 167.209 258.413 299.874 200.563 228.988 212.546 255.244
threshold=344.82356878386605 0 25.050000000000004 -0.26762560548918296 1 2 50.500000000000007 164.50000000000003 1.8859116222410479 -0.3169700421330815 3 -0.25209156866185017 4 23.350000000000005 0.67453584014352697 73.507359611451946 0.39999803875903467 0.0080707547752903383 45.500000000000007 313.50000000000006 0.33668333333333339 41.374653335588008 5 0.99981043035926087 0.99748108949426018 0.31341666666666673 6 34.001250000000006 0.34537287020513602 0.92198117898971532
decision_type=8 1 2 2 1 1 2 2 2 2 1 2 1 2 2 10 2 2 2 2 2 2 1 2 2 2 1 2 2 2
left_child=10 2 3 5 -5 9 18 20 -3 -2 11 23 -13 14 17 16 -16 -14 -7 -20 21 -8 -4 24 26 -26 27 -1 -28 -30
right_child=1 8 22 4 -6 6 7 -9 -10 -11 -12 12 13 -15 15 -17 -18 -19 19 -21 -22 -23 -24 -25 25 -27 28 -29 29 -31
leaf_value=-0.20307592412393205 -0.25157365245558766 -0.17020240875088488 0.10552818478364144 -0.80076286734754831 0.093888367552473248 -1.4851654206701892 0.071220832532864042 2.8877083879335528 -0.93998573834039056 1.9097058634004462 0.03268265132120618 -0.076192467239293571 0.067096793000594054 -0.063950503476466733 0.14549002032734676 0.21771107465955125 0.722026396857952 -0.38881649242131217 0.19751105893870927 -0.67820012154405951 1.4615358604488278 1.6511301777749565 -0.69151907614641006 1.4582301959711759 -0.13846966419310547 -1.0369387932193432 0.033344416363579085 -0.059204247470873453 -0.050155225140632496 -0.62318914257943159
leaf_weight=4315 11412 83982 2191 6323 14539 288 9763 3757 2503 1379 327768 27873 8529 8935 3248 16946 3490 1108 4108 1807 5686 3061 4247 671 8084 2246 93886 76902 20706 3004
leaf_count=4315 11412 83982 2191 6323 14539 288 9763 3757 2503 1379 327768 27873 8529 8935 3248 16946 3490 1108 4108 1807 5686 3061 4247 671 8084 2246 93886 76902 20706 3004
internal_value=-0.000150323 -0.00205409 0.00120486 0.00242901 -0.00328428 0.00531773 0.00859942 0.0121654 -0.00463721 -0.00199188 0.000335389 -0.000822778 0.00197034 0.00490879 0.00727988 0.0101938 0.0190889 0.000118282 -0.00418762 -0.00193712 0.00918589 0.00527719 -0.0106041 -0.0017564 -0.00185241 -0.0111044 -0.00137163 -0.0036645 0.000212232 -0.00486357
internal_weight=762757 155046 68561 62123 20862 41261 28470 22267 86485 12791 607711 279943 70129 42256 33321 23684 6738 9637 6203 5915 18510 12824 6438 209814 209143 10330 198813 81217 117596 23710
internal_count=762757 155046 68561 62123 20862 41261 28470 22267 86485 12791 607711 279943 70129 42256 33321 23684 6738 9637 6203 5915 18510 12824 6438 209814 209143 10330 198813 81217 117596 23710
cat_boundaries=0 2 4 6 8 10 12 14
cat_threshold=1158416531 1797272936 1 1260388352 17041538 536871232 1742801016 845207160 1621164064 572539392 1074004098 536884552 1694500864 272634984
is_linear=0
shrinkage=0.06


Tree=165
num_leaves=31
num_cat=0
split_feature=7 140 47 57 90 47 133 19 23 140 58 139 132 19 35 111 140 21 130 127 139 19 122 126 35 130 127 112 137 53
split_gain=178.402 404.819 231.435 245.981 257.014 239.518 216.719 181.526 188.634 287.955 164.94 164.567 280.579 352.446 308.673 231.326 219.443 241.455 238.765 198.637 190.084 338.821 194.359 205.322 180.759 190.219 210.696 180.54 375.846 292.055
threshold=377.12500000000006 33.000000000000007 322.32708333333341 264.72740270718157 2.5000000000000004 1289.166666666667 0.96407344085605606 358.9666666666667 22.799999999999994 2.5000000000000004 10047.440000000002 46.500000000000007 -0.73208386245364632 85.259722222222237 303.36500000000007 35.500000000000007 10.500000000000002 237.06500000000003 0.25881904510252091 47.090948817093043 45.500000000000007 85.259722222222237 0.13578691908267868 2563.6000000000004 185.21500000000003 -0.37940952255126059 84.974054599140928 1.8150000000000002 0.44064828010201723 0.86862333629800148
decision_type=2 2 8 8 2 10 2 8 8 2 2 2 2 10 10 2 2 8 2 2 2 10 2 2 10 2 2 2 2 8
left_child=11 7 3 4 -3 10 -6 8 -2 -10 -4 15 16 19 24 20 -13 -18 -19 -14 22 -22 23 -1 -15 26 -26 28 -17 -29
right_child=1 2 5 -5 6 -7 -8 -9 9 -11 -12 12 13 14 -16 27 17 18 -20 -21 21 -23 -24 -25 25 -27 -28 29 -30 -31
leaf_value=0.53968415580584861 -0.14433209002474653 -0.57282471390060152 -0.11264245425438132 -0.66255471134254873 0.3869344704696448 -1.1093143444157865 -0.35794898713270951 0.94963738844058299 0.59778748628346301 -0.00067136457161609542 2.0465490084720419 -0.038940086335087186 0.51668808785608433 0.33055462068312608 0.10272664196641131 -0.053782201933579757 0.13828828893093445 0.55109738821987286 4.4207004709658211 -0.21663014451591892 0.29603444512602806 -2.9147447419505408 -0.47420634270300976 -0.12644595087776536 0.077622029102403761 -0.44422861820588305 -0.81122312666234109 0.095684811768045677 0.35239313587391674 0.00095802284036238916
leaf_weight=1334 34065 5224 43268 9498 5737 1645 3872 5287 11356 39247 773 2412 2553 1049 42409 162817 3184 1446 1749 425 275 691 2376 6744 3694 6581 234 79037 12549 270219
leaf_count=1334 34065 5224 43268 9498 5737 1645 3872 5287 11356 39247 773 2412 2553 1049 42409 162817 3184 1446 1749 425 275 691 2376 6744 3694 6581 234 79037 12549 270219
internal_value=-0.000104916 -0.00188582 -0.00530692 -0.0100337 -0.00520561 -0.00278941 0.000618106 0.000777047 0.000103462 0.00242708 -0.0019495 0.000368507 0.00320185 0.00166157 0.00055255 2.10431e-05 0.0131779 0.0190063 0.0306571 0.0217523 -0.00842658 -0.033878 -0.00607174 -0.00163387 -0.00813911 -0.01051 -6.10842e-05 0.000204947 -0.00136582 0.000993652
internal_weight=761750 159972 70017 24331 14833 45686 9609 89955 84668 50603 44041 601778 65736 56945 53967 536042 8791 6379 3195 2978 11420 966 10454 8078 11558 10509 3928 524622 175366 349256
internal_count=761750 159972 70017 24331 14833 45686 9609 89955 84668 50603 44041 601778 65736 56945 53967 536042 8791 6379 3195 2978 11420 966 10454 8078 11558 10509 3928 524622 175366 349256
is_linear=0
shrinkage=0.06


Tree=166
num_leaves=31
num_cat=1
split_feature=83 113 69 35 126 137 123 91 136 113 120 120 119 35 114 119 103 140 114 35 137 99 125 56 131 59 130 133 132 127
split_gain=171.103 353.629 305.17 258.08 250.736 441.587 351.506 505.418 405.019 399.442 362.823 449.713 543.196 494.09 409.41 350.29 348.526 332.138 322.266 317.182 385.672 315.733 386.381 367.391 413.302 328.077 327.285 298.257 312.26 274.283
threshold=2.7550000000000003 271.50000000000006 10.850000000000003 354.01500000000004 158.07500000000002 0.85826565528689469 0.74547739372635002 0 1.0000000180025095e-35 322.50000000000006 1.0000000180025095e-35 28.500000000000004 93.500000000000014 226.60500000000005 1.7098991885463912 112.50000000000001 0.61497421480319081 4.5000000000000009 2.5956164594599929 145.32500000000002 0.083227709543603312 0.99748108949426018 0.16158333333333333 0.004097456401327527 0.91597561503675351 587.25000000000011 0.60355339059327384 0.81800285027139286 -0.26762560548918296 5.7305436243810632
decision_type=10 2 2 10 2 2 2 1 2 2 2 2 2 10 2 2 2 2 2 10 2 2 2 10 2 10 2 2 2 2
left_child=4 2 -2 -3 5 16 8 10 15 27 14 13 -13 -12 -8 17 19 -6 -14 20 -1 23 -23 24 -21 29 -24 -9 -29 -25
right_child=1 3 -4 -5 6 -7 7 9 -10 -11 11 12 18 -15 -16 -17 -18 -19 -20 21 -22 22 26 25 -26 -27 -28 28 -30 -31
leaf_value=-0.099404626093108558 0.47240429011761803 -0.03429034886917421 -0.0078297794127163908 0.21488990455933205 0.10709635182335858 1.7580415812051609 -0.19788594933455045 0.095706502144585662 0.22343962966702122 0.48072769683378025 0.068925882762244303 0.37764166386328524 -0.52142037766317872 0.77822294175508799 0.14040878991621034 0.0051248495360438542 -0.5516743063283579 -0.16032390223880763 0.70242732862165669 -0.010976308492033694 -0.60566624443061723 0.091244259032358166 -0.96483452166827632 -0.058235677083359007 0.27643106549097979 -0.021978967372405692 0.15025189567901406 -0.03431765506570713 -0.65210092379393858 -0.43153106581856887
leaf_weight=16551 23796 85028 14054 31387 6498 3428 4405 18951 9551 4930 4100 4527 2474 7049 9402 178659 8546 42000 185 124609 3377 7060 8282 15000 30055 55019 2054 10847 7256 23313
leaf_count=16551 23796 85028 14054 31387 6498 3428 4405 18951 9551 4930 4100 4527 2474 7049 9402 178659 8546 42000 185 124609 3377 7060 8282 15000 30055 55019 2054 10847 7256 23313
internal_value=-0.000111045 0.0016736 0.00671158 3.55621e-05 -0.000563762 -0.00180952 0.000627729 0.00423328 -0.000501375 -0.000102869 0.00989394 0.0154287 0.00372339 0.0229722 0.0025507 -0.00101031 -0.0020593 -0.00553249 -0.017797 -0.00170166 -0.00900196 -0.00115346 -0.00896706 -0.00060533 0.00118863 -0.00357816 -0.0163568 -0.00223775 -0.00774525 -0.007841
internal_weight=762393 154265 37850 116415 608128 297294 310834 74126 236708 41984 32142 18335 7186 11149 13807 227157 293866 48498 2659 285320 19928 265392 17396 247996 154664 93332 10336 37054 18103 38313
internal_count=762393 154265 37850 116415 608128 297294 310834 74126 236708 41984 32142 18335 7186 11149 13807 227157 293866 48498 2659 285320 19928 265392 17396 247996 154664 93332 10336 37054 18103 38313
cat_boundaries=0 1
cat_threshold=5
is_linear=0
shrinkage=0.06


Tree=167
num_leaves=31
num_cat=7
split_feature=21 104 19 133 9 1 16 104 19 139 139 35 110 133 58 140 1 140 104 20 104 139 90 139 104 104 104 84 111 137
split_gain=181.739 197.435 187.292 199.892 183.437 209.521 178.561 215.414 191.599 244.499 445.873 237.882 228.292 207.395 293.596 199.089 303.527 205.138 201.782 190.652 182.689 182.632 248.046 222.294 287.069 179.458 176.627 205.433 313.128 308.731
threshold=752.87500000000011 0 406.74236111111117 0.96407344085605606 209.75875000000002 135.51250000000002 57.403750000000009 1 99.865972222222226 52.500000000000007 51.500000000000007 290.67500000000007 14.850000000000003 0.73136292505298039 794.53000000000009 4.5000000000000009 58.275000000000006 51.000000000000007 2 14.627107322945944 3 49.500000000000007 1.5000000000000002 42.500000000000007 4 5 6 3.1450000000000009 74.500000000000014 9.6585075473250167e-08
decision_type=10 1 10 2 10 8 8 1 10 2 2 10 2 2 2 2 10 2 1 10 1 2 2 2 1 1 1 10 2 2
left_child=2 -2 4 -4 6 -6 7 -1 9 10 15 20 13 -11 -15 16 -8 -17 -18 -9 -10 23 -23 -22 -25 -24 27 -13 29 -29
right_child=1 -3 3 -5 5 -7 8 19 11 12 -12 26 -14 14 -16 17 18 -19 -20 -21 21 22 25 24 -26 -27 -28 28 -30 -31
leaf_value=-0.081068874267546678 -1.0354344351300733 -0.11988095768713393 2.0925465836862895 -0.22220683309499903 0.85976129090709175 -0.099056195154358873 -0.12370147662831438 0.083623046041447102 -0.39671199578104122 -1.1039134476294676 -0.61516096586691904 0.096315509892676232 0.48584198633111186 -0.20914781384157805 1.6841777130971214 -0.0062598016338685624 0.17152549449468524 0.11195530880734579 0.047609897359689124 -0.035142238046642828 -0.05337127675069183 0.19453454245618246 -0.82081163449537031 -0.27265681142136627 0.90818887400331727 -0.33030120740740854 -0.021331583755080742 -0.40109585775423495 0.39499692554181109 0.27387495029288489
leaf_weight=41715 3169 7350 2271 1154 3300 143734 2472 12405 4278 300 717 141903 3175 1145 624 84436 15133 36325 10698 27373 67439 1437 1518 1226 2013 2044 129066 8128 4571 1975
leaf_count=41715 3169 7350 2271 1154 3300 143734 2472 12405 4278 300 717 141903 3175 1145 624 84436 15133 36325 10698 27373 67439 1437 1518 1226 2013 2044 129066 8128 4571 1975
internal_value=-0.000113223 -0.00794487 -3.74713e-06 0.013993 -6.77567e-05 -0.00196769 0.000396202 -0.00221538 0.000804996 0.0025726 0.00212669 5.54706e-05 0.015306 -0.000202899 0.00762712 0.00235387 0.00688313 0.00129229 0.00880536 0.000943979 -0.00283731 -0.00215384 -0.013236 -0.00137014 0.0139815 -0.0217233 0.000865203 0.00221971 -0.00453833 -0.0104335
internal_weight=763094 10519 752575 3425 749150 147034 602116 81493 520623 155025 149781 365598 5244 2069 1769 149064 28303 120761 25831 39778 79955 75677 4999 70678 3239 3562 285643 156577 14674 10103
internal_count=763094 10519 752575 3425 749150 147034 602116 81493 520623 155025 149781 365598 5244 2069 1769 149064 28303 120761 25831 39778 79955 75677 4999 70678 3239 3562 285643 156577 14674 10103
cat_boundaries=0 3 5 8 10 12 14 16
cat_threshold=574694408 697057798 1 3114352551 1074290413 3592184387 2993743132 1 67110928 8224 572600322 548357184 16450 272663640 2906209589 3289062279
is_linear=0
shrinkage=0.06


Tree=168
num_leaves=31
num_cat=8
split_feature=124 104 102 104 113 104 72 104 90 59 104 140 120 133 102 104 134 127 35 104 104 84 102 127 124 127 120 137 133 133
split_gain=163.558 278.423 164.194 226.056 184.547 270.686 192.939 230.395 187.354 245.012 252.588 239.457 262.391 268.709 190.2 376.699 250.469 367.163 493.248 436.373 357.609 309.412 306.139 301.411 335.565 299.728 800.954 740.867 705.98 1067.3
threshold=0.95833333333333337 0 65.500000000000014 1 5.5000000000000009 2 3.3150000000000004 3 5.5000000000000009 45.890000000000008 4 21.000000000000004 96.500000000000014 0.99138911339924218 62.500000000000007 5 1.0000000180025095e-35 1.066132917420971 306.33500000000004 6 7 1.3131250000000001 42.500000000000007 10.56692885353903 0.011666666666666641 5.7305436243810632 23.500000000000004 0.042730530857558173 0.9863035000474919 0.97062204580664158
decision_type=2 1 2 1 2 1 2 1 2 10 1 2 2 2 2 1 2 2 8 1 1 8 2 2 2 2 2 2 2 2
left_child=2 -2 4 -4 5 -1 8 -8 14 10 -10 -12 13 -13 16 -16 21 -18 19 23 -20 -6 -21 24 -19 -23 28 -28 29 -27
right_child=1 -3 3 -5 6 -7 7 -9 9 -11 11 12 -14 -15 15 -17 17 18 20 22 -22 25 -24 -25 -26 26 27 -29 -30 -31
leaf_value=0.26789373267058464 0.31495364199246723 -1.3458358163834756 -0.14725743408105713 0.69513933313803133 -0.15220397818087136 -0.73215289910118819 0.046480982461886242 -0.12690182474010867 0.41576899263539185 -0.096764481402019556 -0.42239253441464808 1.169837632391991 -0.56387825510102885 -0.75454098506244627 -0.48009263149652553 0.088995642359885913 -0.066643172273373061 -0.26875460396101963 0.47891041300009984 -0.030808294773365361 0.15755036143297757 0.045646858537028052 -0.36751868070095839 0.56592747325108905 0.11827263361034156 0.01898375514330496 -0.41653304834478633 0.44485947482697952 0.79908732145901773 -0.39843522700522921
leaf_weight=1907 432 678 2038 3534 37216 3153 20735 47795 5843 76231 3600 3253 892 493 6865 8920 36820 2698 24617 32722 37117 215540 3881 7170 16471 118673 21821 4199 9932 7804
leaf_count=1907 432 678 2038 3534 37216 3153 20735 47795 5843 76231 3600 3253 892 493 6865 8920 36820 2698 24617 32722 37117 215540 3881 7170 16471 118673 21821 4199 9932 7804
internal_value=-0.00010977 -0.0231143 -7.62264e-05 0.0101848 -0.000151831 -0.0115708 -7.49093e-05 -0.00310983 0.000229708 -0.00231595 0.00495526 -0.0018184 0.00719121 0.0141553 0.000617756 -0.00587989 0.00079562 0.00280055 0.00435525 0.000617702 0.00816587 1.5752e-05 -0.00361993 0.0065055 0.00258216 0.000529725 -0.00141661 -0.0110634 0.000423576 -0.000786066
internal_weight=763050 1110 761940 5572 756368 5060 751308 68530 682778 90312 14081 8238 4638 3746 592466 15785 576681 161496 124676 62942 61734 415185 36603 26339 19169 377969 162429 26020 136409 126477
internal_count=763050 1110 761940 5572 756368 5060 751308 68530 682778 90312 14081 8238 4638 3746 592466 15785 576681 161496 124676 62942 61734 415185 36603 26339 19169 377969 162429 26020 136409 126477
cat_boundaries=0 2 4 6 9 11 13 16 19
cat_threshold=746862599 3564263526 1690996742 340440268 1518866989 3689093414 67373072 198075690 1 1277745347 382635160 1955349238 306879546 351516600 2786148868 1 2416462198 2431171708 1
is_linear=0
shrinkage=0.06


Tree=169
num_leaves=31
num_cat=11
split_feature=21 99 104 122 129 110 132 104 132 139 104 110 121 104 104 91 104 104 114 119 104 122 115 104 122 120 139 129 130 104
split_gain=180.102 474.553 339.238 399.537 310.345 306.826 506.994 295.453 293.567 281.398 270.206 281.057 305.011 297.663 267.534 266.504 251.971 235.976 220.509 532.475 536.85 495.62 366.508 557.853 360.966 326.776 491.182 314.39 530.447 486.884
threshold=118.31666666666668 0.19758679452260591 0 0.58416764745931438 154.50000000000003 16.650000000000002 -0.76624641395159687 1 -0.94387377644575288 52.500000000000007 2 23.650000000000002 981.75000000000011 3 4 5 6 7 -0.69185236169184083 698.50000000000011 8 0.51842244232170442 1.4834269745646169 9 0.28981307701730141 90.500000000000014 33.500000000000007 15.500000000000002 0.78656609248549325 10
decision_type=10 2 1 2 2 2 2 1 2 2 1 2 2 1 1 1 1 1 2 2 1 2 2 1 2 2 2 2 2 1
left_child=2 -2 3 4 14 6 -4 8 -5 10 -7 16 -13 -14 -1 17 -12 -8 19 20 21 -3 27 -24 -22 -23 -27 28 29 -20
right_child=1 18 5 7 -6 9 15 -9 -10 -11 11 12 13 -15 -16 -17 -18 -19 22 -21 24 25 23 -25 -26 26 -28 -29 -30 -31
leaf_value=0.039854066942759087 -0.26589690769822649 0.37775625533158674 -0.47625595499868212 -0.77060863296998239 0.22541118615317926 0.22180181407093158 0.0051304476829247391 -0.070812395809519729 -0.10099931211251117 0.54711604554572868 0.15712579315329911 0.1907007911402431 0.069779859559592552 -0.096385445549476007 -0.15432855891207192 -0.069089680582126223 0.023293579449940507 0.39727175367398387 0.069457071125125364 -2.2585604142367042 -0.30052886191114453 -0.087080595843349332 0.17293809062648577 -0.82349108416240901 0.029239246226588873 0.17957623125266478 3.4967273592562136 -0.021903978287004688 -0.18465996273043031 1.7294731620876302
leaf_weight=8111 9646 28934 2023 2818 6541 12075 4619 4847 1259 1570 17216 4239 8487 15163 7186 17051 16034 3688 1802 874 11513 22379 5032 8080 38087 4114 1154 493341 2405 2240
leaf_count=8111 9646 28934 2023 2818 6541 12075 4619 4847 1259 1570 17216 4239 8487 15163 7186 17051 16034 3688 1802 874 11513 22379 5032 8080 38087 4114 1154 493341 2405 2240
internal_value=-7.90003e-05 -0.000502699 0.00192781 -0.00359536 0.000774761 0.00359086 -0.00184282 -0.0142924 -0.0261693 0.0055808 0.00504159 0.00341946 -0.00102187 -0.00367849 -0.00390247 0.000463741 0.00714565 0.00926906 -0.000297215 0.00217961 0.00256371 0.00655746 -0.000814192 -0.0107161 -0.00199311 0.000813802 0.014257 -0.000554394 0.0126086 0.0258818
internal_weight=762528 629601 132927 30762 21838 102165 27381 8924 4077 74784 73214 61139 27889 23650 15297 25358 33250 8307 619955 107055 106181 56581 512900 13112 49600 27647 5268 499788 6447 4042
internal_count=762528 629601 132927 30762 21838 102165 27381 8924 4077 74784 73214 61139 27889 23650 15297 25358 33250 8307 619955 107055 106181 56581 512900 13112 49600 27647 5268 499788 6447 4042
cat_boundaries=0 2 4 6 9 11 12 14 16 18 20 22
cat_threshold=2837655168 960 539035648 512 268992528 2198872064 1149239368 1219051540 1 153290752 768 1 105140515 818152489 1388347481 3768624148 2943565087 536975273 4001661458 2336929096 1635961411 444253532
is_linear=0
shrinkage=0.06


Tree=170
num_leaves=31
num_cat=9
split_feature=110 104 126 104 101 130 104 132 127 112 104 83 113 104 59 35 126 104 137 104 104 35 109 140 113 134 110 111 98 104
split_gain=176.022 556.296 201.24 454.241 256.813 227.397 248.1 199.761 185.2 254.308 195.839 168.096 276.991 396.826 334.568 306.874 230.657 571.879 383.058 446.443 392.208 404.289 357.645 320.408 332.798 298.64 404.708 436.23 505.347 479.047
threshold=30.050000000000004 0 3475.2250000000008 1 0.93301270189221952 0.25881904510252091 2 -0.80860773948975517 13.015076718927093 2.9350000000000005 3 2.7550000000000003 271.50000000000006 4 352.93000000000006 357.46500000000009 158.07500000000002 5 0.85826565528689469 6 7 145.32500000000002 127.50000000000001 4.5000000000000009 328.50000000000006 1.0000000180025095e-35 10.450000000000001 78.500000000000014 -0.99151311298488254 8
decision_type=2 1 2 1 2 2 1 2 2 2 1 10 2 1 10 10 2 1 2 1 1 10 2 2 2 2 2 2 2 1
left_child=2 -2 11 5 -5 7 -7 -4 9 -3 -11 16 13 -13 -15 -14 18 -18 20 -20 21 -1 23 -19 -25 26 -22 29 -29 -28
right_child=1 8 3 4 -6 6 -8 -9 -10 10 -12 12 15 14 -16 -17 17 22 19 -21 25 -23 -24 24 -26 -27 27 28 -30 -31
leaf_value=-0.39601956589235981 0.31802340194364204 -0.045235217721737088 -0.60083233766356015 0.087233622491808299 -0.43935953998532767 -0.78093411960357251 3.5896744088509216 -0.23426965235650471 0.78086741431346141 0.31684035983613967 -0.63119460131656702 -0.094468723255682507 -0.034871342225472404 0.70519680756958358 0.090926652553534881 0.28509748312853517 0.087206329313172543 0.23332209299006365 -0.36334233926349185 5.1110729092792715 -0.28555592034563404 -0.17065501578754891 -0.067768636574755514 -0.020605554797482169 0.43902200406538083 0.074542911384804136 0.044075598642310747 -0.30233150988134311 0.13606312795668174 -0.2704267220161779
leaf_weight=5485 4898 3900 1814 9508 799 237 463 5956 918 121 817 12837 82397 13376 11576 27694 118959 7707 1637 1767 36173 39760 119322 38649 3564 72413 29545 4767 70432 34885
leaf_count=5485 4898 3900 1814 9508 799 237 463 5956 918 121 817 12837 82397 13376 11576 27694 118959 7707 1637 1767 36173 39760 119322 38649 3564 72413 29545 4767 70432 34885
internal_value=-0.000100738 0.00755702 -0.000209279 -0.00634253 0.0021225 -0.0166254 0.0160913 -0.0195959 -0.00509797 -0.00979541 -0.0378275 -5.21457e-05 0.0017552 0.00618735 0.0105949 0.000233804 -0.000508968 0.000700134 -0.00168279 0.018326 -0.00191494 -0.00705188 -0.00154065 0.0027235 0.000669446 -0.000978221 -0.00231395 -0.000848671 0.00225559 -0.00447176
internal_weight=762376 10654 751722 18777 10307 8470 700 7770 5756 4838 938 732945 147880 37789 24952 110091 585065 288201 296864 3404 293460 45245 169242 49920 42213 248215 175802 139629 75199 64430
internal_count=762376 10654 751722 18777 10307 8470 700 7770 5756 4838 938 732945 147880 37789 24952 110091 585065 288201 296864 3404 293460 45245 169242 49920 42213 248215 175802 139629 75199 64430
cat_boundaries=0 2 4 6 8 11 14 16 18 20
cat_threshold=1356253558 1212265565 1431046455 1873550377 1074006018 537658376 536870912 285999104 585314952 37560836 1 2994181505 604578753 1 1750234434 3648898296 539297920 9088 185095728 3951546436
is_linear=0
shrinkage=0.06


Tree=171
num_leaves=31
num_cat=0
split_feature=124 111 112 128 107 102 110 102 3 139 139 135 35 132 123 136 35 140 20 126 139 128 136 25 113 123 120 111 132 123
split_gain=172.32 172.498 250.054 321.146 381.291 215.467 354.741 304.276 221.986 223.95 311.658 222.132 219.597 211.417 209.896 192.413 189.388 186.559 183.067 177.474 568.404 355.223 369.557 581.086 567.128 447.492 628.592 361.996 376.943 333.875
threshold=0.95833333333333337 34.500000000000007 2.6950000000000007 0.045972453436450574 28.718100000000003 64.500000000000014 8.4500000000000011 62.500000000000007 164.58333333333334 62.500000000000007 61.500000000000007 1.0000000180025095e-35 329.35500000000008 -0.48970496317164519 0.67453584014352697 1.0000000180025095e-35 316.78500000000003 21.000000000000004 30.773655640546291 158.07500000000002 57.500000000000007 0.052667022712381557 1.0000000180025095e-35 0.87539159713072767 90.500000000000014 0.81364553469971723 5.5000000000000009 91.500000000000014 -0.26762560548918296 0.81364553469971723
decision_type=2 2 2 2 2 2 2 2 10 2 2 2 10 2 2 2 10 2 10 2 2 2 2 8 2 2 2 2 2 2
left_child=1 2 -1 4 -4 7 -7 8 9 10 19 -10 -11 15 -13 -8 -15 -9 -19 -3 21 22 25 24 -24 -21 27 28 -27 -25
right_child=-2 5 3 -5 -6 6 13 17 11 12 -12 14 -14 16 -16 -17 -18 18 -20 20 -22 -23 23 29 -26 26 -28 -29 -30 -31
leaf_value=-0.62542242139206106 -0.84185205271068408 -0.036049278414400018 0.16639020545467204 -0.34873890202924429 -0.57356417725605069 -1.7681165327586066 -0.014057325034902063 -0.044148118605907026 0.060189978681439979 -0.32945702927890236 -0.55047457542798239 -0.17287975656489563 0.93780824917548899 0.17611700580963785 0.84212907191300979 0.77394416016801304 2.3111009504446534 0.7008771462633423 -0.70797440489377927 -0.017010164835476901 0.68730208722196295 0.71872809222566214 -0.40135999425063529 0.013340678892156461 0.36909818562049151 0.15584287161758595 0.79176933713953068 0.37408916882680043 -0.31557494304514222 -0.68131350538024693
leaf_weight=1963 1125 327986 8629 7342 962 391 5008 4825 30910 1440 5152 870 4997 1264 3522 1311 1886 420 5220 288828 5614 6489 1641 3133 16114 10784 5667 2687 4821 1704
leaf_count=1963 1125 327986 8629 7342 962 391 5008 4825 30910 1440 5152 870 4997 1264 3522 1311 1886 420 5220 288828 5614 6489 1641 3133 16114 10784 5667 2687 4821 1704
internal_value=-4.4447e-05 -9.76915e-06 -0.00567074 -0.00331995 0.00390951 0.00013427 0.00894433 1.572e-05 0.000162883 -7.55395e-05 -0.000180894 0.00480299 0.0110624 0.0112587 0.0174277 0.00492722 0.0239543 -0.0101414 -0.0175501 -6.87522e-05 0.000876129 0.000565129 0.000296082 0.00770681 0.0127292 -0.000239204 0.00764023 0.00223036 -0.00127259 -0.0107276
internal_weight=762705 761580 18896 16933 9591 742684 9860 732824 722359 687057 680620 35302 6437 9469 4392 6319 3150 10465 5640 675468 347482 341868 335379 22592 17755 312787 23959 18292 15605 4837
internal_count=762705 761580 18896 16933 9591 742684 9860 732824 722359 687057 680620 35302 6437 9469 4392 6319 3150 10465 5640 675468 347482 341868 335379 22592 17755 312787 23959 18292 15605 4837
is_linear=0
shrinkage=0.06


Tree=172
num_leaves=31
num_cat=8
split_feature=19 35 139 104 139 130 132 104 137 118 98 114 115 120 129 129 104 120 120 104 104 104 130 121 104 139 115 132 132 104
split_gain=174.806 281.266 402.523 312.884 240.001 399.864 236.335 601.667 503.711 364.139 346.877 346.088 499.195 325.302 360.914 395.932 349.491 343.795 369.923 322.226 317.539 315.948 309.944 293.799 292.081 285.272 284.143 283.264 1280.51 655.445
threshold=109.59119791666667 189.18500000000003 47.500000000000007 0 42.500000000000007 -0.5 -0.80860773948975517 1 0.01126364564421809 0.15000000000000005 -0.80860773948975517 2.1933302841801918 -2.4434798656258212 1.0000000180025095e-35 34.500000000000007 10.500000000000002 2 92.500000000000014 58.500000000000007 3 4 5 -0.91597561503675329 987.95000000000016 6 30.500000000000004 1.8859116222410479 -0.13291928626387098 -0.098749067963353782 7
decision_type=10 8 2 1 2 2 2 1 2 2 2 2 2 2 2 2 1 2 2 1 1 1 2 2 1 2 2 2 2 1
left_child=1 2 3 -1 -5 -6 7 -2 19 11 20 13 -13 24 15 21 -16 18 26 -9 -8 -15 -20 -19 25 -10 -18 29 -29 -12
right_child=6 -3 -4 4 5 -7 10 8 9 -11 27 12 -14 14 16 -17 17 23 22 -21 -22 -23 -24 -25 -26 -27 -28 28 -30 -31
leaf_value=0.068417453914211987 -0.61877104454670639 0.052325156912922069 0.42870579327043229 -0.042732210158892267 0.14183013904541211 -0.4368712319469138 -0.88779979756948646 -0.076948386056738233 0.41023647154714638 4.8797106193883053 -0.11474985607244477 -1.1735779550331344 1.9408213716219844 -0.40004251835188598 -0.21800365986724102 -0.73153209284532517 0.37330237889103213 1.8819753204223399 2.2516526612491208 -0.88434252206227426 2.0279572826706431 1.82030760586147 -1.3737276102356053 0.27469832192223831 -0.50735112767157686 -1.0640889213613018 -3.5503219402603809 -0.95088512107728373 -0.025304904060885178 0.1707424143562413
leaf_weight=26362 6917 157707 2360 74654 1029 2858 723 3420 3075 489 86182 479 3548 574 11383 3113 14257 1669 319 4872 2609 596 1809 2742 11399 1479 253 9209 195023 131128
leaf_count=26362 6917 157707 2360 74654 1029 2858 723 3420 3075 489 86182 479 3548 574 11383 3113 14257 1669 319 4872 2609 596 1809 2742 11399 1479 253 9209 195023 131128
internal_value=-0.000146962 0.00109778 -0.00127256 -0.00182395 -0.00372212 -0.0182562 -0.000810227 -0.00397906 -0.00219891 -0.000195156 -0.000270291 -0.000640257 0.0163108 -0.00193662 0.0011717 -0.0151961 0.00333364 0.00791168 0.00396658 -0.0160183 0.0190099 0.0145517 -0.0193894 0.022806 -0.00908988 0.00375904 0.00739301 -0.000422733 -0.0020271 0.00108508
internal_weight=762237 264970 107263 104903 78541 3887 497267 72393 65476 57184 424874 56695 4027 52668 36715 4283 32432 21049 16638 8292 3332 1170 2128 4411 15953 4554 14510 421542 204232 217310
internal_count=762237 264970 107263 104903 78541 3887 497267 72393 65476 57184 424874 56695 4027 52668 36715 4283 32432 21049 16638 8292 3332 1170 2128 4411 15953 4554 14510 421542 204232 217310
cat_boundaries=0 3 5 8 10 12 15 17 20
cat_threshold=341082128 2855886848 1 1075923010 36038168 923009153 2308571200 1 608569233 655557 572534784 545980480 2555381504 2910849031 1 8912944 160567360 3235037382 920577240 1
is_linear=0
shrinkage=0.06


Tree=173
num_leaves=31
num_cat=6
split_feature=8 61 140 61 140 35 19 132 129 104 115 104 104 133 140 132 130 111 115 115 69 84 104 104 110 133 111 132 126 104
split_gain=162.889 284.401 216.391 219.46 244.966 196.873 203.564 218.913 707.772 330.884 260.619 317.528 310.673 300.623 287.018 290.526 290.382 278.745 220.567 206.99 199.31 247.588 251.924 195.124 190.087 453.676 241.881 353.948 236.781 251.444
threshold=223.00375000000003 4.8859220454667502 27.000000000000004 6.1184825726900938 2.5000000000000004 265.78500000000003 102.88593750000001 0.61490419508004501 178.50000000000003 0 -1.5993435765260993 1 2 0.99681593486783593 7.5000000000000009 0.025799818015934263 -0.91597561503675329 54.500000000000007 0.39999803875903467 -0.78884318427399658 11.350000000000003 3.1450000000000009 3 4 8.4500000000000011 0.96633974041180493 50.500000000000007 -0.13291928626387098 122.92500000000001 5
decision_type=10 2 2 2 2 8 10 2 2 1 2 1 1 2 2 2 2 2 2 2 2 10 1 1 2 2 2 2 2 1
left_child=5 -2 3 -3 -5 -1 -7 10 -9 -10 12 14 -8 24 -12 16 17 -16 -17 -19 21 -13 -23 -4 25 -14 27 -26 29 -28
right_child=1 2 23 4 -6 6 7 8 9 -11 11 20 13 -15 15 18 -18 19 -20 -21 -22 22 -24 -25 26 -27 28 -29 -30 -31
leaf_value=-0.017287080337920882 1.2083814321654938 -0.041891126231374753 -0.42971785900420967 4.4762218802333953 0.39602104082118444 0.087866626868906783 -0.041827987345209081 -1.1326087514241876 1.0104516288319327 -0.20239371491941185 -0.10227997417636543 0.029778363154620704 -0.72855645981073247 -0.51688441936369345 -0.6643202349500239 -0.094221011346712652 0.53152569501180491 -0.57752793456951446 0.4408480180362363 0.83435054111218032 -0.16033003170249485 0.12596141631660174 -0.51604635561629486 -0.14575775819842846 0.15132946464192257 0.093565664014110719 -0.185696061235505 -0.33172298961482166 0.41392703246835422 0.51465957384235761
leaf_weight=241825 3288 61240 14059 1340 3944 58538 28228 1419 1598 5100 18880 85112 1478 2862 2289 16556 31091 596 3913 1236 59705 3843 5986 52603 17144 3410 5258 2341 18527 8742
leaf_count=241825 3288 61240 14059 1340 3944 58538 28228 1419 1598 5100 18880 85112 1478 2862 2289 16556 31091 596 3913 1236 59705 3843 5986 52603 17144 3410 5258 2341 18527 8742
internal_value=-8.17947e-05 -0.00195992 -0.00239032 3.06652e-05 0.0117616 0.000327868 0.00117264 0.000586508 -0.00914265 -0.000985222 0.000835503 -0.000230097 0.00361128 0.00606093 0.00298584 0.00515391 0.00845824 -0.00650655 -0.000530532 0.0109329 -0.00178071 -7.26759e-05 -0.0090885 -0.00480626 0.0070164 -0.00429536 0.00807952 0.00279277 0.0112463 0.00535676
internal_weight=762151 136474 133186 66524 5284 625677 383852 325314 8117 6698 317197 229207 87990 59762 74561 55681 35212 4121 20469 1832 154646 94941 9829 66662 56900 4888 52012 19485 32527 14000
internal_count=762151 136474 133186 66524 5284 625677 383852 325314 8117 6698 317197 229207 87990 59762 74561 55681 35212 4121 20469 1832 154646 94941 9829 66662 56900 4888 52012 19485 32527 14000
cat_boundaries=0 2 4 7 10 13 15
cat_threshold=16777216 218759232 218630455 67116457 1430292663 373568776 1 8683520 2347646978 1 1923309674 272877084 1 540491840 151044816
is_linear=0
shrinkage=0.06


Tree=174
num_leaves=31
num_cat=12
split_feature=121 104 129 133 111 119 104 104 132 104 111 133 129 104 132 104 104 104 124 109 104 111 119 122 132 132 104 104 104 119
split_gain=158.271 376.65 325.36 416.633 552.986 466.887 553.329 419.082 451.55 410.275 361.778 598.746 527.5 466.312 407.566 368.903 362.272 351.466 338.71 302.929 290.241 260.905 260.145 257.173 241.769 263.655 242.158 237.976 234.169 223.956
threshold=991.1500000000002 0 67.500000000000014 0.97062204580664158 86.500000000000014 210.50000000000003 1 2 -0.5627915150444055 3 95.500000000000014 0.8511460603353429 55.500000000000007 4 0.47084587141109652 5 6 7 0.048333333333333346 132.50000000000003 8 49.500000000000007 573.50000000000011 0.72839698425199251 0.48595098096596934 0.69287764045535594 9 10 11 483.50000000000006
decision_type=2 1 2 2 2 2 1 1 2 1 2 2 2 1 2 1 1 1 2 2 1 2 2 2 2 2 1 1 1 2
left_child=20 23 10 4 5 6 -4 -6 -9 -5 11 28 13 -13 -15 -12 -14 -7 -19 27 -1 -20 29 -2 -22 -26 -27 -16 -3 -11
right_child=1 2 3 9 7 17 -8 8 -10 22 15 12 16 14 19 -17 -18 18 21 -21 24 -23 -24 -25 25 26 -28 -29 -30 -31
leaf_value=-0.055767732395182748 0.091537337049235529 -0.16821810199103324 0.23464242419840431 0.079129305148332843 -0.0073777135428156268 0.31281153969184983 -0.21015522408981852 -0.083317524652944702 1.0042725162951416 -0.19783799494211821 0.37251015862650544 -0.4134619404259412 0.16096646595836603 0.23709868070530973 0.77579152494772696 -0.82256971154096703 -1.0739632229373 -0.14070215556094354 -0.043332875831775364 -0.82601686925042228 0.029865841392849573 0.66704166698927048 -0.38790071021879297 1.5641802809899177 -0.18469082464224557 -0.17172412828819034 0.45482786045963308 -0.49468308664357691 0.72338301406897521 0.33557072935877269
leaf_weight=197237 102169 1026 14782 23210 8503 16214 47218 3950 11907 33003 847 6486 676 8310 1204 3665 2374 10855 6583 1793 216025 6731 4548 2405 17853 1316 1646 1421 3354 4436
leaf_count=197237 102169 1026 14782 23210 8503 16214 47218 3950 11907 33003 847 6486 676 8310 1204 3665 2374 10855 6583 1793 216025 6731 4548 2405 17853 1316 1646 1421 3354 4436
internal_value=-8.93996e-05 0.000906031 -0.000486762 0.000436384 0.0024413 0.000508087 -0.00276189 0.0105661 0.0163234 -0.00346115 -0.00617389 -0.00351285 -0.00750236 -0.00382201 0.00285423 -0.0218834 -0.0306785 0.00552843 0.000940447 -0.0118669 -0.000840817 0.00735411 -0.0069989 0.00387704 0.000575045 -0.0056005 0.0109754 0.00111957 0.0167633 -0.00535417
internal_weight=761747 327670 223096 191940 126743 102383 62000 24360 15857 65197 31156 26644 22264 19214 12728 4512 3050 40383 24169 4418 434077 13314 41987 104574 236840 20815 2962 2625 4380 37439
internal_count=761747 327670 223096 191940 126743 102383 62000 24360 15857 65197 31156 26644 22264 19214 12728 4512 3050 40383 24169 4418 434077 13314 41987 104574 236840 20815 2962 2625 4380 37439
cat_boundaries=0 2 4 6 9 11 13 15 18 20 22 24 26
cat_threshold=2299070658 179275448 67110449 2164269120 1711452160 289431616 5406720 1951399937 1 1623368192 3759145024 1077937152 339746880 536870912 356542464 842281216 4202823 1 1862863171 3689451067 12902936 605294848 4357 16800003 67110416 2436898816
is_linear=0
shrinkage=0.06


Tree=175
num_leaves=31
num_cat=10
split_feature=111 104 112 127 3 111 67 121 104 52 104 131 104 119 104 110 109 119 103 132 104 104 119 104 25 103 114 104 104 136
split_gain=177.845 410.282 321.642 252.176 183.115 206.546 193.022 173.177 168.856 166.738 162.801 158.682 492.129 451.436 439.109 367.679 295.234 273.725 256.659 295.042 286.772 278.377 262.125 873.863 484.943 381.012 314.171 284.921 267.728 348.003
threshold=34.500000000000007 0 3.2650000000000001 94.12546632628893 164.58333333333334 92.500000000000014 190.50000000000003 989.25000000000011 1 20.733176772401993 2 -0.9159756150367534 3 581.50000000000011 4 29.750000000000004 572.50000000000011 604.50000000000011 0.61497421480319081 -0.931957157303682 5 6 210.50000000000003 7 0.94847200471257598 6.3107913689107282e-11 3.2991786903316851 8 9 1.0000000180025095e-35
decision_type=2 1 2 2 10 2 2 2 1 2 1 2 1 2 1 2 2 2 2 2 1 1 2 1 10 2 2 1 1 2
left_child=1 -1 7 10 11 9 -7 8 -3 -6 -4 12 -2 15 -15 18 -16 -18 22 20 -20 -21 28 -24 26 -26 27 -25 -13 -30
right_child=4 2 3 -5 5 6 -8 -9 -10 -11 -12 13 -14 14 16 -17 17 -19 19 21 -22 -23 23 24 25 -27 -28 -29 29 -31
leaf_value=-0.36281688363049536 -0.068577286535439153 -0.37526722298602999 0.62869220591922326 -0.14940270596262337 0.012926532444770088 -0.21410938090196444 0.75923362838397734 0.0090948299744020022 -1.8514422074993802 0.3711102119910869 0.091677319163148419 -0.065313570735857807 0.13176149611165769 0.051346498939838198 0.26088403150763584 0.25737440564932634 -0.50082972217505783 -0.16631716490286194 0.67416374998451134 -1.0534176140075866 -0.47320131054292858 -0.22982888450954247 -0.15582016334654894 0.4002848851474603 -0.81075121708399622 0.33720395998124386 -0.29781532354471096 0.14306736118320074 -0.013230444860865873 0.13061114475909932
leaf_weight=6100 39499 1490 2495 3613 26905 531 3100 1622 740 5586 2918 205805 48013 7851 1331 5172 3129 13834 2936 2474 4012 2521 12363 22814 1987 1433 2779 28180 242219 59155
leaf_count=6100 39499 1490 2495 3613 26905 531 3100 1622 740 5586 2918 205805 48013 7851 1331 5172 3129 13834 2936 2474 4012 2521 12363 22814 1987 1433 2779 28180 242219 59155
internal_value=-0.000157433 -0.00589283 0.000186205 0.00638086 -1.10539e-05 0.0041558 0.0177258 -0.0143265 -0.0251726 0.0026388 0.0145733 -0.0002238 0.00216791 -0.000561391 -0.00827737 -0.000221672 -0.0133668 -0.0155093 -0.000361623 -0.00906731 -0.00107066 -0.0201882 -0.000181331 0.00327271 0.0063992 -0.0155042 0.00779373 0.0088644 -0.000655034 0.000484165
internal_weight=762607 18978 12878 9026 743629 36122 3631 3852 2230 32491 5413 707507 87512 619995 26145 593850 18294 16963 588678 11943 6948 4995 576735 69556 57193 3420 53773 50994 507179 301374
internal_count=762607 18978 12878 9026 743629 36122 3631 3852 2230 32491 5413 707507 87512 619995 26145 593850 18294 16963 588678 11943 6948 4995 576735 69556 57193 3420 53773 50994 507179 301374
cat_boundaries=0 2 4 7 9 12 14 17 19 21 24
cat_threshold=1435240507 994051112 572547136 1007700 2819785088 3298042309 1 3239585337 4021772384 2693973186 663770 1 2566883112 1346509319 1605581835 3026716302 1 1073758306 272942104 107422085 613423909 854036876 1619004183 1
is_linear=0
shrinkage=0.06


Tree=176
num_leaves=31
num_cat=10
split_feature=124 104 6 104 132 132 110 124 104 17 67 110 104 91 111 104 122 110 84 111 130 104 104 132 132 104 124 104 124 132
split_gain=167.889 248.079 164.4 401.793 310.253 349.193 322.776 228.89 225.632 205.778 205.423 238.323 204.404 302.496 305.259 203.651 202.312 194.841 186.915 314.955 407.016 225.834 221.315 221.225 360.522 548.888 313.398 286.369 283.92 326.307
threshold=0.95833333333333337 0 353.57000000000005 1 0.17963823861099873 0.32917936166072764 25.050000000000004 0.7433333333333334 2 125.7925 52.500000000000007 7.7500000000000009 3 4 92.500000000000014 5 0.038136718240524781 14.250000000000002 3.1450000000000009 84.500000000000014 0.37940952255126054 6 7 0.17963823861099873 0.21336913576298863 8 0.23500000000000007 9 0.39500000000000007 0.025799818015934263
decision_type=2 1 10 1 2 2 2 2 1 10 2 2 1 1 2 1 2 2 10 2 2 1 1 2 2 1 2 1 2 2
left_child=2 -2 9 4 6 -6 7 16 -9 -1 11 -11 13 -5 17 -13 -4 -15 23 20 22 -22 -20 28 25 26 -25 -26 -12 -30
right_child=1 -3 3 12 5 -7 -8 8 -10 10 18 15 -14 14 -16 -17 -18 -19 19 -21 21 -23 -24 24 27 -27 -28 -29 29 -31
leaf_value=-0.0095547879631649839 -1.3613304614530339 0.092920241025456443 -0.73187323870600574 0.10880843208480144 -0.5083362816747421 -0.046252920655842758 -0.4121469699000691 -0.48217636134662939 2.0396459189959137 -0.36265687560704429 0.17245214594951391 0.049447197810736011 -0.13603539440357906 -1.1734038915322798 0.20181332871592358 0.39177211786252997 0.16787245086198524 -0.42596855877843948 -0.39461199153957494 0.72758464340335194 -0.13151720552136154 -0.8523737610555332 0.094816126534777528 0.18355186139753313 0.15912623464350104 -0.27435906035164831 -0.34912206396429668 -0.054835676180152858 0.06961505008609449 -0.32115268140653142
leaf_weight=337455 536 564 506 2668 3373 8142 6976 1166 3736 1954 77853 8112 97855 1741 1429 14195 73450 3412 3016 3389 1546 2971 7998 1540 15161 3813 602 31076 37980 8365
leaf_count=337455 536 564 506 2668 3373 8142 6976 1166 3736 1954 77853 8112 97855 1741 1429 14195 73450 3412 3016 3389 1546 2971 7998 1540 15161 3813 602 31076 37980 8365
internal_value=-0.00012935 -0.0235422 -9.54981e-05 -0.00155066 0.00123932 -0.00800799 0.00248011 0.00357448 0.0161289 0.000438614 0.00186827 0.00707526 -0.00408622 -0.0126077 -0.0195116 0.0088354 0.00274213 -0.0263446 0.00122144 -0.00444585 -0.00806207 -0.0232271 -0.00184113 0.00182935 -0.00144847 -0.0153425 0.00897353 0.000341278 0.00320679 -0.000511371
internal_weight=762580 1100 761480 204454 97349 11515 85834 78858 4902 557026 219571 24261 107105 9250 6582 22307 73956 5153 195310 18920 15531 4517 11014 176390 52192 5955 2142 46237 124198 46345
internal_count=762580 1100 761480 204454 97349 11515 85834 78858 4902 557026 219571 24261 107105 9250 6582 22307 73956 5153 195310 18920 15531 4517 11014 176390 52192 5955 2142 46237 124198 46345
cat_boundaries=0 3 5 7 9 10 12 15 17 19 21
cat_threshold=2189100960 721790609 1 218896529 723597536 4225 2162752 1107312706 272942104 9 1732551185 3473997928 874744361 140460576 1 3269657280 70352 1654874186 274056284 2702382088 2158715330
is_linear=0
shrinkage=0.06


Tree=177
num_leaves=31
num_cat=11
split_feature=0 132 115 104 132 118 104 104 132 114 25 104 115 120 104 131 104 104 104 126 104 104 19 101 104 74 122 128 115 132
split_gain=196.183 302.783 206.916 413.586 271.111 242.331 515.768 240.489 243.256 207.008 197.241 197.089 196.419 327.561 439.523 255.497 310.586 269.74 180.493 171.817 380.136 361.242 313.303 387.6 379.813 269.803 251.616 250.104 239.765 228.871
threshold=118.43666666666668 -0.97670382270880773 -0.14225703661530895 0 -0.8816668175367014 1.0000000180025095e-35 1 2 -0.39727133198297887 1.5034641879826174 0.35931054437430948 3 1.8859116222410479 30.500000000000004 4 0.78656609248549303 5 6 7 158.07500000000002 8 9 191.91597222222222 0.93301270189221952 10 2.1901899626584131 0.4429400687012684 0.0021087401459732318 -1.8526343419136915 0.61490419508004501
decision_type=2 2 2 1 2 2 1 1 2 2 8 1 2 2 1 2 1 1 1 2 1 1 10 2 1 2 2 2 2 2
left_child=2 -2 5 4 9 7 -7 8 -1 18 11 -9 19 14 -14 17 -17 -15 -4 20 -3 29 26 -24 -25 27 -22 28 -23 -21
right_child=1 12 3 -5 -6 6 -8 10 -10 -11 -12 -13 13 15 -16 16 -18 -19 -20 21 22 25 23 24 -26 -27 -28 -29 -30 -31
leaf_value=0.090210188874345648 -0.81340869119483439 0.050065711108411785 -0.13182050422479785 0.0051226622811068974 0.39284431543007031 0.13033052566969267 -0.49220506448050622 0.0053682189704149152 -0.0087725157715530591 0.36287639159249918 -0.0037585175536503355 -0.23752768138703059 0.13578958905826027 0.52907599479898937 -1.4154753824222577 0.15991926999351547 -1.1774666771307685 -0.086232572312696903 0.10941687132527385 -0.052254727829789543 -0.91306123601641176 -0.21175192150320923 -0.55188921559427762 0.43912980418574987 -0.66750667910855666 -0.077281845584481201 -0.038573454262334224 0.25322247467694181 0.085180228262624239 -0.39695001735059421
leaf_weight=67441 1399 90085 4182 48565 16998 2107 2831 10759 63655 2006 117035 15933 1444 1868 3014 810 890 4232 7340 74740 1524 5089 26674 10107 7643 25179 66423 44545 35630 2370
leaf_count=67441 1399 90085 4182 48565 16998 2107 2831 10759 63655 2006 117035 15933 1444 1868 3014 810 890 4232 7340 74740 1524 5089 26674 10107 7643 25179 66423 44545 35630 2370
internal_value=-8.07324e-05 -0.000988141 0.000939995 0.00364967 0.00912074 0.000173934 -0.0129986 0.000410663 0.00226899 0.00278513 -0.00128442 -0.00593864 -0.000891197 -0.00836936 -0.0213411 -0.000953724 -0.0215168 0.00477954 -0.000312419 -0.000656137 -0.00186825 0.000652292 -0.00419587 -0.00811435 -0.00124387 0.00285241 -0.00163449 0.0044642 0.00106532 -0.00249893
internal_weight=762518 403666 358852 79091 30526 279761 4938 274823 131096 13528 143727 26692 402267 12258 4458 7800 1700 6100 11522 390009 202456 187553 112371 44424 17750 110443 67947 85264 40719 77110
internal_count=762518 403666 358852 79091 30526 279761 4938 274823 131096 13528 143727 26692 402267 12258 4458 7800 1700 6100 11522 390009 202456 187553 112371 44424 17750 110443 67947 85264 40719 77110
cat_boundaries=0 2 4 7 9 11 13 15 17 19 21 23
cat_threshold=2484900887 2571113979 1923205314 274003544 404629348 4013287445 1 1191202969 281022754 3791929947 424191320 4274311363 3108934808 2188391438 268442506 1572866 272634904 1216923700 3418028070 1082673270 3688952894 2438205888 603979969
is_linear=0
shrinkage=0.06


Tree=178
num_leaves=31
num_cat=9
split_feature=0 98 74 126 140 111 110 91 104 104 136 127 102 104 24 104 19 140 139 104 98 139 139 115 104 89 140 104 115 137
split_gain=169.522 278.815 177.429 182.34 486.764 466.114 650.955 694.151 596.484 557.754 607.129 506.699 475.898 408.167 392.278 356.891 332.005 305.642 286.408 323.298 256.682 256.122 230.225 228.768 259.068 226.31 220.463 215.023 212.43 211.656
threshold=118.43666666666668 -0.98024766238342442 3.1994866465322045 134.30000000000004 1.5000000000000002 75.500000000000014 21.350000000000005 0 1 2 1.0000000180025095e-35 22.909202682621814 24.500000000000004 3 11.012500000000001 4 191.91597222222222 4.5000000000000009 23.500000000000004 5 -0.081617596240696269 64.500000000000014 63.500000000000007 1.1988084169945246 6 7 4.5000000000000009 8 0.45748186522764456 2.5459549479440209e-08
decision_type=2 2 2 2 2 2 2 1 1 1 2 2 2 1 10 1 10 2 2 1 2 2 2 2 1 1 2 1 2 2
left_child=-1 -2 3 5 14 9 7 8 17 10 -3 12 15 -6 25 -9 26 -7 -8 -20 -12 -15 -10 -19 -25 -5 -11 -14 -17 -18
right_child=1 2 -4 4 13 6 18 11 22 16 20 -13 27 21 -16 28 29 23 19 -21 -22 -23 -24 24 -26 -27 -28 -29 -30 -31
leaf_value=0.016350995160224785 -0.81008219173532603 -0.4057681900421784 -0.28351301830178638 0.49550224969932216 0.094534293702036781 -0.09750153372966934 -0.49290809658761475 -0.27337897169380337 -0.17746817390070133 0.24136527703150504 1.0975609612588406 -0.77105062049074824 -0.15398118772404815 -0.054860664839975613 0.85715049167654023 0.03075830944782524 -0.38166023820290662 0.75966751812887534 -0.30678413009396532 2.7393243536381138 -0.68604578795035986 -0.59268128424283306 1.9664557260437503 -1.4833759051162163 0.66646658153074267 -0.15728232464196537 -0.32930170821291127 -1.0406063093144997 1.0144213407149223 -0.99896630061700675
leaf_weight=359061 1334 12597 11274 2016 84956 8406 761 16098 42016 3516 8390 3291 2007 107975 4780 15310 3757 27117 841 4294 1157 3030 859 800 868 3567 14780 4186 2062 11716
leaf_count=359061 1334 12597 11274 2016 84956 8406 761 16098 42016 3516 8390 3291 2007 107975 4780 15310 3757 27117 841 4294 1157 3030 859 800 868 3567 14780 4186 2062 11716
internal_value=-9.64313e-05 -0.00093991 -0.000849096 -0.000635197 0.000590912 -0.0020039 -1.95475e-05 -0.000953008 0.00234824 -0.00657903 0.00082329 -0.00710532 -0.00522943 -7.93011e-05 0.0132632 -0.00240208 -0.0114298 0.00790764 0.019454 0.0245444 0.012235 -0.00247478 -0.00247493 0.010849 -0.010713 0.0024606 -0.00596163 -0.0205069 0.0035621 -0.0179023
internal_weight=762822 403761 402427 391153 206324 184829 128916 123020 80066 55913 22144 42954 39663 195961 10363 33470 33769 37191 5896 5135 9547 111005 42875 28785 1668 5583 18296 6193 17372 15473
internal_count=762822 403761 402427 391153 206324 184829 128916 123020 80066 55913 22144 42954 39663 195961 10363 33470 33769 37191 5896 5135 9547 111005 42875 28785 1668 5583 18296 6193 17372 15473
cat_boundaries=0 1 3 5 7 10 12 14 15 17
cat_threshold=26 1424837060 3760758323 1795692593 3416420420 3127973505 604832711 1607736241 2958036261 1 1080117442 2483800 283443588 1075841539 50 67633175 324827240
is_linear=0
shrinkage=0.06


Tree=179
num_leaves=31
num_cat=11
split_feature=124 104 111 104 112 102 104 113 131 104 104 125 104 91 111 104 109 113 119 104 126 121 128 104 113 109 104 129 119 72
split_gain=164.531 197.942 158.96 349.285 281.337 181.288 255.716 173.286 255.076 238.37 218.286 173.043 480.535 227.832 246.174 231.804 170.785 168.226 176.968 174.354 167.148 161.738 157.614 634.698 518.987 467.37 298.648 269.839 166.108 162.822
threshold=0.95833333333333337 0 34.500000000000007 1 3.2650000000000001 65.500000000000014 2 5.5000000000000009 0.91597561503675351 3 4 0.71306666666666685 5 6 50.500000000000007 7 1132.5000000000002 324.50000000000006 614.50000000000011 8 116.52500000000002 982.35000000000002 0.052667022712381557 9 315.50000000000006 97.500000000000014 10 236.50000000000003 586.50000000000011 3.3150000000000004
decision_type=2 1 2 1 2 2 1 2 2 1 1 2 1 1 2 1 2 2 2 1 2 2 2 1 2 2 1 2 2 2
left_child=2 -2 3 -1 16 7 20 8 9 -4 -10 22 -13 15 -15 -14 -5 18 19 -6 -7 -21 29 -24 25 26 -25 -28 -27 -9
right_child=1 -3 5 4 17 6 -8 11 10 -11 -12 12 13 14 -16 -17 -18 -19 -20 21 -22 -23 23 24 -26 28 27 -29 -30 -31
leaf_value=-0.32427016591259578 0.52970871918286266 -0.9925345234205778 -0.029717378708426737 -0.21317440106241406 -0.049770980465435738 -0.74247781132170987 0.87743851959185593 0.0034364264505666142 2.0888140083552584 -0.84184176086535101 -0.28697152149918792 1.5024885841944322 -0.87010953985103123 4.9901483515199407 -0.40042202229851398 4.2755354561452057 -1.4385092759773179 -0.61580624906297854 -0.1809589571176754 -1.6883612931943779 0.28756805785594292 0.58548492016683495 -0.27581689979216262 0.34786271503344124 3.7290211925942782 4.0828807443188069 1.0558640651859752 -1.4987172235544357 -0.29536315921591166 -0.070757857479928812
leaf_weight=6788 305 769 1725 2653 1499 863 3100 649676 424 2327 590 2924 323 220 4291 570 868 581 2006 112 952 4353 4333 1769 2927 1201 441 1284 336 62352
leaf_count=6788 305 769 1725 2653 1499 863 3100 649676 424 2327 590 2924 323 220 4291 570 868 581 2006 112 952 4353 4333 1769 2927 1201 441 1284 336 62352
internal_value=-9.69363e-05 -0.0235535 -6.38223e-05 -0.00550342 0.000625672 7.43305e-05 0.0115582 -2.19597e-06 -0.0110598 -0.0177942 0.0158424 7.42785e-05 0.00867331 -0.00195014 -0.00744361 0.0255531 -0.0136457 0.00650374 0.00877682 0.0139614 -0.00634173 0.0198794 -2.46024e-05 0.00671168 0.0167599 0.00509141 -0.00703863 -0.024712 0.0326528 -0.000140893
internal_weight=762562 1074 761488 18860 12072 742628 4915 737713 5066 4052 1014 732647 8328 5404 4511 893 3521 8551 7970 5964 1815 4465 724319 12291 7958 5031 3494 1725 1537 712028
internal_count=762562 1074 761488 18860 12072 742628 4915 737713 5066 4052 1014 732647 8328 5404 4511 893 3521 8551 7970 5964 1815 4465 724319 12291 7958 5031 3494 1725 1537 712028
cat_boundaries=0 2 4 6 8 10 13 14 16 18 20 22
cat_threshold=1619277831 3494922276 1435240507 994575401 1687851526 340407498 3670807328 3417245959 1588089385 969054260 2164802130 3686961288 1 18 378668040 1909060 33570884 182544 51266 4261192920 1317810353 151588
is_linear=0
shrinkage=0.06


Tree=180
num_leaves=31
num_cat=9
split_feature=27 121 104 59 132 104 104 140 104 35 109 104 104 115 132 120 104 125 104 104 133 110 113 127 126 115 132 25 109 6
split_gain=154.051 170.248 363.361 290.912 281.454 501.099 354.081 253.47 239.449 201.578 270.535 580.933 359.473 267.49 208.417 207.992 347.874 262.434 336.64 255.672 238.094 222.39 204.89 201.122 196.621 192.077 206.634 260.073 289.451 191.472
threshold=330.37875000000003 991.05000000000007 0 132.57500000000002 0.34537287020513602 1 2 7.5000000000000009 3 164.02000000000001 72.500000000000014 4 5 -1.5993435765260993 -0.94941398590724801 94.500000000000014 6 0.32005000000000011 7 8 0.99855310097228334 11.65 338.50000000000006 0.59774158431927682 297.55000000000007 -1.5993435765260993 0.32917936166072764 0.83791288566243205 512.50000000000011 252.70000000000002
decision_type=8 2 1 10 2 1 1 2 1 8 2 1 1 2 2 2 1 2 1 1 2 2 2 2 2 2 2 8 2 10
left_child=1 4 3 -3 6 8 -1 -7 -6 10 11 14 -12 24 -8 17 22 19 20 -11 -19 -18 23 -17 -14 -21 27 -27 -29 -9
right_child=-2 2 -4 -5 5 7 9 29 -10 15 12 -13 13 -15 -16 16 21 18 -20 25 -22 -23 -24 -25 -26 26 -28 28 -30 -31
leaf_value=0.10947319266650367 -0.065136137832965915 -0.14899612062025397 0.087089682549982964 0.031783088588910859 0.67823413587922587 -0.0070012820421882791 -0.632091837699991 -0.19429234231692588 -0.030219242342787566 -0.11289774791725278 0.096444337558992704 -0.049669202971515461 0.2288100914521658 -0.023590174753674302 -0.21756349636723654 0.17818771598559863 0.40845250895860996 0.26234499385099863 -0.053762058935200509 0.11058546614583228 -2.0307383906273544 -0.2048387585986623 -0.84299814539257834 0.83385171440897066 -0.22594926635597007 0.0022348974245772978 0.33886599866684491 -0.10927103297212298 -0.53652870672087605 -0.5352020589598
leaf_weight=53555 179577 38608 148692 58013 3312 4987 3955 9551 21262 48568 11937 11298 423 13756 1369 4303 2733 15816 19074 27356 420 6753 499 5090 3752 46797 796 12778 2558 5406
leaf_count=53555 179577 38608 148692 58013 3312 4987 3955 9551 21262 48568 11937 11298 423 13756 1369 4303 2733 15816 19074 27356 420 6753 499 5090 3752 46797 796 12778 2558 5406
internal_value=-0.000124876 0.000348121 0.0015514 -0.00131323 -0.000524926 -0.00497046 0.000149189 -0.0120331 0.000766321 -0.000835104 -0.00438278 -0.010518 -0.000968228 -0.00633709 -0.0268341 1.70506e-05 0.00591362 -0.000639053 0.0039795 -0.00181356 0.0103256 -0.00229967 0.0137776 0.0157824 -0.0196408 7.50864e-05 -0.00174956 -0.00213893 -0.00891961 -0.0159446
internal_weight=762994 583417 245313 96621 338104 44518 293586 19944 24574 240031 46490 16622 29868 17931 5324 193541 19378 174163 35310 138853 16236 9486 9892 9393 4175 90285 62929 62133 15336 14957
internal_count=762994 583417 245313 96621 338104 44518 293586 19944 24574 240031 46490 16622 29868 17931 5324 193541 19378 174163 35310 138853 16236 9486 9892 9393 4175 90285 62929 62133 15336 14957
cat_boundaries=0 2 4 6 8 10 13 15 18 20
cat_threshold=1992730169 268464228 3039841429 420442602 12755512 67117060 67108864 151650368 807471106 1073791680 2967552 842646018 1 2872382724 2148079595 1073762627 4223702041 1 2164263298 3145204747
is_linear=0
shrinkage=0.06


Tree=181
num_leaves=31
num_cat=8
split_feature=0 132 115 120 104 84 104 72 140 129 104 132 133 104 52 137 104 133 104 130 67 1 104 124 132 35 104 115 133 132
split_gain=163.101 264.985 178.588 297.554 372.363 291.177 187.186 176.092 174.627 418.986 332.955 627.233 322.68 314.917 282.162 380.85 276.939 259.65 452.329 257.251 278.284 249.999 253.369 272.617 263.836 246.249 241.275 238.819 232.688 225.095
threshold=118.43666666666668 -0.97670382270880773 1.8859116222410479 30.500000000000004 0 2.7470833333333338 1 3.7650000000000001 27.000000000000004 184.50000000000003 2 0.025799818015934263 0.94066717844141279 3 2.3071049326842679 0.015719683812837577 4 0.90438663683299525 5 -0.91597561503675329 157.50000000000003 58.275000000000006 6 0.12166666666666667 -0.97670382270880773 334.94500000000005 7 0.99815618170708553 0.88917497572200743 -0.33323705862247266
decision_type=2 2 2 2 1 10 1 2 2 2 1 2 2 1 2 2 1 2 1 2 2 10 1 2 2 10 1 2 2 2
left_child=8 -2 7 4 -4 6 -5 -3 21 14 12 19 17 -14 27 26 -17 28 -19 -12 -21 -1 23 -23 -25 -15 -16 -10 -11 -22
right_child=1 2 3 5 -6 -7 -8 -9 9 10 11 -13 13 25 15 16 -18 18 -20 20 29 22 -24 24 -26 -27 -28 -29 -30 -31
leaf_value=-0.092388363125774545 -0.71156322721342891 -0.0131169193570949 -1.3950726912932301 0.30187396347799617 -0.056004829566674061 0.8298621466293099 -0.26574242340915816 -0.29115018865245529 0.0027922689523924757 -0.020870777874299619 -0.017339495775249816 -0.00628712940904137 -0.17485981734359299 0.42544832915271796 0.042640672504138874 -0.17183921841315764 0.12837492032439271 -0.38783197741131714 0.20862801623476826 1.3257676789249111 0.45379728939664771 0.10936198728635446 -0.044953029550635362 0.11707185442922707 -0.026614363952248112 -0.021698984186273407 -0.21854093774119773 0.37804022961741679 0.48712308957291978 2.071093690547249
leaf_weight=12844 1423 379548 2322 1611 2095 770 5391 10430 33023 30351 3967 19424 4114 9897 4271 5057 8334 2976 1685 2295 19451 22513 86161 10007 49886 3646 16475 6215 1141 5232
leaf_count=12844 1423 379548 2322 1611 2095 770 5391 10430 33023 30351 3967 19424 4114 9897 4271 5057 8334 2976 1685 2295 19451 22513 86161 10007 49886 3646 16475 6215 1141 5232
internal_value=-9.11933e-05 -0.000918752 -0.000827266 -0.00797867 -0.020412 -0.000910845 -0.00476367 -0.000603725 0.000839244 0.0021769 0.00462296 0.00812823 0.00134 0.00798845 -0.00129606 -0.00528502 0.00260305 -0.00190684 -0.0151223 0.0134344 0.0155321 -0.00046998 0.000144867 0.00252327 0.00040772 0.0123993 -0.0103764 0.00217437 4.95348e-05 0.0136728
internal_weight=762555 403590 402167 12189 4417 7772 7002 389978 358965 177554 104179 50369 53810 17657 73375 34137 13391 36153 4661 30945 26978 181411 168567 82406 59893 13543 20746 39238 31492 24683
internal_count=762555 403590 402167 12189 4417 7772 7002 389978 358965 177554 104179 50369 53810 17657 73375 34137 13391 36153 4661 30945 26978 181411 168567 82406 59893 13543 20746 39238 31492 24683
cat_boundaries=0 3 5 7 9 11 13 16 18
cat_threshold=83604772 1152735911 1 574886918 272635272 1074124882 318743640 1074003984 8396800 1613070370 153513966 1073758274 273777688 1411278434 307356700 1 2701393920 185230400
is_linear=0
shrinkage=0.06


Tree=182
num_leaves=31
num_cat=8
split_feature=21 132 19 104 110 104 104 132 129 104 111 131 98 130 140 104 109 104 124 127 104 130 109 113 122 115 127 104 132 126
split_gain=152.756 444.541 329.25 351.63 278.915 406.786 296.128 185.22 1098.69 470.151 304.66 285.512 282.862 234.329 221.222 213.749 201.323 404.438 260.882 377.3 358.124 259.388 219.653 388.253 341.087 431.769 340.199 321.418 291.062 280.494
threshold=118.31666666666668 -0.96875021044074028 62.027222222222228 0 16.650000000000002 1 2 0.61490419508004501 172.50000000000003 3 93.500000000000014 -0.37940952255126015 0.58741554219704073 -0.78656609248549303 7.5000000000000009 4 17.500000000000004 5 0.84833333333333349 0.54547471745755616 6 0.60355339059327384 1152.5000000000002 35.500000000000007 0.13578691908267868 -1.9516307964286037 133.84920807395872 7 -0.75508121410430273 3738.3500000000004
decision_type=10 2 8 1 2 1 1 2 2 1 2 2 2 2 2 1 2 1 2 2 1 2 2 2 2 2 2 1 2 2
left_child=2 -2 3 -1 5 -4 -6 12 -9 13 11 15 16 -10 -13 -11 17 -3 22 -20 -21 -19 29 -24 25 26 28 -26 -25 -18
right_child=1 7 4 -5 6 -7 -8 8 9 10 -12 14 -14 -15 -16 -17 18 21 19 20 -22 -23 23 24 27 -27 -28 -29 -30 -31
leaf_value=0.057800746100752462 -0.22517738668229695 -0.15976966718472396 -0.12103513478751921 -0.058804673946060926 0.15265711891490369 0.19826602421030856 0.019874588382057325 -0.74719087350553759 -0.14722736851859167 -0.18740507478782631 1.863785942657729 0.013319740150562325 0.32103561210061909 0.50602389353455057 -0.46791697845026015 0.17179025141484827 -0.0080227035457224351 0.69261927368434983 0.13775180221655375 -0.01859798199602352 -1.0131687155744316 -0.42413876493915892 1.9802443093544309 -0.9063554928412566 0.16369068206440943 0.52117657886509505 3.5302245531429279 -0.37240235139965761 0.16967320739237521 -0.28162272074553896
leaf_weight=24539 13555 12942 14347 39452 28346 8785 17600 2265 2496 2696 572 2509 3243 7226 7982 3568 517263 18772 3370 1756 2894 2509 1073 2004 2921 5591 1030 4005 1609 5574
leaf_count=24539 13555 12942 14347 39452 28346 8785 17600 2265 2496 2696 572 2509 3243 7226 7982 3568 517263 18772 3370 1756 2894 2509 1073 2004 2921 5591 1030 4005 1609 5574
internal_value=-4.65839e-05 -0.000437065 0.00180041 -0.00130048 0.00467291 -0.000700298 0.00737807 -0.000200497 -0.00485485 -0.00149279 -0.00741608 -0.00889114 3.21196e-05 0.00906195 -0.0149428 0.00124501 -6.61393e-05 0.00439867 -0.000344424 -0.0110859 -0.022163 0.00948243 -0.000185188 0.00628825 0.00409766 0.0110562 -0.0024677 -0.0061845 -0.01114 -0.000410949
internal_weight=762494 629425 133069 63991 69078 23132 45946 615870 29314 27049 17327 16755 586556 9722 10491 6264 583313 34223 549090 8020 4650 21281 541070 18233 17160 10234 4643 6926 3613 522837
internal_count=762494 629425 133069 63991 69078 23132 45946 615870 29314 27049 17327 16755 586556 9722 10491 6264 583313 34223 549090 8020 4650 21281 541070 18233 17160 10234 4643 6926 3613 522837
cat_boundaries=0 2 4 7 10 12 15 17 19
cat_threshold=1544345973 2872549399 1958932563 8692764 885703291 3653330136 1 891388053 227148640 1 1120811560 1343308816 306651555 306520973 1 1713621611 3221349944 416073943 885022174
is_linear=0
shrinkage=0.06


Tree=183
num_leaves=31
num_cat=12
split_feature=8 0 128 104 104 133 132 104 104 132 104 135 104 111 115 128 132 104 123 130 104 136 17 132 132 131 104 104 104 104
split_gain=149.009 241.745 228.518 217.346 167.28 178.943 800.168 536.375 275.85 299.713 274.464 260.903 278.054 198.475 252.01 352.197 253.468 159.877 158.606 155.706 149.812 213.355 144.447 192.814 688.039 652.622 418.089 320.75 310.719 249.714
threshold=223.00375000000003 155.01000000000002 1.3614719629906348e-05 0 1 0.94909129669788206 -0.26762560548918296 2 3 0.17963823861099873 4 1.0000000180025095e-35 5 57.500000000000007 -1.9889672520608153 0.0013979989918000426 -0.047287273540950005 6 0.10215842658268874 0.60355339059327384 7 1.0000000180025095e-35 124.18729946136476 -0.13291928626387098 -0.098749067963353782 0.37940952255126048 8 9 10 11
decision_type=10 2 2 1 1 2 2 1 1 2 1 2 1 2 2 2 2 1 2 2 1 2 10 2 2 2 1 1 1 1
left_child=22 18 3 -3 -4 11 7 -7 -8 13 -9 20 -13 14 -10 -16 -17 -11 -2 -12 21 -6 -1 28 25 29 -27 -26 -24 -25
right_child=1 2 4 -5 5 6 8 10 9 17 19 12 -14 -15 15 16 -18 -19 -20 -21 -22 -23 23 24 27 26 -28 -29 -30 -31
leaf_value=-0.010948496489711202 -1.0981426376223635 -0.040495422412783456 -0.24435132553680061 -0.86405647296150279 -0.12649774734148167 -3.0475283255405574 -0.54916042859032044 3.883270648362787 1.2924784827617315 0.18624040928093846 1.9429552860452037 -0.38995866877898833 1.0090075926903597 0.40136025148511861 0.45638762543349798 -1.3403686158602375 2.3756905944026721 -0.42087768873254244 1.1184122336681388 -0.4743287168110305 -0.29007391317097586 1.0369537774364874 -0.0061274380908261606 -0.19806667831723671 0.10541106724877124 -0.687321555695665 1.087932106754286 -0.042177205185904398 0.20001989587259969 -1.089655549338133
leaf_weight=360462 386 2457 25822 2747 17840 526 7340 2589 585 556 2584 3553 6103 16999 1134 1805 176 1977 3727 892 33799 2846 64041 1049 48158 1282 1528 70663 75320 3648
leaf_count=360462 386 2457 25822 2747 17840 526 7340 2589 585 556 2584 3553 6103 16999 1134 1805 176 1977 3727 892 33799 2846 64041 1049 48158 1282 1528 70663 75320 3648
internal_value=-0.000144769 -0.00194146 -0.00238674 -0.0147089 -0.00188221 -0.000782905 0.00252987 0.0214897 -0.00155824 0.00164695 0.0265142 -0.00270244 0.00638708 0.00403188 -0.00855985 -0.0153466 -0.0306054 -0.0178295 0.0123821 0.0153829 -0.0043134 -0.000289897 0.000246745 0.00130822 -0.000389459 -0.0180048 0.0048666 0.000723603 0.00284712 -0.0316858
internal_weight=762594 136443 132330 5204 127126 101304 37163 6591 30572 23232 6065 64141 9656 20699 3700 3115 1981 2533 4113 3476 54485 20686 626151 265689 126328 7507 2810 118821 139361 4697
internal_count=762594 136443 132330 5204 127126 101304 37163 6591 30572 23232 6065 64141 9656 20699 3700 3115 1981 2533 4113 3476 54485 20686 626151 265689 126328 7507 2810 118821 139361 4697
cat_boundaries=0 2 5 7 9 11 13 15 17 19 21 23 25
cat_threshold=1731385559 101488508 1982029891 2420163612 1 0 151257664 572 1269891072 138938628 1140856867 30445956 537790659 9469952 795200 16779832 163328192 3863110346 423986908 2285454468 343632840 3226588288 1073473232 335577089 112607552
is_linear=0
shrinkage=0.06


Tree=184
num_leaves=31
num_cat=9
split_feature=124 104 111 104 112 112 104 119 104 121 104 83 104 109 131 113 69 54 126 104 104 132 127 104 111 120 129 111 121 112
split_gain=143.962 246.201 142.829 326.517 256.134 193.89 240.501 192.808 184.262 167.769 156.044 155.608 270.526 403.36 233.587 223.009 222.182 204.826 198.263 450.332 324.827 444.666 263.401 381.094 375.359 486.415 479.88 301.199 284.72 276.383
threshold=0.95833333333333337 0 34.500000000000007 1 3.2650000000000001 3.5350000000000006 2 683.50000000000011 3 989.55000000000007 4 2.7550000000000003 5 47.500000000000007 0.78656609248549303 328.50000000000006 9.1500000000000004 11.266302581936781 158.07500000000002 6 7 -0.88965196910377931 21.72595923397094 8 51.500000000000007 27.500000000000004 76.500000000000014 56.500000000000007 981.75000000000011 2.6950000000000007
decision_type=2 1 2 1 2 2 1 2 1 2 1 10 1 2 2 2 2 10 2 1 1 2 2 1 2 2 2 2 2 2
left_child=2 -2 3 -1 9 6 -6 -8 -7 10 -5 18 -13 15 -15 16 17 -14 20 -20 21 -4 28 -24 26 -26 -25 -27 -21 -28
right_child=1 -3 11 4 5 8 7 -9 -10 -11 -12 12 13 14 -16 -17 -18 -19 19 22 -22 -23 23 24 25 27 29 -29 -30 -31
leaf_value=-0.3124324134960163 0.52248055551099237 -0.95834233141542113 -0.39751914654975107 -0.37459415966122006 -0.092198043478348229 0.60651082151602254 1.6860484099392743 -0.69943828188614865 -0.074125357354839841 0.063247397237403649 -1.7988511327523198 -0.025889183943214107 1.5287996275948672 0.06569717771353567 -0.22314313671201402 -0.17098839233529162 0.30746177013577292 0.26351218304260282 0.079389640950094389 0.17239299001352398 -0.025623734947459977 -0.11119214075015889 -0.084226091536871897 4.5906553872954898 2.5118922761145086 2.7213326871629073 -0.77405621435083427 -0.64203198291100139 -0.043570126159603144 0.21438126310521596
leaf_weight=5540 352 771 9007 1759 875 1140 1191 283 5984 1572 633 66622 7305 46100 9036 3439 10380 3806 109656 3930 259079 27865 8302 673 4794 213 1978 1124 165553 3424
leaf_count=5540 352 771 9007 1759 875 1140 1191 283 5984 1572 633 66622 7305 46100 9036 3439 10380 3806 109656 3930 259079 27865 8302 673 4794 213 1978 1124 165553 3424
internal_value=-0.000162122 -0.0216192 -0.000130441 -0.00527031 -0.000209697 0.00514883 0.0200936 0.0347475 0.000218947 -0.0130139 -0.0230171 9.69975e-07 0.00175146 0.00410155 0.00123837 0.0104352 0.0127052 0.0186015 -0.000430155 0.000657772 -0.00153167 -0.00679988 -0.00110936 0.00531279 0.0120521 0.0225342 0.00149111 -0.00946188 -0.00188655 -0.00446419
internal_weight=762386 1123 761263 18977 13437 9473 2349 1474 7124 3964 2392 742286 146688 80066 55136 24930 21491 11111 595598 299647 295951 36872 189991 20508 12206 6131 6075 1337 169483 5402
internal_count=762386 1123 761263 18977 13437 9473 2349 1474 7124 3964 2392 742286 146688 80066 55136 24930 21491 11111 595598 299647 295951 36872 189991 20508 12206 6131 6075 1337 169483 5402
cat_boundaries=0 2 4 6 8 10 12 14 16 18
cat_threshold=881065991 3497154628 1435240491 457180200 57664 1083099217 536903808 8527936 572579920 3138134 4076037320 605922004 2994179456 537469889 539035648 9088 1090535490 1388741658
is_linear=0
shrinkage=0.06


Tree=185
num_leaves=31
num_cat=10
split_feature=21 24 104 137 104 103 104 127 111 114 132 111 115 104 114 122 120 104 111 104 137 125 104 104 137 104 21 20 123 104
split_gain=171.696 166.316 157.821 140.987 609.786 254.075 428.2 266.408 219.37 209.919 207.077 228.42 201.431 200.78 200.345 292.256 194.439 170.018 166.503 164.198 155.547 154.233 167.268 151.788 150.21 162.299 150.047 143.469 148.104 142.647
threshold=752.87500000000011 -187.63663194444445 0 0.44064828010201723 1 0.16210544303708729 2 2.7979542081939068 39.500000000000007 -0.14913154157920147 -0.931957157303682 58.500000000000007 1.8859116222410479 3 0.57622964287356682 0.45147713484613167 92.500000000000014 4 76.500000000000014 5 0.85826565528689469 0.39271666666666677 6 7 0.22623637047664433 8 115.88333333333335 18.046760923256112 0.76434924379676961 9
decision_type=10 8 1 2 1 2 1 2 2 2 2 2 2 1 2 2 2 1 2 1 2 2 1 1 2 1 10 10 2 1
left_child=1 -1 -2 5 12 -3 16 8 -8 13 14 29 -5 24 17 -16 18 20 -7 -10 -6 -21 -23 -18 -9 -26 -19 -22 -29 -12
right_child=2 3 -4 4 10 6 7 9 19 -11 11 -13 -14 -15 15 -17 23 26 -20 21 27 22 -24 -25 25 -27 -28 28 -30 -31
leaf_value=0.95517664857539897 -0.9617029585967205 0.00032277308906202506 -0.14132184459476518 0.71299650062047593 -0.60604741886127322 -0.36590628583481732 -1.5079991215541242 -0.14591873409374051 0.14979911499292073 -0.030125706257163359 -0.2438675286627307 -0.83645404623091624 -3.0171076188937156 0.86745279371084061 1.0363571862990477 0.087646958160854632 -0.72950587293989932 0.4191686260977312 -0.99419729747535923 -0.32992496438182028 2.03185264674753 -0.46600457248255805 0.53856427270501683 0.37834264866716294 -0.18433684099661746 0.62166460503130905 -0.068446110823385309 -0.89128473073480119 0.93394747224894725 0.28361119514221078
leaf_weight=3122 3177 691803 7428 10376 2259 6582 773 1662 3554 6825 462 1683 179 2280 843 3102 384 525 2774 4174 215 880 1080 879 417 661 3393 410 426 512
leaf_count=3122 3177 691803 7428 10376 2259 6582 773 1662 3554 6825 462 1683 179 2280 843 3102 384 525 2774 4174 215 880 1080 879 417 661 3393 410 426 512
internal_value=-0.000129935 -2.30513e-05 -0.00771073 -8.06553e-05 0.00440663 -0.000231645 -0.00538116 -0.000656002 -0.00763334 0.00550566 -0.00388411 -0.0189391 0.0152584 0.0148178 -0.000306068 0.0105677 -0.0152907 -0.00624153 -0.0182879 -0.005177 -0.016224 -0.0111115 0.0027537 0.00678797 0.00379498 0.0212419 0.00222957 0.00279468 -0.00845878 0.00418462
internal_weight=762840 752235 10605 749113 24385 724728 32925 22306 10461 11845 13830 2657 10555 5020 11173 3945 10619 7228 9356 9688 3310 6134 1960 1263 2740 1078 3918 1051 836 974
internal_count=762840 752235 10605 749113 24385 724728 32925 22306 10461 11845 13830 2657 10555 5020 11173 3945 10619 7228 9356 9688 3310 6134 1960 1263 2740 1078 3918 1051 836 974
cat_boundaries=0 3 5 7 10 12 14 16 18 20 22
cat_threshold=576791560 697057796 1 3101599676 1074927815 2352291593 2753059 21160160 432382160 1 86050816 2615681536 34217988 3532722372 1908408352 536882432 2214594569 2228224 4366368 159449088 1124077570 707616808
is_linear=0
shrinkage=0.06


Tree=186
num_leaves=31
num_cat=7
split_feature=6 69 131 104 139 111 139 104 139 122 104 104 132 136 104 139 115 139 109 104 132 132 127 99 132 132 120 104 98 132
split_gain=149.858 280.589 283.096 336.042 271.529 271.112 395.233 498.3 436.594 644.161 491.684 428.269 419.456 407.691 631.713 542.156 609.126 482.046 417.016 363.422 506.603 381.553 372.284 356.478 523.025 781.308 600.254 590.816 530.562 522.561
threshold=301.06500000000005 11.450000000000001 -0.37940952255126015 0 57.500000000000007 71.500000000000014 51.500000000000007 1 46.500000000000007 0.4596396520331168 2 3 -0.67086170185690197 1.0000000180025095e-35 4 44.500000000000007 -1.3914564202159485 43.500000000000007 67.500000000000014 5 0.025799818015934263 0.077330756371236084 1.3231830843984487 0.93469109537144635 -0.13291928626387098 -0.081617596240696269 19.500000000000004 6 0.16269055358644466 -0.3169700421330815
decision_type=10 2 2 1 2 2 2 1 2 2 1 1 2 2 1 2 2 2 2 1 2 2 2 2 2 2 2 1 2 2
left_child=-1 5 3 4 -3 6 8 -8 13 11 -11 -10 -9 15 -15 17 -17 23 -19 -7 22 -22 -21 -2 27 -26 -27 -25 -28 -29
right_child=1 2 -4 -5 -6 19 7 12 9 10 -12 -13 -14 14 -16 16 -18 18 -20 20 21 -23 -24 24 25 26 28 29 -30 -31
leaf_value=0.015680209897328722 -0.18638265571097903 0.099289826500333467 -0.18841492229317522 -0.12702366228933371 0.89580547114135756 -0.075105512095339 -0.56038499943304887 -0.65062476774366484 0.10997908468685409 0.73919568118090861 -1.1161696896368072 1.2033895142139188 0.1570078149598072 0.96123274626507416 -0.28709288432511271 -1.6858455815353417 0.28582383432050562 -0.51884026610193701 2.6919882671471789 -0.028731621678105342 -0.91416864797439268 0.022599738944961416 0.67087560741543029 -0.44653783492398075 -1.1048272817318616 0.15740767869803335 0.012185267837784295 -0.64347950725473846 -0.38615404224275263 1.4760164978704478
leaf_weight=314153 37816 25173 100125 29170 3081 44783 11103 5024 4143 2705 3571 7128 11373 7520 5320 3759 2308 913 1826 13570 2808 39703 40099 2372 3105 19732 6045 1156 4700 8329
leaf_count=314153 37816 25173 100125 29170 3081 44783 11103 5024 4143 2705 3571 7128 11373 7520 5320 3759 2308 913 1826 13570 2808 39703 40099 2372 3105 19732 6045 1156 4700 8329
internal_value=-0.000149092 -0.000853051 -0.00289242 0.000465999 0.0051286 0.000251416 -0.00152452 -0.00802444 -6.468e-05 0.00869501 -0.00671021 0.0172729 -0.00137128 -0.00153 0.00848532 -0.00292694 -0.0202604 -0.00170382 0.0230584 0.00214055 0.00421911 -0.000673222 0.00809503 -0.00251874 0.00106294 -0.00276211 0.000159459 0.0118958 -0.0112507 0.0185826
internal_weight=762613 448460 157549 57424 28254 290911 149948 27500 122448 17547 6276 11271 16397 104901 12840 92061 6067 85994 2739 140963 96180 42511 53669 83255 45439 33582 30477 11857 10745 9485
internal_count=762613 448460 157549 57424 28254 290911 149948 27500 122448 17547 6276 11271 16397 104901 12840 92061 6067 85994 2739 140963 96180 42511 53669 83255 45439 33582 30477 11857 10745 9485
cat_boundaries=0 2 5 7 10 13 15 17
cat_threshold=1046350231 537468331 3570155719 341507386 1 2273587260 2333147492 877185121 797622356 1 520896305 263145509 1 1660969594 457622556 1073791042 432718936
is_linear=0
shrinkage=0.06


Tree=187
num_leaves=31
num_cat=1
split_feature=28 137 137 133 111 111 110 59 139 122 106 133 133 115 140 111 119 110 133 115 133 109 133 108 127 114 111 111 137 98
split_gain=154.194 211.973 314.815 649.788 314.576 270.406 409.553 407.291 457.729 240.398 346.406 287.076 329.667 368.436 239.15 237.02 290.578 231.126 213.127 400.538 211.868 229.924 333.172 260.469 209.323 216.719 285.671 204.678 202.53 213.301
threshold=344.82356878386605 0.0015243686735370938 9.3660448349731503e-09 0.94909129669788206 70.500000000000014 76.500000000000014 11.450000000000001 804.73000000000013 62.500000000000007 0.49661736981649779 0 0.69365242823668682 0.64248926378905724 -1.510759635770792 2.5000000000000004 54.500000000000007 78.500000000000014 11.65 0.66846643669171102 -1.1505633835406821 0.74298546529340237 652.50000000000011 0.70747208174348741 77.357900000000015 0.49718561527731503 1.5658146450590427 97.500000000000014 83.500000000000014 6.5078511944142929e-10 -0.13291928626387098
decision_type=8 2 2 2 2 2 2 8 2 2 1 2 2 2 2 2 2 2 2 2 2 2 2 2 2 2 2 2 2 2
left_child=-1 2 15 5 -5 6 -4 8 17 11 -11 12 13 -8 -9 16 -2 -7 19 -12 21 23 -23 -13 27 26 -26 -17 29 -27
right_child=1 -3 3 4 -6 7 9 14 -10 10 18 20 -14 -15 -16 24 -18 -19 -20 -21 -22 22 -24 -25 25 28 -28 -29 -30 -31
leaf_value=0.0073021273316059877 -1.8450385088891095 -0.2431650413419453 -1.7833399154952518 2.4503255550788854 0.6832388363076296 -0.91724540086785511 -4.2049654055951322 -0.4590967605091188 1.3400629159525805 1.0438156718883729 -1.3154773130793755 -0.37666526355301244 0.67963211061299833 0.1615930904762152 1.5906833098261952 0.038685355873780053 -0.26958205598223128 -0.042120390096920632 -0.69757596557160806 4.1244093372247477 0.029365362769596573 0.19417523737913342 -1.4679803542492407 2.5279159397536968 0.44357588246891166 -1.0952909576205165 -0.78231203316673137 -0.66166260545604305 0.068509136636635048 -0.20098919999639803
leaf_weight=607094 1069 26775 1527 3546 5250 3138 494 920 2480 2700 1038 3159 8355 732 6606 3656 5080 7650 11031 1076 17423 681 1713 385 14387 2033 2341 6933 7527 5603
leaf_count=607094 1069 26775 1527 3546 5250 3138 494 920 2480 2700 1038 3159 8355 732 6606 3656 5080 7650 11031 1076 17423 681 1713 385 14387 2033 2341 6933 7527 5603
internal_value=-0.000109391 -0.00179642 -0.000784695 0.00153182 0.0169149 -0.000371261 -0.00274988 0.00538399 -0.000940538 -0.00179183 -0.00786445 0.00112922 0.00987477 -0.0191687 0.0165325 -0.00459099 -0.0156 -0.00628418 -0.0118805 0.00556028 -0.00245784 -0.0122445 -0.0266054 -0.00253879 -0.0029971 -0.000570049 0.00413892 -0.0103059 -0.00576497 -0.0126489
internal_weight=762402 155308 128533 79904 8796 71108 50314 20794 13268 48787 15845 32942 9581 1226 7526 48629 6149 10788 13145 2114 23361 5938 2394 3544 42480 31891 16728 10589 15163 7636
internal_count=762402 155308 128533 79904 8796 71108 50314 20794 13268 48787 15845 32942 9581 1226 7526 48629 6149 10788 13145 2114 23361 5938 2394 3544 42480 31891 16728 10589 15163 7636
cat_boundaries=0 1
cat_threshold=12
is_linear=0
shrinkage=0.06


Tree=188
num_leaves=31
num_cat=6
split_feature=8 0 124 110 104 58 131 120 109 16 104 19 132 129 104 131 98 104 31 104 104 140 110 1 133 139 140 0 129 120
split_gain=146.181 222.959 183.111 320.879 271.776 185.263 224.646 192.984 164.581 155.254 207.505 164.294 231.905 749.02 346.432 275.607 232.041 265.84 223.507 356.405 283.356 335.941 292.006 235.601 222.721 218.75 210.282 284.863 193.662 324.967
threshold=240.31666666666669 155.01000000000002 0.50833333333333341 24.850000000000005 0 96.100000000000009 -0.5 19.500000000000004 822.50000000000011 57.403750000000009 1 99.865972222222226 0.61490419508004501 172.50000000000003 2 -0.37940952255126015 0.57340843044527534 3 87.377521728016376 4 5 4.5000000000000009 8.0500000000000025 241.25625000000002 0.99445195900249039 59.500000000000007 4.5000000000000009 44.621250000000011 46.500000000000007 92.500000000000014
decision_type=10 2 2 2 1 2 2 2 2 8 1 10 2 2 1 2 2 1 10 1 1 2 2 8 2 2 2 2 2 2
left_child=9 8 -3 4 5 7 -7 -4 -2 10 -1 26 16 -14 -15 -16 18 -18 19 -13 21 23 24 -20 -23 -21 27 -11 -24 -30
right_child=1 2 3 -5 -6 6 -8 -9 -10 11 -12 12 13 14 15 -17 17 -19 20 25 -22 22 28 -25 -26 -27 -28 -29 29 -31
leaf_value=-0.083350595498978636 1.5236868288155498 -0.16549160677892244 1.8948154237034798 -0.89563541671041824 -0.22139666611552 2.2907996582957351 0.51720046127816766 -0.6876085119393599 -1.0441965862039873 -0.072983633507920864 0.0088636365406937045 -0.2600955048193086 -1.0866196691046928 0.5655870740429304 0.094203748232696394 -0.37894939603751682 0.43242401163485283 -0.071730567043528454 -0.20792738718433668 0.0066190451201624968 -0.029371827866830669 -0.27307421827652573 -0.096017244087383061 0.066559183660980917 0.80440743731368791 -0.51404546444428967 0.023427160547356607 0.13247652551214514 0.16248284646255653 0.68466159064858567
leaf_weight=38393 2784 87137 328 2034 8973 2908 7701 1389 389 4524 45503 21174 1345 2836 3315 5914 3059 2049 12982 60518 160986 5867 9541 14645 809 2060 125080 24994 93695 9440
leaf_count=38393 2784 87137 328 2034 8973 2908 7701 1389 389 4524 45503 21174 1345 2836 3315 5914 3059 2049 12982 60518 160986 5867 9541 14645 809 2060 125080 24994 93695 9440
internal_value=-0.000101997 -0.00208704 -0.0025375 0.00218308 0.00435775 0.0101354 0.0131027 -0.00813737 0.0135917 0.000245742 -0.00216265 0.000603469 -2.47175e-05 -0.00778465 -0.00304823 -0.00868182 0.000237535 0.0129419 7.18374e-05 -0.00267644 0.000819246 0.00272386 0.00410413 -0.00323802 -0.00808746 -0.000398792 0.00227039 0.00682543 0.00482654 0.00558311
internal_weight=762372 113643 110470 23333 21299 12326 10609 1717 3173 648729 83896 564833 410235 13410 12065 9229 396825 5108 391717 83752 307965 146979 119352 27627 6676 62578 154598 29518 112676 103135
internal_count=762372 113643 110470 23333 21299 12326 10609 1717 3173 648729 83896 564833 410235 13410 12065 9229 396825 5108 391717 83752 307965 146979 119352 27627 6676 62578 154598 29518 112676 103135
cat_boundaries=0 2 5 7 9 11 14
cat_threshold=2554038532 1837120499 2847091622 2120421 1 83951748 160038976 2904297492 260712932 3409549588 2743605249 2889486228 1082858407 1
is_linear=0
shrinkage=0.06


Tree=189
num_leaves=31
num_cat=7
split_feature=28 104 126 20 111 139 104 132 115 127 104 81 104 115 104 111 122 104 133 111 119 98 25 104 125 129 18 119 19 109
split_gain=140.606 282.93 165.416 160.045 321.018 258.448 226.167 162.444 154.115 164.231 152.356 133.15 178.429 139.315 182.706 133.277 152.726 152.652 150.796 146.546 193.974 155.755 132.801 220.663 384.939 176.836 173.459 177.895 143.483 152.055
threshold=344.82356878386605 0 3738.3500000000004 104.41333201082708 56.500000000000007 46.500000000000007 1 -0.60467950862903008 1.8859116222410479 0.027229624622079215 2 11.500000000000002 3 -1.6534326913703528 4 73.500000000000014 0.4641927727764687 5 0.96407344085605606 49.500000000000007 201.50000000000003 -0.80860773948975517 0.37562678645638398 6 0.29136666666666666 1.5000000000000002 33.633333333333361 645.50000000000011 98.82309027777778 687.50000000000011
decision_type=10 1 2 8 2 2 1 2 2 2 1 2 1 2 1 2 2 1 2 2 2 2 8 1 2 2 10 2 10 2
left_child=10 2 3 -2 -5 -6 -7 -8 9 -3 22 13 -13 14 -11 16 18 -18 19 -15 -21 -22 23 24 25 -1 -27 -28 29 -24
right_child=1 8 -4 4 5 6 7 -9 -10 11 -12 12 -14 15 -16 -17 17 -19 -20 20 21 -23 28 -25 -26 26 27 -29 -30 -31
leaf_value=0.27003564217854809 -0.036002538191438019 -0.62229335280598153 -0.54054813619683706 -0.2064136326228504 0.21687699266997582 -0.49245051720782468 2.591123421826298 0.18389952740586749 -0.85506066756220966 0.26725741030185474 0.024469343935508051 0.31640900692188523 -0.21034841220823877 -0.30131792321460155 -0.18513068209762848 -0.15022356900652184 -0.99096402096877512 -0.40250732655893046 -0.71544962072307805 -0.55608571009379515 -0.37158770430973959 1.6902486967142032 0.060882497009710476 0.0023193029573842236 -0.74901348527261125 -0.31214206522719695 -0.16844175101063158 0.26230337669212311 -0.038955469748011069 -0.050691104801208406
leaf_weight=591 50689 2297 1941 8770 9846 1200 5588 1293 2104 5828 365557 9893 9022 4392 9520 14974 5458 4315 1685 1162 519 1907 58692 17977 3710 1916 8065 1204 140773 12083
leaf_count=591 50689 2297 1941 8770 9846 1200 5588 1293 2104 5828 365557 9893 9022 4392 9520 14974 5458 4315 1685 1162 519 1907 58692 17977 3710 1916 8065 1204 140773 12083
internal_value=-8.50097e-05 -0.00171531 0.000766089 0.0012002 0.00495992 0.00956158 0.017513 0.021686 -0.00440844 -0.00393445 0.000321929 -0.00340643 0.000878621 -0.00503527 -0.000281452 -0.00715544 -0.0104326 -0.0157213 -0.0050838 -0.00163889 0.00735581 0.0170087 -0.000835762 -0.00434796 -0.00959411 -0.00428972 -0.00598069 -0.00258252 -0.000280219 0.00192353
internal_weight=762971 152403 79327 77386 26697 17927 8081 6881 73076 70972 610568 68675 18915 49760 15348 34412 19438 9773 9665 7980 3588 2426 245011 33463 15486 11776 11185 9269 211548 70775
internal_count=762971 152403 79327 77386 26697 17927 8081 6881 73076 70972 610568 68675 18915 49760 15348 34412 19438 9773 9665 7980 3588 2426 245011 33463 15486 11776 11185 9269 211548 70775
cat_boundaries=0 2 4 6 8 10 13 15
cat_threshold=622594201 1797263840 17825928 1610612736 1742800922 845206114 2554368260 67110915 44250624 2156462596 2430804740 2567 1 547424256 16960
is_linear=0
shrinkage=0.06


Tree=190
num_leaves=31
num_cat=1
split_feature=134 115 113 127 133 136 28 127 115 111 109 31 140 111 114 99 130 114 99 106 119 127 7 120 133 112 109 110 111 19
split_gain=142.462 343.57 367.495 332.822 396.921 377.356 288.641 283.796 416.951 545.523 706.771 363.342 367.527 283.681 454.464 421.745 523.257 373.935 273.554 285.796 271.128 325.622 270.976 257.58 380.607 777.1 257.622 245.213 390.938 405.034
threshold=1.0000000180025095e-35 1.8859116222410479 302.50000000000006 0.54547471745755616 0.98486764554468398 1.0000000180025095e-35 142.9666666666667 7.6813207575599263 -0.70723229592808234 43.500000000000007 1882.5000000000002 66.615462235855503 4.5000000000000009 87.500000000000014 1.2586839799709686 0.95691861501572195 -1.0000000180025095e-35 0.84636942609825105 0.84658398682345093 0 210.50000000000003 133.84920807395872 231.99000000000004 99.500000000000014 0.95691861501572195 1.8550000000000002 27.500000000000004 17.850000000000005 76.500000000000014 143.43020833333335
decision_type=2 2 2 2 2 2 8 2 2 2 2 10 2 2 2 2 2 2 2 1 2 2 2 2 2 2 2 2 2 8
left_child=-1 2 3 -2 7 -6 -3 8 -5 10 -10 -9 -13 15 -15 17 22 -4 20 -20 21 -14 -17 24 -11 -26 -25 28 -19 -30
right_child=1 6 13 4 5 -7 -8 11 9 23 -12 12 18 14 -16 16 -18 27 19 -21 -22 -23 -24 26 25 -27 -28 -29 29 -31
leaf_value=-0.015293434850799342 -0.10016379584269856 0.40060650598449116 0.26344791042549442 -0.098630502302810327 0.83839471066097471 -0.94442035024442561 -1.3231507088025611 -0.10154477225420123 -1.1568216322537663 0.17353317648776539 0.77900133818866857 -0.10392244308270676 0.21855207336248211 -0.18897488418695671 0.29492713171143536 -0.055265059142210617 0.18501075810917611 -0.29221722169728409 -0.17027572317665743 1.15596706038542 0.71897325530476508 -1.5611538792676447 -0.565248099895998 -0.43703334426195622 -1.2068516592237777 0.72091995222694261 1.8687294602368294 0.014942605944187832 -0.1523497824028891 0.74299115702550944
leaf_weight=542580 22242 439 9003 21663 9871 1308 1798 5924 2011 31208 689 5745 10313 5085 5314 2671 1686 17110 1278 8193 3635 456 6890 796 2389 2267 2002 29308 5428 3310
leaf_count=542580 22242 439 9003 21663 9871 1308 1798 5924 2011 31208 689 5745 10313 5085 5314 2671 1686 17110 1278 8193 3635 456 6890 796 2389 2267 2002 29308 5428 3310
internal_value=-7.04945e-05 0.00121727 0.0014576 0.00344478 0.00480114 0.0155152 -0.0221716 0.00358588 0.00116809 0.00469985 -0.0213699 0.00787284 0.0105857 -0.00159919 0.00769038 -0.00288037 -0.0135971 -0.00100156 0.0138641 0.0217842 0.00865533 0.00387187 -0.0190316 0.00652096 0.00515266 -0.0108482 0.0240514 -0.00285222 -0.00711207 0.00321318
internal_weight=762612 220032 217795 131990 109748 11179 2237 98569 63025 41362 2700 35544 29620 85805 10399 75406 11247 64159 23875 9471 14404 10769 9561 38662 35864 4656 2798 55156 25848 8738
internal_count=762612 220032 217795 131990 109748 11179 2237 98569 63025 41362 2700 35544 29620 85805 10399 75406 11247 64159 23875 9471 14404 10769 9561 38662 35864 4656 2798 55156 25848 8738
cat_boundaries=0 1
cat_threshold=20
is_linear=0
shrinkage=0.06


Tree=191
num_leaves=31
num_cat=7
split_feature=124 104 8 0 140 66 0 140 90 47 84 127 139 104 111 132 81 104 17 21 104 43 98 104 132 132 104 129 104 122
split_gain=137.32 235.884 134.849 194.143 162.381 190.926 190.752 233.372 161.787 145.643 183.44 214.887 213.82 330.154 273.75 213.776 187.782 143.159 141.779 203.065 147.157 146.565 305.014 213.753 154.337 459.203 299.159 215.965 208.676 223.178
threshold=0.95833333333333337 0 219.76832580566409 155.01000000000002 27.000000000000004 0.99806716943950347 453.17500000000007 2.5000000000000004 5.5000000000000009 1334.7635416666669 1.9156250000000001 1.2623093044020852 49.500000000000007 1 56.500000000000007 -0.5627915150444055 27.500000000000004 2 122.51250000000002 115.88333333333335 3 59.215698593766881 -0.98024766238342442 4 0.47084587141109652 0.5009122898073749 5 22.500000000000004 6 0.63290874216623261
decision_type=2 1 10 2 2 10 2 2 2 10 10 2 2 1 2 2 2 1 10 10 1 2 2 1 2 2 1 2 1 2
left_child=2 -2 18 -4 5 6 17 -8 -7 10 16 -12 -13 14 -14 -15 -6 -5 21 20 -20 24 -23 -24 28 -26 27 -27 29 -1
right_child=1 -3 3 4 9 8 7 -9 -10 -11 11 12 13 15 -16 -17 -18 -19 19 -21 -22 22 23 -25 25 26 -28 -29 -30 -31
leaf_value=-0.015965969483468817 -1.053903078649467 0.12403090760705908 0.7400216781767488 0.20740552190741368 -0.37975634961907473 -0.15129861257641949 4.1945538624421248 0.45765462440900362 -1.0324999311716903 -1.1792170935373787 -0.44077366280156166 0.37270750457266161 -0.4598303292916367 -0.69265057778401762 2.6413158028590495 0.91271065819834341 -0.048076400830688329 -0.088176072795775148 0.26484977681126937 0.029895372101089491 0.053294385257276242 -0.47863079614415893 -0.11128980560521483 0.041992598373299189 -0.45998804715273195 -1.0832265531404313 0.070210254731267976 -0.10535974676580651 0.033466457707782449 -0.31554233751066035
leaf_weight=49464 528 584 4321 16608 22980 4846 1241 3691 1973 1139 5828 14637 1020 5726 1606 725 15508 40395 5558 252881 7463 2732 44119 37229 5275 1132 22705 13819 169124 7866
leaf_count=49464 528 584 4321 16608 22980 4846 1241 3691 1973 1139 5828 14637 1020 5726 1606 725 15508 40395 5558 252881 7463 2732 44119 37229 5275 1132 22705 13819 169124 7866
internal_value=-7.22935e-05 -0.0211321 -4.15172e-05 -0.00170748 -0.00209985 -3.49066e-05 0.00101427 0.0123333 -0.00956305 -0.00415238 -0.00379592 -0.000239651 0.00229728 -0.00493721 0.0129693 -0.0122284 -0.0065255 3.47344e-05 0.00034109 0.00138772 0.00869452 -0.000446266 -0.00263318 -0.00197077 0.000236315 -0.00306205 -0.000739305 -0.00732656 0.000861628 -0.00226644
internal_weight=762723 1112 761611 142244 137923 68754 61935 4932 6819 69169 68030 29542 23714 9077 2626 6451 38488 57003 619367 265902 13021 353465 84080 81348 269385 42931 37656 14951 226454 57330
internal_count=762723 1112 761611 142244 137923 68754 61935 4932 6819 69169 68030 29542 23714 9077 2626 6451 38488 57003 619367 265902 13021 353465 84080 81348 269385 42931 37656 14951 226454 57330
cat_boundaries=0 3 5 7 10 12 14 16
cat_threshold=2189117424 721527425 1 67110928 1269831680 2195964616 548381392 2484343844 920075759 1 1158248786 2457726011 416986921 1645222151 757139588 25693154
is_linear=0
shrinkage=0.06


Tree=192
num_leaves=31
num_cat=7
split_feature=111 104 112 112 126 0 133 126 111 110 91 104 104 136 127 139 140 119 104 24 104 127 114 140 74 133 91 114 69 133
split_gain=138.01 312.801 238.137 182.899 151.576 134.011 239.072 186.989 386.644 587.059 545.116 511.284 503.079 474.416 439.476 475.838 377.161 348.233 348.48 348.199 295.031 303.814 328.161 286.875 281.814 306.405 281.223 373.711 274.131 362.957
threshold=34.500000000000007 0 3.2650000000000001 3.3850000000000002 4730.7000000000016 118.43666666666668 0.21441936405998524 134.30000000000004 75.500000000000014 21.250000000000004 1 2 3 1.0000000180025095e-35 22.909202682621814 30.500000000000004 1.5000000000000002 62.500000000000007 4 19.120138888888892 5 133.84920807395872 2.4492810165617338 4.5000000000000009 2.29922337066699 0.92191100909954782 6 1.3058228487602517 9.0500000000000025 0.99024581825578073
decision_type=2 1 2 2 2 2 2 2 2 2 1 1 1 2 2 2 2 2 1 10 1 2 2 2 2 2 1 2 2 2
left_child=1 4 -3 -4 -1 -2 -7 8 12 10 11 23 13 -8 15 17 19 18 -12 -9 26 24 -23 -10 -22 -26 27 -18 -27 -30
right_child=5 2 3 -5 -6 6 7 16 9 -11 14 -13 -14 -15 -16 -17 20 -19 -20 -21 21 22 -24 -25 25 28 -28 -29 29 -31
leaf_value=-0.32506583907680536 0.016718238541361927 -0.3721625086372603 1.2350490281090116 0.081271465017658209 0.39154030001799012 -0.63031040378686554 -0.32524353554505664 0.077176845677901007 -0.12980432021788202 1.2462203392305422 -0.39264418191337541 -0.12754809864021693 -0.39511339824493574 1.1304353309699748 -0.70549723413052046 -0.9854574835825437 -0.2105116489771599 0.73988917588068204 -0.0069580532153989336 0.87403824039337785 0.046730342274405812 2.8344800629533293 -0.50624271489500927 0.64743170501377334 0.035616404024378455 -0.47223542858643153 -0.26210833982283671 0.23790784389611927 0.17750748543801761 -0.86326427479542589
leaf_weight=6303 350531 3427 720 7793 514 1381 8942 6386 7633 6185 11623 47578 41485 6808 3263 2854 3604 2688 22214 4199 137573 1898 796 26361 14658 6249 17093 4478 5055 2271
leaf_count=6303 350531 3427 720 7793 514 1381 8942 6386 7633 6185 11623 47578 41485 6808 3263 2854 3604 2688 22214 4199 137573 1898 796 26361 14658 6249 17093 4478 5055 2271
internal_value=-0.000114954 -0.00519778 0.000662706 0.00603946 -0.0154394 1.32292e-05 -0.000747109 -0.000659258 -0.0020267 -0.000222239 -0.00112064 0.00175331 -0.00613775 0.0029922 -0.00661712 -0.00486491 0.000596883 -0.00302086 -0.00467226 0.0116248 -5.88612e-06 0.000899407 0.0208831 0.00737186 0.000574644 -0.0048856 -0.00606289 0.00315828 -0.0113804 -0.00350485
internal_weight=762563 18757 11940 8513 6817 743806 393275 391894 187634 130399 124214 81572 57235 15750 42642 39379 204260 36525 33837 10585 193675 168500 2694 33994 165806 28233 25175 8082 13575 7326
internal_count=762563 18757 11940 8513 6817 743806 393275 391894 187634 130399 124214 81572 57235 15750 42642 39379 204260 36525 33837 10585 193675 168500 2694 33994 165806 28233 25175 8082 13575 7326
cat_boundaries=0 2 3 6 8 11 13 14
cat_threshold=1439434811 457704489 26 1355565508 3760757811 1 151519280 3382861892 1602488753 2684355621 1 1073758272 3496009744 1
is_linear=0
shrinkage=0.06


Tree=193
num_leaves=31
num_cat=1
split_feature=21 24 140 28 82 0 140 35 109 140 99 0 140 133 137 105 120 109 132 133 24 45 24 28 22 127 109 139 127 99
split_gain=139.452 150.512 483.847 165.443 147.909 135.919 187.522 135.378 244.769 217.796 429.485 404.509 277.58 386.239 336.972 313.725 250.029 249.197 246.863 245.301 222.734 237.476 216.147 211.294 201.134 196.283 269.391 406.28 188.237 197.823
threshold=752.87500000000011 -124.27534722222221 2.5000000000000004 358.19791666666674 417.50000000000006 517.6450000000001 4.5000000000000009 265.78500000000003 1152.5000000000002 4.5000000000000009 0.93769647993491489 25.610416666666669 39.000000000000007 0.93769647993491489 0.11615362555050888 0 14.500000000000002 32.500000000000007 -0.030098581458670341 0.91852788691372023 -35.812152777777776 82.450000000000017 21.355972222222231 145.38203125000004 129.01666666666671 133.84920807395872 1452.5000000000002 30.500000000000004 2.7979542081939068 0.42568571711766151
decision_type=10 10 2 8 10 2 2 10 2 2 2 2 2 2 2 1 2 2 2 2 10 2 10 10 10 2 2 2 2 2
left_child=1 2 4 7 -1 -5 -7 9 -9 10 11 -3 22 14 16 -15 19 24 -17 -14 -13 -22 -11 -16 -12 26 -10 -28 29 -18
right_child=-2 3 -4 5 -6 6 -8 8 25 12 17 20 13 15 23 18 28 -19 -20 -21 21 -23 -24 -25 -26 -27 27 -29 -30 -31
leaf_value=-0.17048538700258917 -0.33189728752301217 -0.242882858588782 0.34314642016682512 -0.11947349479810668 -0.70238369739230755 5.0232060448184157 0.21020645482045097 0.018859093657554241 0.29467946597273653 -0.035668746620632984 -0.92231879380998916 -0.13797324780988887 0.012574883881345329 -0.22897000973743672 -0.20814864529687524 1.0193338873129321 -0.17427325633127749 -0.059527836760194644 0.12662452248204431 -0.32968049255300597 0.0010961189630055656 0.13851917998103083 -0.19552368308487814 0.28319730893305456 0.85380497536355815 4.8548331825119559 0.19939613500841119 -0.6610340749864011 -0.27981404925927406 0.054608351652052606
leaf_weight=1555 10599 1864 20161 110263 1305 550 2367 355363 6640 82399 1625 3540 39985 2153 2047 5734 5949 5453 8177 1171 9746 25130 27299 10538 230 579 2424 1960 7577 8162
leaf_count=1555 10599 1864 20161 110263 1305 550 2367 355363 6640 82399 1625 3540 39985 2153 2047 5734 5949 5453 8177 1171 9746 25130 27299 10538 230 579 2424 1960 7577 8162
internal_value=-0.000111338 -1.50011e-05 0.00476153 -0.00016586 -0.0183293 -0.00227423 0.0105072 0.000221682 0.0009542 -0.000858831 0.0027914 0.00521933 -0.00172224 0.00071808 -0.001081 0.00916527 -0.00287565 -0.0105897 0.0124594 -0.000128289 0.00654398 0.00799954 -0.00375755 0.00788018 -0.0295797 0.00952947 0.00773878 -0.00380388 -0.00808889 -0.00399235
internal_weight=762545 751946 23021 728925 2860 113180 2917 615745 366966 248779 47588 40280 201191 91493 75429 16064 62844 7308 13911 41156 38416 34876 109698 12585 1855 11603 11024 4384 21688 14111
internal_count=762545 751946 23021 728925 2860 113180 2917 615745 366966 248779 47588 40280 201191 91493 75429 16064 62844 7308 13911 41156 38416 34876 109698 12585 1855 11603 11024 4384 21688 14111
cat_boundaries=0 1
cat_threshold=2
is_linear=0
shrinkage=0.06


Tree=194
num_leaves=31
num_cat=0
split_feature=27 114 35 25 99 99 133 122 126 115 120 20 110 132 132 132 98 69 113 112 119 110 110 139 107 122 75 120 112 25
split_gain=142.222 155.673 155.377 178.646 470.574 172.36 474.93 453.897 270.893 215.066 212.607 170.333 163.043 155.3 218.271 172.222 320.471 224.954 276.722 206.707 298.555 188.09 175.007 276.049 190.662 181.17 174.648 156.643 155.296 214.327
threshold=325.01333333333338 -2.9998143189632831 369.57500000000005 0.91891403504799463 0.94909129669788206 0.99748108949426018 0.9980355542543059 0.55569319654780325 391.52500000000003 -1.510759635770792 34.500000000000007 16.91904231821901 17.050000000000004 0.025799818015934263 0.042991213741508195 -0.76624641395159687 -0.76624641395159687 15.450000000000001 301.50000000000006 1.4550000000000003 563.50000000000011 21.150000000000002 11.250000000000002 55.500000000000007 28.718100000000003 0.29814877553939007 -2.2071173311028285 8.5000000000000018 3.0450000000000004 0.89761298328108685
decision_type=8 2 8 8 2 2 2 2 2 2 2 10 2 2 2 2 2 2 2 2 2 2 2 2 2 2 2 2 2 10
left_child=2 -2 5 12 -5 6 -1 8 -7 -10 -9 -8 -4 15 27 17 -17 18 -3 20 22 -22 -18 -24 -25 -26 -21 -15 29 -11
right_child=1 13 3 4 -6 7 11 10 9 28 -12 -13 -14 14 -16 16 19 -19 -20 26 21 -23 23 24 25 -27 -28 -29 -30 -31
leaf_value=0.0026074529213219932 0.57424565286705387 -0.16299128931560147 0.41738617697392583 0.35885908529149274 -0.41168152953033538 0.2475941214538534 -0.79944796710054755 -0.80851142367358819 0.22888085117881815 -0.16802158416438331 -0.16203644870420816 1.2310735815531546 0.037861858337093393 0.26157820446688107 -0.11373156330862144 1.4575268718432519 -0.58159115233516012 -0.025271934875526654 -0.87148801838737111 -0.50219164125376492 -1.3203760556494171 2.2681275553724602 0.84278066045197531 -0.53908580236301218 -1.4273392036442354 1.5617724235609614 -0.03650044374724061 -0.90057604715522299 0.1291961739521581 -0.5585989977432172
leaf_weight=492627 1469 9079 23850 3862 4335 7428 120 4967 1844 3040 3449 3999 24481 393 22671 3078 3966 27545 5955 6090 215 2412 9288 4150 135 1013 86592 1717 1180 1381
leaf_count=492627 1469 9079 23850 3862 4335 7428 120 4967 1844 3040 3449 3999 24481 393 22671 3078 3966 27545 5955 6090 215 2412 9288 4150 135 1013 86592 1717 1180 1381
internal_value=-8.58681e-05 -0.00152964 0.000379316 0.00336677 -0.00482313 5.45731e-05 0.000291094 -0.00499012 0.00131101 -0.00677679 -0.0161245 0.0205777 0.00475586 -0.00168475 -0.00610362 -0.000998251 0.00019138 -0.00426538 -0.0101683 -0.00032513 0.00502266 0.0239498 0.0023414 0.00538013 -0.00554822 0.0160836 -0.00154721 -0.0245571 -0.0126276 -0.0177883
internal_weight=762331 185768 576563 56528 8197 520035 496746 23289 14873 7445 8416 4119 48331 184299 24781 159518 116939 42579 15034 113861 21179 2627 18552 14586 5298 1148 92682 2110 5601 4421
internal_count=762331 185768 576563 56528 8197 520035 496746 23289 14873 7445 8416 4119 48331 184299 24781 159518 116939 42579 15034 113861 21179 2627 18552 14586 5298 1148 92682 2110 5601 4421
is_linear=0
shrinkage=0.06


Tree=195
num_leaves=31
num_cat=9
split_feature=124 104 28 104 133 133 130 104 126 126 127 133 127 130 104 112 110 113 123 119 126 121 104 104 104 99 104 104 113 120
split_gain=128.699 236.436 122.995 222.885 170.121 276.238 419.764 315.599 246.992 222.212 314.096 204.047 218.725 187.688 178.226 152.079 246.414 150.874 289.497 273.177 318.758 246.311 334.055 223.186 188.42 160.224 159.969 154.119 150.689 148.142
threshold=0.95833333333333337 0 344.82356878386605 1 0.64248926378905724 0.6811602155975035 0.12940952255126045 2 85.125000000000014 116.52500000000002 58.877899502100064 0.61575165550757727 9.7941064765031047 0.78656609248549325 3 1.4550000000000003 14.250000000000002 18.500000000000004 0.077596692984734955 541.50000000000011 67.625000000000014 988.05000000000007 4 5 6 0.98770287048522643 7 8 313.50000000000006 92.500000000000014
decision_type=2 1 10 1 2 2 2 1 2 2 2 2 2 2 1 2 2 2 2 2 2 2 1 1 1 2 1 1 2 2
left_child=2 -2 17 -4 8 6 9 -8 -5 -6 -11 12 -10 -13 -7 16 -16 18 27 20 23 26 -23 -20 -21 -26 -22 -1 -12 -25
right_child=1 -3 3 4 5 14 7 -9 11 10 28 13 -14 -15 15 -17 -18 -19 19 24 21 22 -24 29 25 -27 -28 -29 -30 -31
leaf_value=-0.24903549078551121 -0.94529590201854552 0.16995927059961105 0.13649091265063135 0.069385482043526278 -1.1177265289495499 -0.28671206871507537 0.14595975439697384 3.1071109264460772 -0.49445949714194737 1.5804399465910506 -0.66623504319031213 -1.7393509162362966 0.013169214946621537 -0.10398749411595247 -0.49355172986039747 -0.11178515299553168 0.70159131860245105 0.0099263453201886166 -0.084327720890534155 0.48701667220972439 0.082422975086407738 -0.19372905872237522 0.9804745918263883 -0.93925823089939808 -1.019257117702365 3.0456850244250373 -0.43832455131101661 1.8494570685604179 0.54197310734754978 0.57472044975673464
leaf_weight=226 540 541 34120 7425 999 23083 1416 2138 5975 949 1353 2034 5159 742 4255 53021 8858 593462 3124 123 1249 2190 2758 3250 924 52 1354 563 658 359
leaf_count=226 540 541 34120 7425 999 23083 1416 2138 5975 949 1353 2034 5159 742 4255 53021 8858 593462 3124 123 1249 2190 2758 3250 924 52 1354 563 658 359
internal_value=-0.000116398 -0.0207948 -8.70284e-05 -0.00161289 -0.00284715 -0.00177771 0.00927069 0.0242363 -0.00769685 -0.00416667 0.00409321 -0.0124132 -0.00878312 -0.0269644 -0.0027082 -0.00112299 0.00466219 0.000293881 -0.00542385 -0.00724259 -0.00502345 0.00344015 0.0112993 -0.0145144 -0.0360545 -0.0446201 -0.0114977 0.03 -0.009334 -0.0246464
internal_weight=762900 1081 761819 152185 118065 96730 7513 3554 21335 3959 2960 13910 11134 2776 89217 66134 13113 609634 16172 15383 14284 7551 4948 6733 1099 976 2603 789 2011 3609
internal_count=762900 1081 761819 152185 118065 96730 7513 3554 21335 3959 2960 13910 11134 2776 89217 66134 13113 609634 16172 15383 14284 7551 4948 6733 1099 976 2603 789 2011 3609
cat_boundaries=0 3 5 8 11 13 15 17 19 21
cat_threshold=2189117424 721781649 1 786448 572526688 2165479424 3447848964 1 44246816 68551173 1 1964550379 466134872 1401694399 1558383726 1073758272 33808 1007740136 220455152 1644175488 154140740
is_linear=0
shrinkage=0.06


Tree=196
num_leaves=31
num_cat=11
split_feature=124 104 132 129 104 104 109 130 124 104 112 98 104 104 109 104 122 104 137 111 120 137 104 111 131 121 7 98 104 104
split_gain=137.294 211.025 126.283 637 813.847 492.095 439.26 340.598 285.529 276.707 252.886 217.814 311.069 185.168 181.504 453.183 293.042 286.389 229.481 205.882 191.763 187.964 184.484 179.37 170.585 194.884 185.034 163.059 199.193 195.697
threshold=0.95833333333333337 0 0.61490419508004501 172.50000000000003 1 2 32.500000000000007 -1.0000000180025095e-35 0.41833333333333339 3 1.7950000000000002 0.58741554219704073 4 5 17.500000000000004 6 0.67944720862677876 7 0.85826565528689469 49.500000000000007 76.500000000000014 0.85826565528689469 8 80.500000000000014 0.78656609248549303 987.55000000000007 306.24000000000007 -0.098749067963353782 9 10
decision_type=2 1 2 2 1 1 2 2 2 1 2 2 1 1 2 1 2 1 2 2 2 2 1 2 2 2 2 2 1 1
left_child=2 -2 11 4 -4 -5 9 8 13 23 -9 14 -13 -8 15 20 -16 18 -18 -17 21 -1 -21 -7 27 -26 -27 29 -29 -24
right_child=1 -3 3 5 -6 6 7 10 -10 -11 -12 12 -14 -15 16 19 17 -19 -20 22 -22 -23 24 -25 25 26 -28 28 -30 -31
leaf_value=-0.48588895204998273 -0.93852546098551182 0.1079985523774485 0.12249544678703074 0.26908609373406234 -0.70201471057709219 -0.98930515486828496 -0.22180476477169422 1.2285989075892518 -0.35621905130450709 -0.76516322425205607 0.074563826337135874 0.38385809407495103 -0.025668588989434794 0.051566560386242272 0.0004242315234318994 5.0398478944023903 -0.70499865773833859 -0.058994176646267812 4.2657135122381407 1.2299030561041109 0.33405855611810237 5.0856860259749217 -0.36510641505707586 0.063776169400585295 -0.019983035066017292 1.1370017259796095 0.47136585174185769 0.23538670311692073 -0.90224055710148487 0.49390517984714843
leaf_weight=7442 543 547 1105 11885 2366 644 2970 1220 2209 3498 7243 2536 2520 4980 660025 288 5901 9691 314 4959 2511 259 2972 2210 4811 3324 6442 1132 1459 4339
leaf_count=7442 543 547 1105 11885 2366 644 2970 1220 2209 3498 7243 2536 2520 4980 660025 288 5901 9691 314 4959 2511 259 2972 2210 4811 3324 6442 1132 1459 4339
internal_value=-6.88664e-05 -0.0213382 -3.83839e-05 -0.00330565 -0.0278744 -0.000991319 -0.00577306 -0.00112764 -0.00853346 -0.0193987 0.00776229 0.000144398 0.0125529 -0.00322978 5.67421e-05 0.00398708 -0.000175491 -0.00822279 -0.0182621 0.00773178 -0.00691382 -0.0116152 0.00723938 -0.00544503 0.00509351 0.00922349 0.0140924 -0.000981521 -0.013912 0.0036023
internal_weight=762345 1090 761255 40330 3471 36859 24974 18622 10159 6352 8463 720925 5056 7950 715869 39938 675931 15906 6215 29726 10212 7701 29438 2854 24479 14577 9766 9902 2591 7311
internal_count=762345 1090 761255 40330 3471 36859 24974 18622 10159 6352 8463 720925 5056 7950 715869 39938 675931 15906 6215 29726 10212 7701 29438 2854 24479 14577 9766 9902 2591 7311
cat_boundaries=0 3 5 8 10 13 15 18 21 23 25 27
cat_threshold=2340112352 705005185 1 1118003784 1426972 889194645 495608128 1 1978922 3227587626 4011594004 2938857952 1 1086329866 1108614184 845611168 33645312 1 300615173 545999814 1 2164785168 1073909760 202412296 2218526915 9473794 2685927653
is_linear=0
shrinkage=0.06


Tree=197
num_leaves=31
num_cat=9
split_feature=6 19 69 133 132 133 104 131 139 104 104 104 139 104 111 139 125 122 104 83 139 139 122 104 104 114 28 120 110 104
split_gain=132.263 262.107 258.123 315.764 541.937 325.316 325.723 314.328 312.844 413.374 317.657 300.883 292.575 342.714 245.801 368.586 385.336 397.825 365.07 340.374 311.758 570.183 484.081 457.373 346.176 298.631 510.21 291.237 276.948 275.465
threshold=301.06500000000005 135.96388888888893 10.950000000000001 0.99138911339924218 -0.098749067963353782 0.9863035000474919 0 -0.37940952255126015 59.500000000000007 1 2 3 57.500000000000007 4 69.500000000000014 51.500000000000007 0.30678333333333341 0.53368553266566632 5 2.4850000000000008 46.500000000000007 45.500000000000007 0.46963868669623915 6 7 0.84636942609825105 204.1215277777778 14.500000000000002 16.850000000000005 8
decision_type=10 8 2 2 2 2 1 2 2 1 1 1 2 1 2 2 2 2 1 10 2 2 2 1 1 2 10 2 2 1
left_child=-1 -2 14 5 11 7 -7 12 10 -10 -9 -5 -4 -14 15 16 17 20 -17 -16 21 25 24 -24 -22 26 27 -3 -26 -27
right_child=1 2 3 4 -6 6 -8 8 9 -11 -12 -13 13 -15 19 18 -18 -19 -20 -21 22 -23 23 -25 28 29 -28 -29 -30 -31
leaf_value=0.014563643515638205 -0.11332655557574085 0.13745859170522534 0.0066537586180831455 0.34182009591952461 -0.11236815689443375 -0.39111164857404418 0.90588403524832095 -0.27112918493575988 -1.2958044263436204 -0.11660362712203663 0.018774222149397699 -1.1674290257967879 -0.22100969517708677 0.90699868931517047 0.045677151925916634 -0.0237301329639007 3.6687078722594357 -0.84202741844243179 -0.52433935669466847 0.45374768834549484 1.2361985193035645 -2.2704972269002801 0.87921468827416105 -1.3083984945394564 4.2666354157888078 0.20820270171489566 0.79775565070203158 -0.57715259260912932 -0.065780338173315731 -0.10075346821008309
leaf_weight=313797 72562 1584 40483 739 13578 1621 5008 33285 2582 3541 44077 4231 2073 5216 81099 11829 1216 4175 9986 26372 5369 1735 1570 2405 1088 11065 10336 1776 4356 43272
leaf_count=313797 72562 1584 40483 739 13578 1621 5008 33285 2582 3541 44077 4231 2073 5216 81099 11829 1216 4175 9986 26372 5369 1735 1570 2405 1088 11065 10336 1776 4356 43272
internal_value=-0.000151806 -0.000813199 -0.000175527 -0.0020374 -0.00938703 -0.00104868 0.0119186 -0.00170367 -0.00392473 -0.0169791 -0.0028913 -0.0263368 0.0021778 0.0132428 0.00115301 -0.000817086 0.000879842 0.000419916 -0.00781353 0.00320176 0.00131272 -0.000364632 0.00922578 -0.00867706 0.0158073 0.000501808 0.00841936 -0.0118893 0.00510357 -0.00149398
internal_weight=762026 448229 375667 156434 18548 137886 6629 131257 83485 6123 77362 4970 47772 7289 219233 111762 89947 88731 21815 107471 84556 69768 14788 3975 10813 68033 13696 3360 5444 54337
internal_count=762026 448229 375667 156434 18548 137886 6629 131257 83485 6123 77362 4970 47772 7289 219233 111762 89947 88731 21815 107471 84556 69768 14788 3975 10813 68033 13696 3360 5444 54337
cat_boundaries=0 2 4 7 9 11 13 15 17 19
cat_threshold=67110960 434718048 3691512470 373464504 2868356233 1714758404 1 32769 43467008 3783287616 1711440976 705740600 3954516165 126103580 185794660 2344040088 2148604608 49378 223143004
is_linear=0
shrinkage=0.06


Tree=198
num_leaves=31
num_cat=9
split_feature=8 0 104 16 99 123 104 133 104 104 120 113 130 104 56 129 104 120 127 127 114 69 104 45 91 139 119 127 139 104
split_gain=123.2 163.43 159.7 157.634 157.999 556.67 382.042 351.108 369.529 333.348 237.909 182.661 179.177 163.656 161.502 219.447 257.946 223.494 165.212 168.628 165.192 374.326 363.96 295.579 253.749 280.709 215.323 208.893 242.295 504.983
threshold=219.76832580566409 155.01000000000002 0 287.12500000000006 0.99748108949426018 0.85536203332522809 1 0.9980355542543059 2 3 34.500000000000007 330.50000000000006 -0.25881904510252113 4 0.00022160245733121589 28.500000000000004 5 99.500000000000014 8.2254398743019639 0.69438859212313842 -0.69185236169184083 8.7500000000000018 6 121.02500000000002 7 23.500000000000004 687.50000000000011 0.10822851494491492 6.5000000000000009 8
decision_type=10 2 1 10 2 2 1 2 1 1 2 2 2 1 8 2 1 2 2 2 2 2 1 2 1 2 2 2 2 1
left_child=3 -2 -3 4 7 6 12 14 -9 -7 11 -11 -6 -8 15 -1 -17 18 19 -18 21 23 24 -16 -23 -26 -24 28 -22 -30
right_child=1 2 -4 -5 5 9 13 8 -10 10 -12 -13 -14 -15 20 16 17 -19 -20 -21 27 22 26 -25 25 -27 -28 -29 29 -31
leaf_value=-0.062725791055840432 0.67655263087951201 0.039830203937164299 -0.14921688429062896 0.16281722164754597 0.87163471509984802 -1.1741641831304905 -0.48795007664844803 -0.69903811212168676 1.5044476890404621 -0.75531059722691962 0.35938022349716048 0.72817278221876391 0.12046187475378189 -0.0061328847642010938 0.049725911848464643 0.0034253885809373227 0.47893822530633501 -0.38257076045327409 0.6156176534762291 0.064594586983534721 0.28347530356432515 1.0619568215097086 -0.089755072702104935 0.67107828262483105 -0.039927513394447375 0.25727406807983044 -1.0205290776600762 -0.020862483935137278 0.30355551146038273 -0.3796829061569954
leaf_weight=10878 4355 45195 92953 39606 2496 4418 2865 770 2989 2641 2091 303 2932 10716 8354 24472 3620 1809 9504 12175 9198 2950 33986 9693 16129 12259 485 387080 2556 3303
leaf_count=10878 4355 45195 92953 39606 2496 4418 2865 770 2989 2641 2091 303 2932 10716 8354 24472 3620 1809 9504 12175 9198 2950 33986 9693 16129 12259 485 387080 2556 3303
internal_value=-8.61321e-05 -0.00167701 -0.0020378 0.000279358 2.95519e-05 -0.00432983 0.00158759 0.000254251 0.0185266 -0.0162281 -0.00562426 -0.0166248 0.0150248 -0.00379194 0.000128981 0.00300101 0.00463426 0.00866404 0.0101241 0.00636237 -0.000240126 0.00218229 8.29661e-05 0.0098371 0.00476187 0.00301701 -0.00417087 -0.000745267 0.00618807 -0.00334812
internal_weight=762781 142503 138148 620278 580672 28462 19009 552210 3759 9453 5035 2944 5428 13581 548451 62458 51580 27108 25299 15795 485993 83856 65809 18047 31338 28388 34471 402137 15057 5859
internal_count=762781 142503 138148 620278 580672 28462 19009 552210 3759 9453 5035 2944 5428 13581 548451 62458 51580 27108 25299 15795 485993 83856 65809 18047 31338 28388 34471 402137 15057 5859
cat_boundaries=0 2 4 6 9 11 13 15 16 18
cat_threshold=2147785856 564670944 2370308485 1295030691 570433544 226633728 3117822776 3918576641 1 1074004016 8536068 1728858438 3396068696 2135191927 2684392889 16 1653043267 273605848
is_linear=0
shrinkage=0.06


Tree=199
num_leaves=31
num_cat=9
split_feature=124 104 134 129 127 104 118 123 104 115 111 115 104 112 109 104 104 104 104 136 131 99 111 131 17 121 104 111 6 113
split_gain=122.793 206.698 125.158 350.943 498.366 506.31 308.134 296.339 379.373 276.732 605.132 415.068 389.403 403.4 324.692 403.272 345.158 309.516 269.791 253.967 253.139 251.149 228.188 225.482 253.829 234.125 246.736 227.346 215.088 236.76
threshold=0.95833333333333337 0 1.0000000180025095e-35 31.500000000000004 1.3871309752020726 1 0.35000000000000003 0.0096217370038105959 2 -1.0932776015941219 42.500000000000007 -0.45853040473694212 3 3.2950000000000004 27.500000000000004 4 5 6 7 1.0000000180025095e-35 0.78656609248549303 0.94909129669788206 68.500000000000014 -0.9159756150367534 75.757500000000007 994.35000000000002 8 38.500000000000007 351.67500000000007 277.50000000000006
decision_type=2 1 2 2 2 1 2 2 1 2 2 2 1 2 2 1 1 1 1 2 2 2 2 2 10 2 1 2 10 2
left_child=2 -2 -1 4 5 19 -7 8 -5 17 11 -11 -12 14 15 22 -16 -9 -8 -4 21 -17 -14 24 -19 -25 -27 -26 29 -18
right_child=1 -3 3 7 -6 6 18 9 -10 10 12 -13 13 -15 16 20 28 23 -20 -21 -22 -23 -24 25 27 26 -28 -29 -30 -31
leaf_value=-0.014122643100582763 -0.85375292259557078 0.14103836134478626 -0.053742017571517448 -0.17708381717105567 1.0004293050987081 -0.67256363519470053 -0.52404860074843351 0.050833055272364258 1.9279244940096796 0.17156031068298772 -0.23796949111101653 -1.3194791758697662 0.51461551407081829 -0.19607598911185534 0.51715758940047518 0.25568591079953279 0.34003432844772929 -0.15634053264241302 0.54554582895358239 0.8124039106119012 0.55378783027680667 -0.63061351046460234 -0.53666050701339996 -0.085853913358043307 -0.2567958493211151 -0.078769411106353007 -0.4942112654737863 0.43060631452959569 -0.09116398543235249 0.046860944374389812
leaf_weight=541702 554 545 4096 693 943 4973 575 48446 1263 1012 8018 1726 1254 3014 24393 5342 16266 1953 699 668 7135 3150 7797 38700 1018 2717 2291 3405 10524 17328
leaf_count=541702 554 545 4096 693 943 4973 575 48446 1263 1012 8018 1726 1254 3014 24393 5342 16266 1953 699 668 7135 3150 7797 38700 1018 2717 2291 3405 10524 17328
internal_value=-9.5093e-05 -0.0201273 -6.61409e-05 0.00114284 -0.0088532 -0.0124392 -0.0236529 0.00171891 0.0249566 0.00149759 0.00361088 -0.0242278 0.00434246 0.00540109 0.00610044 0.00019936 0.008226 -0.000796501 0.00263529 0.00231204 0.0060353 -0.000960791 -0.00987199 -0.0041034 0.00643563 -0.00564186 -0.0178479 0.0143897 0.00505518 0.0074011
internal_weight=762200 1099 761101 219399 11954 11011 6247 207445 1956 205489 106959 2738 104221 96203 93189 24678 68511 98530 1274 4764 15627 8492 9051 50084 6376 43708 5008 4423 44118 33594
internal_count=762200 1099 761101 219399 11954 11011 6247 207445 1956 205489 106959 2738 104221 96203 93189 24678 68511 98530 1274 4764 15627 8492 9051 50084 6376 43708 5008 4423 44118 33594
cat_boundaries=0 3 5 7 9 12 14 17 20 22
cat_threshold=2205894576 705005201 1 1143750754 466613788 1073803338 460827672 570425344 139328 1149175969 184615683 1 2487781557 251730208 1127461480 2311021141 1 2818737681 3828350976 1 2697199874 1883276544
is_linear=0
shrinkage=0.06


Tree=200
num_leaves=31
num_cat=13
split_feature=137 114 119 115 104 104 103 119 104 119 128 104 126 104 137 104 137 104 115 104 19 104 103 113 104 126 104 113 104 104
split_gain=125.02 445.129 487.285 441.747 346.98 324.727 321.522 319.768 317.78 166.835 155.419 146.584 141.708 164.983 138.091 431.537 190.687 602.973 246.563 228.406 190.106 207.516 257.981 177.322 223.644 202.029 170.625 170.173 218.702 167.724
threshold=0.61497421480319081 0.57622964287356682 569.50000000000011 1.2750493012478665 0 1 0.61497421480319081 532.50000000000011 2 633.50000000000011 0.0033951203064503392 3 171.72500000000002 4 0.44064828010201723 5 0.083227709543603312 6 -1.299024629217491 7 101.42777777777779 8 0.31573828964358458 338.50000000000006 9 147.02500000000003 10 298.50000000000006 11 12
decision_type=2 2 2 2 1 1 2 2 1 2 2 1 2 1 2 1 2 1 2 1 10 1 2 2 1 2 1 2 1 1
left_child=6 2 3 5 -3 -2 14 10 -8 -10 -6 -4 -7 -14 16 -16 -1 23 19 -19 21 -20 -23 24 25 -18 -27 28 -17 -25
right_child=1 4 11 -5 7 12 8 -9 9 -11 -12 -13 13 -15 15 27 17 18 20 -21 -22 22 -24 29 -26 26 -28 -29 -30 -31
leaf_value=0.00090352489432717672 0.68533389886970553 2.1013686670856662 0.14126429388985401 -2.3379272954907608 0.98512812170045605 0.053422485278358633 -0.69436026626424607 0.99736890462321648 -0.23263737680536392 0.43539480329250263 -0.65718838354051623 -2.3293647683558873 0.0033984080181170381 -0.86118805652117314 -0.28506227554684244 1.2971398392190245 -0.88633445864327542 0.66325808443200174 0.38250005978213936 0.017129789988635905 -0.18329190932785536 -0.063395829200527484 0.42734078383422652 -0.30323718292949065 -0.20971968921444301 0.18984389379259872 -0.75171946321608518 0.094522017376288819 0.32213030008083021 0.22233347939855469
leaf_weight=679035 4769 2623 106 699 512 3378 3146 720 3139 721 1785 783 697 789 1886 1514 2730 3095 3184 3395 14785 7320 1163 624 13431 630 779 2205 1719 1410
leaf_count=679035 4769 2623 106 699 512 3378 3146 720 3139 721 1785 783 697 789 1886 1514 2730 3095 3184 3395 14785 7320 1163 624 13431 630 779 2205 1719 1410
internal_value=-0.000159366 0.00494959 -0.00196222 0.00170715 0.0186988 0.00505086 -0.000274858 0.0047358 -0.0130669 -0.00148799 -0.00618799 -0.0445618 -0.00585846 -0.0213046 -0.000153551 0.00804369 -0.000235626 -0.00371781 0.00124177 0.0117208 -0.00132915 0.00439664 -0.000515658 -0.0120459 -0.0139935 -0.0261831 -0.00778723 0.0166049 0.0253989 0.00471744
internal_weight=762772 16861 11221 10332 5640 9633 745911 3017 7006 3860 2297 889 4864 1486 738905 7324 731581 52546 32942 6490 26452 11667 8483 19604 17570 4139 1409 5438 3233 2034
internal_count=762772 16861 11221 10332 5640 9633 745911 3017 7006 3860 2297 889 4864 1486 738905 7324 731581 52546 32942 6490 26452 11667 8483 19604 17570 4139 1409 5438 3233 2034
cat_boundaries=0 3 5 7 9 11 13 15 17 20 22 24 26 28
cat_threshold=3137320584 272108102 1 3371620156 1073951167 3409133066 2720794270 16450 295960 654387267 558656 86050818 2439587584 2352061611 3089930 277479684 4019198240 59376144 3481272448 1 2162688 2228738 2162688 512 3901761380 1610748115 67112968 852994
is_linear=0
shrinkage=0.06


Tree=201
num_leaves=31
num_cat=9
split_feature=21 98 104 110 132 104 104 122 129 127 104 132 129 61 131 139 113 104 110 126 104 114 111 104 104 132 132 132 120 104
split_gain=125.764 361.582 306.707 249.137 349.681 266.293 237.014 215.361 284.102 247.714 241.127 219.785 209.198 218.715 186.228 176.486 209.684 174.598 172.622 169.406 163.64 162.053 161.156 661.135 445.789 546.446 1236.99 1153.08 906.629 729.91
threshold=113.21666666666668 -0.98024766238342442 0 16.650000000000002 -0.76624641395159687 1 2 0.58662612745819787 154.50000000000003 3.9735903416620526 3 -0.94387377644575288 109.50000000000001 4.4163676712709661 0.1294095225512602 23.500000000000004 83.500000000000014 4 26.350000000000005 108.05000000000001 5 -0.75009909803437402 85.500000000000014 6 7 0.16269055358644466 0.2965049369093406 0.094468741652255758 92.500000000000014 8
decision_type=10 2 1 2 2 1 1 2 2 2 1 2 2 2 2 2 2 1 2 2 1 2 2 1 1 2 2 2 2 1
left_child=2 12 7 4 -4 -6 -5 8 9 17 11 19 13 18 -7 16 -8 -1 -2 -9 -11 -10 24 -24 -3 27 29 28 -26 -27
right_child=1 22 3 6 5 14 15 10 21 20 -12 -13 -14 -15 -16 -17 -18 -19 -20 -21 -22 -23 23 -25 25 26 -28 -29 -30 -31
leaf_value=0.099583107767564877 -0.25954393308312551 -0.091502919925816564 -0.37444700255749253 0.12284205148267829 0.4269518394298113 0.11916882724505953 -0.20958177825133159 -0.61671704255196291 -0.17884929804994393 -0.36245264252901205 -0.039197279339452537 -0.005286177273471253 0.14155786441037946 -0.59654218239089929 -0.1087391290438532 0.19093620559301569 0.028884213055251563 -0.062038225319991654 0.076164034694066768 0.25664125141046118 -0.086417629741420823 0.25954779416824819 -0.10771769298910698 0.13195652237561006 -0.0081113104857007557 -0.080488029215539145 -0.0051820970999850143 1.0450279349044456 0.56228652910733368 -0.4366936251442699
leaf_weight=4080 3950 103362 1817 25266 3098 5028 3396 2653 1104 1694 4846 1115 1672 3152 13969 6337 31255 6481 2096 114 3584 4715 79350 110040 233361 7942 61826 8044 18388 9234
leaf_count=4080 3950 103362 1817 25266 3098 5028 3396 2653 1104 1694 4846 1115 1672 3152 13969 6337 31255 6481 2096 114 3584 4715 79350 110040 233361 7942 61826 8044 18388 9234
internal_value=-8.70545e-05 -0.000420754 0.00169121 0.00344789 -0.00180153 0.000279689 0.00534299 -0.0035214 -0.000315804 -0.00448106 -0.011479 -0.0225944 -0.0112704 -0.014819 -0.00238321 0.00252299 0.000839778 0.000823708 -0.00813627 -0.0317124 -0.0150938 0.0110206 -0.000233996 0.00123047 -0.000861276 0.000191083 -0.00417858 0.0015199 0.000805323 -0.0184223
internal_weight=762969 642417 120552 90166 23912 22095 66254 30386 21658 15839 8728 3882 10870 9198 18997 40988 34651 10561 6046 2767 5278 5819 631547 189390 442157 338795 79002 259793 251749 17176
internal_count=762969 642417 120552 90166 23912 22095 66254 30386 21658 15839 8728 3882 10870 9198 18997 40988 34651 10561 6046 2767 5278 5819 631547 189390 442157 338795 79002 259793 251749 17176
cat_boundaries=0 2 5 7 9 11 13 15 17 20
cat_threshold=2838703744 960 262436 1848596519 1 573520 2335319064 539035648 512 2149648384 768 2684355712 192 788936249 2341691649 1086376130 272933914 2686661128 3761980096 1
is_linear=0
shrinkage=0.06


Tree=202
num_leaves=31
num_cat=7
split_feature=124 104 113 104 120 125 104 124 28 132 114 127 132 104 132 104 104 111 115 132 119 126 104 111 111 120 132 127 119 132
split_gain=123.63 210.225 121.218 201.269 196.875 156.947 380.901 178.502 143.765 289.941 351.816 324.949 560.357 758.412 537.495 525.567 485.253 476.527 565.315 385.707 339.944 335.172 326.74 314.021 303.685 285.271 288.592 360.313 279.675 267.953
threshold=0.95833333333333337 0 5.5000000000000009 1 92.500000000000014 0.71306666666666685 2 0.7316666666666668 266.37534722222227 0.17963823861099873 -2.9998143189632831 1.2623093044020852 -0.3169700421330815 3 -0.26762560548918296 4 5 54.500000000000007 -1.4929470552410062 -0.047287273540950005 541.50000000000011 2073.3250000000003 6 82.500000000000014 73.500000000000014 93.500000000000014 0.23014236637527921 6.1930462972585465 115.50000000000001 -0.38142733947913604
decision_type=2 1 2 1 2 2 1 2 8 2 2 2 2 1 2 1 1 2 2 2 2 2 1 2 2 2 2 2 2 2
left_child=2 -2 3 -1 -5 8 -7 -8 -4 10 -10 15 16 -14 22 23 24 18 20 -20 -16 28 -15 -12 -13 26 27 -11 -19 -18
right_child=1 -3 5 4 -6 6 7 -9 9 25 11 12 13 14 17 -17 29 21 19 -21 -22 -23 -24 -25 -26 -27 -28 -29 -30 -31
leaf_value=-0.62310485048813946 -0.84467500378803329 0.10621670730032462 0.011537249379867944 -0.20873715719262123 1.4761468767373491 1.2253877731031348 1.8660501851633722 -0.32876594734864339 1.4695703233399879 -0.050472749330853613 -0.19870949765484652 -0.0064598747943472286 -0.34513227359577742 0.41365641294840655 1.1535185404689452 -0.0081959408218929743 -0.13099937467379447 0.48859169081806042 -1.4448676282419366 1.4817050063949586 -0.48410944155184721 -0.88739757924094731 2.9537222279962245 -0.92269422427499648 0.5123449554350793 -0.67150282709147713 -0.030513851685780649 -0.81072337344797174 1.228970521318189 -0.58916116538848373
leaf_weight=2517 538 589 465835 2209 484 3605 635 3981 1032 2317 8871 41983 12155 2828 1809 29297 91080 20887 2398 372 793 746 5096 8779 19283 4304 17417 1420 3895 5109
leaf_count=2517 538 589 465835 2209 484 3605 635 3981 1032 2317 8871 41983 12155 2828 1809 29297 91080 20887 2398 372 793 746 5096 8779 19283 4304 17417 1420 3895 5109
internal_value=-9.79187e-05 -0.0199468 -6.85027e-05 -0.00918826 0.00224112 -5.63546e-06 0.00823887 -0.00318997 -9.62944e-05 -0.00116585 -0.000559486 -0.000700832 0.000314918 0.00578227 0.00987563 -0.00521045 -0.00145526 0.00630271 -0.00993858 -0.0287983 0.0101421 0.00972071 0.0238183 -0.0133854 0.00271815 -0.00727287 -0.00440747 -0.0195345 0.0109139 -0.00411331
internal_weight=762264 1127 761137 5210 2693 755927 8221 4616 747706 281871 256413 255381 208434 50979 38824 46947 157455 30900 5372 2770 2602 25528 7924 17650 61266 25458 21154 3737 24782 96189
internal_count=762264 1127 761137 5210 2693 755927 8221 4616 747706 281871 256413 255381 208434 50979 38824 46947 157455 30900 5372 2770 2602 25528 7924 17650 61266 25458 21154 3737 24782 96189
cat_boundaries=0 3 6 9 11 14 16 19
cat_threshold=2205878232 721527425 1 2770464210 1893976 1 2299032146 3686961306 1 572727857 160170496 58746488 3384363008 1 795257 1236348964 75530376 2184396864 1
is_linear=0
shrinkage=0.06


Tree=203
num_leaves=31
num_cat=8
split_feature=61 132 115 104 118 104 132 104 139 104 110 130 61 104 120 132 114 90 104 86 140 74 131 104 127 54 104 109 140 99
split_gain=141.926 210.127 166.436 339.22 184.713 466.988 181.967 177.384 188.778 337.215 298.974 182.631 165.284 235.086 158.003 157.731 167.781 183.667 157.049 147.236 251.134 151.661 142.766 169.873 138.54 144.261 138.485 134.532 371.025 359.427
threshold=4.7827862444368678 -0.97670382270880773 -0.14225703661530895 0 1.0000000180025095e-35 1 -0.8816668175367014 2 42.500000000000007 3 17.450000000000003 -0.5 3.7139377865792018 4 93.500000000000014 0.66766646831012755 2.4901005614919209 2.5000000000000004 5 554.50000000000011 15.000000000000002 -1.7955010958723208 -0.9159756150367534 6 58.877899502100064 2.5372820663950328 7 62.500000000000007 1.5000000000000002 0.99981043035926087
decision_type=2 2 2 1 2 1 2 1 2 1 2 2 2 1 2 2 2 2 1 10 2 2 2 1 2 10 1 2 2 2
left_child=2 -2 4 6 7 -6 -4 8 -1 11 -11 -10 13 -9 -7 19 17 -17 -18 27 21 -21 23 -14 25 -25 -26 29 -29 -3
right_child=1 15 3 -5 5 14 -8 12 9 10 -12 -13 22 -15 -16 16 18 -19 -20 20 -22 -23 -24 24 26 -27 -28 28 -30 -31
leaf_value=0.01879449199842213 -0.60680849698469896 -0.099007447073559546 0.05202401594238807 0.011138414539421574 0.11817207939840343 -0.51072690476348215 0.37095877315997111 -0.30174020866280926 0.26421078455209523 1.8573230336408504 0.13121917226630642 -0.16636544868062345 -0.088855713456440943 -0.026205483859897214 -0.026534154984596509 -0.78262378997145132 -0.34353608741955732 -0.049638871237166309 0.18855293593857694 -0.20633976215004224 -0.032282363808808015 0.40116716274931374 -0.02468361254846144 -0.0077514611124216513 1.8652265403006447 0.21368253988241406 -0.29490361652489494 0.30208404802484989 -0.023016981901121766 -1.2923324789132442
leaf_weight=114954 1399 145363 10795 54782 2175 2134 13547 3855 1942 4109 3917 4933 4722 10786 658 1906 442 1239 1189 1871 31398 17271 114535 2692 365 7276 1101 11618 188130 1875
leaf_count=114954 1399 145363 10795 54782 2175 2134 13547 3855 1942 4109 3917 4933 4722 10786 658 1906 442 1239 1189 1871 31398 17271 114535 2692 365 7276 1101 11618 188130 1875
internal_value=-0.000152009 -0.000923998 0.000715433 0.0031454 2.91267e-05 -0.0114372 0.00903708 0.000236129 0.0018476 0.00820158 0.0165435 -0.00155969 -0.00120377 -0.00724901 -0.0276133 -0.000843245 -0.011681 -0.0197775 0.00393382 -0.000713008 0.00231258 0.0077292 -0.000526582 0.00475336 0.00870249 0.0112429 -0.00850716 -0.0011537 -0.000139375 -0.00252976
internal_weight=762979 403701 359278 79124 280154 4967 24342 275187 129855 14901 8026 6875 145332 14641 2792 402302 4776 3145 1631 397526 50540 19142 130691 16156 11434 9968 1466 346986 199748 147238
internal_count=762979 403701 359278 79124 280154 4967 24342 275187 129855 14901 8026 6875 145332 14641 2792 402302 4776 3145 1631 397526 50540 19142 130691 16156 11434 9968 1466 346986 199748 147238
cat_boundaries=0 2 4 7 9 11 13 15 17
cat_threshold=2214888471 2302711274 1923203266 274134618 2552117028 3946177045 1 0 33873936 545259520 1216 172231216 1236353024 1195376657 137312 547422216 67109250
is_linear=0
shrinkage=0.06


Tree=204
num_leaves=31
num_cat=8
split_feature=8 110 124 0 104 124 132 110 99 126 104 104 104 104 104 137 110 132 58 132 111 132 111 104 25 110 104 130 122 114
split_gain=112.471 207.139 206.686 203.159 158.495 143.358 325.369 566.443 461.971 655.775 506.969 454.782 419.215 349.482 331.178 286.728 274.721 273.536 252.27 234.371 244.142 219.921 214.315 555.951 501.187 750.991 419.525 317.449 564.735 507.397
threshold=249.61750000000004 25.050000000000004 0.7433333333333334 157.00375000000003 0 0.40500000000000008 0.025799818015934263 20.550000000000004 0.99249573635719013 286.22500000000008 1 2 3 4 5 0.0015243686735370938 20.950000000000003 0.32917936166072764 276.71000000000004 0.31288844364721724 79.500000000000014 0.21336913576298863 92.500000000000014 6 0.85798629067421095 15.050000000000002 7 0.12940952255126045 0.385638667498923 2.0560791881951026
decision_type=10 2 2 2 1 2 2 2 2 2 1 1 1 1 1 2 2 2 2 2 2 2 2 1 8 2 1 2 2 2
left_child=5 2 3 -2 -4 22 14 8 9 12 -11 -10 18 17 16 -16 -7 -9 -8 20 -14 -22 24 -24 -1 26 -26 28 -27 -30
right_child=1 -3 4 -5 -6 6 7 13 11 10 -12 -13 19 -15 15 -17 -18 -19 -20 -21 21 -23 23 -25 25 27 -28 -29 29 -31
leaf_value=0.034690205851893689 1.2311319641036778 -0.44534855971598758 1.418367644351 -0.11686054747003538 0.12405561999108215 -0.31840567217537313 -0.54815415894144659 -0.78348586608033721 0.051418092270714477 -0.03449636826738782 1.0322329679150952 -0.62091059278303662 -0.15469273758437962 -0.71929149187581654 0.27026985918763258 -0.0034342932615412992 0.0068120433272977716 0.029939743058816717 0.06546626408348856 -0.011511331224926664 -0.23499069118396845 0.92107382495043366 0.26232470412668646 -0.022112542443100052 -0.2402085806749075 -0.10180967848309691 -0.0099546206596875207 0.14705160391783409 0.24229198712511588 -0.30348529174728783
leaf_weight=305676 2405 7634 2459 86004 3761 23869 8824 690 4864 2562 3426 7828 907 3148 37166 61262 29757 2426 3888 11028 460 2032 22807 30420 31446 21119 14015 12724 14801 3514
leaf_count=305676 2405 7634 2459 86004 3761 23869 8824 690 4864 2562 3426 7828 907 3148 37166 61262 29757 2426 3888 11028 460 2032 22807 30420 31446 21119 14015 12724 14801 3514
internal_value=-0.000130865 -0.00198252 -0.00121547 -0.00195928 0.00935541 0.000155753 -0.00116598 -0.00525881 -0.002945 0.000784231 0.0187544 -0.0126779 -0.00318128 -0.0221804 0.000235967 0.00230275 -0.00355725 -0.00782859 -0.01112 0.00381909 0.0175941 0.0272924 0.000746775 0.00432517 0.000274488 -0.00346835 -0.00910519 0.00144481 -0.00121415 0.00649596
internal_weight=762922 102263 94629 88409 6220 660659 204137 52083 45819 33127 5988 12692 27139 6264 152054 98428 53626 3116 12712 14427 3399 2492 456522 53227 403295 97619 45461 52158 39434 18315
internal_count=762922 102263 94629 88409 6220 660659 204137 52083 45819 33127 5988 12692 27139 6264 152054 98428 53626 3116 12712 14427 3399 2492 456522 53227 403295 97619 45461 52158 39434 18315
cat_boundaries=0 2 4 6 9 12 14 16 18
cat_threshold=2225277012 687905524 1719908890 307455048 1208534149 221199718 936249653 793778471 1 4094839271 961062265 1 556865024 222257734 3504466114 274106076 1309426134 2134941371
is_linear=0
shrinkage=0.06


Tree=205
num_leaves=31
num_cat=7
split_feature=8 127 104 111 119 112 69 28 111 104 104 140 98 104 122 132 132 132 69 119 132 132 127 104 104 17 67 132 104 113
split_gain=113.276 138.794 182.486 153.627 237.798 297.82 252.244 250.904 204.849 245.569 203.471 190.106 155.463 177.913 162.298 160.824 167.124 152.999 146.449 145.787 138.273 172.579 201.825 150.432 138.227 135.125 180.537 234.693 393.363 371.197
threshold=240.31666666666669 0.027229624622079215 0 48.500000000000007 210.50000000000003 2.9550000000000005 18.450000000000003 194.80130208333335 69.500000000000014 1 2 4.5000000000000009 -0.20074750544272557 3 0.12226669061696131 -0.76624641395159687 -0.72025851593662871 0.025799818015934263 10.250000000000002 492.50000000000006 -0.20074750544272557 -0.047287273540950005 6.1930462972585465 4 5 124.18729946136476 52.500000000000007 0.17963823861099873 6 114.50000000000001
decision_type=10 2 1 2 2 2 2 10 2 1 1 2 2 1 2 2 2 2 2 2 2 2 2 1 1 10 2 2 1 2
left_child=25 2 -2 11 8 6 7 -6 10 17 -5 19 13 14 15 -13 -17 -10 -11 -3 24 22 23 -22 -9 -1 -27 -28 -29 -30
right_child=1 3 -4 4 5 -7 -8 20 9 18 -12 12 -14 -15 -16 16 -18 -19 -20 -21 21 -23 -24 -25 -26 26 27 28 29 -31
leaf_value=-0.012001339001536592 -1.0607423029531631 1.038219168844376 -0.1152661821636147 0.022440000555411642 -0.5199319518097385 -0.35439950505445067 -0.92762127959094443 2.2747005720966182 0.53368662523378696 0.053887314824365831 -0.48328540067263248 -0.31073913170045242 -0.57428139369759601 -0.3556133749002876 -0.14483998594130837 1.5514068907097647 0.19569979778609423 -0.23235179497924377 -0.3291683199342279 -1.119504773283408 0.79552367584150485 0.78395344547808543 1.5937215090933454 -1.445738981483027 0.77055382773998959 0.16930661410924358 0.056404335474975795 0.17013758240335977 -0.41007828915039507 -0.049226159727413399
leaf_weight=366166 1410 353 2864 7727 874 2779 1143 3373 15440 17889 11771 1197 1193 6808 4640 1095 1949 3004 18584 2575 457 2796 357 1017 2200 26123 197232 9824 5801 44375
leaf_count=366166 1410 353 2864 7727 874 2779 1143 3373 15440 17889 11771 1197 1193 6808 4640 1095 1949 3004 18584 2575 457 2796 357 1017 2200 26123 197232 9824 5801 44375
internal_value=-0.000136825 -0.00188571 -0.0124912 -0.00147058 -0.000411354 0.0064813 0.010514 0.013284 -0.00180042 7.53851e-05 -0.00708344 -0.00625107 -0.00380264 -0.00221415 0.00338057 0.011867 0.0191921 0.00571552 -0.00277766 -0.0203619 0.0159279 0.00825843 -0.00605895 -0.0158644 0.0222928 0.00016877 0.00115254 0.000669898 -0.00261596 -0.00476538
internal_weight=763016 113495 4274 109221 89411 14996 12217 11074 74415 54917 19498 19810 16882 15689 8881 4241 3044 18444 36473 2928 10200 4627 1831 1474 5573 649521 283355 257232 60000 50176
internal_count=763016 113495 4274 109221 89411 14996 12217 11074 74415 54917 19498 19810 16882 15689 8881 4241 3044 18444 36473 2928 10200 4627 1831 1474 5573 649521 283355 257232 60000 50176
cat_boundaries=0 3 5 7 9 12 15 17
cat_threshold=546047784 3769714689 1 4754048 1713385698 251960378 466289740 2344040356 2684687303 270635153 36703044 1 2624917381 2717981601 1 537010184 9135168
is_linear=0
shrinkage=0.06


Tree=206
num_leaves=31
num_cat=0
split_feature=21 24 28 35 99 122 126 130 112 25 99 114 130 111 132 98 132 112 120 28 113 125 110 84 47 110 127 109 129 114
split_gain=116.639 117.221 117.024 150.118 175.681 433.606 245.262 232.718 175.082 173.415 327.045 157.191 178.995 169.429 192.831 236.981 195.475 156.022 212.919 169.575 154.247 177.719 153.335 146.207 145.952 208.265 187.283 147.877 144.107 155.275
threshold=752.87500000000011 -187.63663194444445 368.72621527777784 371.98500000000007 0.99748108949426018 0.55569319654780325 338.17500000000001 0.60355339059327384 2.7150000000000003 0.91891403504799463 0.94909129669788206 2.5956164594599929 0.60355339059327384 62.500000000000007 0.025799818015934263 0.025799818015934263 -0.48970496317164519 3.5750000000000006 1.5000000000000002 260.54513888888897 330.50000000000006 0.20673333333333335 19.050000000000004 3.3060416666666672 645.75312500000018 9.0500000000000025 0.027229624622079215 32.500000000000007 46.500000000000007 -2.9998143189632831
decision_type=10 8 10 10 2 2 2 2 2 8 2 2 2 2 2 2 2 2 2 10 2 2 2 10 10 2 2 2 2 2
left_child=1 -1 3 4 -3 6 -6 20 -8 11 -11 12 13 23 16 -16 -15 18 19 -12 21 -7 -13 -5 26 -26 27 -18 -4 -30
right_child=-2 2 28 9 5 7 8 -9 -10 10 17 22 -14 14 15 -17 24 -19 -20 -21 -22 -23 -24 -25 25 -27 -28 -29 29 -31
leaf_value=0.79264285651197042 -0.31061137721539522 0.0034902325559379222 -0.4379804211578977 0.062114486917663782 0.24199435116452264 -0.06883716275265811 -0.23080007263387101 -0.0088057982976471293 0.13475948415541153 0.32520450609336304 -0.57249558923171806 0.69955628789517077 -0.13231769906985846 0.14558359136933346 -1.4154602869400508 0.17701316670974848 -1.5675032400201476 0.16334271138564133 -0.12072813626092624 0.026900069419732515 0.002051774288449337 -1.094236124803549 0.11097252329516508 -0.67768139075771383 -3.865216840687971 1.9362885329189992 1.0384181123178162 0.13903529947810342 1.3842156034603841 -0.077494068141628528
leaf_weight=3084 10615 543910 2769 15691 7726 940 5618 2655 2803 3767 2134 3671 13017 6639 901 3795 402 544 2120 531 1013 4564 4152 1191 166 3367 5130 979 513 108281
leaf_count=3084 10615 543910 2769 15691 7726 940 5618 2655 2803 3767 2134 3671 13017 6639 901 3795 402 544 2120 531 1013 4564 4152 1191 166 3367 5130 979 513 108281
internal_value=-9.04694e-05 -2.3136e-06 -5.03879e-05 0.000263371 -5.53379e-05 -0.00494076 0.000977211 -0.0153581 -0.00610544 0.00292355 -0.00478839 0.00411052 0.00290177 0.00496942 0.00851731 -0.0022227 0.0115404 -0.0143527 -0.0178145 -0.0290998 -0.0214575 -0.0254169 0.0120322 0.000476219 0.0168203 0.0266384 0.0114896 -0.00811867 -0.00184307 -0.00149897
internal_weight=762688 752073 748989 637426 569229 25319 16147 9172 8421 68197 9096 59101 51278 38261 21379 4696 16683 5329 4785 2665 6517 5504 7823 16882 10044 3533 6511 1381 111563 108794
internal_count=762688 752073 748989 637426 569229 25319 16147 9172 8421 68197 9096 59101 51278 38261 21379 4696 16683 5329 4785 2665 6517 5504 7823 16882 10044 3533 6511 1381 111563 108794
is_linear=0
shrinkage=0.06


Tree=207
num_leaves=31
num_cat=11
split_feature=131 104 104 113 109 104 130 104 104 115 129 110 122 98 104 110 111 104 104 112 121 99 127 104 109 104 129 112 104 129
split_gain=139.35 493.779 271.7 242.963 204.298 296.221 243.189 231.722 199.112 188.63 236.039 215.639 196.67 213.073 187.588 177.693 876.649 788.662 637.389 439.632 388.624 283.444 285.766 268.449 267.642 400.197 252.625 412.743 373.048 310.316
threshold=0.91597561503675351 0 1 5.5000000000000009 42.500000000000007 2 -1.0000000180025095e-35 3 4 -1.6534326913703528 52.500000000000007 13.050000000000002 0.54057176476787805 0.34537287020513602 5 13.65 84.500000000000014 6 7 1.635 993.05000000000007 0.7487283477006671 33.700923310857085 8 57.500000000000007 9 66.500000000000014 3.1050000000000004 10 115.50000000000001
decision_type=2 1 1 2 2 1 2 1 1 2 2 2 2 2 1 2 2 1 1 2 2 2 2 1 2 1 2 2 1 2
left_child=3 8 -3 14 5 -4 -7 -6 -2 12 11 -11 13 -9 -1 16 17 20 19 -18 -5 -20 26 24 25 -17 27 28 -23 -28
right_child=1 2 4 15 7 6 -8 9 -10 10 -12 -13 -14 -15 -16 23 18 -19 21 -21 -22 22 -24 -25 -26 -27 29 -29 -30 -31
leaf_value=0.032071370590770129 -0.42517511493886073 0.57154600429935276 -0.042495489511260302 -0.56768078925743992 0.14053689646684489 0.65579078411145353 -0.23465560560869675 0.60963271272975961 -0.086902240688627327 1.1777112910498937 -0.35159782931255446 -0.052006445293697287 -0.43398134815704309 -0.29938560748932547 -0.68207037243602486 -0.41350020976868446 -0.58141562772761235 -0.046094849623106025 0.60107982839120822 -0.035950620845221125 -0.14073090157079632 0.10421231145537717 -0.80074021083602864 0.031284963667590412 -0.0024430399347851761 -0.074542576472488228 0.77719368667331168 3.0136025066624916 -0.52596199747342409 0.10662463151738449
leaf_weight=1657 2956 10152 11046 18560 12343 16445 2279 3142 23578 772 8997 1978 782 1038 2445 13429 13037 34337 4822 42445 11077 4769 574 290598 123820 32535 4643 458 5003 62889
leaf_count=1657 2956 10152 11046 18560 12343 16445 2279 3142 23578 772 8997 1978 782 1038 2445 13429 13037 34337 4822 42445 11077 4769 574 290598 123820 32535 4643 458 5003 62889
internal_value=-0.000111879 0.00203164 0.00470711 -0.000418768 0.00314109 0.00663464 0.0112282 -0.000437821 -0.00492296 -0.00504187 -0.00918795 0.00619411 0.00476325 0.00993064 -0.0149744 -0.000328689 -0.00180934 -0.00761923 0.000871604 -0.00410863 -0.0147875 0.00419435 0.00332563 0.000322949 -0.00157248 -0.00548243 0.00363721 -0.00514906 -0.00776016 0.00496824
internal_weight=762606 95508 68974 667098 58822 29770 18724 29052 26534 16709 11747 2750 4962 4180 4102 662996 202614 63974 138640 55482 29637 83158 78336 460382 169784 45964 77762 10230 9772 67532
internal_count=762606 95508 68974 667098 58822 29770 18724 29052 26534 16709 11747 2750 4962 4180 4102 662996 202614 63974 138640 55482 29637 83158 78336 460382 169784 45964 77762 10230 9772 67532
cat_boundaries=0 2 4 6 8 10 12 14 16 18 20 22
cat_threshold=673808618 69215056 26219008 131076 38143248 541394057 1178995968 839188617 128 8192 3670807332 3265472775 4089991238 885038303 1058419257 194142465 3320917508 3223667238 15794176 514 1078479042 275023096
is_linear=0
shrinkage=0.06


Tree=208
num_leaves=31
num_cat=0
split_feature=6 19 69 119 113 114 111 81 58 134 129 140 78 137 134 137 137 140 140 99 0 114 45 35 114 98 111 5 53 126
split_gain=125.277 258.646 226.772 244.325 440.889 399.187 216.866 210.984 246.114 252.465 239.83 202.187 197.909 316.239 570.729 308.236 244.146 192.949 192.561 392.875 512.371 279.042 260.841 244.226 317.179 337.025 458.22 407.015 282.705 207.548
threshold=301.06500000000005 135.96388888888893 10.950000000000001 596.50000000000011 245.50000000000003 1.6550796181284577 49.500000000000007 1.0000000180025095e-35 3119.6300000000006 1.0000000180025095e-35 109.50000000000001 4.5000000000000009 992.05000000000007 0.0010922578834471623 1.0000000180025095e-35 0.0021274278612003691 0.00040181921977764442 57.000000000000007 4.5000000000000009 0.93158198870884079 44.621250000000011 1.1025412482507799 82.450000000000017 286.82500000000005 -0.49383638869931551 0.17963823861099873 95.500000000000014 0.44450000000000006 0.68407006925327551 3216.3000000000006
decision_type=10 8 2 2 2 2 2 2 2 2 2 2 2 2 2 2 2 2 2 2 2 2 2 10 2 2 2 10 10 2
left_child=18 -2 3 -3 11 6 -6 8 9 -4 -10 -5 13 16 -15 -16 -7 -9 19 20 -1 -21 -22 29 -25 -26 28 -28 -27 -20
right_child=1 2 7 4 5 12 -8 17 10 -11 -12 -13 -14 14 15 -17 -18 -19 23 21 22 -23 -24 24 25 26 27 -29 -30 -31
leaf_value=-0.071600275028084678 -0.1082194739119538 0.063580521880728602 -0.18585540483909255 -0.72420795567845153 -1.1336075140617647 0.052324632820893835 0.20191374832925874 0.046694536766913756 0.072258530008294311 0.18816972518324021 -0.8520570335428439 1.0358414038444865 -0.24799599181793552 -2.2717172097225369 -0.41129796332788288 3.3033947281774214 1.6270976728738469 -0.18912245472789749 -0.010681771532093761 -0.40366285827384485 0.023642693692503512 -0.0083452420799129349 0.16823371249524241 0.37471398236406089 0.1468269096510241 0.39327588538630892 -0.4223412027917956 0.85091675626812324 -0.16051090991038761 -0.11821894041543672
leaf_weight=8525 72552 198135 41955 438 2224 4418 487 76371 2369 12728 5456 2188 6811 1561 875 658 1594 17616 174741 2840 11227 7900 29565 12150 34158 2679 1055 1868 19719 7774
leaf_count=8525 72552 198135 41955 438 2224 4418 487 76371 2369 12728 5456 2188 6811 1561 875 658 1594 17616 174741 2840 11227 7900 29565 12150 34158 2679 1055 1868 19719 7774
internal_value=-8.89806e-05 -0.000732678 -9.96049e-05 0.00114508 -0.00496824 -0.008213 -0.0294912 -0.00184452 -0.00454591 -0.00312157 -0.0144978 0.0180434 -0.00458726 0.00119908 -0.0143845 0.0116167 0.00922002 -4.78785e-05 0.000829721 0.00388524 0.00614988 -0.00651336 0.00894565 0.000107655 0.00307664 0.00127202 -0.00397362 0.0183653 -0.00688959 -0.00105755
internal_weight=762637 448436 375884 219389 21254 18628 2711 156495 62508 54683 7825 2626 15917 9106 3094 1533 6012 93987 314201 60057 49317 10740 40792 254144 71629 59479 25321 2923 22398 182515
internal_count=762637 448436 375884 219389 21254 18628 2711 156495 62508 54683 7825 2626 15917 9106 3094 1533 6012 93987 314201 60057 49317 10740 40792 254144 71629 59479 25321 2923 22398 182515
is_linear=0
shrinkage=0.06


Tree=209
num_leaves=31
num_cat=10
split_feature=121 104 104 129 104 129 111 104 104 132 133 129 104 130 113 129 104 111 126 110 104 133 137 104 125 112 132 132 104 120
split_gain=112.484 263.344 258.781 252.693 344.928 246.467 276.081 348.866 266.42 251.88 301.665 238.606 472.878 390.446 436.593 295.265 248.487 247.886 234.406 233.619 357.936 252.423 228.808 227.801 220.929 219.121 217.995 306.4 598.737 543.847
threshold=991.05000000000007 0 1 66.500000000000014 2 55.500000000000007 95.500000000000014 3 4 0.53038584004487344 0.8852232634113919 94.500000000000014 5 -0.25881904510252113 287.50000000000006 103.50000000000001 6 55.500000000000007 1005.8750000000001 19.250000000000004 7 0.93469109537144635 0.44064828010201723 8 0.50366666666666682 2.0850000000000004 0.32917936166072764 0.17963823861099873 9 91.500000000000014
decision_type=2 1 1 2 1 2 2 1 1 2 2 2 1 2 2 2 1 2 2 2 1 2 2 1 2 2 2 2 1 2
left_child=2 24 -1 4 -3 6 9 -8 -7 10 18 12 -5 14 17 16 -13 -14 -6 -17 -21 -22 -4 -12 26 -24 27 -2 -29 -30
right_child=1 3 22 11 5 8 7 -9 -10 -11 23 15 13 -15 -16 19 -18 -19 -20 20 21 -23 25 -25 -26 -27 -28 28 29 -31
leaf_value=-0.052481854878969329 0.080907686861023079 -0.41709463026605786 0.00055475524758527681 -0.39003222634142215 -0.1035600450371004 -0.95752757117754639 0.21343515876112476 -0.85475877323889804 -0.01960960181624671 0.6672291025331375 -0.081740340911988049 0.31853581639497347 -0.60919219218568055 1.4607731961280039 -0.65325046180050217 -0.032043348185574701 -0.57214474178710872 1.2767228939892252 -0.68299245004211828 0.28433203193543943 -0.072950615454414197 0.29645051905466996 0.44315849687824721 0.34560842164620226 1.6152375786918025 -0.15126976571449843 0.17963875254533263 0.19652694561611952 -0.31948805916040879 0.69412182985219373
leaf_weight=165536 64565 9448 245041 2333 3682 1283 1048 1660 1550 2206 3593 357 395 3635 1328 138037 983 2060 1229 18328 24080 7834 12885 5507 2323 3406 29961 2226 5496 646
leaf_count=165536 64565 9448 245041 2333 3682 1283 1048 1660 1550 2206 3593 357 395 3635 1328 138037 983 2060 1229 18328 24080 7834 12885 5507 2323 3406 29961 2226 5496 646
internal_value=-4.5551e-05 0.000776011 -0.000691828 -0.000359084 -0.00537956 -0.00121825 0.00125225 -0.0164784 -0.0177205 0.00421384 0.00124607 0.000426742 0.00957957 0.0169767 0.00350423 -4.39827e-05 -0.0280984 0.0184935 -0.010737 0.000155832 0.00365902 -0.000180423 0.000483962 0.00771344 0.0032632 0.00736926 0.00285028 0.00108015 -0.00972159 -0.0193662
internal_weight=762661 335793 426868 230576 31206 21758 18925 2708 2833 16217 14011 199370 9751 7418 3783 189619 1340 2455 4911 188279 50242 31914 261332 9100 105217 16291 102894 72933 8368 6142
internal_count=762661 335793 426868 230576 31206 21758 18925 2708 2833 16217 14011 199370 9751 7418 3783 189619 1340 2455 4911 188279 50242 31914 261332 9100 105217 16291 102894 72933 8368 6142
cat_boundaries=0 2 4 6 8 10 13 15 17 19 21
cat_threshold=2300070090 196019864 2869499970 2615707192 612540944 2148532320 1111556096 876650496 4198692 1610619139 1677860880 8196 1 570724352 8518 839201028 536879431 1077936129 1950384132 16458 329240
is_linear=0
shrinkage=0.06


Tree=210
num_leaves=31
num_cat=7
split_feature=28 132 140 114 104 132 132 104 98 115 104 110 104 137 104 119 104 114 115 132 111 113 132 104 110 140 130 120 0 110
split_gain=113.685 267.423 287.109 279.187 266.951 257.835 331.499 310.864 292.07 333.651 277.517 270.646 385.711 314.119 262.951 345.316 279.4 324.39 257.139 291.799 728.255 466.677 326.832 281.038 262.995 256.912 334.573 349.07 322.297 311.958
threshold=263.25850694444449 0.17963823861099873 33.000000000000007 -2.9998143189632831 0 0.094468741652255758 0.025799818015934263 1 1.0000000180025095e-35 1.8859116222410479 2 25.050000000000004 3 0.85826565528689469 4 350.50000000000006 5 0.35029892029675225 -1.7038474458750019 -0.16693218438255733 61.500000000000007 292.50000000000006 -0.18386704952168662 6 9.0500000000000025 4.5000000000000009 -0.91597561503675329 35.500000000000007 412.16666666666669 21.350000000000005
decision_type=8 2 2 2 1 2 2 1 2 2 1 2 1 2 1 2 1 2 2 2 2 2 2 1 2 2 2 2 2 2
left_child=-1 3 -3 4 -2 6 8 -8 9 11 -11 13 -13 14 25 18 -17 -18 24 22 -21 23 -20 -22 -16 28 -27 -28 -5 -29
right_child=1 2 -4 5 -6 -7 7 -9 -10 10 -12 12 -14 -15 15 16 17 -19 19 20 21 -23 -24 -25 -26 26 27 29 -30 -31
leaf_value=0.0092550160032263303 -1.2004645997228989 -0.01822260242118574 -0.29649153069752998 -0.32479131057889504 1.7648600657512401 0.43229086107456055 -0.056512740151416378 -0.98067282185257709 0.90095364206202644 -0.094988554870411121 -0.88822720941875699 -0.40609367120408391 -0.0063575971263782095 3.6471340442414029 -2.6921134644432909 -0.072451575020371584 1.807127374245906 0.17872590280970441 -0.21137393604043381 -2.1773440960154091 0.49760147567544977 1.3066651682388208 -0.94033384028398215 -0.4112644245925321 0.18806247580267096 -0.28603788342108144 0.50699853913156567 -0.4214250955240405 2.2837554230731341 1.4802055072384959
leaf_weight=468213 207 13823 12974 12613 841 5898 3377 2974 1132 3456 2980 11329 18239 1916 470 11697 2679 11200 76081 1284 5176 4028 2436 6031 19088 7063 42881 9668 1414 1562
leaf_count=468213 207 13823 12974 12613 841 5898 3377 2974 1132 3456 2980 11329 18239 1916 470 11697 2679 11200 76081 1284 5176 4028 2436 6031 19088 7063 42881 9668 1414 1562
internal_value=-0.000112333 -0.00103593 -0.0067505 -0.000463916 0.030429 -0.000585436 -0.000866034 -0.0144049 -0.000528016 -0.000663977 -0.0141494 -0.000312328 -0.00569786 0.000420548 0.000205319 -0.00133028 0.00497322 0.0107257 -0.00273729 -0.00402664 0.00322155 0.00687976 -0.00555159 0.000583512 0.00352779 0.00306733 0.00474704 0.00635016 -0.00425577 -0.00306651
internal_weight=762730 294517 26797 267720 1048 266672 260774 6351 254423 253291 6436 246855 29568 217287 215371 140170 25576 13879 114594 95036 16519 15235 78517 11207 19558 75201 61174 54111 14027 11230
internal_count=762730 294517 26797 267720 1048 266672 260774 6351 254423 253291 6436 246855 29568 217287 215371 140170 25576 13879 114594 95036 16519 15235 78517 11207 19558 75201 61174 54111 14027 11230
cat_boundaries=0 2 4 6 9 11 13 15
cat_threshold=805568656 2718564356 2634550405 254284262 2941692573 2701398466 1162348561 1336985640 1 1158416913 1795202096 2294334568 2218475584 150049152 67109571
is_linear=0
shrinkage=0.06


Tree=211
num_leaves=31
num_cat=11
split_feature=21 98 104 110 128 104 109 126 119 104 54 104 115 137 4 104 115 120 104 131 104 104 122 104 104 109 135 131 104 130
split_gain=123.215 327.229 216.267 224.911 348.78 217.191 253.813 215.451 181.683 232.725 174.609 213.475 174.191 168.807 150.796 144.697 141.535 352.084 414.823 396.119 381.855 274.994 237.435 287.699 201.841 175.331 171.721 166.332 548.639 284.359
threshold=118.31666666666668 -0.98024766238342442 0 16.650000000000002 0.013744095686166082 1 32.500000000000007 43.675000000000004 698.50000000000011 2 5.3529656834356221 3 0.99815618170708553 0.85826565528689469 19.14119141104295 4 1.8859116222410479 50.500000000000007 5 0.60355339059327384 6 7 0.14261232647457553 8 9 237.50000000000003 1.0000000180025095e-35 0.91597561503675351 10 -1.0000000180025095e-35
decision_type=10 2 1 2 2 1 2 2 2 1 8 1 2 2 10 1 2 2 1 2 1 1 2 1 1 2 2 2 1 2
left_child=2 15 13 4 5 6 14 -6 10 -10 11 -5 -7 -1 -4 -2 27 18 -18 20 -19 25 23 -20 -24 -21 -22 -3 -29 -30
right_child=1 16 3 8 7 12 -8 -9 9 -11 -12 -13 -14 -15 -16 -17 17 19 22 21 26 -23 24 -25 -26 -27 -28 28 29 -31
leaf_value=-0.02586810578229631 -0.017025268490561699 -0.014562165985376225 -0.87510388444935183 0.20201400244112022 0.94223863325294355 0.065045870138962417 -0.0083601841156479388 -0.37565054237524748 -0.19984803385180241 0.058691583489252144 0.14416830300426439 0.018265500050770812 1.1872879226571345 3.0575373328325171 -0.2532206923241796 -0.33767844830917171 0.40169689943237102 -0.25432147034936847 0.57204421352643176 0.99799959337445499 0.57834190898615245 -0.91409073448035028 -0.39534226112585713 -0.61712814364920798 -1.0781975382276721 -0.37241873933617325 0.030518596439030148 -0.13265620132122591 0.38228813735523032 -0.18888065071659182
leaf_weight=46825 3295 525647 893 8433 163 12359 5425 3095 1841 2232 19136 30430 875 263 905 6397 1587 2822 787 447 3492 1307 3135 757 3164 486 1321 27005 41369 6162
leaf_count=46825 3295 525647 893 8433 163 12359 5425 3095 1841 2232 19136 30430 875 263 905 6397 1587 2822 787 447 3492 1307 3135 757 3164 486 1321 27005 41369 6162
internal_value=-0.000100071 -0.000450681 0.0015601 0.00335323 -0.00161663 0.00128752 -0.00707492 -0.0198466 0.00525253 -0.00699558 0.00611276 0.00380249 0.00585277 -0.00170704 -0.0266148 -0.0113897 -0.000279521 -0.00533616 -0.0136274 0.00258202 0.00909115 -0.0195984 -0.0192743 0.00178641 -0.0244667 0.00540254 0.0193408 -0.000116864 0.00253565 0.00641496
internal_weight=762055 629180 132875 85787 23715 20457 7223 3258 62072 4073 57999 38863 13234 47088 1798 9692 619488 19305 9430 9875 7635 2240 7843 1544 6299 933 4813 600183 74536 47531
internal_count=762055 629180 132875 85787 23715 20457 7223 3258 62072 4073 57999 38863 13234 47088 1798 9692 619488 19305 9430 9875 7635 2240 7843 1544 6299 933 4813 600183 74536 47531
cat_boundaries=0 2 4 7 9 11 13 15 17 19 21 23
cat_threshold=2838720128 431078 281051216 8208 1140855075 3535799305 1 557104 2333089792 335818760 3264675840 570687491 151520584 1677902530 1804591128 4022648899 424318104 2504671164 604051591 3430992600 2456264884 1747566826 879241048
is_linear=0
shrinkage=0.06


Tree=212
num_leaves=31
num_cat=0
split_feature=110 119 21 111 112 20 126 119 107 115 132 132 120 128 134 132 128 134 126 111 128 129 132 111 21 110 107 112 113 67
split_gain=110.54 207.207 132.586 119.354 291.492 376.287 359.604 296.418 273.386 215.725 261.258 343.607 260.334 425.401 278.194 259.348 250.024 248.5 211.31 191.44 179.226 360.313 371.81 339.501 411.914 161.455 160.274 154.929 147.408 143.485
threshold=30.050000000000004 614.50000000000011 752.87500000000011 42.500000000000007 3.2050000000000005 20.791997764615051 3216.3000000000006 535.50000000000011 28.718100000000003 -2.0008222953291708 -0.42860198635012398 -0.48970496317164519 2.5000000000000004 0.0027193758151451979 1.0000000180025095e-35 0.32917936166072764 0.081237199237934835 1.0000000180025095e-35 3027.9000000000005 36.500000000000007 0.041597101485909123 224.50000000000003 -0.76624641395159687 56.500000000000007 177.40500000000003 25.250000000000004 28.682950000000002 2.0150000000000001 308.50000000000006 184.50000000000003
decision_type=2 2 10 2 2 8 2 2 2 2 2 2 2 2 2 2 2 2 2 2 2 2 2 2 10 2 2 2 2 2
left_child=2 -2 3 4 5 28 7 -6 -8 25 11 12 13 -11 19 -12 27 -14 -9 -15 -5 -22 29 -24 -25 26 -7 -16 -1 -23
right_child=1 -3 -4 20 6 9 8 18 -10 10 15 -13 17 14 16 -17 -18 -19 -20 -21 21 22 23 24 -26 -27 -28 -29 -30 -31
leaf_value=-0.010893276298627796 0.19335446801215822 -0.0689530572138915 -0.34236839203309355 0.00083910920206960778 0.65521241241442485 -0.13488357368507509 -0.035422227127264706 0.020878093813130362 -0.74322400716095438 -0.9992064791572518 -0.51626848672686876 0.51097668537452623 -0.16654752519702271 -0.76881020875838857 -0.10575826398096935 0.17346925889479081 -1.0795693433679421 0.46204531099059748 0.57500875628669579 -0.11873577015556065 2.0070413094209156 0.73904781349967064 -0.43929160521861915 -0.34395095898441241 3.4470721476852764 -1.1075863769329586 -0.76645672455571878 1.0106182538685342 0.25737117326257103 -0.35090511739352603
leaf_weight=2693 6299 4367 10259 668253 2410 2861 10750 9033 1557 2300 3096 2401 2059 2371 462 757 267 2113 1797 5363 4256 858 1160 744 2748 1560 833 1629 2392 4884
leaf_count=2693 6299 4367 10259 668253 2410 2861 10750 9033 1557 2300 3096 2401 2059 2371 462 757 267 2113 1797 5363 4256 858 1160 744 2748 1560 833 1629 2392 4884
internal_value=-4.64242e-05 0.00601856 -0.00013247 -3.87536e-05 -0.00263487 -0.00634598 0.00218178 0.00904463 -0.00520149 -0.00906636 -0.00654192 -0.00364758 -0.00672261 -0.0110869 -0.00577826 -0.0207836 0.0122594 0.00624012 0.00480842 -0.0112786 0.000184418 0.00674903 0.000727273 0.0133333 0.0226739 -0.0200266 -0.0131854 0.0192447 0.00867086 -0.00948633
internal_weight=762532 10666 751866 741607 58704 33157 25547 13240 12307 28072 22818 18965 16564 12392 10092 3853 2358 4172 10830 7734 682903 14650 10394 4652 3492 5254 3694 2091 5085 5742
internal_count=762532 10666 751866 741607 58704 33157 25547 13240 12307 28072 22818 18965 16564 12392 10092 3853 2358 4172 10830 7734 682903 14650 10394 4652 3492 5254 3694 2091 5085 5742
is_linear=0
shrinkage=0.06


Tree=213
num_leaves=31
num_cat=8
split_feature=28 104 139 139 130 104 104 109 53 104 133 132 132 132 115 104 111 104 104 35 140 133 0 24 132 109 45 24 104 137
split_gain=110.396 192.927 158.349 174.466 500.738 374.307 370.903 189.145 181.289 175.21 170.186 169.132 211.875 225.727 212.642 201.698 155.99 249.418 169.705 155.438 199.985 333.363 313.987 284.404 301.617 198.587 196.318 211.185 191.551 187.697
threshold=344.82356878386605 0 64.500000000000014 46.500000000000007 0.25881904510252091 1 2 1117.5000000000002 26.066941749549056 3 0.96407344085605606 -0.74369257357766683 -0.72025851593662871 -0.73208386245364632 -1.6452241335952165 4 56.500000000000007 5 6 270.32500000000005 4.5000000000000009 0.93769647993491489 37.132500000000007 25.004340277777782 -0.96875021044074028 32.500000000000007 82.450000000000017 11.992135416666665 7 0.61497421480319081
decision_type=8 1 2 2 2 1 1 2 10 1 2 2 2 2 2 1 2 1 1 10 2 2 2 10 2 2 2 8 1 2
left_child=19 2 3 8 5 7 -6 -5 9 10 -2 15 13 -13 -14 -8 18 -18 -7 20 21 22 -1 29 -25 -23 27 -24 -21 -22
right_child=1 -3 -4 4 6 16 11 -9 -10 -11 -12 12 14 -15 -16 -17 17 -19 -20 28 23 25 26 24 -26 -27 -28 -29 -30 -31
leaf_value=-0.090824422038957658 0.0041971953965547473 -0.15476734056637495 -0.50281788787242843 -0.64610469788394875 -0.33195838159289337 0.37519714057664144 -0.53375385011733101 0.48463393260501902 -0.43151051511110311 0.097942988828291097 -0.70212403569886106 1.1327480053116914 0.043238331394160237 -1.513670534422962 1.7184721655691646 5.8502845398660703 -0.32945431999150909 2.0696120800335787 -0.42782833542770332 0.072802394253299374 -0.013565182726800202 -0.67943231679333638 -0.23804095312915591 -0.32976463839610187 -0.10097378410761336 -0.045492898800600583 0.11870148466656644 0.13537268429895902 -0.0062659935548937534 0.55949871046773469
leaf_weight=4781 6608 65069 2286 6709 2998 1829 289 682 9108 35739 5016 686 2119 751 7459 888 1179 2878 3023 166670 157680 1894 3801 6074 39077 5754 26318 6432 185702 3205
leaf_count=4781 6608 65069 2286 6709 2998 1829 289 682 9108 35739 5016 686 2119 751 7459 888 1179 2878 3023 166670 157680 1894 3801 6074 39077 5754 26318 6432 185702 3205
internal_value=-0.000103054 -0.00153055 0.00026524 0.000670517 0.00424883 -0.00305503 0.0120861 -0.0130262 -0.0013249 0.000165949 -0.00622948 0.016727 0.0144281 -0.00705146 0.0176511 0.0383531 0.00522646 0.0139133 -0.00202761 0.000261974 -0.000866295 0.00257978 0.00470907 -0.00168552 -0.00589343 -0.00892666 0.00660046 -0.000451436 0.00107852 -0.000504581
internal_weight=762704 155316 90247 87961 31490 16300 15190 7391 56471 47363 11624 12192 11015 1437 9578 1177 8909 4057 4852 607388 255016 48980 41332 206036 45151 7648 36551 10233 352372 160885
internal_count=762704 155316 90247 87961 31490 16300 15190 7391 56471 47363 11624 12192 11015 1437 9578 1177 8909 4057 4852 607388 255016 48980 41332 206036 45151 7648 36551 10233 352372 160885
cat_boundaries=0 2 4 6 8 10 12 14 17
cat_threshold=1704724639 2069903848 604504197 6560 554696704 536871104 8388632 186646528 2048 1226833920 1310728 536870912 1310728 536870976 3090186017 2225015171 1
is_linear=0
shrinkage=0.06


Tree=214
num_leaves=31
num_cat=0
split_feature=121 133 122 125 132 133 107 133 132 112 133 132 120 114 110 114 120 31 133 133 110 119 133 132 119 132 132 123 132 113
split_gain=107.852 441.031 545.243 416.2 425.428 412.401 512.803 403.165 367.705 299.302 400.717 293.539 435.156 298.051 271.906 269.162 296.693 254.403 245.062 237.956 243.87 235.717 233.872 428.731 447.045 391.185 584.78 377.4 405.215 363.638
threshold=993.1500000000002 0.97062204580664158 0.55226011135956721 0.14683333333333334 0.21336913576298863 0.99445195900249039 28.654150000000005 0.93469109537144635 0.094468741652255758 2.4650000000000003 0.97648852793709995 0.17963823861099873 88.500000000000014 2.1933302841801918 11.450000000000001 1.5658146450590427 8.5000000000000018 101.53166745057943 0.99138911339924218 0.93158198870884079 8.0500000000000025 532.50000000000011 0.94066717844141279 0.32917936166072764 545.50000000000011 -0.38142733947913604 -0.34940546490494873 0.2450653255997636 0.23014236637527921 111.50000000000001
decision_type=2 2 2 2 2 2 2 2 2 2 2 2 2 2 2 2 2 10 2 2 2 2 2 2 2 2 2 2 2 2
left_child=22 7 3 5 -5 6 9 19 21 10 -3 13 -13 14 -8 16 -4 -10 -11 20 -2 -7 25 24 -24 -1 -27 28 -26 -29
right_child=1 2 15 4 -6 8 11 -9 17 18 -12 12 -14 -15 -16 -17 -18 -19 -20 -21 -22 -23 23 -25 27 26 -28 29 -30 -31
leaf_value=-0.0041851358681721249 -0.24369470149758413 0.59906347117485936 0.047820953262480828 0.4308769930850147 -0.89654935907306188 0.17046434776103978 -0.74373760585282722 0.55283589070425077 0.15913040604130571 0.14370979065440706 -0.27696310545554109 -0.35866862297527896 0.63542946056241811 1.3657304687346117 -0.1341281019737528 -0.74478505861922317 -0.65758382073785415 1.9142176154599337 -0.45775189164542607 -0.56023231356962444 0.092769765555695466 -0.33481840124865225 0.065994484876523665 0.32125848499759652 -0.17591655170118628 -0.40062158105766599 -0.065341546265954023 -1.2740905149029622 -0.57186444303009565 0.085410634537665536
leaf_weight=329626 4407 1824 5326 6329 494 7975 1565 9856 1144 6756 8394 3724 327 723 3380 2438 7599 1245 517 1499 101107 2188 134836 5323 5021 8251 90322 563 2666 7567
leaf_count=329626 4407 1824 5326 6329 494 7975 1565 9856 1144 6756 8394 3724 327 723 3380 2438 7599 1245 517 1499 101107 2188 134836 5323 5021 8251 90322 563 2666 7567
internal_value=-5.96074e-05 0.00122974 -0.002863 0.000369639 0.0140592 -0.00197973 -0.00612987 0.00339916 0.00701665 1.02904e-05 -0.00661121 -0.017179 -0.0295114 -0.00836126 -0.0136231 -0.0126647 -0.00921399 0.0281925 0.00931262 0.0023296 0.00266692 0.0020366 -0.000454281 0.00153484 0.000943486 -0.00117884 -0.0044951 -0.00859906 -0.0181296 0.000413233
internal_weight=762992 178817 61948 46585 6823 39762 27210 116869 12552 17491 10218 9719 4051 5668 4945 15363 12925 2389 7273 107013 105514 10163 584175 155976 150653 428199 98573 15817 7687 8130
internal_count=762992 178817 61948 46585 6823 39762 27210 116869 12552 17491 10218 9719 4051 5668 4945 15363 12925 2389 7273 107013 105514 10163 584175 155976 150653 428199 98573 15817 7687 8130
is_linear=0
shrinkage=0.06


Tree=215
num_leaves=31
num_cat=8
split_feature=0 133 130 104 14 104 129 129 86 140 83 50 47 122 103 104 35 19 81 110 104 104 112 104 127 133 127 104 135 104
split_gain=120.184 412.619 142.04 167.875 133.435 261.715 259.063 287.939 131.862 197.829 125.181 133.298 134.415 156.827 124.265 218.015 125.708 221.156 232.98 369.408 259.089 239.421 227.019 186.325 170.165 238.686 169.708 169.441 163.515 151.134
threshold=104.00125000000001 0.21441936405998524 -0.98296291314453399 0 46.905000000000008 1 13.500000000000002 118.50000000000001 554.50000000000011 15.000000000000002 1.8650000000000004 -267.49999999999994 905.99062500000014 0.48244476843165496 0.61497421480319081 2 310.56500000000005 191.91597222222222 6.5000000000000009 15.450000000000001 3 4 3.2650000000000001 5 0.54547471745755616 0.98770287048522643 10.175298815609001 6 1.0000000180025095e-35 7
decision_type=2 2 2 1 8 1 2 2 10 2 10 10 10 2 2 1 10 10 2 2 1 1 2 1 2 2 2 1 2 1
left_child=2 -2 3 -1 5 6 -4 -8 14 10 -10 12 -12 -14 16 -16 27 -18 21 20 24 28 23 -21 -20 -26 29 -3 -19 -24
right_child=1 8 4 -5 -6 -7 7 -9 9 -11 11 -13 13 -15 15 -17 17 18 19 22 -22 -23 26 -25 25 -27 -28 -29 -30 -31
leaf_value=0.044764536843525202 -0.54137934817995714 -0.37138752712934037 0.12884216947927071 -0.37077738764801232 0.029548901482160089 -0.004197131263138516 -0.54185952945221916 0.0015658074006687172 0.56160422990518721 -0.019210300917965242 0.25176767447082171 -0.48479261906612831 0.36387056588372274 -0.57256934664476766 -0.64073760935925572 -0.059971814255638377 0.051914960119308587 -0.067792611987363499 -0.28015511979973523 0.087256736180701178 -0.40174403494404654 -0.25602518198009705 -0.90619765239173311 0.56942948256776382 -0.01639532216646529 0.98840336566429399 1.0147666533480668 -0.047973617619196315 0.64210626933542181 -0.022027796100153978
leaf_weight=1311 2804 5699 1041 2008 247231 41906 2751 1494 5360 39574 14729 892 1323 1610 3140 6987 125852 27971 5074 7483 12281 51351 921 11831 7262 4044 533 122316 4812 841
leaf_count=1311 2804 5699 1041 2008 247231 41906 2751 1494 5360 39574 14729 892 1323 1610 3140 6987 125852 27971 5074 7483 12281 51351 921 11831 7262 4044 533 122316 4812 841
internal_value=-0.000112062 -0.000715056 0.000829037 -0.011512 0.000968196 -0.00195537 -0.0145214 -0.0211258 -0.000575725 0.0019638 0.00627221 0.00393856 0.00508181 -0.00664622 -0.000980424 -0.00754147 -0.000809278 -5.21023e-05 -0.00174458 0.00148714 -0.00297886 -0.00367552 0.00741046 0.00953042 0.00196205 0.00605996 -0.0104268 -0.00234861 0.000331158 -0.0193988
internal_weight=762432 464690 297742 3319 294423 47192 5286 4245 461886 63488 23914 18554 17662 2933 398398 10127 388271 260256 134404 50270 28661 84134 21609 19314 16380 11306 2295 128015 32783 1762
internal_count=762432 464690 297742 3319 294423 47192 5286 4245 461886 63488 23914 18554 17662 2933 398398 10127 388271 260256 134404 50270 28661 84134 21609 19314 16380 11306 2295 128015 32783 1762
cat_boundaries=0 3 5 8 10 12 14 16 19
cat_threshold=1745412194 2573509656 1 536870912 16576 1660950531 2871600296 1 2841180548 2752461043 738461720 2872799328 1753273170 3648488479 526352 4128 148540733 3333970055 1
is_linear=0
shrinkage=0.06


Tree=216
num_leaves=31
num_cat=10
split_feature=113 126 121 104 109 104 104 130 122 104 132 104 21 120 131 6 104 104 111 130 109 53 104 115 104 121 35 104 140 132
split_gain=101.164 258.752 280.738 383.408 257.016 202.708 200.444 193.062 189.65 202.358 179.512 152.754 139.947 130.864 113.013 110.523 252.002 199.155 186.056 265.679 179.482 168.749 170.773 167.342 163.363 131.996 129.242 256.51 194.647 242.016
threshold=18.500000000000004 101.55000000000001 990.6500000000002 0 1037.5000000000002 1 2 -0.25881904510252113 0.4429400687012684 3 0.26347957579725428 4 224.44750000000002 97.500000000000014 0.78656609248549303 376.05500000000006 5 6 56.500000000000007 0.12940952255126045 732.50000000000011 36.602333134969669 7 -1.3432334858920172 8 987.45000000000016 365.16500000000008 9 15.000000000000002 -0.8816668175367014
decision_type=2 2 2 1 2 1 1 2 2 1 2 1 10 2 2 10 1 1 2 2 2 10 1 2 1 2 10 1 2 2
left_child=1 5 4 -4 8 7 -6 10 9 -3 12 -10 -1 -11 -7 26 -17 18 19 24 -21 23 -23 -20 -18 -24 -2 -28 -29 -30
right_child=15 2 3 -5 6 14 -8 -9 11 13 -12 -13 -14 -15 -16 16 17 -19 21 20 -22 22 25 -25 -26 -27 27 28 29 -31
leaf_value=0.21818784136432243 0.00085731328231602782 0.083712901479441645 -0.8525935666527994 1.434910642704238 -0.14474354175200738 -0.27156810954186938 1.8464689344851404 -1.1290786930450396 -0.26044842133065899 -0.77821147328171913 -0.971959631523451 0.3217823435619156 -0.74502020946936909 2.5427205506096402 0.28468415935879876 -0.70237971934518839 -0.5779035431695142 -0.1308251681265456 -0.27282479285604466 -0.082749745855499976 1.6692321804843726 -0.40926605671261651 -0.64435285770869677 0.29711511069885543 -0.058627461507086025 1.8989524782083775 -0.27292319758763312 -0.017198302241194483 -0.28499193249009253 0.32121295891675516
leaf_weight=1690 540888 689 533 1519 328 3901 541 2238 699 1333 812 1279 1199 62 2593 1410 5038 87136 6822 2202 1574 1085 534 19877 5344 4355 3274 23553 3584 35051
leaf_count=1690 540888 689 533 1519 328 3901 541 2238 699 1333 812 1279 1199 62 2593 1410 5038 87136 6822 2202 1574 1085 534 19877 5344 4355 3274 23553 3584 35051
internal_value=-0.000112646 -0.00438791 0.00485395 0.0234973 -0.00290754 -0.00957857 0.0266897 -0.0175765 -0.0092444 -0.0218705 -0.00918963 0.00406266 -0.00217993 -0.0348649 -0.00223213 -7.2803e-07 -0.00155077 -0.00128394 0.0018714 -0.00387315 0.00975377 0.00436127 0.0134762 0.00232135 -0.00882982 0.0182327 0.000345345 0.0028633 0.00372546 0.00634693
internal_weight=761143 19416 6983 2052 4931 12433 869 5939 4062 2084 3701 1978 2889 1395 6494 741727 135377 133967 46831 14158 3776 32673 5974 26699 10382 4889 606350 65462 62188 38635
internal_count=761143 19416 6983 2052 4931 12433 869 5939 4062 2084 3701 1978 2889 1395 6494 741727 135377 133967 46831 14158 3776 32673 5974 26699 10382 4889 606350 65462 62188 38635
cat_boundaries=0 2 5 7 9 12 14 16 17 19 21
cat_threshold=1082433666 153674840 2893251660 4132471769 1 1644175490 221251656 3389026624 536921232 2186815969 688655686 1 16450 50200 88901776 35656032 20971648 67635200 33558560 1107312706 295960
is_linear=0
shrinkage=0.06


Tree=217
num_leaves=31
num_cat=9
split_feature=19 126 104 132 132 120 104 126 137 110 137 120 122 132 132 124 126 104 103 115 115 115 104 104 114 104 104 104 104 139
split_gain=114.509 181.542 310.143 178.948 447.641 347.096 281.545 223.301 195.389 501.596 1058.33 441.166 401.291 586.391 648.247 461.871 410.944 381.415 379.95 364.768 555.649 333.469 346.033 326.066 322.092 305.148 281.738 273.736 258.007 229.436
threshold=105.8512152777778 3027.9000000000005 0 0.61490419508004501 0.62837760187664593 96.500000000000014 1 63.725000000000001 0.0041436636651481012 20.950000000000003 0.0080707547752903383 30.500000000000004 0.56252163874581751 -0.89737385834007599 -0.87342076657365908 0.65833333333333344 863.70000000000016 2 0.0041436636651481012 -2.4976494867505878 -1.4110001600851947 -0.54792289849514797 3 4 1.9564810950285263 5 6 7 8 30.500000000000004
decision_type=10 2 1 2 2 2 1 2 2 2 2 2 2 2 2 2 2 1 2 2 2 2 1 1 2 1 1 1 1 2
left_child=1 -1 -3 8 -5 6 -6 -8 18 11 -11 17 16 21 -15 26 24 -10 -2 -18 27 29 -23 -22 28 -20 -16 -21 -12 -14
right_child=3 2 -4 4 5 -7 7 -9 9 10 12 -13 13 14 15 -17 19 -19 25 20 23 22 -24 -25 -26 -27 -28 -29 -30 -31
leaf_value=0.02144960399130184 -0.0028611516529812773 0.05627870453760124 -0.1426254463336496 -0.90944109468601353 0.2989279450274131 -0.84805326776523338 -1.0685593784226022 -0.059579359631371599 0.11958095685991153 -1.2213202864037562 -0.11228964483219812 -0.8636293623191329 -0.056375851841153235 3.2089741392318238 -1.1054304578172121 -1.2541923634925638 -0.99958722997910876 -0.51270925834223757 -0.54599287326449542 0.28659729359253516 -0.31662529576436338 -0.32761854210062463 1.1841037619885872 0.1919073857554153 0.8084399721374802 2.098552060063188 1.1467264796321452 1.5564773341006948 -0.57606457846288528 -1.0736574065703379
leaf_weight=234363 421435 5488 6800 1565 5143 1294 1177 5892 8554 2588 8467 5133 3347 2461 316 572 953 9769 926 1828 3790 2549 5467 6953 1557 2680 915 2422 7524 1319
leaf_count=234363 421435 5488 6800 1565 5143 1294 1177 5892 8554 2588 8467 5133 3347 2461 316 572 953 9769 926 1828 3790 2549 5467 6953 1557 2680 915 2422 7524 1319
internal_value=-0.000116581 0.000947002 -0.00616161 -0.000624394 -0.00706608 -0.00354483 -0.000412675 -0.00817797 -0.000430805 -0.00322259 9.05165e-06 -0.0105282 0.00192938 0.009453 0.0286987 0.00136364 -0.0018773 -0.00617223 7.15694e-05 0.00509438 0.00738295 0.00298037 0.0104029 0.000117275 -0.00821243 0.0194622 0.0220617 0.0257445 -0.0107491 -0.00977073
internal_weight=763247 246651 12288 516596 15071 13506 12212 7069 501525 76484 53028 23456 50440 16946 4264 1803 33494 18323 425041 15946 14993 12682 8016 10743 17548 3606 1231 4250 15991 4666
internal_count=763247 246651 12288 516596 15071 13506 12212 7069 501525 76484 53028 23456 50440 16946 4264 1803 33494 18323 425041 15946 14993 12682 8016 10743 17548 3606 1231 4250 15991 4666
cat_boundaries=0 2 4 6 8 11 13 15 17 19
cat_threshold=1912662232 3924114 889192852 764019008 80347701 227416416 1694562387 3006896 3459849226 187125256 1 572600320 2693464640 281183360 1076955460 3808713418 3409929304 781629242 1109013711
is_linear=0
shrinkage=0.06


Tree=218
num_leaves=31
num_cat=1
split_feature=0 98 74 122 115 35 19 112 110 109 111 114 119 133 133 120 112 109 133 133 54 133 129 115 127 122 111 112 111 91
split_gain=116.538 168.646 141.179 137.054 203.301 125.154 176.594 180.525 286.879 352.608 264.099 197.514 170.26 167.81 330.161 222.428 171.376 291.754 212.842 382.28 304.447 293.612 276.879 274.311 250.775 239.474 221.705 218.063 210.284 227.344
threshold=117.00250000000001 -0.98024766238342442 2.9983799177244923 0.021722203101946135 -2.5770401415117283 311.75500000000005 191.91597222222222 1.4550000000000003 24.850000000000005 347.50000000000006 47.500000000000007 -0.40666562505290288 549.50000000000011 0.99958851518450398 0.99932962452255414 2.5000000000000004 2.3650000000000007 1132.5000000000002 0.64248926378905724 0.69365242823668682 7.2362326008849083 0.99138911339924218 227.50000000000003 -1.7038474458750019 47.090948817093043 0.52763120346897296 58.500000000000007 3.8950000000000005 55.500000000000007 0
decision_type=2 2 2 2 2 8 10 2 2 2 2 2 2 2 2 2 2 2 2 2 10 2 2 2 2 2 2 2 2 1
left_child=-1 -2 3 4 -3 -5 -7 8 9 12 11 -11 -8 14 16 -16 17 28 22 23 21 -21 -18 -20 -25 -24 -23 -22 29 -9
right_child=1 2 -4 5 -6 6 7 13 -10 10 -12 -13 -14 -15 15 -17 18 -19 19 20 27 26 25 24 -26 -27 -28 -29 -30 -31
leaf_value=0.012895545350963572 -0.56636064177142387 -0.73742446013800667 -0.19969148779222548 -0.056973597017261776 1.1023695054277252 0.058098697278318241 0.11421004643564174 0.17318586505087352 -0.58984910464999218 1.4076612824192198 1.6752822101648326 -0.725009420366587 -1.0145368247357403 0.2507644387228859 0.5015342869336562 -0.81384636006127209 0.43433931701477774 0.5501143099515684 1.2712623008090975 0.46174689512780442 -0.091716246567659143 -1.1686738833433503 -1.2114935458128242 1.2873746752442434 -0.38748158809121491 2.6756620980213084 0.060499769126828085 -0.52249373907806418 -0.19275752870872154 -0.73825369352420522
leaf_weight=352637 1414 372 16512 123528 1792 118571 21128 1491 2304 667 3611 706 202 7784 246 1865 1840 1795 3791 10369 22069 960 2694 1291 2333 169 1526 2209 50670 5881
leaf_count=352637 1414 372 16512 123528 1792 118571 21128 1491 2304 667 3611 706 202 7784 246 1865 1840 1795 3791 10369 22069 960 2694 1291 2333 169 1526 2209 50670 5881
internal_value=-8.96347e-05 -0.000777762 -0.000706112 -0.000477103 0.0145774 -0.000560738 0.000171768 -0.0012134 0.0030651 0.00484287 0.0192096 -0.00318777 0.00148516 -0.00224249 -0.00283867 -0.0263352 -0.00238374 -0.00454126 0.000237554 0.00151923 -0.000964615 0.00650124 -0.0119005 0.0139563 0.00215172 -0.0235684 -0.0120145 -0.00491783 -0.00527816 -0.0147457
internal_weight=762427 409790 408376 391864 2164 389700 266172 147601 28618 26314 4984 1373 21330 118983 111199 2111 109088 59837 49251 44548 37133 12855 4703 7415 3624 2863 2486 24278 58042 7372
internal_count=762427 409790 408376 391864 2164 389700 266172 147601 28618 26314 4984 1373 21330 118983 111199 2111 109088 59837 49251 44548 37133 12855 4703 7415 3624 2863 2486 24278 58042 7372
cat_boundaries=0 1
cat_threshold=5
is_linear=0
shrinkage=0.06


Tree=219
num_leaves=31
num_cat=8
split_feature=134 115 104 113 104 104 113 98 124 104 104 128 104 104 125 112 112 120 126 129 128 140 84 111 115 101 132 104 121 110
split_gain=124.382 310.035 512.111 250.39 345.637 292.431 325.871 493.446 477.812 391.433 338.136 262.571 324.521 286.049 314.368 242.286 242.032 241.985 252.227 239.994 240.515 355.382 253.412 252.902 469.156 355.783 232.861 400.04 245.716 226.941
threshold=1.0000000180025095e-35 1.8859116222410479 0 302.50000000000006 1 2 121.50000000000001 -0.20074750544272557 0.048333333333333346 3 4 0.00020456839526356021 5 6 0.38693333333333341 1.9750000000000003 2.0250000000000004 98.500000000000014 4730.7000000000016 7.5000000000000009 0.0047037056818847742 4.5000000000000009 1.9281250000000003 87.500000000000014 -1.7585577113889672 0.93301270189221952 0.66766646831012755 7 994.55000000000007 10.65
decision_type=2 2 1 2 1 1 2 2 2 1 1 2 1 1 2 2 2 2 2 2 2 2 10 2 2 2 2 1 2 2
left_child=26 3 -3 5 -5 -2 7 9 17 16 -9 12 -10 -13 -15 -6 -7 18 -8 -17 21 -21 -22 25 -25 -23 29 -28 -29 -1
right_child=1 2 -4 4 15 6 8 10 11 -11 -12 13 -14 14 -16 19 -18 -19 -20 20 22 23 -24 24 -26 -27 27 28 -30 -31
leaf_value=-0.097494490029300773 -0.036693782764621402 0.3525612929850972 -1.5877179482019419 0.057587982225541054 0.08218103109105257 0.3473821606828767 -0.086073591898834137 -0.45019590418213423 0.36966836246489321 -0.12451523118307634 -0.027832551428930968 0.14130881498828685 -0.41402662588153871 0.67822451587479415 -0.095485441643152175 1.3271903559684135 2.1383612294887278 1.4696970493085364 1.5643303013698659 0.050223055824606566 0.32434620549538296 -0.36000343342753438 -0.15147003370052373 -0.24890565137482495 1.4739194041054215 0.19862669162079213 0.19407097855969196 -0.27303169403811761 0.30318893153482035 0.0030856370898595742
leaf_weight=78057 33949 876 1337 36697 11751 6600 13276 5118 4311 8516 6349 20581 4263 22750 3073 428 1769 763 546 3782 4506 12037 12918 987 876 1631 2763 8022 477 453913
leaf_count=78057 33949 876 1337 36697 11751 6600 13276 5118 4311 8516 6349 20581 4263 22750 3073 428 1769 763 546 3782 4506 12037 12918 987 876 1631 2763 8022 477 453913
internal_value=-8.49365e-05 0.00111975 -0.0212195 0.00134717 -0.00117948 0.0029876 0.00465106 -0.000770289 0.00686131 0.00575269 -0.010375 0.00942251 -0.000223907 0.0112048 0.0154099 -0.00448096 0.014957 -0.00279309 -0.00460971 -0.00685627 -0.0073771 -0.0119882 -0.00226571 -0.0160044 0.00473176 -0.0188309 -0.00057213 -0.00910947 -0.0155464 -0.000391375
internal_weight=762922 219690 2213 217477 85613 131864 97915 28352 69563 16885 11467 54978 8574 46404 25823 48916 8369 14585 13822 37165 36737 19313 17424 15531 1863 13668 543232 11262 8499 531970
internal_count=762922 219690 2213 217477 85613 131864 97915 28352 69563 16885 11467 54978 8574 46404 25823 48916 8369 14585 13822 37165 36737 19313 17424 15531 1863 13668 543232 11262 8499 531970
cat_boundaries=0 2 4 6 8 10 12 14 16
cat_threshold=1652582473 460121112 103544424 10478164 572875328 1729104 3574074548 3223360934 3490185509 2938117387 1142458518 3183776776 1292015754 1354859660 620789795 34480206
is_linear=0
shrinkage=0.06


Tree=220
num_leaves=31
num_cat=7
split_feature=8 110 124 140 59 115 104 132 104 125 110 110 122 115 111 132 114 104 104 104 104 121 110 129 115 113 119 104 111 25
split_gain=122.191 181.582 211.281 175.989 181.366 141.395 461.947 382.63 453.742 265.816 252.872 246.213 304.337 228.203 224.599 358.757 415.591 401.027 311.48 311.271 302.38 265.84 223.361 247.764 402.706 247.577 233.821 220.879 219.432 252.452
threshold=295.22500000000008 25.050000000000004 0.7433333333333334 33.000000000000007 30.490000000000006 -1.588449753489164 0 -0.99359783145257141 1 0.24363333333333334 13.250000000000002 5.5500000000000007 0.54985774614932226 -2.0998936499762331 66.500000000000014 -0.42860198635012398 2.2479173830692578 2 3 4 5 991.85000000000002 13.250000000000002 118.50000000000001 -1.2649754799828685 309.50000000000006 563.50000000000011 6 44.500000000000007 0.89761298328108685
decision_type=10 2 2 2 10 2 1 2 1 2 2 2 2 2 2 2 2 1 1 1 1 2 2 2 2 2 2 1 2 10
left_child=5 2 3 -2 -5 6 -1 8 -8 -9 13 12 27 -11 15 16 18 -17 -13 -16 -18 -19 -23 24 -24 28 -27 -7 -25 -30
right_child=1 -3 -4 4 -6 11 7 9 -10 10 -12 14 -14 -15 19 17 20 21 -20 -21 -22 22 23 25 -26 26 -28 -29 29 -31
leaf_value=-0.032875081189956031 0.021281440759838687 -0.5385920281062786 0.9877364979344474 -1.2925159136198527 -0.27822782243136657 -0.41814987716621971 0.35766420954110406 0.1312655112009824 -0.64846757683726208 -1.1889668905264523 -0.34295042757157829 0.11023972368976685 -0.80231942084965646 0.15502488369896922 -0.053796896024688005 0.00027088272356849073 0.023877273384733826 -0.22362876977864046 -0.071251494435082344 0.047499812189681731 0.7610561170233433 -0.61494217763039316 0.52697866578558517 -0.30502041772645583 -0.46701430500616253 -0.10487874317727416 -1.0559639860279855 0.44761597339700299 0.35682765759674734 -0.087043337466928106
leaf_weight=86730 29031 4878 4009 842 22943 479 430 83221 1157 510 4949 24702 2085 9559 101654 37665 7195 27434 56941 223802 7469 1162 1087 1785 3745 2602 693 643 8973 4153
leaf_count=86730 29031 4878 4009 842 22943 479 430 83221 1157 510 4949 24702 2085 9559 101654 37665 7195 27434 56941 223802 7469 1162 1087 1785 3745 2602 693 643 8973 4153
internal_value=-0.000105596 -0.00266531 -0.00171154 -0.00271958 -0.00654587 0.000119773 0.00153476 0.00431744 -0.0248992 0.00479011 -0.00255676 -0.000393529 -0.0169638 0.00290169 -0.000289514 -0.0019551 0.000584998 -0.00469451 -0.00108544 0.000660364 0.00988476 -0.0081278 -0.00354531 -0.0022501 -0.0143265 0.000955676 -0.013926 0.00822796 0.0042449 0.00692923
internal_weight=762528 61703 56825 52816 23785 700825 186556 99826 1587 98239 15018 514269 3207 10069 511062 185606 96307 89299 81643 325456 14664 51634 24200 23038 4832 18206 3295 1122 14911 13126
internal_count=762528 61703 56825 52816 23785 700825 186556 99826 1587 98239 15018 514269 3207 10069 511062 185606 96307 89299 81643 325456 14664 51634 24200 23038 4832 18206 3295 1122 14911 13126
cat_boundaries=0 3 5 8 10 12 14 17
cat_threshold=1195936183 524557689 1 545275968 1074372608 839680129 1072573768 1 417207072 1073754565 538325608 162095172 1621475526 919119705 2577990452 1084232610 1
is_linear=0
shrinkage=0.06


Tree=221
num_leaves=31
num_cat=0
split_feature=6 19 69 133 132 133 131 115 119 137 109 139 132 28 119 113 114 120 115 111 140 133 113 132 119 129 139 111 113 125
split_gain=106.978 207.499 167.981 304.006 452.761 265.966 268.939 250.198 293.297 237.816 236.451 235.899 247.072 305.477 227.961 396.04 345.051 284.962 340.955 225.666 222.053 265.318 250.671 221.932 204.426 203.21 236.623 201.913 201.447 241.077
threshold=301.06500000000005 132.97083333333339 10.950000000000001 0.99138911339924218 -0.098749067963353782 0.9863035000474919 -0.37940952255126015 -0.45853040473694212 637.50000000000011 0.61497421480319081 1292.5000000000002 59.500000000000007 0.54488935974326758 184.03732638888889 596.50000000000011 245.50000000000003 1.6550796181284577 7.5000000000000009 -1.7434049965300662 49.500000000000007 4.5000000000000009 0.97062204580664158 312.50000000000006 0.51572537064332258 586.50000000000011 217.50000000000003 64.500000000000014 88.500000000000014 292.50000000000006 0.20130000000000003
decision_type=10 8 2 2 2 2 2 2 2 2 2 2 2 8 2 2 2 2 2 2 2 2 2 2 2 2 2 2 2 2
left_child=-1 -2 14 5 27 6 7 9 10 -4 23 12 13 -8 24 -16 19 20 -19 -17 -18 25 -23 -9 -3 -22 -27 -5 29 -7
right_child=1 2 3 4 -6 28 11 8 -10 -11 -12 -13 -14 -15 15 16 17 18 -20 -21 21 22 -24 -25 -26 26 -28 -29 -30 -31
leaf_value=0.012559602558300824 -0.10051921888941308 0.042881914064128064 0.14372578554496895 -1.0930834304428254 -0.11556467942424405 -0.3178726422219107 0.33347076924936569 0.14139853140377567 -1.1234457311098822 1.5524384152021651 -0.52944417322500725 -0.54154586706568464 -0.36480023659668687 -0.098670644040728631 0.60179453061569033 -1.0139394601963498 -0.53035994841064249 -2.071353414692477 -0.077734604392984463 0.2640403782120157 -0.23761706299766294 -0.54359274000414015 0.097710785099325223 -0.56215292438806685 0.38651241936162123 0.41392435661394045 -0.70463433760812955 -0.011166615327997818 1.0477694539898263 1.7511057302482727
leaf_weight=314342 60078 201118 27490 4026 13810 2506 5875 15947 2086 1126 1376 6147 7251 67212 2724 2247 2388 1056 1936 535 1650 993 398 1432 3932 7562 466 1063 2918 1204
leaf_count=314342 60078 201118 27490 4026 13810 2506 5875 15947 2086 1126 1376 6147 7251 67212 2724 2247 2388 1056 1936 535 1650 993 398 1432 3932 7562 466 1063 2918 1204
internal_value=-9.24898e-05 -0.000687277 -0.00017978 -0.00165913 -0.00880952 -0.000711225 -0.00128348 0.00224554 -0.00275501 0.00588741 -0.000380678 -0.00330157 -0.00243468 -0.00138655 0.000872488 -0.00493806 -0.00797109 -0.00466505 -0.02141 -0.0275099 -0.000940704 0.00263957 -0.0218534 0.00151554 0.00149465 0.00616179 0.0101034 -0.0241061 0.0110243 0.00174616
internal_weight=762894 448552 388474 161469 18899 142570 135942 49457 20841 28616 18755 86485 80338 73087 227005 21955 19231 16449 2992 2782 13457 11069 1391 17379 205050 9678 8028 5089 6628 3710
internal_count=762894 448552 388474 161469 18899 142570 135942 49457 20841 28616 18755 86485 80338 73087 227005 21955 19231 16449 2992 2782 13457 11069 1391 17379 205050 9678 8028 5089 6628 3710
is_linear=0
shrinkage=0.06


Tree=222
num_leaves=31
num_cat=9
split_feature=124 104 134 129 111 104 104 123 104 109 115 111 104 127 104 129 130 113 114 140 127 104 122 59 104 114 101 104 115 57
split_gain=104.012 200.113 99.6289 273.793 260.576 437.252 265.629 233.401 357.81 219.06 214.617 420.073 333.25 304.184 506.417 312.538 313.838 326.88 300.205 326.317 329.836 427.57 340.843 313.5 509.664 353.985 348.475 312.618 296.42 295.736
threshold=0.95833333333333337 0 1.0000000180025095e-35 4.5000000000000009 76.500000000000014 1 2 0.0096217370038105959 3 1612.5000000000002 -1.0458475812433148 43.500000000000007 4 6.8017936114223074 5 178.50000000000003 -1.0000000180025095e-35 305.50000000000006 3.1974997329456607 4.5000000000000009 0.54547471745755616 6 0.4429400687012684 352.93000000000006 7 2.146505090748636 0.93301270189221952 8 -0.45853040473694212 112.78460487190263
decision_type=2 1 2 2 2 1 1 2 1 2 2 2 1 2 1 2 2 2 2 2 2 1 2 10 1 2 2 1 2 8
left_child=2 -2 -1 4 6 -6 -4 8 -5 10 13 28 -13 14 15 -9 17 -17 19 29 21 -21 -23 24 -22 27 -26 -25 -12 -14
right_child=1 -3 3 7 5 -7 -8 9 -10 -11 11 12 18 -15 -16 16 -18 -19 -20 20 23 22 -24 25 26 -27 -28 -29 -30 -31
leaf_value=-0.01293355156700926 -0.79631216917065517 0.13911300619994221 0.06090519892931482 -0.079169895025476084 0.49352089738956434 -0.56714297983554474 -1.532466487250107 -0.29062008743065731 2.1125177891352656 -0.36067685794636106 0.11235095099480133 -0.27957078018777748 -0.42323167520763832 0.055740495677155763 0.017186256128689761 -0.020644580949579848 0.04374551281780327 -0.55233063707447594 -0.1669613465462772 0.32714103377935427 0.075460564886118395 0.23147887816085727 -0.6909107058472943 0.25779636051350563 0.24169400998335192 0.66829264033800284 2.3167215952133562 -0.13610779181077362 -1.0085206864388963 0.067010159454435503
leaf_weight=542251 548 562 334 917 1039 1235 901 7845 1041 1267 989 6336 5507 55503 28084 3100 8215 3495 3240 8553 10753 2688 5454 13655 9941 3381 8610 13220 1610 12194
leaf_count=542251 548 562 334 917 1039 1235 901 7845 1041 1267 989 6336 5507 55503 28084 3100 8215 3495 3240 8553 10753 2688 5454 13655 9941 3381 8610 13220 1610 12194
internal_value=-0.000124805 -0.0184698 -9.80352e-05 0.000981708 -0.015641 -0.00358681 -0.0378155 0.00125232 0.0218683 0.00106328 0.00121173 0.00312008 0.00371823 -0.000694634 -0.00405242 -0.0107236 -0.00559854 -0.0153457 0.00458732 0.00520706 0.00691067 -0.000542645 -0.0103765 0.00899985 0.013423 0.0047156 0.0194429 0.00241331 -0.0207 -0.00213196
internal_weight=762468 1110 761358 219107 3509 2274 1235 215598 1958 213640 212373 106131 103532 106242 50739 22655 14810 6595 97196 93956 76255 16695 8142 59560 29304 30256 18551 26875 2599 17701
internal_count=762468 1110 761358 219107 3509 2274 1235 215598 1958 213640 212373 106131 103532 106242 50739 22655 14810 6595 97196 93956 76255 16695 8142 59560 29304 30256 18551 26875 2599 17701
cat_boundaries=0 3 5 7 9 11 13 15 18 21
cat_threshold=2390431672 721781379 1 2482846092 10501031 1115701315 425763864 1126232394 469232665 536870912 139328 3150721181 3440384482 3339245782 524852664 1107321059 458015768 1 3288883323 3386760248 1
is_linear=0
shrinkage=0.06


Tree=223
num_leaves=31
num_cat=6
split_feature=0 126 140 111 104 136 110 91 127 104 102 24 104 104 74 91 110 120 140 140 129 124 109 127 133 133 120 131 115 126
split_gain=112.482 166.304 336.557 312.24 457.18 491.916 312.593 439.276 435.077 409.791 345.983 296.866 294.521 276.559 291.292 276.856 243.596 280.906 246.649 235.196 231.222 230.018 229.591 221.197 234.404 315.825 275.798 260.663 253.291 234.701
threshold=123.00500000000001 134.30000000000004 1.5000000000000002 75.500000000000014 0 1.0000000180025095e-35 21.250000000000004 1 22.909202682621814 2 24.500000000000004 21.355972222222231 3 4 2.2556971321988555 5 19.050000000000004 90.500000000000014 2.5000000000000004 4.5000000000000009 69.500000000000014 0.72166666666666679 27.500000000000004 0.20945662005389895 0.94353349168649059 0.8511460603353429 39.500000000000007 0.78656609248549303 -0.49824527740164115 119.80000000000003
decision_type=2 2 2 2 1 2 2 1 2 1 2 10 1 1 2 1 2 2 2 2 2 2 2 2 2 2 2 2 2 2
left_child=-1 3 11 4 5 -2 7 9 10 19 12 -3 -9 15 -15 20 -6 18 -18 -5 -4 -22 -14 -21 25 26 28 -27 -25 -26
right_child=1 2 13 6 16 -7 -8 8 -10 -11 -12 -13 22 14 -16 -17 17 -19 -20 23 21 -23 -24 24 29 27 -28 -29 -30 -31
leaf_value=0.011716558031232437 -0.35225199983158972 0.065428145281515526 -0.1948100074199135 -0.12090605480550606 -0.58955117074648222 0.81220119258854617 0.95876424509127389 0.12378734339499771 -0.67854081092884877 -0.15112980400943285 -0.60850685840162977 0.79289427228524112 -0.52156244540412078 0.08756955231996244 -0.13045275513535556 -0.15633530927432532 0.57462875976267291 1.5600830533544803 -0.28529760840736829 -0.35433157326635495 0.13948575718732137 -1.0118040914515276 -0.10440953887863685 0.87807485533033913 1.511291793694864 -1.6788911044699191 -0.62688281455467143 0.85450944493860104 -0.19494691941965669 -0.70945468756760188
leaf_weight=377606 11703 6394 5363 8738 22185 8854 5916 15242 3127 40184 5625 4011 4272 95879 22134 55194 1278 801 9758 2516 15748 410 12315 8908 11382 1156 1086 545 3298 842
leaf_count=377606 11703 6394 5363 8738 22185 8854 5916 15242 3127 40184 5625 4011 4272 95879 22134 55194 1278 801 9758 2516 15748 410 12315 8908 11382 1156 1086 545 3298 842
internal_value=-7.85341e-05 -0.000800385 0.000367077 -0.00213284 -0.00591975 0.00114644 -0.000481331 -0.00114931 -0.00621847 0.00146671 -0.00442451 0.0108803 -0.002 -0.000194732 0.00162831 -0.00299898 -0.0101866 -0.00323872 -0.00572982 0.00589211 0.00277262 0.00635683 -0.00752982 0.00843681 0.0100103 0.00498199 0.00809749 -0.0193537 0.0106758 0.0161767
internal_weight=762470 384864 205133 179731 54579 20557 125152 119236 40581 78655 37454 10405 31829 194728 118013 76715 34022 11837 11036 38471 21521 16158 16587 29733 27217 14993 13292 1701 12206 12224
internal_count=762470 384864 205133 179731 54579 20557 125152 119236 40581 78655 37454 10405 31829 194728 118013 76715 34022 11837 11036 38471 21521 16158 16587 29733 27217 14993 13292 1701 12206 12224
cat_boundaries=0 2 3 6 8 10 11
cat_threshold=721950769 3416440900 26 1357728708 3764951611 1 2820924480 1337979608 1082681974 3689079864 1
is_linear=0
shrinkage=0.06


Tree=224
num_leaves=31
num_cat=8
split_feature=8 115 104 132 104 110 132 98 104 104 111 104 104 110 130 132 104 34 137 124 119 132 115 19 120 104 127 115 119 127
split_gain=107.172 174.111 367.325 313.644 473.803 281.115 538.267 436.575 367.472 253.492 246.336 648.232 352.476 429.109 355.948 335.404 331.49 308.936 287.926 278.382 268.121 285.009 304.688 264.705 256.474 245.662 291.952 352.183 294.611 245.068
threshold=295.22500000000008 -1.588449753489164 0 -0.99359783145257141 1 6.3500000000000005 0.21336913576298863 0.26347957579725428 2 3 85.500000000000014 4 5 16.050000000000004 0.37940952255126054 -0.8816668175367014 6 0.35550000000000004 0.61497421480319081 0.68166666666666675 35.500000000000007 0.025799818015934263 0.99815618170708553 191.91597222222222 72.500000000000014 7 2.6085582692492246 -0.65014361702743195 66.500000000000014 22.909202682621814
decision_type=10 2 1 2 1 2 2 2 1 1 2 1 1 2 2 2 1 10 2 2 2 2 2 10 2 1 2 2 2 2
left_child=1 2 3 4 -1 6 9 -8 -9 -3 12 17 13 14 -7 18 29 24 19 -13 21 -17 23 -23 -12 -22 27 28 -27 -16
right_child=-2 5 -4 -5 -6 10 7 8 -10 -11 11 15 -14 -15 16 20 -18 -19 -20 -21 25 22 -24 -25 -26 26 -28 -29 -30 -31
leaf_value=0.62936997446414367 -0.13192932464703347 -0.26817939989935297 -0.017398575412324389 0.10073321694204991 -0.59119956697138021 -0.076759389248122145 0.33040195658825977 0.4764470502557438 -0.56432789399788619 -0.95601253064555858 -0.052857686120350418 -0.024915675384718838 0.012504843106567449 -0.024213764458887184 -0.24126449280696555 0.38195508661464656 -0.42444016015516156 0.11919122085875698 0.8969191615521076 -0.50130081589658726 0.52597726490536012 0.013283349548148634 0.66359215518415082 -0.55114368875401754 -0.34402781470145244 1.0514665441056834 0.65562432477810828 0.28842139152147012 -0.68987676760827299 0.93530750611985569
leaf_weight=341 61529 1802 95360 89767 1109 22634 1817 434 1461 1791 41275 15861 190318 106989 5270 24237 13355 17051 2038 1619 7239 21723 3345 2792 18663 158 4561 4150 1905 1908
leaf_count=341 61529 1802 95360 89767 1109 22634 1817 434 1461 1791 41275 15861 190318 106989 5270 24237 13355 17051 2038 1619 7239 21723 3345 2792 18663 158 4561 4150 1905 1908
internal_value=-6.90883e-05 0.00014166 0.00171178 0.00443351 -0.0232391 -0.000427841 -0.0121133 0.00391058 -0.0162342 -0.0286644 -0.00025948 0.00163092 -0.00118458 -0.00335786 -0.00840762 0.00509912 -0.0141278 -0.00240701 -0.00185665 -0.00434529 0.00703627 0.00485431 0.000714978 -0.00160303 -0.00443451 0.0133463 0.00757719 -0.000878661 -0.0211337 -0.00370566
internal_weight=762502 700973 186577 91217 1450 514396 7305 3712 1895 3593 507091 166617 340474 150156 43167 89628 20533 76989 19518 17480 70110 52097 27860 24515 59938 18013 10774 6213 2063 7178
internal_count=762502 700973 186577 91217 1450 514396 7305 3712 1895 3593 507091 166617 340474 150156 43167 89628 20533 76989 19518 17480 70110 52097 27860 24515 59938 18013 10774 6213 2063 7178
cat_boundaries=0 2 4 6 8 11 13 15 17
cat_threshold=2561897992 3233538710 16384 630804 67109027 465724680 1779495754 343909597 925311544 1270571078 1 3236001478 1950402198 10560640 1073758722 1208500418 2151715864
is_linear=0
shrinkage=0.06


Tree=225
num_leaves=31
num_cat=11
split_feature=124 104 133 132 104 104 133 120 104 104 122 112 130 115 133 125 132 128 104 110 104 99 104 104 132 130 104 121 104 78
split_gain=105.045 183.271 102.453 843.862 852.938 667.383 665.578 598.445 663.102 436.936 416.405 386.026 371.749 876.926 496.709 610.755 379.849 439.644 330.916 319.286 310.319 307.142 969.541 263.951 263.004 551.789 258.834 255.594 383.063 251.199
threshold=0.95833333333333337 0 0.99024581825578073 -0.098749067963353782 1 2 0.98486764554468398 57.500000000000007 3 4 0.64498652853753657 3.3850000000000002 -0.25881904510252113 -1.1928353267080827 0.99681593486783593 0.19535000000000002 0.11157877211276467 0.0011568285744227305 5 18.050000000000004 6 0.98005052076767474 7 8 0.16269055358644466 -1.0000000180025095e-35 9 993.1500000000002 10 992.1500000000002
decision_type=2 1 2 2 1 1 2 2 1 1 2 2 2 2 2 2 2 2 1 2 1 2 1 1 2 2 1 2 1 2
left_child=2 -2 6 5 -5 -4 21 8 24 -9 11 -7 14 23 -6 19 17 -15 -12 -16 -19 27 -23 -14 -8 -26 -13 29 -29 -1
right_child=1 -3 3 4 12 10 7 9 -10 -11 18 26 13 16 15 -17 -18 20 -20 -21 -22 22 -24 -25 25 -27 -28 28 -30 -31
leaf_value=0.0019416317214626133 -0.74908655216475217 0.10171727930427948 0.4217665246451156 -0.19500604121304491 0.85510523848954045 -1.3096988524754498 2.1514643260413231 -0.99412497145289358 0.14496954706165069 0.35882879177714527 7.1614493351845541 0.13179191263100068 -0.01418138794986774 0.18733484547812848 0.72989997403939411 -0.83163913434178993 -0.40314591730342553 -0.70651155087075745 -0.7375725916930127 -0.040300619913508057 2.9088281128453639 0.14281129010601887 -0.25796897879140229 -0.79477229826454787 -0.24555164511855151 2.125728097713742 -0.63050202068912486 0.22278237504252643 0.025820910784877495 -0.08871315121909859
leaf_weight=414294 546 577 2149 35321 7579 5342 5573 1961 10268 1945 424 1412 1814 12409 6013 3981 1406 556 605 3663 2529 6893 10984 3875 1254 1280 1444 21800 103656 91522
leaf_count=414294 546 577 2149 35321 7579 5342 5573 1961 10268 1945 424 1412 1814 12409 6013 3981 1406 556 605 3663 2529 6893 10984 3875 1254 1280 1444 21800 103656 91522
internal_value=-8.75142e-05 -0.0184164 -6.04762e-05 -0.0019553 0.00024107 -0.0172348 0.000194987 0.0103913 0.0149249 -0.0109342 -0.0242325 -0.0287742 0.00583219 0.000475432 0.0115327 0.00469615 0.00733448 0.0100445 0.0117087 0.0128346 0.0303111 -0.000155003 -0.00791028 -0.0198981 0.0277384 0.0117396 -0.0109625 6.46313e-05 0.00248882 -0.000536637
internal_weight=763075 1123 761952 90522 79146 11376 671430 22281 18375 3906 9227 8198 43825 22589 21236 13657 16900 15494 1029 9676 3085 649149 17877 5689 8107 2534 2856 631272 125456 505816
internal_count=763075 1123 761952 90522 79146 11376 671430 22281 18375 3906 9227 8198 43825 22589 21236 13657 16900 15494 1029 9676 3085 649149 17877 5689 8107 2534 2856 631272 125456 505816
cat_boundaries=0 3 5 8 10 13 15 17 19 21 23 25
cat_threshold=2323326896 721519521 1 2005299834 2156356636 32769 110518528 1 2566887300 1679954567 345910717 1655732517 1 1007160116 3760724035 1 185106688 1722015818 5039644 32897 377000000 382815426 810126556 67778 279778842
is_linear=0
shrinkage=0.06


Tree=226
num_leaves=31
num_cat=8
split_feature=8 132 130 104 33 19 104 139 104 139 21 132 139 139 130 120 115 104 98 104 139 67 91 118 69 104 121 129 106 119
split_gain=108.001 138.431 135.966 132.439 117.85 112.189 253.197 160.017 245.84 213.806 157.225 182.869 157.663 165.526 216.899 153.369 168.064 148.296 144.805 187.818 359.118 210.31 167.902 161.41 145.282 153.75 144.588 161.133 212.202 153.806
threshold=106.01625000000001 -0.96875021044074028 -0.98296291314453399 0 121.21595637355149 62.027222222222228 1 18.500000000000004 2 14.500000000000002 113.21666666666668 -0.99688467374059531 47.500000000000007 42.500000000000007 0.25881904510252091 3.5000000000000004 -1.543037229401947 3 -0.98024766238342442 4 42.500000000000007 175.50000000000003 5 1.0000000180025095e-35 6.6500000000000012 6 984.35000000000002 238.50000000000003 7 637.50000000000011
decision_type=10 2 2 1 8 8 1 2 1 2 8 2 2 2 2 2 2 1 2 1 2 2 1 2 2 1 2 2 1 2
left_child=2 -2 3 -1 -3 6 -4 8 9 -8 11 -7 13 -13 -15 -10 -17 -9 23 20 22 -22 -20 -12 25 -21 29 -28 -29 -19
right_child=1 4 5 -5 -6 10 7 17 15 -11 18 12 -14 14 -16 16 -18 26 19 24 21 -23 -24 -25 -26 -27 27 28 -30 -31
leaf_value=0.024906363680277932 -0.29203624817801355 -0.014271190805397396 0.047392492500329265 -0.3271150857258982 -0.28704474456034262 0.32982170379897113 -0.10912114149604449 0.15413473560895119 0.0544983030347376 -0.68221238810856333 -0.05203765267567604 0.052790607007773362 0.30222972354418159 0.067042203045522511 -0.48526162558476121 -0.16096388863500682 -0.014532818143072461 -0.62550064536901029 0.18569389314534704 -0.070193915199751586 2.7610271102213702 0.56096735176347923 -0.0078661019805826987 -0.37100203759665246 -0.033228369285892255 0.16898939997510395 -0.27951103812393879 0.24221180264231831 -0.15689766779168224 0.15479172934192065
leaf_weight=1657 3798 438004 23220 2484 9170 1700 2915 1044 12939 1056 7686 45005 3014 1190 1112 3382 14673 1628 26055 5273 1004 6387 42175 1529 90520 8934 2861 1219 749 166
leaf_count=1657 3798 438004 23220 2484 9170 1700 2915 1044 12939 1056 7686 45005 3014 1190 1112 3382 14673 1628 26055 5273 1004 6387 42175 1529 90520 8934 2861 1219 749 166
internal_value=-9.93771e-05 -0.000692902 0.000759681 -0.0100386 -0.000596008 0.000905161 -0.00129015 -0.00403536 -0.00231482 -0.0163486 0.00150357 0.00442544 0.00377131 0.0029234 -0.012766 -0.000510885 -0.00408396 -0.0118858 0.000701716 0.00107658 0.00335493 0.0159172 0.0019944 -0.00663411 -0.000568848 0.00507179 -0.0151854 -0.00980124 0.0034129 -0.0297493
internal_weight=762549 450972 311577 4141 447174 307436 65852 42632 34965 3971 241584 52021 50321 47307 2302 30994 18055 7667 189563 180348 75621 7391 68230 9215 104727 14207 6623 4829 1968 1794
internal_count=762549 450972 311577 4141 447174 307436 65852 42632 34965 3971 241584 52021 50321 47307 2302 30994 18055 7667 189563 180348 75621 7391 68230 9215 104727 14207 6623 4829 1968 1794
cat_boundaries=0 2 4 6 9 12 13 15 16
cat_threshold=1745666146 3110380632 340564309 3946293303 536870912 524480 42098816 8388800 1 3107923877 1224743845 1 20 71340032 2756378688 3
is_linear=0
shrinkage=0.06


Tree=227
num_leaves=31
num_cat=7
split_feature=7 140 24 109 111 104 35 104 140 132 104 24 130 111 104 103 132 115 104 87 90 111 44 50 17 28 137 133 104 104
split_gain=98.3433 195.128 366.749 179.786 159.591 243.851 140.6 293.118 340.2 259.906 230.926 205.161 198.247 333.816 245.194 174.672 166.754 165.657 154.086 141.799 171.542 139.211 136.685 135.644 140.321 133.757 179.103 192.093 363.686 240.925
threshold=380.26500000000004 1.5000000000000002 60.785416666666677 77.500000000000014 97.500000000000014 0 363.08500000000004 1 2.5000000000000004 0.025799818015934263 2 -73.026562499999983 -0.91597561503675329 64.500000000000014 3 0.11615362555050888 0.23014236637527921 -1.5512966824453474 4 5.5000000000000009 4.5000000000000009 38.500000000000007 0.0016368623513907056 7.5000000000000009 280.09375000000006 263.25850694444449 0.44064828010201723 0.94353349168649059 5 6
decision_type=2 2 8 2 2 1 10 1 2 2 1 8 2 2 1 2 2 2 1 10 2 2 2 10 10 10 2 2 1 1
left_child=6 2 3 -2 23 -6 25 16 11 12 -11 -9 13 17 21 -16 -8 -10 -19 20 -12 -14 -13 -3 -25 -1 27 29 -29 -27
right_child=1 4 -4 -5 5 -7 7 8 9 10 19 22 14 -15 15 -17 -18 18 -20 -21 -22 -23 -24 24 -26 26 -28 28 -30 -31
leaf_value=0.0065903738429334167 -0.46445996949691959 -9.8646528124959323e-05 1.0092236604625022 0.47919314299608201 -1.137542409295647 0.026169950117901235 -0.31296416325918897 -0.4914185716199469 0.10517613890911662 -0.38317081316412127 0.12723010142423391 0.14751759183079458 -0.1237980019219927 1.3783728398615755 0.2831619990514011 -0.27307295945323801 0.35942171823084779 -0.87405454783404335 -0.12215251778055318 0.19761916353464498 -0.25443662191113786 0.83133622314077937 -0.40860599453993784 -0.21946816802925184 0.042052138661998979 -0.23898284397447356 0.27936052038017195 0.43789997248839796 -0.14099057816160324 -0.039325877530810086
leaf_weight=413429 3284 81028 4630 1808 2657 2654 5686 4318 3073 3135 2091 4550 1510 1121 30796 3631 825 1593 2214 7963 2033 16510 1926 42821 15746 28703 6762 8701 14949 42578
leaf_count=413429 3284 81028 4630 1808 2657 2654 5686 4318 3073 3135 2091 4550 1510 1121 30796 3631 825 1593 2214 7963 2033 16510 1926 42821 15746 28703 6762 8701 14949 42578
internal_value=-7.68559e-05 -0.00142793 0.00680037 -0.0043118 -0.00198003 -0.0121875 0.0002667 0.00241417 0.00333877 0.00476061 -0.0022466 -0.00662529 0.00652517 -0.00227193 0.00786722 0.00489401 -0.00985281 -0.00721988 -0.015583 0.00152257 -0.00750545 0.0135367 0.00012969 -0.00159159 -0.00379149 -0.000120903 -0.00207033 -0.00274238 0.00194326 -0.00429702
internal_weight=762725 154628 9722 5092 144906 5311 608097 92975 86464 75670 15222 10794 60448 8001 52447 34427 6511 6880 3807 12087 4124 18020 6476 139595 58567 515122 101693 94931 23650 71281
internal_count=762725 154628 9722 5092 144906 5311 608097 92975 86464 75670 15222 10794 60448 8001 52447 34427 6511 6880 3807 12087 4124 18020 6476 139595 58567 515122 101693 94931 23650 71281
cat_boundaries=0 3 5 8 11 14 16 18
cat_threshold=338234425 3450952229 1 1107312706 281068568 551911728 34603553 1 84445457 35657763 1 2363692805 34605987 1 2633866624 3827309059 2466106500 3795075592
is_linear=0
shrinkage=0.06


Tree=228
num_leaves=31
num_cat=10
split_feature=113 109 119 126 104 121 104 104 104 110 104 28 102 110 131 122 102 104 104 27 47 17 59 104 139 139 104 104 139 126
split_gain=107.749 248.946 265.355 309.635 307.958 266.509 251.813 190.859 158.079 130.78 198.841 135.527 114.143 108.619 107.835 142.269 101.053 176.509 100.133 98.3035 122.567 133.598 147.044 186.453 145.116 310.522 673.451 292.066 270.307 272.194
threshold=18.500000000000004 1037.5000000000002 541.50000000000011 101.55000000000001 0 988.1500000000002 1 2 3 23.150000000000002 4 106.77661458333334 63.500000000000007 29.350000000000005 0.91597561503675351 0.51256722024949808 31.500000000000004 5 6 315.01000000000005 100.65104166666667 129.07750000000001 5768.9650000000011 7 60.500000000000007 53.500000000000007 8 9 51.500000000000007 43.675000000000004
decision_type=2 2 2 2 1 2 1 1 1 2 1 10 2 2 2 2 2 1 1 10 8 10 10 1 2 2 1 1 2 2
left_child=1 2 3 7 5 -5 -4 9 13 11 -11 -1 16 -3 -13 -16 -9 -18 -17 20 -2 24 -23 -24 25 28 -27 -26 -22 -30
right_child=19 8 6 4 -6 -7 -8 12 -10 10 -12 14 -14 -15 15 18 17 -19 -20 -21 21 22 23 -25 27 26 -28 -29 29 -31
leaf_value=0.44018559911050059 -0.29121948947469406 0.58235265468485065 0.45187041815652063 -0.13814389492912046 -0.10224321152937463 1.5965179494676625 -0.79558343296743061 -0.19053708068871372 1.7736011875696183 -0.41309344316365493 0.419954271031239 -1.0442484832576076 -2.2024360418686313 -0.45531292374648369 -0.91270334256710584 1.2753358712625766 1.2055618509341348 -0.20216566415925769 -0.42535726144025915 -0.041132591049159825 -0.0026251830020706276 0.034963676023628522 -0.070263506047066077 1.0097043309042164 -0.35948434820006114 0.7839226484733387 -0.18797264823566237 0.15295334939156929 1.3444042295573924 -0.4934943007717984
leaf_weight=320 3070 207 217 552 2712 1667 955 4204 506 251 428 3491 167 150 404 349 1171 1156 461 186313 331522 194979 2868 4595 4064 4792 4938 3335 279 2216
leaf_count=320 3070 207 217 552 2712 1667 955 4204 506 251 428 3491 167 150 404 349 1171 1156 461 186313 331522 194979 2868 4595 4064 4792 4938 3335 279 2216
internal_value=-4.90332e-05 -0.00446693 -0.00593645 -0.00406715 0.00864964 0.025157 -0.033555 -0.0091236 0.0270139 -0.0171759 0.0075 -0.0205452 -0.0022358 -0.00407609 -0.0231152 -0.0077037 -0.000982854 0.00904639 0.00680641 6.61398e-05 0.00046542 0.00053173 0.00175931 0.0100241 -0.000175995 2.96729e-06 0.0105683 -0.00848919 -0.000304834 -0.019976
internal_weight=762339 19368 18505 17333 4931 2219 1172 12402 863 5704 679 5025 6698 357 4705 1214 6531 2327 810 742971 556658 553588 202442 7463 351146 343747 9730 7399 334017 2495
internal_count=762339 19368 18505 17333 4931 2219 1172 12402 863 5704 679 5025 6698 357 4705 1214 6531 2327 810 742971 556658 553588 202442 7463 351146 343747 9730 7399 334017 2495
cat_boundaries=0 2 4 7 9 11 13 15 18 20 22
cat_threshold=3209824052 3836741799 1090537536 50192 3178466636 3792700368 1 1644175490 221251660 352356420 272 1074294800 161651750 2367785024 537920016 3792996608 4092543312 1 1929398890 4217406520 1887719630 876789049
is_linear=0
shrinkage=0.06


Tree=229
num_leaves=31
num_cat=6
split_feature=6 19 69 140 104 89 24 114 104 98 133 119 127 115 119 126 121 124 126 104 104 119 111 104 110 130 122 113 111 133
split_gain=97.5201 233.576 156.968 269.186 321.947 321.77 270.401 238.616 305.088 367.291 354.16 323.47 321.249 292.828 345.012 295.394 305.803 291.153 301.497 271.742 256.594 393.973 313.981 340.016 223.804 424.025 376.282 320.645 293.109 288.034
threshold=301.06500000000005 132.97083333333339 11.450000000000001 4.5000000000000009 0 1 -107.1318923611111 1.5491832711765425 2 0.16269055358644466 0.97062204580664158 645.50000000000011 0.59774158431927682 -0.84370601215866292 555.50000000000011 122.92500000000001 996.6500000000002 0.40500000000000008 63.725000000000001 3 4 70.500000000000014 90.500000000000014 5 21.450000000000003 -0.37940952255126059 0.57701967951111854 315.50000000000006 57.500000000000007 0.42568571711766151
decision_type=10 8 2 2 1 1 10 2 1 2 2 2 2 2 2 2 2 2 2 1 1 2 2 1 2 2 2 2 2 2
left_child=-1 -2 3 4 -3 -6 -5 8 9 11 -11 12 -8 14 15 -14 -17 18 -9 -19 -20 22 23 -22 -4 29 27 -27 -29 -26
right_child=1 2 24 6 5 -7 7 17 -10 10 -12 -13 13 -15 -16 16 -18 19 20 -21 21 -23 -24 -25 25 26 -28 28 -30 -31
leaf_value=0.011764382583530733 -0.10629848589801157 0.095258601821603284 -0.12918085741587304 0.49965826800415442 -0.014999056018069723 -0.4362570370589694 -0.069843394456347019 1.827250438315611 -0.026422705126568073 0.00042430990829700477 -0.8446807616968578 -1.6366340046864942 0.30513309273505684 1.4800745284956236 -0.58406504717333518 1.0404611375213029 -0.39786126337128963 0.16692125530406954 0.070145256345607546 -1.4069701526450944 -0.85434221214781048 0.03885105690222744 0.1741662581510198 -0.35442851642679896 -0.32076871927370432 -0.023381821593416702 2.1591799528188549 1.3740984171038966 -0.36854830626324453 0.030651024132394723
leaf_weight=313971 60137 15467 89995 17346 15375 16567 7285 2217 40284 11576 882 360 12310 11621 1709 6279 628 982 43339 1648 1499 21649 2999 20041 9456 12031 4303 2552 805 17170
leaf_count=313971 60137 15467 89995 17346 15375 16567 7285 2217 40284 11576 882 360 12310 11621 1709 6279 628 982 43339 1648 1499 21649 2999 20041 9456 12031 4303 2552 805 17170
internal_value=-8.61657e-05 -0.000653894 -0.000115095 0.000771947 -0.00330184 -0.00674115 0.00171567 0.00105195 0.00320999 0.00621637 -0.00278353 0.00900754 0.00951974 0.0120689 0.00782721 0.0101249 0.020055 -0.00107317 -0.000508802 -0.0207526 -0.00105017 -0.00416113 -0.00936675 -0.0118992 -0.00175537 0.00163349 0.00830896 0.00392228 0.0203157 -0.00330341
internal_weight=762483 448512 388375 252063 47409 31942 204654 187308 92934 52650 12458 40192 39832 32547 20926 19217 6907 94374 91744 2630 89527 46188 24539 21540 136312 46317 19691 15388 3357 26626
internal_count=762483 448512 388375 252063 47409 31942 204654 187308 92934 52650 12458 40192 39832 32547 20926 19217 6907 94374 91744 2630 89527 46188 24539 21540 136312 46317 19691 15388 3357 26626
cat_boundaries=0 2 3 5 8 10 12
cat_threshold=1118036714 6268508 114 2604341140 1696603043 1140902041 733806944 1 2882800689 2336055652 1073758274 272663576
is_linear=0
shrinkage=0.06


Tree=230
num_leaves=31
num_cat=11
split_feature=0 132 115 104 137 104 124 111 104 104 0 110 126 137 104 129 104 132 111 104 127 104 104 110 127 104 35 104 129 132
split_gain=108.701 362.008 121.266 282.233 140.63 195.953 147.241 236.958 160.563 145.409 189.294 137.798 154.862 160.505 160.519 133.092 132.855 132.433 199.967 233.332 176.885 328.191 215.437 353.28 163.04 135.064 129.079 124.111 235.454 119.394
threshold=104.00125000000001 -0.97670382270880773 -0.14225703661530895 0 0.61497421480319081 1 0.66833333333333333 89.500000000000014 2 3 58.007500000000007 23.150000000000002 85.125000000000014 0.0080707547752903383 4 10.500000000000002 5 -0.38142733947913604 50.500000000000007 6 1.1978360483152102 7 8 18.850000000000005 4.0988599403785155 9 208.25500000000002 10 118.50000000000001 -0.97670382270880773
decision_type=2 2 2 1 2 1 2 2 1 1 2 2 2 2 1 2 1 2 2 1 2 1 1 2 2 1 10 1 2 2
left_child=2 -2 4 11 6 -6 9 16 -9 10 27 15 -13 14 -14 -4 -8 20 19 -19 21 -11 -22 -24 25 -25 -17 28 -1 -29
right_child=1 -3 3 -5 5 -7 7 8 -10 17 -12 12 13 -15 -16 26 -18 18 -20 -21 22 -23 23 24 -26 -27 -28 29 -30 -31
leaf_value=-0.3581576881203159 -0.50323478289000845 -0.015194096762637627 0.029108283520644419 0.0052755954565388485 -0.092956968928518499 0.71202602632857181 0.10792529216029734 0.14545005590634416 -0.59866481090213541 0.19785459060617738 0.0070985322131634377 -0.21092468767279826 -0.021159637147840762 -0.0764046461305945 0.44181261740429489 0.59313083830901947 -0.15252843541153352 0.60375898425711505 0.016839326648516107 -0.13995028696569234 0.01839475660733882 -0.1720198329568734 0.71268170552723342 0.31871975334931618 0.0042579597375640788 0.056633102195201554 0.3481616345264939 0.013365773125739935 0.13815454855183587 -0.10598269916297538
leaf_weight=2509 2785 461531 3773 43096 1610 1773 3831 468 1922 1599 56450 2667 1040 2327 2057 2823 6082 384 54909 7310 35190 4707 7130 3321 13091 4246 8376 9389 1429 14399
leaf_count=2509 2785 461531 3773 43096 1610 1773 3831 468 1922 1599 56450 2667 1040 2327 2057 2823 6082 384 54909 7310 35190 4707 7130 3321 13091 4246 8376 9389 1429 14399
internal_value=-6.67519e-05 -0.000640683 0.00082777 0.00309341 0.000180971 0.0123227 1.05094e-06 -0.00638329 -0.0233375 0.000364614 -0.00158362 0.00844847 0.00214286 0.00796313 0.0169077 0.0118614 -0.00229373 0.00160806 -0.000391988 -0.00945029 0.00341546 -0.00616458 0.00437479 0.0083226 0.00435065 0.011361 0.0151446 -0.0056436 -0.0154976 -0.00400353
internal_weight=762224 464316 297908 66159 231749 3383 228366 12303 2390 216063 84176 23063 8091 5424 3097 14972 9913 131887 62603 7694 69284 6306 62978 27788 20658 7567 11199 27726 3938 23788
internal_count=762224 464316 297908 66159 231749 3383 228366 12303 2390 216063 84176 23063 8091 5424 3097 14972 9913 131887 62603 7694 69284 6306 62978 27788 20658 7567 11199 27726 3938 23788
cat_boundaries=0 2 5 8 10 12 15 17 19 21 23 25
cat_threshold=2500629783 2302680554 937535629 3951764224 1 1141145602 2147509512 1 2900414595 273156074 2164266242 4194440 444619176 4010804381 1 0 8192 1073741888 1186242576 1091898432 3299270672 268960016 722468865 536870912 192
is_linear=0
shrinkage=0.06


Tree=231
num_leaves=31
num_cat=1
split_feature=125 124 91 6 121 139 59 137 114 130 110 111 115 103 28 121 111 34 132 114 139 120 107 107 135 133 132 133 120 130
split_gain=92.6815 102.759 303.697 248 208.874 223.491 149.821 125.894 367.774 498.84 289.502 251.014 298.753 198.954 161.695 157.295 200.088 142.794 136.917 124.743 125.082 120.858 115.524 112.508 133.14 109.957 989.506 529.87 555.743 345.065
threshold=0.85793333333333355 0.82166666666666666 0 229.14500000000001 991.85000000000002 18.500000000000004 1866.7650000000001 0.61497421480319081 0.57622964287356682 0.60355339059327384 23.350000000000005 60.500000000000007 -1.0164198267443476 0.61497421480319081 251.98315972222221 986.75000000000011 61.500000000000007 0.5525000000000001 -0.94387377644575288 0.19874226490627742 18.500000000000004 87.500000000000014 28.594100000000005 28.657100000000003 1.0000000180025095e-35 0.99024581825578073 -0.098749067963353782 0.98486764554468398 57.500000000000007 -0.25881904510252113
decision_type=2 2 1 10 2 2 10 2 2 2 2 2 2 2 8 2 2 10 2 2 2 2 2 2 2 2 2 2 2 2
left_child=1 7 23 19 5 -5 -7 13 9 10 -9 -10 -13 25 17 16 -12 -11 -17 20 -4 -19 -15 24 -3 27 -27 -1 -29 -28
right_child=-2 2 3 4 -6 6 -8 8 11 14 15 12 -14 22 -16 18 -18 21 -20 -21 -22 -23 -24 -25 -26 26 29 28 -30 -31
leaf_value=-0.0013163218414042888 0.73019406700233191 0.31696590548771381 -0.079595618915193997 -0.77828950225043825 -0.0043496716850464166 -0.11527213090957004 -1.0306617490375714 1.0093539217429959 0.92009160135378376 1.3609055601900661 0.10459603482530297 -0.44836822747220934 2.3421717728710179 -0.50226635181587509 2.4919575310511721 -1.8449717716232499 -1.0282689235868867 -0.80657957047965567 -0.59655019271232734 -0.26918526219641831 0.38986028097851089 0.86403390462106466 -0.093238506292781825 1.8537273043681617 -0.86830538122557521 -0.60974337138489776 0.15324175153199435 0.51376692272623381 -0.40048893978887973 -0.1055836121696717
leaf_weight=610860 1487 2703 1081 1913 2771 3278 2040 1030 1789 851 1620 1251 2629 3020 1889 1225 948 493 1551 888 1596 74 3647 1730 797 10571 38166 17736 3504 39443
leaf_count=610860 1487 2703 1081 1913 2771 3278 2040 1030 1789 851 1620 1251 2629 3020 1889 1225 948 493 1551 888 1596 74 3647 1730 797 10571 38166 17736 3504 39443
internal_value=-8.06471e-05 -0.000109894 -0.0044909 -0.00922227 -0.0140718 -0.0194386 -0.0131077 1.05079e-06 0.00537815 -0.00172898 -0.0115388 0.0175132 0.00893584 -0.000112498 0.0171765 -0.0171525 -0.00644609 0.00186047 -0.0270508 0.00435782 0.0108215 -0.0214437 -0.0104289 0.00778477 0.00161097 -1.69934e-05 -0.00200179 0.000259895 0.00957582 0.000344028
internal_weight=762581 761094 18797 13567 10002 7231 5318 742297 15350 9681 6374 5669 3880 726947 3307 5344 2568 1418 2776 3565 2677 567 6667 5230 3500 720280 88180 632100 21240 77609
internal_count=762581 761094 18797 13567 10002 7231 5318 742297 15350 9681 6374 5669 3880 726947 3307 5344 2568 1418 2776 3565 2677 567 6667 5230 3500 720280 88180 632100 21240 77609
cat_boundaries=0 1
cat_threshold=18
is_linear=0
shrinkage=0.06


Tree=232
num_leaves=31
num_cat=0
split_feature=121 133 133 120 133 120 109 133 107 115 127 112 115 130 28 110 98 126 20 127 115 107 6 127 120 114 133 110 126 131
split_gain=97.7879 212.106 416.099 640.552 548.376 448.368 426.919 411.754 747.367 698.272 426.149 413.305 461.405 432.327 355.514 345.312 494.608 333.922 323.533 310.605 305.59 288.864 286.743 285.713 284.794 276.302 323.917 269.244 301.849 268.261
threshold=991.25000000000011 0.97062204580664158 0.93469109537144635 30.500000000000004 0.93158198870884079 91.500000000000014 37.500000000000007 0.98486764554468398 28.649550000000001 -0.99161074734311649 7.4394851282643115 1.8550000000000002 -0.61233803076888804 -0.37940952255126059 204.1215277777778 8.4500000000000011 0.24684749415872467 94.02500000000002 9.5202852843142001 5.0452610775076936 -1.8526343419136915 28.406700000000004 229.14500000000001 4.0988599403785155 52.500000000000007 -0.49383638869931551 0.86004965528756494 14.050000000000002 79.90000000000002 0.78656609248549303
decision_type=2 2 2 2 2 2 2 2 2 2 2 2 2 2 10 2 2 2 10 2 2 2 10 2 2 2 2 2 2 2
left_child=-1 2 4 -4 5 25 -6 8 9 10 -3 12 13 -9 23 -5 18 22 -17 20 -13 -21 -12 -11 29 26 -2 28 -22 -10
right_child=1 7 3 15 6 -7 -8 11 24 14 17 19 -14 -15 -16 16 -18 -19 -20 21 27 -23 -24 -25 -26 -27 -28 -29 -30 -31
leaf_value=-0.014894981261963095 0.10502277409879156 0.18731121585680327 0.075325245785793984 1.0631576366508022 0.34343954263319915 -0.20669164209003354 -0.84333673078589866 0.051963652670660845 -0.40927615363052866 0.7219975579709228 0.72925504731222923 -0.26532767920284356 0.12390865593063154 -0.61694378650763693 -0.94227703693967202 -2.1799809428774957 -0.43356745159066562 -0.29215218809463295 1.7396333994548945 -0.70535589492710526 -1.1295605642837916 0.74005221346077854 -0.14559118311949873 -0.24662530497224536 -0.32299355016381864 0.030710442316969733 0.89966840041406615 0.31700180752371948 0.04486739529518928 -0.1243966322227807
leaf_weight=442991 14328 8760 22571 1349 981 20508 2929 5121 4474 894 869 4123 14364 8963 3326 234 860 2507 7675 484 1353 10855 1371 708 4840 145154 7565 9326 11429 1808
leaf_count=442991 14328 8760 22571 1349 981 20508 2929 5121 4474 894 869 4123 14364 8963 3326 234 860 2507 7675 484 1353 10855 1371 708 4840 145154 7565 9326 11429 1808
internal_value=-0.000104783 0.000694899 0.001704 0.00796023 0.000635831 0.00109951 -0.0216006 -0.00167176 -0.00755734 -0.000146453 0.00690702 0.000963359 -0.00449225 -0.0122087 -0.0194766 0.020504 0.0161528 -0.0075695 0.0208521 0.00509435 0.00150732 0.0133915 0.00926372 0.00374298 -0.01984 0.00212741 0.00841052 0.00430413 -0.0013518 -0.0282668
internal_weight=762720 319729 224154 32689 191465 187555 3910 95575 29557 18435 13507 66018 28448 14084 4928 10118 8769 4747 7909 37570 26231 11339 2240 1602 11122 167047 21893 22108 12782 6282
internal_count=762720 319729 224154 32689 191465 187555 3910 95575 29557 18435 13507 66018 28448 14084 4928 10118 8769 4747 7909 37570 26231 11339 2240 1602 11122 167047 21893 22108 12782 6282
is_linear=0
shrinkage=0.06


Tree=233
num_leaves=31
num_cat=8
split_feature=15 104 132 87 104 111 35 104 25 120 104 140 133 104 133 109 133 1 112 104 115 21 110 104 129 20 104 109 24 61
split_gain=95.3967 129.793 136.238 126.664 177.84 122.289 116.964 206.783 248.366 242.069 246.076 207.527 388.719 417.633 312.362 286.161 274.745 273.522 230.973 303.766 220.928 219.235 202.016 346.655 317.732 234.931 222.697 188.803 220.02 188.588
threshold=240.31666666666669 0 -0.012900982721897882 43.500000000000007 1 77.500000000000014 311.75500000000005 2 0.97475805823593131 98.500000000000014 3 4.5000000000000009 0.94066717844141279 4 0.93158198870884079 557.50000000000011 0.92519182738459482 58.275000000000006 2.4650000000000003 5 -0.25209156866185017 123.44000000000001 17.850000000000005 6 239.50000000000003 26.806400688089685 7 32.500000000000007 -28.645833333333332 4.3810886460260967
decision_type=10 1 2 10 1 2 10 1 10 2 1 2 2 1 2 2 2 10 2 1 2 10 2 1 2 10 1 2 8 2
left_child=6 2 -2 -3 -5 -6 7 8 -1 10 -10 14 16 -14 17 20 22 -9 -18 -20 21 -15 23 -13 26 -26 -24 -19 -29 -28
right_child=1 3 -4 4 5 -7 -8 11 9 -11 -12 12 13 15 -16 -17 18 27 19 -21 -22 -23 24 -25 25 -27 29 28 -30 -31
leaf_value=-0.043740016353726215 -0.44786590454125413 -0.099086052906343411 0.07897856530790108 0.31255315724245902 0.15296543310982572 -0.31532452980238529 0.032863100344704466 -0.10450043802455213 -0.025801097335786807 0.44511527100141846 -0.35289518062290082 0.39872101958152595 -0.14432494181143055 0.38637219857071869 -0.087628520010144942 -0.15068411140473131 0.1436132957065081 -0.024028074464321206 0.18258680776784061 -0.42215048567010821 0.53371793769766207 0.079576536116587424 0.084838888587944153 -0.12696969115660892 0.16887740832266246 0.0071633197957296346 -0.014001282386245463 -0.022729797844258427 0.16128101715971724 -0.14730299795444352
leaf_weight=74027 4807 78851 1694 12212 5648 7199 276458 3160 2692 931 5241 6643 10783 4410 12325 4711 1591 7740 876 3500 9022 23298 14905 56915 18137 22160 37805 5531 26801 22179
leaf_count=74027 4807 78851 1694 12212 5648 7199 276458 3160 2692 931 5241 6643 10783 4410 12325 4711 1591 7740 876 3500 9022 23298 14905 56915 18137 22160 37805 5531 26801 22179
internal_value=-9.33548e-05 -0.00172427 -0.00994165 -0.001209 0.00250678 -0.00242184 0.000182897 -0.000506841 -0.00315191 -0.012643 -0.0160398 0.000242869 -0.000531029 0.00403944 0.00354332 0.00677555 -0.00182327 0.00594546 -0.0144873 -0.0216038 0.00856279 0.00590711 -0.00140043 -0.00411586 9.79277e-05 0.00439377 -0.00221365 0.0072857 0.00930071 -0.00384432
internal_weight=762252 110411 6501 103910 25059 12847 651841 375383 82891 8864 7933 292492 236935 52224 55557 41441 184711 43232 5967 4376 36730 27708 178744 63558 115186 40297 74889 40072 32332 59984
internal_count=762252 110411 6501 103910 25059 12847 651841 375383 82891 8864 7933 292492 236935 52224 55557 41441 184711 43232 5967 4376 36730 27708 178744 63558 115186 40297 74889 40072 32332 59984
cat_boundaries=0 2 4 6 8 10 12 14 16
cat_threshold=1107443778 272679964 88619652 604912098 2902989108 2627683 536870944 524352 34865153 260055296 303617 1183064068 1048577 2374107392 8814592 192946176
is_linear=0
shrinkage=0.06


Tree=234
num_leaves=31
num_cat=11
split_feature=110 104 130 104 123 110 104 120 104 110 115 130 110 104 104 120 104 114 114 137 104 103 104 115 109 124 104 131 104 132
split_gain=111.174 439.511 158.051 146.61 103.334 98.7319 660.884 321.001 312.117 266.548 261.84 331.094 573.533 575.025 393.788 351.9 282.378 288.113 258.684 254.191 429.398 276.203 305.834 228.908 469.85 396.373 378.69 354.656 343.315 277.64
threshold=30.050000000000004 0 0.25881904510252091 1 0.07109555449031342 24.650000000000002 2 64.500000000000014 3 26.750000000000004 -0.44377614286536882 0.25881904510252091 27.550000000000004 4 5 28.500000000000004 6 3.2991786903316851 -0.55079406824129407 0.85826565528689469 7 0.61497421480319081 8 -2.2122974541449829 47.500000000000007 0.12833333333333335 9 0.78656609248549303 10 0.32917936166072764
decision_type=2 1 2 1 2 2 1 2 1 2 2 2 2 1 1 2 1 2 2 2 1 2 1 2 2 2 1 2 1 2
left_child=5 2 -2 -3 -4 19 -7 10 -9 -10 11 14 15 -14 -8 16 -13 -18 -15 21 -21 23 -23 24 26 -26 29 -28 -27 -1
right_child=1 3 4 -5 -6 6 7 8 9 -11 -12 12 13 18 -16 -17 17 -19 -20 20 -22 22 -24 -25 25 28 27 -29 -30 -31
leaf_value=-0.14669363178187608 -0.056721373741882103 0.43026362598323076 -0.75478840817759274 0.1419002817823872 0.13913381199603322 0.14182631915140803 -0.30222021578085784 -0.11758237737380824 0.090150466775895666 0.56679040615037646 -0.24151062611809351 -0.2844947716514683 -0.088998386025066614 -1.5870025884448673 -0.038592178813908334 -0.43513580472619051 0.38106581940214707 -0.81926971678093374 0.88996405055997363 -0.84377149361334369 5.379600906344864 0.033977428185375233 -0.77539661270157267 -0.0039433552020966545 0.073345131217027904 0.10317699157746631 -0.3908666123212825 0.78200777982980807 0.9361254035797586 -0.9032577711909181
leaf_weight=3971 3740 1610 450 4781 141 17151 10638 2911 3886 2011 17351 2574 2287 132 23192 1571 3183 388 3951 1152 1791 3706 3835 609388 20346 2374 3172 3517 4427 2614
leaf_count=3971 3740 1610 450 4781 141 17151 10638 2911 3886 2011 17351 2574 2287 132 23192 1571 3183 388 3951 1152 1791 3706 3835 609388 20346 2374 3172 3517 4427 2614
internal_value=-9.02863e-05 0.00597594 -0.00877476 0.0159606 -0.0376014 -0.000176842 -0.00202703 -0.00448425 0.00626632 0.0141875 -0.00593583 -0.00364881 0.00408036 0.0174039 -0.00686707 -0.00691979 -0.00043931 0.010469 0.03085 7.87831e-05 0.0176698 0 -0.0114161 0.0001325 0.00450497 0.00902829 -0.00474576 0.00531045 0.0215672 -0.0149454
internal_weight=762241 10722 4331 6391 591 751519 91226 74075 8808 5897 65267 47916 14086 6370 33830 7716 6145 3571 4083 660293 2943 657350 7541 649809 40421 27147 13274 6689 6801 6585
internal_count=762241 10722 4331 6391 591 751519 91226 74075 8808 5897 65267 47916 14086 6370 33830 7716 6145 3571 4083 660293 2943 657350 7541 649809 40421 27147 13274 6689 6801 6585
cat_boundaries=0 3 5 7 9 11 13 15 17 19 21 24
cat_threshold=2938705417 2987543202 1 8568932 1104 2330752 25284 403718241 493257744 1660961858 271549464 118227205 168433953 3288616043 4065068056 1614966850 2583479544 2900268860 38951271 1315161586 844408729 1931583618 1131161160 1
is_linear=0
shrinkage=0.06


Tree=235
num_leaves=31
num_cat=8
split_feature=19 17 24 140 132 104 35 104 102 111 110 104 122 104 119 110 132 104 104 113 111 112 119 104 119 112 112 139 104 102
split_gain=120.952 155.941 162.667 230.756 192.541 152.269 142.033 160.986 167.271 154.017 342.247 433.345 344.231 448.215 360.686 290.707 708.936 495.432 358.093 399.315 415.617 257.814 249.816 400.882 259.051 262.634 241.862 232.87 389.228 335.047
threshold=111.11593750000002 107.05500000000002 33.837968750000009 4.5000000000000009 -0.98350143100407361 0 274.85000000000008 1 55.500000000000007 69.500000000000014 13.250000000000002 2 0.4735152228025109 3 83.500000000000014 17.050000000000004 0.17963823861099873 4 5 331.50000000000006 42.500000000000007 3.2950000000000004 62.500000000000007 6 56.500000000000007 3.1050000000000004 2.3450000000000002 62.500000000000007 7 58.500000000000007
decision_type=10 10 10 2 2 1 10 1 2 2 2 1 2 1 2 2 2 1 1 2 2 2 2 1 2 2 2 2 1 2
left_child=1 2 -1 -4 -5 -3 7 -2 -9 10 11 -8 15 14 -14 16 17 -12 -17 22 -21 -18 23 -20 25 -25 -15 29 -29 -11
right_child=6 5 3 4 -6 -7 9 8 -10 27 12 -13 13 26 -16 18 21 -19 19 20 -22 -23 -24 24 -26 -27 -28 28 -30 -31
leaf_value=0.0080742349348967932 0.032268547458208729 0.0096399311314226566 0.21631751139789229 -0.47724022980126646 -0.13548273162137661 0.10914044036221554 0.083395898830501941 -0.12140466591995164 -0.67423312607316777 0.035153471994276091 0.92847981347910657 -0.55690234604376543 0.20780613210205842 -0.2714280424749887 -0.50874495877514103 0.15598932112414118 -0.31248582872650638 0.036886052859182714 -0.013748375937057062 -0.39407972868776681 0.60228637577355415 0.084363398275950491 -0.044900010533294218 -0.52563463681954314 -1.2959379184803224 0.46711375126878946 -0.80861498560748257 -0.24081152675596115 1.2390139066673556 -0.45962681743763312
leaf_weight=168530 20807 39809 3772 2116 13431 43316 4574 43951 1092 210452 9103 7529 18232 15803 3783 22862 3020 7199 7801 1319 6556 1093 78135 6263 950 663 5615 2437 3543 8667
leaf_count=168530 20807 39809 3772 2116 13431 43316 4574 43951 1092 210452 9103 7529 18232 15803 3783 22862 3020 7199 7801 1319 6556 1093 78135 6263 950 663 5615 2437 3543 8667
internal_value=-7.84603e-05 0.000939275 -1.8206e-05 -0.00523292 -0.00846282 0.003103 -0.000639617 -0.00323275 -0.00524837 -0.000238393 -0.00144777 -0.0112277 -0.000819435 -0.0055049 0.000509398 0.000584417 0.00722081 0.0128369 -0.000503412 -0.00202895 0.0109472 -0.0150365 -0.00311854 -0.0100306 -0.0195664 -0.0155565 -0.0116814 0.000838827 0.0125196 0.000519989
internal_weight=762423 270974 187849 19319 15547 83125 491449 65850 45043 425599 200500 12103 188397 43433 22015 144964 20415 16302 124549 101687 7875 4113 93812 15677 7876 6926 21418 225099 5980 219119
internal_count=762423 270974 187849 19319 15547 83125 491449 65850 45043 425599 200500 12103 188397 43433 22015 144964 20415 16302 124549 101687 7875 4113 93812 15677 7876 6926 21418 225099 5980 219119
cat_boundaries=0 2 4 6 8 11 13 15 17
cat_threshold=1319749880 3760839248 2311225760 696648135 78875225 2165163832 722231153 2409865285 421272893 253434145 1 570454210 532952 2567733816 3979546624 945930740 374116249
is_linear=0
shrinkage=0.06


Tree=236
num_leaves=31
num_cat=2
split_feature=0 126 140 24 111 114 99 119 125 91 113 111 111 130 139 121 114 57 126 139 132 91 128 114 119 113 132 128 129 114
split_gain=111.746 136.743 300.92 225.389 219.595 285.736 293.414 245.704 238.672 221.851 217.619 263.172 249.88 206.546 206.002 264.492 197.83 195.973 195.174 194.757 189.911 185.097 301.841 278.681 370.753 348.701 299.031 281.038 277.986 229.387
threshold=124.54166666666669 134.30000000000004 1.5000000000000002 29.281076388888895 75.500000000000014 1.2960201354624097 0.99958851518450398 52.500000000000007 0.52790000000000015 0 344.50000000000006 89.500000000000014 42.500000000000007 -0.25881904510252113 33.500000000000007 991.45000000000016 -0.62453942724112543 306.93007784985542 113.62500000000001 62.500000000000007 -0.8816668175367014 1 0.00010472282620693775 1.885408332336987 641.50000000000011 303.50000000000006 0.47084587141109652 0.064734286011702016 4.5000000000000009 -2.9998143189632831
decision_type=2 2 2 10 2 2 2 2 2 1 2 2 2 2 2 2 2 10 2 2 2 1 2 2 2 2 2 2 2 2
left_child=-1 4 3 -3 9 7 17 8 19 14 21 12 -12 -11 15 18 -9 -7 -2 -6 -16 22 28 24 27 26 -25 -24 -4 -23
right_child=1 2 10 -5 5 6 -8 16 -10 13 11 -13 -14 -15 20 -17 -18 -19 -20 -21 -22 29 23 25 -26 -27 -28 -29 -30 -31
leaf_value=0.010273655415047642 -0.15053246522036715 0.099267236797041955 -0.53715320213564044 0.87220406254981664 -0.22637774037052338 0.39619983617625193 -1.0498204750662814 1.2610797834005716 0.46324669186214062 -0.25872247481272664 -0.74866437678871556 -2.0584370757847141 0.95566141870972354 -0.80072022538527554 2.5557684442206536 0.52752359470681964 0.044099261040361735 -0.050138814574543743 -1.0085500319375018 0.58848888374740338 0.19116966010735423 1.0344196962682901 -0.06004311796512965 0.30367640313537564 -1.4570978620080679 -0.051367555612994664 -0.46551600769156182 3.9162991439147445 0.43818021660880857 -0.083934170393374349
leaf_weight=384024 12609 6797 595 3396 62801 23578 1205 2747 6205 26604 416 267 4079 5623 493 5652 10776 13530 2051 2449 806 1105 47023 18912 1532 18172 1280 787 6286 90828
leaf_count=384024 12609 6797 595 3396 62801 23578 1205 2747 6205 26604 416 267 4079 5623 493 5652 10776 13530 2051 2449 806 1105 47023 18912 1532 18172 1280 787 6286 90828
internal_value=-0.000146808 -0.000878277 0.000190891 0.0102354 -0.00209439 -0.000698342 0.00360338 -0.00263783 -0.00404137 -0.00529133 -0.000344411 0.01232 0.0157607 -0.00844407 -0.000585515 -0.00206764 0.00477817 0.00454984 -0.0063188 -0.00511073 0.0225692 -0.000667807 0.00119559 0.000246275 -0.00273595 0.00408185 0.00950825 -0.00180461 0.0132956 -0.00258483
internal_weight=762628 378604 201475 10193 177129 123291 38313 84978 71455 53838 191282 4762 4495 32227 21611 20312 13523 37108 14660 65250 1299 186520 94587 87706 49342 38364 20192 47810 6881 91933
internal_count=762628 378604 201475 10193 177129 123291 38313 84978 71455 53838 191282 4762 4495 32227 21611 20312 13523 37108 14660 65250 1299 186520 94587 87706 49342 38364 20192 47810 6881 91933
cat_boundaries=0 1 2
cat_threshold=20 9
is_linear=0
shrinkage=0.06


Tree=237
num_leaves=31
num_cat=11
split_feature=133 132 104 104 133 104 131 122 99 104 127 126 121 104 113 126 131 112 104 104 104 110 113 104 78 104 104 112 122 130
split_gain=98.622 699.72 703.755 595.212 494.927 527.935 390.126 393.84 298.992 819.034 271.117 289.01 248.339 323.635 235.938 317.282 345.48 242.059 235.488 235.444 225.313 220.458 833.749 316.404 225.819 276.155 220.8 215.408 212.225 251.368
threshold=0.99024581825578073 -0.098749067963353782 0 1 0.98486764554468398 2 0.37940952255126048 0.27235217002159656 0.98005052076767474 3 6.3826464313672435 111.12500000000001 994.05000000000007 4 225.50000000000003 216.85000000000005 -0.37940952255126015 3.0150000000000001 5 6 7 6.8500000000000005 299.50000000000006 8 992.45000000000016 9 10 2.4150000000000005 0.61309454897895344 -0.25881904510252113
decision_type=2 2 1 1 2 1 2 2 2 1 2 2 2 1 2 2 2 2 1 1 1 2 2 1 2 1 1 2 2 2
left_child=4 3 -3 -2 8 14 7 18 12 27 -11 -12 21 -14 -6 -16 -17 -18 -5 -4 -8 22 26 -24 -23 -26 -1 -10 29 -21
right_child=1 2 19 6 5 -7 20 -9 9 10 11 -13 13 -15 15 16 17 -19 -20 28 -22 24 23 -25 25 -27 -28 -29 -30 -31
leaf_value=0.065517606032075543 0.43514199519370067 -0.24574676787124303 0.60745910812426362 0.11954531217012786 0.18963178098197089 0.048957654490296244 -0.68496469363385892 -1.6092110325614521 0.018507377702574102 -0.12500348703968328 -0.12902775934201599 -0.51448536909432874 -0.052659128544717645 0.1597170733319814 2.4471667964668535 1.3638400512568136 -0.30282082092392981 1.4299883701172711 -0.52994174267278227 0.29541244243274289 0.31108728792343071 0.0016360745903210726 -0.025158290310700691 0.59901554705646531 -0.13760028237028818 0.0021697154649175585 -0.40658676005741839 0.21644284295013277 -0.27586618682127151 -0.024448067826993592
leaf_weight=1744 2111 26825 8541 917 2351 13927 1569 2966 3376 8212 1261 2623 28821 49441 2743 1985 1023 549 1967 18444 1913 440039 879 2873 53520 52456 1877 2385 7297 18128
leaf_count=1744 2111 26825 8541 917 2351 13927 1569 2966 3376 8212 1261 2623 28821 49441 2743 1985 1023 549 1967 18444 1913 440039 879 2873 53520 52456 1877 2385 7297 18128
internal_value=-0.000102496 -0.00195988 4.31622e-05 -0.0158284 0.000148106 0.00888082 -0.0223226 -0.0318099 -0.000155472 -0.00781163 -0.0166713 -0.0297452 6.0983e-05 0.00322451 0.0205103 0.0265863 0.0147555 -0.00625556 -0.0160139 0.00408844 -0.00644272 -0.000386419 0.00991863 0.0297362 -0.000525589 -0.00301197 -0.0106184 0.0108004 0.00231222 0.00417685
internal_weight=762763 90678 79235 11443 672085 22578 9332 5850 649507 17857 12096 3884 631650 78262 8651 6300 3557 1572 2884 52410 3482 553388 7373 3752 546015 105976 3621 5761 43869 36572
internal_count=762763 90678 79235 11443 672085 22578 9332 5850 649507 17857 12096 3884 631650 78262 8651 6300 3557 1572 2884 52410 3482 553388 7373 3752 546015 105976 3621 5761 43869 36572
cat_boundaries=0 2 5 7 9 11 13 15 17 19 22 25
cat_threshold=1929781880 2156356612 32769 110518528 1 2298468225 604111491 1654808650 845340 2973926964 605174176 880820418 272729180 134742144 69208128 1644847818 423724220 2299540504 2687107232 1590895299 1415108369 1 663005363 428601096 1
is_linear=0
shrinkage=0.06


Tree=238
num_leaves=31
num_cat=0
split_feature=0 132 140 24 126 126 129 111 132 120 111 45 135 109 111 69 27 34 115 133 124 113 115 110 122 31 129 35 110 133
split_gain=103.662 261.517 124.742 356.887 166.129 163.46 135.213 225.026 437.016 209.189 190.296 189.185 280.489 213.464 310.165 235.574 186.424 184.842 146.965 222.43 184.595 162.554 181.15 162.545 279.125 200.21 148.609 343.227 246.579 237.118
threshold=108.18333333333335 -0.97670382270880773 1.5000000000000002 -21.190277777777769 83.15000000000002 113.62500000000001 233.50000000000003 95.500000000000014 0.19653276579064646 86.500000000000014 97.500000000000014 309.05000000000007 1.0000000180025095e-35 37.500000000000007 75.500000000000014 9.7500000000000018 66.407500000000013 0.66150000000000009 0.99815618170708553 0.86004965528756494 0.63166666666666671 324.50000000000006 -0.90306589761982814 28.250000000000004 0.22279201705105897 92.015704038854821 81.500000000000014 130.88000000000002 25.850000000000005 0.86869874770991873
decision_type=2 2 2 8 2 2 2 2 2 2 2 2 2 2 2 2 8 10 2 2 2 2 2 2 2 10 2 8 2 2
left_child=2 -2 3 5 -5 -1 18 11 17 10 -10 -8 13 15 -15 -13 -16 -9 21 20 23 26 -23 24 -20 -26 29 -28 -29 -4
right_child=1 -3 6 4 -6 -7 7 8 9 -11 -12 12 -14 14 16 -17 -18 -19 19 -21 -22 22 -24 -25 25 -27 27 28 -30 -31
leaf_value=-0.69384587544170118 -0.49948052828018519 -0.017985234638489941 0.03005954983200013 -0.15534850293523306 0.077185166116086057 -0.11986969645967235 0.091283066308897959 -0.21378662909411644 0.59860076784786187 1.1144618942501887 -0.17669619707093373 0.5064153570245602 0.22958344605762873 -0.01784659654139787 -0.72411717424579392 -0.07309377511994497 -0.18851378493742785 0.46053161196660453 -0.34031251507819832 0.47403646250056991 0.51061303514689393 0.078145064306212569 -0.18238885045391676 0.36404025193808193 0.22019329613011762 -0.11680231249410696 -0.35189404386733397 -0.014577461060063114 -0.19940171644954488 -0.12880703808763086
leaf_weight=1728 2256 443353 46784 2492 8257 7598 66928 3377 998 1264 569 6418 8341 36038 1100 8442 9964 1616 2333 5946 249 18152 1838 816 5027 5853 4478 38718 6348 15295
leaf_count=1728 2256 443353 46784 2492 8257 7598 66928 3377 998 1264 569 6418 8341 36038 1100 8442 9964 1616 2333 5946 249 18152 1838 816 5027 5853 4478 38718 6348 15295
internal_value=-9.25284e-05 -0.000682525 0.00073692 -0.00384041 0.00361116 -0.0124284 0.00104644 0.00235647 0.012253 0.0310805 0.0164158 0.00179215 -0.000381486 -0.00177203 -0.00375008 0.00449768 -0.0125368 0.00157389 -0.000205087 0.00455674 0.000495833 -0.00093683 0.00404582 -0.000414825 -0.00202058 0.0020182 -0.00182918 -0.00427975 -0.00270531 0.000126611
internal_weight=762576 445609 316967 20075 10749 9326 296892 145055 7824 2831 1567 137231 70303 61962 47102 14860 11064 4993 151837 20224 14278 131613 19990 14029 13213 10880 111623 49544 45066 62079
internal_count=762576 445609 316967 20075 10749 9326 296892 145055 7824 2831 1567 137231 70303 61962 47102 14860 11064 4993 151837 20224 14278 131613 19990 14029 13213 10880 111623 49544 45066 62079
is_linear=0
shrinkage=0.06


Tree=239
num_leaves=31
num_cat=0
split_feature=9 110 124 119 0 54 111 78 139 58 121 122 111 139 6 115 134 112 139 6 127 107 133 112 111 6 126 126 5 119
split_gain=102.586 116.197 147.802 192.59 124.49 119.668 115.92 113.207 111.982 231.723 168.848 166.276 156.708 239.142 373.483 154.999 177.807 159.116 240.166 172.041 149.457 197.529 196.496 170.14 147.697 192.269 181.734 148.89 146.383 190.131
threshold=275.10500000000008 25.050000000000004 0.50833333333333341 350.50000000000006 123.00500000000001 5.4664859473422496 47.500000000000007 992.85000000000002 46.500000000000007 660.87500000000011 990.85000000000002 0.13578691908267868 37.500000000000007 45.500000000000007 188.03500000000003 -0.59912590910842745 1.0000000180025095e-35 4.0050000000000008 44.500000000000007 317.25500000000005 13.015076718927093 28.496100000000002 0.70747208174348741 2.1850000000000005 71.500000000000014 289.23000000000008 58.625000000000007 57.025000000000006 2.3195000000000001 627.50000000000011
decision_type=10 2 2 2 2 10 2 2 2 2 2 2 2 2 10 2 2 2 2 10 2 2 2 2 2 10 2 2 8 2
left_child=8 2 4 -4 -2 -5 -7 -3 12 11 -11 -10 13 15 -15 16 -1 18 19 -18 21 -12 23 -22 -24 26 -26 -27 -17 -30
right_child=1 7 3 5 -6 6 -8 -9 9 10 20 -13 -14 14 -16 28 17 -19 -20 -21 22 -23 24 -25 25 27 -28 -29 29 -31
leaf_value=-0.12736609925311071 1.0537917000665695 -0.23502003069101376 -0.018934712056108083 -0.09801059813923188 -0.15984045677797382 0.042481701864242605 2.3960386189121277 -1.0537973772101528 0.17862585554521587 0.2659208252642935 -0.37866999252808964 -0.081922735583728742 -0.0003572286072429165 0.4493004310924556 -2.1763985263019157 0.055005061014456659 0.10676553944755177 -0.25320202045624168 -0.23873011922894674 1.1977147098975529 -0.28292134961536813 0.60530587584550177 -0.32348868102702738 0.29829441975410931 1.3306545065351008 -0.40192188579787569 -0.90443775111629321 0.96677620091906269 0.15414165864459761 -1.3968825495442379
leaf_weight=9229 1584 4742 10441 1108 51912 655 2009 907 4147 20127 1378 34026 584691 244 968 498 2000 1119 1205 1411 1854 7263 6659 7295 159 1097 515 2070 326 719
leaf_count=9229 1584 4742 10441 1108 51912 655 2009 907 4147 20127 1378 34026 584691 244 968 498 2000 1119 1205 1411 1854 7263 6659 7295 159 1097 515 2070 326 719
internal_value=-0.000124351 -0.00225739 -0.00156757 0.00387083 -0.00301251 0.015489 0.022379 -0.0105239 0.000102757 0.00212031 0.00487629 -0.00137528 -0.000187248 -0.00574605 -0.0314592 -0.00385631 -0.00198864 0.00630753 0.0112281 0.0193611 0.00188753 0.00846332 -0.00100458 0.00542295 -0.00660509 0.00276419 -0.0263111 0.00895833 -0.021956 -0.0347036
internal_weight=762358 73358 67709 14213 53496 3772 2664 5649 689000 86590 48417 38173 602410 17719 1212 16507 14964 5735 4616 3411 28290 8641 19649 9149 10500 3841 674 3167 1543 1045
internal_count=762358 73358 67709 14213 53496 3772 2664 5649 689000 86590 48417 38173 602410 17719 1212 16507 14964 5735 4616 3411 28290 8641 19649 9149 10500 3841 674 3167 1543 1045
is_linear=0
shrinkage=0.06


Tree=240
num_leaves=31
num_cat=7
split_feature=83 20 132 140 104 109 130 59 51 81 104 115 104 140 111 5 110 130 104 7 110 133 0 104 75 19 104 98 104 139
split_gain=91.7245 187.116 248.345 224.767 212.23 180.926 239.184 180.508 227.095 172.326 159.022 158.444 175.389 168.179 148.15 315.901 143.546 140.724 188.764 143.986 137.669 131.682 224.681 210.554 135.206 126.147 198.215 228.249 163.854 167.3
threshold=2.7550000000000003 41.255151031148479 -0.79836866623954783 4.5000000000000009 0 37.500000000000007 -0.91597561503675329 10.095000000000001 -1002.7749999999997 68.500000000000014 1 0.60809928768529808 2 4.5000000000000009 95.500000000000014 0.46550000000000008 14.050000000000002 0.91597561503675362 3 253.86500000000004 15.450000000000001 0.92843842216862604 61.505000000000003 4 -1.409838837975818 196.79684027777782 5 0.28003368959032676 6 64.500000000000014
decision_type=10 8 2 2 1 2 2 10 10 2 1 2 1 2 2 10 2 2 1 2 2 2 2 1 2 10 1 2 1 2
left_child=25 11 20 7 -5 6 -6 -4 -9 -8 -10 13 16 21 17 -16 -13 19 -19 -15 -3 22 24 -23 -2 -1 27 -27 -28 -30
right_child=1 2 3 4 5 -7 9 8 10 -11 -12 12 -14 14 15 -17 -18 18 -20 -21 -22 23 -24 -25 -26 26 28 -29 29 -31
leaf_value=0.0018730043187051137 0.045560157282907597 3.5264366438604346 0.54239550048109464 0.036902391395544215 -1.6624773363744259 0.27858935745917962 2.5142888162905654 0.56237443039910973 0.085633589406905339 -0.13489213288471488 -0.40510594924689042 1.5313333701026572 -0.005223149496571153 -0.0018423329535416143 -0.258050018808751 0.5494396186969942 0.13335412475332289 0.11075928228568088 -0.41023057577971628 -0.16225999355610526 -0.45343045560834383 -0.41379556583220961 0.22086345251153686 0.025324835347257133 -0.14693442569750573 -0.45274031158158262 0.79265592644171901 0.26816940823706542 -0.050283256507897535 -0.41841412663185762
leaf_weight=458042 2181 357 579 16579 460 23614 6116 1960 2701 1117 5466 1568 6074 33864 1564 1951 2994 1718 4051 21536 4204 915 8160 3134 1609 7262 1116 1238 136906 3273
leaf_count=458042 2181 357 579 16579 460 23614 6116 1960 2701 1117 5466 1568 6074 33864 1564 1951 2994 1718 4051 21536 4204 915 8160 3134 1609 7262 1116 1238 136906 3273
internal_value=-7.81572e-05 0.0012274 0.00373848 0.00478829 0.00654541 0.0094508 0.0174448 -0.00307089 -0.00493483 0.0201134 -0.00933643 -0.000509198 0.00637398 -0.00141664 -0.00277901 0.00919795 0.015246 -0.00346739 -0.0123847 -0.00253858 -0.00974573 0.00409125 0.00725964 -0.00525926 -0.0048114 -0.000409945 -0.00192141 -0.0108142 -0.0013855 -0.00156859
internal_weight=762309 154472 63153 58592 47886 31307 7693 10706 10127 7233 8167 91319 10636 80683 64684 3515 4562 61169 5769 55400 4561 15999 11950 4049 3790 607837 149795 8500 141295 140179
internal_count=762309 154472 63153 58592 47886 31307 7693 10706 10127 7233 8167 91319 10636 80683 64684 3515 4562 61169 5769 55400 4561 15999 11950 4049 3790 607837 149795 8500 141295 140179
cat_boundaries=0 3 6 8 10 12 14 16
cat_threshold=1928528011 886030476 1 3792093920 555730640 1 3172225078 532846056 86321337 251882272 2367166228 2902595747 1107312714 273712152 0 8256
is_linear=0
shrinkage=0.06


Tree=241
num_leaves=31
num_cat=1
split_feature=137 114 119 115 119 103 130 106 5 120 108 119 107 137 35 137 137 59 122 107 130 109 137 114 120 130 21 115 137 108
split_gain=92.5462 392.009 365.495 359.196 254.835 214.156 163.3 157.728 155.416 151.642 128.97 128.28 115.206 115.138 154.681 151.639 225.88 219.848 154.82 141.487 143.514 137.117 133.657 516.041 628.325 706.989 415.703 363.696 287.549 269.301
threshold=0.61497421480319081 0.57622964287356682 569.50000000000011 1.2750493012478665 698.50000000000011 0.61497421480319081 -0.37940952255126059 0 2.4435000000000007 22.500000000000004 77.029400000000024 633.50000000000011 28.736000000000004 0.44064828010201723 151.88000000000002 0.083227709543603312 0.11615362555050888 1168.4900000000002 0.19992288604735983 28.543650000000003 1.0000000180025095e-35 1402.5000000000002 0.015719683812837577 -0.49383638869931551 25.500000000000004 0.12940952255126045 128.11250000000004 0.15239029948899926 0.059635259795332747 77.230550000000008
decision_type=2 2 2 2 2 2 2 1 8 2 2 2 2 2 10 2 2 10 2 2 2 2 2 2 2 2 10 2 2 2
left_child=5 2 3 6 12 13 8 -8 -2 -10 -7 -12 -3 15 -15 22 -17 19 21 -18 -21 -19 -1 26 -25 28 -24 -28 -26 -29
right_child=1 4 -4 -5 -6 10 7 -9 9 -11 11 -13 -14 14 -16 16 17 18 -20 20 -22 -23 23 24 25 -27 27 29 -30 -31
leaf_value=-0.0043380225511862134 0.20673118203644009 0.64446554095387854 -1.7418408348996559 -2.0169135689932389 3.6263691737373613 -1.205880204369393 0.97910953290949287 -0.30267649085754272 -0.098150427132769086 -0.95747207837050308 -0.37955554704223854 0.15780850893254239 -0.46708833512002285 -0.46525328232549384 0.24734683967313656 -0.19856595940531108 -0.13850709696493596 0.19709603380299781 -0.13593816745145496 0.012186634222138649 0.42070814506554427 -0.18747219901503689 -0.075894526525774914 0.056928940032397221 -0.09553915251080454 -0.59579730498596406 2.654591763856279 1.1019915731577747 1.6377336813877592 -0.39096073794319292
leaf_weight=624049 1303 4564 884 690 671 345 4327 1431 1753 868 5447 1290 419 455 6870 10968 2847 2873 24670 4604 5709 798 2092 38526 1539 6697 2736 1125 1231 1006
leaf_count=624049 1303 4564 884 690 671 345 4327 1431 1753 868 5447 1290 419 455 6870 10968 2847 2873 24670 4604 5709 798 2092 38526 1539 6697 2736 1125 1231 1006
internal_value=-8.89631e-05 0.00430016 -0.00217465 0.000983322 0.0171883 -0.000188476 0.00396571 0.0103976 -0.00547261 -0.0138902 -0.0105718 -0.00873553 0.012508 -8.89285e-05 0.00739558 -0.000163889 -0.00327158 -0.00124765 -0.00422341 0.0051607 0.00842932 0.00727124 7.6259e-05 0.00291303 0.000698837 -0.0131496 0.018181 0.0277938 0.0123421 0.00920263
internal_weight=762787 16910 11256 10372 5654 745877 9682 5758 3924 2621 7082 6737 4983 738795 7325 731470 52469 41501 28341 13160 10313 3671 679001 54952 47993 9467 6959 4867 2770 2131
internal_count=762787 16910 11256 10372 5654 745877 9682 5758 3924 2621 7082 6737 4983 738795 7325 731470 52469 41501 28341 13160 10313 3671 679001 54952 47993 9467 6959 4867 2770 2131
cat_boundaries=0 1
cat_threshold=33
is_linear=0
shrinkage=0.06


Tree=242
num_leaves=31
num_cat=8
split_feature=0 132 86 140 83 74 51 118 115 104 118 104 104 109 122 104 20 104 129 0 129 126 104 54 129 102 120 104 132 104
split_gain=102.476 260.631 116.892 171.364 118.35 108.337 109.899 107.605 105.658 280.173 211.448 389.479 142.504 178.778 169.624 298.7 237.422 227.02 168.35 166.346 147.617 164.121 248.747 236.672 174.562 157.201 150.925 145.251 136.966 163.233
threshold=104.00125000000001 -0.97670382270880773 552.50000000000011 15.000000000000002 1.8650000000000004 -1.7955010958723208 -3785.6499999999996 1.0000000180025095e-35 -0.048352351519276394 0 1.0000000180025095e-35 1 2 22.500000000000004 0.49661736981649779 3 18.046760923256112 4 51.500000000000007 61.505000000000003 130.50000000000003 63.725000000000001 5 34.914581360368466 220.50000000000003 48.500000000000007 3.5000000000000004 6 -0.13291928626387098 7
decision_type=2 2 10 2 10 2 10 2 2 1 2 1 1 2 2 1 8 1 2 2 2 2 1 10 2 2 2 1 2 1
left_child=8 7 -3 4 -4 -6 -7 -2 10 -10 12 -12 14 27 17 16 18 -1 -16 -19 26 23 24 -22 -23 -26 -17 -14 29 -15
right_child=1 2 3 -5 5 6 -8 -9 9 -11 11 -13 13 28 15 20 -18 19 -20 -21 21 22 -24 -25 25 -27 -28 -29 -30 -31
leaf_value=0.11072549682815058 -0.27147707430062112 -0.029329829695870727 0.51867854902153931 -0.016175469102725087 -0.27562129851540018 -0.30334181527449544 0.23296454526464244 -1.2780257449419741 0.18439325080187613 0.004868116427450957 0.074980836041990698 -0.40967030994416892 -0.021978759759733891 0.0015187941078588095 0.048378801158983645 0.16831038813695307 -0.085350546944521849 -0.054213660519946742 -0.37684642009689412 0.028600256909197694 0.0073440655511834048 -0.49015846319126194 0.10629220846415094 1.3435037417699265 -0.10588266878962514 -0.47702776008789044 -0.079880784258940019 0.54812207916686162 -0.021423072527629615 0.1226709591517843
leaf_weight=11562 2351 396402 5432 40890 1645 1910 15530 379 19123 42139 2342 2763 2814 32212 1164 6248 7195 21350 7139 37275 8479 968 5006 710 5693 1526 3132 5345 43201 30608
leaf_count=11562 2351 396402 5432 40890 1645 1910 15530 379 19123 42139 2342 2763 2814 32212 1164 6248 7195 21350 7139 37275 8479 968 5006 710 5693 1526 3132 5345 43201 30608
internal_value=-0.000119837 -0.000676928 -0.000567636 0.00178235 0.00574843 0.00352405 0.00491256 -0.0191578 0.000748603 0.00296949 0.000173867 -0.0119036 0.000440102 0.00194937 -0.00102726 -0.0038061 -0.0106312 0.000843734 -0.0175506 -0.000672283 -0.000472099 -0.00312023 -0.00740791 0.00303591 -0.01384 -0.0106454 0.00584586 0.0105074 0.00129086 0.00307923
internal_weight=762533 464539 461809 65407 24517 19085 17440 2730 297994 61262 236732 5105 231627 114180 117447 47260 15498 70187 8303 58625 31762 22382 13193 9189 8187 7219 9380 8159 106021 62820
internal_count=762533 464539 461809 65407 24517 19085 17440 2730 297994 61262 236732 5105 231627 114180 117447 47260 15498 70187 8303 58625 31762 22382 13193 9189 8187 7219 9380 8159 106021 62820
cat_boundaries=0 2 4 6 8 10 12 14 16
cat_threshold=2483323159 2302680555 1923205314 274200152 4007755923 281589738 539066368 533184 2162688 8704 1073741842 272663562 268579884 570703872 18107712 1143357457
is_linear=0
shrinkage=0.06


Tree=243
num_leaves=31
num_cat=5
split_feature=10 137 137 133 133 104 104 121 104 132 115 111 119 126 112 130 129 132 130 132 130 104 115 120 114 135 112 132 110 104
split_gain=96.3114 103.51 177.663 142.602 262.161 214.063 212.194 147.638 144.732 210.09 227.323 134.753 202.176 124.119 127.763 122.198 158.372 204.613 144.531 132.501 111.405 110.178 129.541 105.009 116.505 103.461 99.9608 223.558 469.536 389.62
threshold=270.77750000000009 0.0029690647565655589 0.01126364564421809 0.96407344085605606 0.92519182738459482 0 1 990.75000000000011 2 -0.73208386245364632 -1.1505633835406821 64.500000000000014 483.50000000000006 2073.3250000000003 2.1350000000000002 0.12940952255126045 227.50000000000003 -0.74369257357766683 -0.37940952255126059 -0.76624641395159687 0.78656609248549325 3 -1.9380920814357021 54.500000000000007 2.4073918267594188 1.0000000180025095e-35 1.7750000000000001 0.025799818015934263 20.550000000000004 4
decision_type=10 2 2 2 2 1 1 2 1 2 2 2 2 2 2 2 2 2 2 2 2 1 2 2 2 2 2 2 2 1
left_child=26 3 -3 4 8 11 7 -6 25 10 15 12 -5 14 -14 16 -10 -18 -19 20 -17 -21 -23 24 -9 -2 27 -1 29 -29
right_child=1 2 -4 5 6 -7 -8 23 9 -11 -12 -13 13 -15 -16 19 17 18 -20 21 -22 22 -24 -25 -26 -27 -28 28 -30 -31
leaf_value=0.0061791979692335979 0.066924744974598119 -0.84122058605450001 -0.19289542174350885 -1.0069848684909766 -0.022179442963532095 -0.560473310810359 0.044793073097956861 0.3789069861705428 1.5890480142794745 -0.32866677845790832 2.0393271926764247 0.093461135497138623 -0.28414911963959749 -0.3838096922229377 1.0193292993939052 -1.890968113358013 -0.81033709286238942 1.6096577281347411 -0.77903325250702637 2.4887753457868231 1.2421335248969603 1.7041223821943627 -0.69093442226104118 3.9121366750932562 2.2776345834854772 1.3753887967184675 0.01504831093566068 0.09893728721627866 -0.37221926851931941 -0.21600364028719668
leaf_weight=156478 11150 1665 6344 1513 1163 7657 5364 1564 336 16838 1279 12079 818 903 762 476 2103 458 214 737 201 336 438 1767 522 1764 473882 22233 6326 24389
leaf_count=156478 11150 1665 6344 1513 1163 7657 5364 1564 336 16838 1279 12079 818 903 762 476 2103 458 214 737 201 336 438 1767 522 1764 473882 22233 6326 24389
internal_value=-2.75677e-06 -0.00199383 -0.00845693 -0.00125889 0.000665368 -0.00504614 0.00907427 0.0179272 -0.00173736 -0.0045486 0.00454172 -0.0011078 -0.010658 -0.000120773 0.010019 -0.000939623 -0.00857969 -0.0132925 0.0155126 0.00992234 -0.0121239 0.0198016 0.00366879 0.023617 0.0144897 0.00336093 0.000225842 -0.000865791 -0.00423577 -0.0021543
internal_weight=761759 78451 8009 70442 46710 23732 10380 5016 36330 23416 6578 16075 3996 2483 1580 5299 3111 2775 672 2188 677 1511 774 3853 2086 12914 683308 209426 52948 46622
internal_count=761759 78451 8009 70442 46710 23732 10380 5016 36330 23416 6578 16075 3996 2483 1580 5299 3111 2775 672 2188 677 1511 774 3853 2086 12914 683308 209426 52948 46622
cat_boundaries=0 3 5 7 9 11
cat_threshold=2647432576 872815079 1 474614037 3288480167 33557040 2344096340 78446725 67111328 2284897478 3450857948
is_linear=0
shrinkage=0.06


Tree=244
num_leaves=31
num_cat=0
split_feature=8 110 140 0 47 132 115 19 126 111 119 132 119 109 112 110 122 139 54 126 110 132 25 109 111 133 132 127 111 131
split_gain=89.9232 152.807 152.282 143.776 117.441 113.26 110.867 250.433 231.367 410.465 222.87 449.731 228.629 447.083 207.426 200.035 269.354 191.036 323.066 210.638 184.625 286.223 202.713 306.9 297.344 275.363 343.374 254.092 248.046 223.09
threshold=286.63708333333341 25.050000000000004 33.000000000000007 517.6450000000001 1289.166666666667 -0.26762560548918296 -1.588449753489164 55.124444444444457 122.92500000000001 98.500000000000014 596.50000000000011 0.61490419508004501 604.50000000000011 472.50000000000006 2.7650000000000001 5.5500000000000007 0.54985774614932226 33.500000000000007 7.7055260689509577 106.02500000000002 16.250000000000004 0.14569472580964501 0.87539159713072767 107.50000000000001 95.500000000000014 0.97832380634958016 0.23014236637527921 5.3002292217489613 61.500000000000007 0.60355339059327384
decision_type=10 2 2 2 10 2 2 8 2 2 2 2 2 2 2 2 2 2 10 2 2 2 8 2 2 2 2 2 2 2
left_child=6 2 3 -2 -4 -5 7 -1 17 10 11 20 13 -12 -13 16 -8 18 19 -9 22 -22 23 24 28 26 -24 -28 -10 -27
right_child=1 -3 4 5 -6 -7 15 8 9 -11 12 14 -14 -15 -16 -17 -18 -19 -20 -21 21 -23 25 -25 -26 29 27 -29 -30 -31
leaf_value=-0.071223275649329454 0.011666060327659409 -0.42606085377165043 -0.19999683393712755 2.7665852477053963 -1.5002360469991338 -0.90593678881164008 0.10959451704276006 0.075857690620498491 -0.15320361853284281 1.1134150606233868 0.17276504140498572 0.023438732835996703 0.012856967799697258 -0.43046887081280238 -0.53451381697414024 -0.0056343265258204413 -0.67570391556346066 0.1777132471202664 -0.34463908767212953 -0.26420646657321201 0.13837502326453602 0.30790936115344436 -0.42842918154993043 -0.025255107899264998 -0.71567939488671217 -0.045418049952975111 -0.20672742548959816 0.18688900748558224 0.60205869149703783 0.24477486504626597
leaf_weight=9359 32144 5308 27325 1965 404 537 1123 22711 2005 579 1244 1538 27589 2954 2270 506966 2105 14862 13337 3658 42582 6353 3355 12007 775 1904 1829 2998 9516 1575
leaf_count=9359 32144 5308 27325 1965 404 537 1123 22711 2005 579 1244 1538 27589 2954 2270 506966 2105 14862 13337 3658 42582 6353 3355 12007 775 1904 1829 2998 9516 1575
internal_value=-9.74468e-05 -0.00218515 -0.00135341 0.00129881 -0.00466715 0.0151498 0.000105812 0.0013641 0.0018737 0.00333565 0.00309324 0.00463791 -0.00121744 -0.0142605 -0.0155316 -0.000350454 -0.0152369 -0.00137001 -0.00354194 0.000307167 0.00554276 0.00794139 0.00227888 0.00539911 0.0120615 -0.00422398 -0.0102359 1.24275e-05 0.0144819 0.00991379
internal_weight=762877 67683 62375 34646 27729 2502 695194 185000 175641 121073 120494 88707 31787 4198 3808 510194 3228 54568 39706 26369 84899 48935 35964 24303 12296 11661 8182 4827 11521 3479
internal_count=762877 67683 62375 34646 27729 2502 695194 185000 175641 121073 120494 88707 31787 4198 3808 510194 3228 54568 39706 26369 84899 48935 35964 24303 12296 11661 8182 4827 11521 3479
is_linear=0
shrinkage=0.06


Tree=245
num_leaves=31
num_cat=1
split_feature=113 123 119 109 121 28 127 139 106 25 111 99 21 119 59 130 110 110 6 125 35 99 122 127 126 112 5 113 99 25
split_gain=83.8351 200.169 260.155 280.592 149.757 135.863 146.151 155.358 105.522 106.598 100.617 100.481 103.691 90.5303 90.1951 117.628 103.8 118.178 86.7522 151.751 139.084 143.484 238.149 187.563 172.711 190.3 148.507 145.53 141.73 245.94
threshold=18.500000000000004 0.077596692984734955 541.50000000000011 57.500000000000007 987.35000000000002 109.72291666666669 47.090948817093043 54.500000000000007 0 0.87539159713072767 68.500000000000014 0.98770287048522643 126.02666666666669 230.50000000000003 142.51500000000001 -1.0000000180025095e-35 24.250000000000004 24.850000000000005 382.17500000000007 0.71306666666666685 363.08500000000004 0.99748108949426018 0.55569319654780325 1.4631550222525631 338.17500000000001 2.7150000000000003 2.0995000000000004 297.50000000000006 0.98005052076767474 0.87539159713072767
decision_type=2 2 2 2 2 8 2 2 1 10 2 2 8 2 10 2 2 2 10 2 10 2 2 2 2 2 8 2 2 8
left_child=1 -1 3 5 -5 10 7 14 -6 13 -3 12 -4 -10 15 -7 -16 -18 20 -20 21 -2 24 -24 -23 -26 -25 -28 -22 -30
right_child=18 2 11 4 8 6 -8 -9 9 -11 -12 -13 -14 -15 16 -17 17 -19 19 -21 28 22 23 26 25 -27 27 -29 29 -31
leaf_value=0.96232891545776711 0.0031666576709210403 0.86225841060274755 0.41816119749147163 -0.076866643572214316 -0.19229951905843448 0.33831526182836569 1.5232597066119955 0.081657340877604262 0.38279903978315755 -0.1297948874836348 -0.018857748320194219 1.326804552068475 -0.70875683788430766 1.6255609538863083 -0.67465531066971374 -0.77185844332651976 0.83665725125034451 -0.28762752990510987 -0.078257923681561578 1.3198622104366666 0.14753984693464758 0.15946600586286308 -0.16333212933078273 -0.13642139156065639 -0.25899881847342315 0.14791499051255777 -0.65679211400739002 -2.0211048612647886 0.065418669082940251 -0.20652935425440999
leaf_weight=894 520025 372 125 1707 462 1227 216 2431 861 474 730 57 991 1290 6073 655 356 615 122523 1640 56583 7350 5463 923 5232 2566 847 1121 15075 4253
leaf_count=894 520025 372 125 1707 462 1227 216 2431 861 474 730 57 991 1290 6073 655 356 615 122523 1640 56583 7350 5463 923 5232 2566 847 1121 15075 4253
internal_value=-0.000106534 -0.00398628 -0.00531674 -0.00347911 0.00888425 -0.00815557 -0.0100726 -0.0110037 0.0167681 0.0213733 0.0119674 -0.0326576 -0.0366338 0.0271283 -0.0146656 -0.00299522 -0.0177828 0.000432099 -4.59923e-06 -0.00145211 0.000285549 -5.04482e-05 -0.004636 -0.0127684 -0.000150505 -0.00637005 -0.0251245 -0.0344337 0.00269127 -0.00174453
internal_weight=763137 19536 18642 17469 4794 12675 11573 11357 3087 2625 1102 1173 1116 2151 8926 1882 7044 971 743601 124163 619438 543527 23502 8354 15148 7798 2891 1968 75911 19328
internal_count=763137 19536 18642 17469 4794 12675 11573 11357 3087 2625 1102 1173 1116 2151 8926 1882 7044 971 743601 124163 619438 543527 23502 8354 15148 7798 2891 1968 75911 19328
cat_boundaries=0 1
cat_threshold=18
is_linear=0
shrinkage=0.06


Tree=246
num_leaves=31
num_cat=3
split_feature=28 111 120 133 133 110 126 126 111 120 127 133 106 110 113 120 119 130 106 110 140 107 130 115 120 115 127 107 91 111
split_gain=85.1305 214.155 328.597 221.17 642.832 309.873 281.468 340.872 566.37 654.591 460.647 371.786 274.53 258.489 256.577 239.162 358.189 264.628 325.752 323.274 306.799 390.1 370.404 367.8 505.956 236.102 229.244 225.919 223.215 312.661
threshold=263.25850694444449 97.500000000000014 1.0000000180025095e-35 0.94909129669788206 0.96407344085605606 16.850000000000005 2073.3250000000003 1090.1250000000002 61.500000000000007 1.5000000000000002 0.54547471745755616 0.99349222267034787 0 8.0500000000000025 332.50000000000006 13.500000000000002 578.50000000000011 -0.70710678118654735 1 19.850000000000005 4.5000000000000009 28.694950000000002 -0.37940952255126059 -1.588449753489164 1.0000000180025095e-35 -0.49824527740164115 13.519894785944876 28.736000000000004 2 45.500000000000007
decision_type=8 2 2 2 2 2 2 2 2 2 2 2 1 2 2 2 2 2 1 2 2 2 2 2 2 2 2 2 1 2
left_child=-1 3 -3 13 5 -5 7 8 9 -6 14 -11 -7 -2 -10 17 28 18 19 -15 -19 23 -23 -22 25 -25 -9 -12 -17 -30
right_child=1 2 -4 4 6 12 -8 26 10 11 27 -13 -14 15 -16 16 -18 20 -20 -21 21 22 -24 24 -26 -27 -28 -29 29 -31
leaf_value=0.0082819689385689801 -0.63882053858078003 2.9207397967135518 -0.51225977060190286 0.58568300297506537 -1.0601166069627743 2.696380626976524 -0.28094317043430223 0.48264767946152859 -0.21114894550918833 0.79678630434610909 0.29112634775032686 -1.199257806353164 -0.091767897673524459 1.2973820090208812 -1.5478510173195694 -0.029123632637086061 -0.58514893713560734 -0.17992447331699224 -0.22296072941388956 -0.15708801787475488 0.2018759326931979 -0.222490997608501 0.68996912223959206 -0.12580334956418596 0.37535182162374664 -0.63871292582816863 -0.69913116972081979 -0.38444392759186113 0.40111421766461375 -0.50191415103203008
leaf_weight=468030 1946 442 7745 6718 3550 3870 5194 7366 13064 2319 33075 1306 934 3529 997 28328 4570 23401 33463 4642 23567 4301 21913 26357 9413 10068 234 4134 1148 7125
leaf_count=468030 1946 442 7745 6718 3550 3870 5194 7366 13064 2319 33075 1306 934 3529 997 28328 4570 23401 33463 4642 23567 4301 21913 26357 9413 10068 234 4134 1148 7125
internal_value=-7.55949e-05 -0.000874389 -0.0104421 -0.000600978 0.00201469 0.0151627 -0.000112016 0.000945705 -0.000608767 -0.0163963 0.0016009 0.00153889 0.0267971 -0.00166333 -0.00765041 -0.00145343 -0.00553337 -0.00040783 -0.00452504 0.0062112 0.00103242 0.00253943 0.00877513 0.000184134 -0.00294771 -0.0061522 0.0128983 0.00509702 -0.00355554 -0.0122187
internal_weight=762749 294719 8187 286532 82761 11522 71239 66045 58445 7175 51270 3625 4804 203771 14061 201825 41171 160654 41634 8171 119020 95619 26214 69405 45838 36425 7600 37209 36601 8273
internal_count=762749 294719 8187 286532 82761 11522 71239 66045 58445 7175 51270 3625 4804 203771 14061 201825 41171 160654 41634 8171 119020 95619 26214 69405 45838 36425 7600 37209 36601 8273
cat_boundaries=0 1 2 3
cat_threshold=33 28 21
is_linear=0
shrinkage=0.06


Tree=247
num_leaves=31
num_cat=12
split_feature=19 126 104 111 115 104 129 104 132 131 104 104 139 104 110 122 126 104 98 118 127 131 104 104 104 112 104 126 104 129
split_gain=80.6739 174.563 269.759 174.067 343.93 300.764 331.004 339.251 303.78 320.032 355.412 295.729 275.888 271.424 259.243 244.454 257.428 214.269 207.397 184.606 314.217 365.956 290.322 250.619 198.495 171.614 193.441 171.555 429.953 248.808
threshold=105.8512152777778 3027.9000000000005 0 62.500000000000007 -2.2655197586434848 1 238.50000000000003 2 -0.42860198635012398 -0.9159756150367534 3 4 42.500000000000007 5 9.6500000000000004 0.35239267536657398 265.02500000000003 6 -0.39727133198297887 1.0000000180025095e-35 0.1587677870014996 -0.37940952255126015 7 8 9 3.1050000000000004 10 67.625000000000014 11 124.50000000000001
decision_type=10 2 1 2 2 1 2 1 2 2 1 1 2 1 2 2 2 1 2 2 2 2 1 1 1 2 1 2 1 2
left_child=1 3 -3 4 17 -6 7 12 13 10 -10 14 15 -8 -5 -7 -17 -1 -11 25 23 24 -23 -21 -22 -13 -27 28 29 -16
right_child=-2 2 -4 11 5 6 8 -9 9 18 -12 19 -14 -15 27 16 -18 -19 -20 20 21 22 -24 -25 -26 26 -28 -29 -30 -31
leaf_value=-0.062137240127542549 -0.015929678147663395 0.014373188007663806 -0.16013172474518028 0.17040339087663822 0.12291895613870985 -0.19416648028547606 0.0023439921465941891 0.0078346553321213715 0.31003154633939894 -0.31618155526715808 -0.11387120523386669 0.057441623172862534 -0.5786618336815792 0.25844418568672961 -0.028792135846242812 -0.067411634959490874 0.39635599171928176 0.30424773242000097 -0.044481256373324951 -0.0054865976564986594 -0.020042817931552291 0.095402314045347006 -0.37669781844626332 -0.51866544989518959 0.56134577210176173 0.053312416643312585 -0.27249794192787136 -0.044197017742497166 -0.040175357937337709 -0.82583049667756292
leaf_weight=873 515958 7328 4985 5326 22386 4372 4617 12676 1798 1648 1597 99734 1371 7253 1455 2438 713 3081 7038 1080 1228 2403 2573 1675 1648 2217 2947 29169 7087 3910
leaf_count=873 515958 7328 4985 5326 22386 4372 4617 12676 1798 1648 1597 99734 1371 7253 1455 2438 713 3081 7038 1080 1228 2403 2573 1675 1648 2217 2947 29169 7087 3910
internal_value=-0.000102913 0.000789695 -0.00617346 0.00115563 0.00361443 0.00261265 -0.000188439 -0.00557971 0.00466683 -0.00203112 0.0135866 6.79581e-05 -0.0145536 0.0114834 -0.00394693 -0.0100558 0.00268401 0.0208142 -0.0081363 0.00170002 -0.00584276 0.000275054 -0.00957203 -0.0232729 0.0173097 0.00246294 -0.00820136 -0.00554274 -0.0114382 -0.0242299
internal_weight=762584 246626 12313 234313 71861 67907 45521 21570 23951 12081 3395 162452 8894 11870 46947 7523 3151 3954 8686 115505 10607 7852 4976 2755 2876 104898 5164 41621 12452 5365
internal_count=762584 246626 12313 234313 71861 67907 45521 21570 23951 12081 3395 162452 8894 11870 46947 7523 3151 3954 8686 115505 10607 7852 4976 2755 2876 104898 5164 41621 12452 5365
cat_boundaries=0 3 6 8 10 12 14 16 19 21 23 26 28
cat_threshold=1913711352 2424038546 1 3094813064 2911380096 1 1090535490 296026 49218 273712216 673401024 537296 41975808 1382482240 2744389508 52040131 3347099706 4703496 1 315916561 1772112164 1124610618 423986216 1350598679 35849513 1 136382464 8704
is_linear=0
shrinkage=0.06


Tree=248
num_leaves=31
num_cat=10
split_feature=111 104 88 129 140 104 54 4 60 72 104 115 132 98 115 58 140 104 115 104 126 104 104 127 111 104 104 132 104 54
split_gain=89.3434 269.456 90.2852 200.103 132.134 150.53 104.636 103.512 101.389 97.0786 213.283 176.75 159.083 190.088 144.124 129.038 199.583 153.031 151.599 400.255 247.352 287.507 189.828 173.51 152.308 149.212 141.494 139.991 137.796 137.56
threshold=29.500000000000004 0 0.081178649966658648 211.50000000000003 2.5000000000000004 1 8.2392069298910595 22.504129652351743 25.643532331743867 3.2750000000000004 2 1.5570062083615002 -0.38142733947913604 -0.38142733947913604 -2.4976494867505878 15.300000000000002 57.000000000000007 3 1.8859116222410479 4 1346.6000000000001 5 6 3.5198450154786527 81.500000000000014 7 8 0.51572537064332258 9 1.4601775949516609
decision_type=2 1 8 2 2 1 10 10 2 2 1 2 2 2 2 2 2 1 2 1 2 1 1 2 2 1 1 2 1 10
left_child=1 -1 3 6 -5 7 -2 -6 -7 15 -11 12 -12 -14 -15 16 17 -4 -17 -20 22 -22 24 -23 -21 -26 -25 -24 -18 -19
right_child=2 -3 9 4 5 8 -8 -9 -10 10 11 -13 13 14 -16 18 28 29 19 20 21 23 27 26 25 -27 -28 -29 -30 -31
leaf_value=-0.44885658142019791 0.023562824486482583 0.099119280690971284 0.026377753022904783 -0.09367026960289053 -0.33433332223968276 0.49838029549158647 -0.20003141527627577 0.094333489021362876 0.070292655375741905 0.039371342421007892 0.010019203086253583 0.24380008807400713 -0.53776670413267791 0.10439974595033902 -0.19824541368077972 0.00043900155025909269 0.11449958128539151 0.48761603416788774 0.20689745482902153 -0.35823155943700197 -0.56441484721978896 0.37599845140370064 -0.62360619067615797 -0.67263963119227221 1.3787700924881301 -0.14247863015843201 0.26144037895981281 -1.3016574107875509 -0.28010976980936531 0.078064837806421816
leaf_weight=2679 7054 2825 9804 3440 1660 13675 6602 5278 4744 21888 7568 2062 1800 1702 17701 618271 2109 5467 4536 2052 1015 2041 4097 461 467 857 582 1058 2871 6346
leaf_count=2679 7054 2825 9804 3440 1660 13675 6602 5278 4744 21888 7568 2062 1800 1702 17701 618271 2109 5467 4536 2052 1015 2041 4097 461 467 857 582 1058 2871 6346
internal_value=-5.69546e-05 -0.00767302 -1.58477e-06 0.00268667 0.0055233 0.00702027 -0.00329501 -0.00051806 0.00985458 -0.000161258 -0.00263913 -0.00585333 -0.00707146 -0.00973684 -0.00800557 3.60706e-05 0.00413039 0.00662503 -0.000135308 -0.00569698 -0.0111827 0.000921951 -0.0170113 0.010042 -0.00588131 0.00996226 -0.00982759 -0.0242393 -0.00669745 0.0112196
internal_weight=762712 5504 757208 42453 28797 25357 13656 6938 18419 714755 52721 30833 28771 21203 19403 662034 26597 21617 635437 17166 12630 4099 8531 3084 3376 1324 1043 5155 4980 11813
internal_count=762712 5504 757208 42453 28797 25357 13656 6938 18419 714755 52721 30833 28771 21203 19403 662034 26597 21617 635437 17166 12630 4099 8531 3084 3376 1324 1043 5155 4980 11813
cat_boundaries=0 2 4 7 9 11 13 15 17 20 22
cat_threshold=1468830517 2836143401 549601347 9216724 352585919 193881386 1 662741684 1538879590 923041798 423638344 1207976000 34504724 1217413721 2181857302 16448 819216 11741713 75498016 1 136092693 792619426
is_linear=0
shrinkage=0.06


Tree=249
num_leaves=31
num_cat=10
split_feature=113 104 120 120 5 119 104 122 104 67 131 132 104 128 133 104 109 104 104 110 139 104 139 104 110 84 104 128 131 126
split_gain=88.6557 173.924 174.461 198.375 165.589 177.29 189.456 176.257 153.89 130.195 118.258 111.469 188.918 106.552 106.11 104.565 99.0575 95.6271 91.5641 91.2272 88.7339 865.948 309.121 353.587 270.936 251.472 183.04 158.589 133.291 217.465
threshold=18.500000000000004 0 95.500000000000014 8.5000000000000018 1.1735000000000002 164.50000000000003 1 0.12908475948795017 2 215.50000000000003 0.91597561503675351 0.14569472580964501 3 0.0072577853006696178 0.94636490295939868 4 57.500000000000007 5 6 29.150000000000002 59.500000000000007 7 58.500000000000007 8 17.850000000000005 2.1935416666666669 9 0.0011075253783375818 0.25881904510252057 37.550000000000004
decision_type=2 1 2 2 10 2 1 2 1 2 2 2 1 2 2 1 2 1 1 2 2 1 2 1 2 10 1 2 2 2
left_child=1 2 3 14 5 10 19 -8 -4 -5 15 12 -12 -6 16 -3 -1 -13 -18 -7 22 25 -2 -24 -25 28 -23 -28 -22 -30
right_child=20 4 8 9 13 6 7 -9 -10 -11 11 17 -14 -15 -16 -17 18 -19 -20 -21 21 26 23 24 -26 -27 27 -29 29 -31
leaf_value=-0.51852172720766176 0.001543538562218032 0.083719145791511088 -0.68206594262325693 0.091274404122748995 -0.60175244810460382 0.14259992866305524 -0.9951440575826902 1.5850605711221304 1.5617812749441782 -0.89430215802824442 -0.31837927766639806 0.49285212498263575 2.1597724805166774 -0.15176674806474466 0.44036730317694461 -0.34074662029106106 0.4715222828842412 -0.85430394281806243 -0.23395068377801465 -0.49147892756292066 -0.28350571476996206 1.7990690794077726 1.2089767122921673 -0.57240218327803916 0.68585886693816855 -0.035907535736617716 1.7979246679850129 0.062357596863707267 0.19464363501587911 -1.1396306547051751
leaf_weight=1609 700309 2709 229 301 927 958 106 1228 301 1814 555 358 836 1775 724 3782 350 364 397 114 4439 594 2024 1582 1265 3241 552 24959 593 3466
leaf_count=1609 700309 2709 229 301 927 958 106 1228 301 1814 555 358 836 1775 724 3782 350 364 397 114 4439 594 2024 1582 1265 3241 552 24959 593 3466
internal_value=-8.36501e-05 -0.00408375 -0.0128556 -0.016224 -0.000410989 0.00285533 0.0172497 0.0322082 0.019887 -0.0303686 -0.00117141 0.0111542 0.0210776 -0.0137181 -0.00650438 -0.00518484 -0.0126771 -0.0079668 0.00537433 -0.00166205 2.09953e-05 -0.00280935 0.000172892 0.015234 0.00153254 -0.0163353 0.00327845 0.00250372 -0.021772 -0.0296305
internal_weight=762461 19437 5725 5195 13712 11010 2406 1334 530 2115 8604 2113 1391 2702 3080 6491 2356 722 747 1072 743024 37844 705180 4871 2847 11739 26105 25511 8498 4059
internal_count=762461 19437 5725 5195 13712 11010 2406 1334 530 2115 8604 2113 1391 2702 3080 6491 2356 722 747 1072 743024 37844 705180 4871 2847 11739 26105 25511 8498 4059
cat_boundaries=0 3 5 7 9 11 13 15 17 20 22
cat_threshold=2155029642 2181563208 1 1610629696 494398608 139402 34078792 1904476464 1348755589 1610629488 1227321488 277119777 348143749 2155020288 2147484416 8929494 373472280 1703692367 2581628982 1 0 64
is_linear=0
shrinkage=0.06


Tree=250
num_leaves=31
num_cat=7
split_feature=19 104 129 104 129 114 104 19 139 54 140 1 24 132 104 126 102 129 131 98 103 104 121 127 103 104 129 104 137 133
split_gain=82.8261 291.913 129.765 128.74 115.454 111.622 103.081 101.466 224.657 295.222 192.51 197.587 189.33 260.594 240.142 188.347 196.292 182.723 173.879 173.084 170.675 147.783 226.645 184.327 170.26 228.568 218.835 199.252 142.719 142.571
threshold=33.111944444444454 0 18.500000000000004 1 118.50000000000001 0.75335822858660961 2 99.865972222222226 53.500000000000007 34.914581360368466 4.5000000000000009 58.275000000000006 26.234895833333344 -0.96875021044074028 3 87.375000000000014 42.500000000000007 25.500000000000004 1.0000000180025095e-35 -0.98024766238342442 0.31573828964358458 4 993.6500000000002 58.877899502100064 0.0057829484964584546 5 154.50000000000003 6 0.0080707547752903383 0.86439018870140905
decision_type=8 1 2 1 2 2 1 10 2 10 2 8 10 2 1 2 2 2 2 2 2 1 2 2 2 1 2 1 2 2
left_child=1 2 -1 5 6 -3 -4 8 10 -10 11 -2 20 17 -15 29 18 -14 -17 -9 21 22 -12 -24 28 -26 -27 -28 -23 -13
right_child=7 3 4 -5 -6 -7 -8 19 9 -11 12 15 13 14 -16 16 -18 -19 -20 -21 -22 24 23 -25 25 26 27 -29 -30 -31
leaf_value=-0.027158364380387174 -0.086687113535341559 -0.12940392034417533 -0.68402836928464461 -0.029557558751255184 0.12100824568995093 0.21551119257508511 -0.13014579027913428 -0.97272418216330703 0.060489315557133945 1.2722085076903507 -0.042842332639973363 0.046970308684280648 -0.62719200572306033 0.22800238913121632 -0.12729436286126358 0.070298600218777235 -0.10758078276420263 -0.1721404834478914 0.20548243961117121 -0.01252175674048317 0.22732278517101248 0.0087766479457138755 0.17765222974162612 -0.53590109022877352 -0.016431831457914114 0.065595188266127868 0.90480795224837351 0.27919599414332591 -0.21768446277230843 -0.35398840733169068
leaf_weight=1236 3196 661 1233 6175 276 1740 962 742 3230 1324 48933 7974 1153 7140 15934 15360 1663 4114 9179 539371 5787 47828 5510 158 10576 11257 2150 3873 1634 2032
leaf_count=1236 3196 661 1233 6175 276 1740 962 742 3230 1324 48933 7974 1153 7140 15934 15360 1663 4114 9179 539371 5787 47828 5510 158 10576 11257 2150 3873 1634 2032
internal_value=-0.000100026 -0.00498697 -0.0190264 0.00110399 -0.0270146 0.0128607 -0.031612 -1.99968e-05 0.00109911 0.0142788 0.000806904 0.00457708 -8.78059e-05 -0.00455367 -0.00180455 0.00583943 0.00851353 -0.0165945 0.00986553 -0.000455126 0.00083133 0.000388872 -0.00200066 0.00935615 0.00207632 0.00582834 0.0100769 0.0193127 -3.63908e-05 -0.00116319
internal_weight=762401 12283 3707 8576 2471 2401 2195 750118 210005 4554 205451 39404 166047 28341 23074 36208 26202 5267 24539 540113 137706 131919 54601 5668 77318 27856 17280 6023 49462 10006
internal_count=762401 12283 3707 8576 2471 2401 2195 750118 210005 4554 205451 39404 166047 28341 23074 36208 26202 5267 24539 540113 137706 131919 54601 5668 77318 27856 17280 6023 49462 10006
cat_boundaries=0 2 4 6 9 11 13 15
cat_threshold=546312324 1149243840 1483276352 37227026 536870912 8388928 2568753317 228219366 1 3358671079 273062418 264192 1093166440 92943104 2282750081
is_linear=0
shrinkage=0.06


Tree=251
num_leaves=31
num_cat=10
split_feature=121 104 133 133 120 3 111 104 111 104 120 120 104 132 132 104 112 113 137 104 110 110 128 104 120 104 104 111 104 115
split_gain=93.8255 277.855 294.203 503.074 250.472 230.242 229.4 217.483 239.601 486.508 282.134 253.538 333.614 289.354 478 419.928 335.35 299.829 277.67 271.626 268.483 256.544 245.867 426.451 326.252 250.95 242.874 236.09 222.347 206.993
threshold=991.25000000000011 0 0.96177147954086928 0.98174098242282837 13.500000000000002 16.350650000000005 71.500000000000014 1 93.500000000000014 2 1.0000000180025095e-35 86.500000000000014 3 -0.13291928626387098 -0.2343252264153072 4 1.425 293.50000000000006 0.042730530857558173 5 20.450000000000003 8.4500000000000011 0.0048850822219122523 6 54.500000000000007 7 8 44.500000000000007 9 -1.9516307964286037
decision_type=2 1 2 2 2 8 2 1 2 1 2 2 1 2 2 1 2 2 2 1 2 2 2 1 2 1 1 2 1 2
left_child=7 2 6 4 -4 -6 -2 -1 11 -10 29 13 -13 14 21 -16 19 -17 27 -15 -20 -9 26 24 -24 -25 -23 -14 -18 -11
right_child=1 -3 3 -5 5 -7 -8 8 9 10 -12 12 18 16 15 17 28 -19 20 -21 -22 22 23 25 -26 -27 -28 -29 -30 -31
leaf_value=-0.047566442985234117 0.059467136190886831 -0.013321276530120513 -0.31725277804345209 0.08025875663019974 -1.1150310712483043 0.19276194948172701 0.36438924856026006 -1.4415133808434364 -0.10785813894615955 -1.0791233389333954 0.16353531086294368 -0.10912560375254543 -0.56264854589090896 0.098240478007947302 -0.67308998254370234 0.30297692385360447 0.010749494489999449 1.6374239118336296 -0.31431786662188071 -0.54506778170746828 0.75107358041103678 0.03877565383428816 0.41064850396899616 -0.42463623993228566 -0.65799358671895614 0.02187205358714692 -0.075245116853120173 0.14715294635440102 -0.16067678489320592 0.84089880595637845
leaf_weight=151778 36984 213002 6002 25803 1513 2843 33063 535 10583 172 14595 8661 409 1448 910 3206 28231 3618 607 4205 5280 33886 24368 5349 1061 36902 68912 11643 22832 3627
leaf_count=151778 36984 213002 6002 25803 1513 2843 33063 535 10583 172 14595 8661 409 1448 910 3206 28231 3618 607 4205 5280 33886 24368 5349 1061 36902 68912 11643 22832 3627
internal_value=-2.92902e-05 0.000754861 0.00326156 -0.00113323 -0.0123023 -0.00134955 0.00553078 -0.000594554 0.000365709 0.00554283 0.011436 -0.000206743 0.00534566 -0.000834013 0.000350773 0.0149399 -0.00456794 0.0200322 0.0100111 -0.018433 0.0206963 -0.000309098 -0.00017879 0.00262939 0.00876651 -0.00106621 -0.00202765 0.00479881 -0.00303266 0.0260053
internal_weight=762028 319210 106208 36161 10358 4356 70047 442818 291040 28977 18394 262063 26600 235463 178747 7734 56716 6824 17939 5653 5887 171013 170478 67680 25429 42251 102798 12052 51063 3799
internal_count=762028 319210 106208 36161 10358 4356 70047 442818 291040 28977 18394 262063 26600 235463 178747 7734 56716 6824 17939 5653 5887 171013 170478 67680 25429 42251 102798 12052 51063 3799
cat_boundaries=0 2 4 7 10 12 15 18 20 22 24
cat_threshold=2300053705 2309949336 2869430338 2615708728 67118905 1141965057 1 1342194576 538329089 1 16384 73792 67126272 1450048 1 276833084 1069063 1 32768 262208 1078370328 1610883137 338936961 1270720
is_linear=0
shrinkage=0.06


Tree=252
num_leaves=31
num_cat=9
split_feature=0 140 104 24 112 104 35 130 137 104 115 129 104 104 114 85 140 72 104 114 99 104 104 132 132 3 140 86 109 104
split_gain=92.2 290.952 178.687 134.829 109.358 405.268 232.441 183.514 271.746 229.168 279.405 227.899 276.773 187.373 179.972 169.822 176.718 134.875 224.849 233.002 170.245 132.899 132.369 124.252 206.24 121.109 128.821 353.247 407.947 301.382
threshold=300.61250000000007 1.5000000000000002 0 157.05729166666671 3.0750000000000006 1 116.31000000000002 -0.5 0.0057829484964584546 2 -2.1726160533015824 18.500000000000004 3 4 2.1933302841801918 14.750000000000002 4.5000000000000009 3.2250000000000005 5 1.9448818666854149 0.89309379682046119 6 7 0.62837760187664593 0.61490419508004501 177.02500000000003 15.000000000000002 602.50000000000011 32.500000000000007 8
decision_type=2 2 1 10 2 1 10 2 2 1 2 2 1 1 2 8 2 2 1 2 2 1 1 2 2 10 2 8 2 1
left_child=4 3 -3 -2 17 6 -6 11 15 -10 14 12 -7 -13 -11 16 21 25 19 -19 -21 -9 -16 24 -8 26 27 28 -1 -30
right_child=1 2 -4 -5 5 7 23 8 9 10 -12 13 -14 -15 22 -17 -18 18 -20 20 -22 -23 -24 -25 -26 -27 -28 -29 29 -31
leaf_value=-0.27682696125317774 0.30486067780526466 -0.063402333704244987 -0.40627525070733467 3.1207328265967669 -0.1792692128737336 -0.54470329283717511 0.16973185566886542 -0.01497607797233968 -0.13751382378151561 1.0150651500820231 1.426236729439837 0.038898034291878929 0.1438039502237953 0.43233477421372157 0.30674938166654925 -0.11436310846657591 -0.027716794358048844 -0.066529616926044075 0.01779194149703045 -0.10922106290456611 -0.4555587736846789 0.24048172430657927 -0.47542860665249292 0.31769583407387164 -0.24252833873786328 0.10368543714523185 0.015295105075383049 0.10344622094412144 -0.10160405445398993 0.022752249681330168
leaf_weight=34808 2425 35728 17331 1039 807 873 26358 1816 1086 589 1472 3676 1242 3891 342 26543 21387 15181 27352 4087 5009 2521 377 996 790 19415 330754 29896 55020 89825
leaf_count=34808 2425 35728 17331 1039 807 873 26358 1816 1086 589 1472 3676 1242 3891 342 26543 21387 15181 27352 4087 5009 2521 377 996 790 19415 330754 29896 55020 89825
internal_value=-0.000106525 -0.00243826 -0.00353826 0.0144069 8.01287e-05 0.00197664 0.00789103 -0.000626196 -0.00194214 0.0134057 0.0224866 0.00700196 -0.0104064 0.0118684 0.0023835 -0.0030776 0.000396501 -0.000213855 -0.00314817 -0.00734931 -0.0149456 0.0114385 -0.01775 0.00880441 0.00804008 5.68142e-05 -0.000110493 -0.00127445 -0.00227938 -0.00087776
internal_weight=762636 56523 53059 3464 706113 94766 28951 65815 56133 3866 2780 9682 2115 7567 1308 52267 25724 611347 51629 24277 9096 4337 719 28144 27148 559718 540303 209549 179653 144845
internal_count=762636 56523 53059 3464 706113 94766 28951 65815 56133 3866 2780 9682 2115 7567 1308 52267 25724 611347 51629 24277 9096 4337 719 28144 27148 559718 540303 209549 179653 144845
cat_boundaries=0 2 4 6 8 11 13 15 18 20
cat_threshold=2370674324 1063260642 2687571344 141255 1124368386 34390024 210412032 3606579200 1170393160 432570416 1 3774043850 4030760662 420216868 1335957536 138562112 809502736 1 2366119452 3986823203
is_linear=0
shrinkage=0.06


Tree=253
num_leaves=31
num_cat=8
split_feature=21 104 24 122 104 110 114 104 19 104 21 98 110 114 104 139 122 122 104 129 127 139 110 114 137 104 104 109 114 58
split_gain=82.4525 146.476 103.403 94.6535 80.8595 94.2288 80.603 78.0481 77.9436 267.586 139.577 200.915 246.85 183.922 164.843 187.287 157.268 184.193 306.755 222.352 139.195 228.108 219.929 189.025 154.415 153.373 142.164 138.667 135.1 134.681
threshold=752.87500000000011 0 -187.63663194444445 0.18114238421560766 1 25.850000000000005 0.75335822858660961 2 33.111944444444454 3 113.21666666666668 -0.99151311298488254 25.850000000000005 1.7098991885463912 4 25.500000000000004 0.051766431848503408 0.60950480538920992 5 79.500000000000014 21.72595923397094 28.500000000000004 14.250000000000002 1.7552359827386967 0.0015243686735370938 6 7 92.500000000000014 2.6718466221738599 660.87500000000011
decision_type=10 1 8 2 1 2 2 1 8 1 10 2 2 2 1 2 2 2 1 2 2 2 2 2 2 1 1 2 2 2
left_child=2 -2 -1 7 -5 -6 -7 -3 9 -4 14 12 13 -12 15 16 -10 -18 19 -19 21 25 23 -22 -24 -16 27 -26 -14 -23
right_child=1 3 8 4 5 6 -8 -9 10 -11 11 -13 28 -15 20 -17 17 18 -20 -21 22 29 24 -25 26 -27 -28 -29 -30 -31
leaf_value=0.66460370993651074 -1.5269175460064708 -0.034458852755483771 -0.14888008520400334 -0.53264322433228017 0.26339335377801915 -0.99490904821015191 0.34425311834039746 0.79771410512624463 -0.25864279917689215 0.031408619508797808 -0.44435087718927374 -0.0067475016667842167 0.17107802809808076 0.26857673296610857 0.19782472099841825 0.67817755356691489 0.0036114410264363526 -0.09783452684957368 -0.024800422976833544 -0.99263408146939802 -0.11902837222091704 0.0075687187746638074 0.17647610149261253 -0.51248526574078679 0.032588676217688996 0.024341788789165975 0.57328593943627248 -0.20960618810474044 -0.53936082200558277 0.32752105549631833
leaf_weight=3152 786 906 5571 4675 2938 383 179 678 822 6693 3162 622087 1984 411 8497 1700 16980 845 3448 1190 1707 1698 3067 1050 1506 58341 702 2145 358 4719
leaf_count=3152 786 906 5571 4675 2938 383 179 678 822 6693 3162 622087 1984 411 8497 1700 16980 845 3448 1190 1707 1698 3067 1050 1506 58341 702 2145 358 4719
internal_value=-0.000107978 -0.00537645 -3.40766e-05 -0.00334698 -0.00595157 0.000956992 -0.0215275 0.0100694 -7.97399e-05 -0.00482348 -7.33277e-07 -0.000343947 -0.0113489 -0.0212703 0.00198731 -0.00228757 -0.00369235 -0.0027484 -0.0123085 -0.0307038 0.00326738 0.00418123 -0.00330713 -0.0177737 0.0020698 0.00314367 -0.00519522 -0.00994539 0.00379001 0.014986
internal_weight=762380 10545 751835 9759 8175 3500 562 1584 748683 12264 736419 628002 5915 3573 108417 24985 23285 22463 5483 2035 83432 73255 10177 2757 7420 66838 4353 3651 2342 6417
internal_count=762380 10545 751835 9759 8175 3500 562 1584 748683 12264 736419 628002 5915 3573 108417 24985 23285 22463 5483 2035 83432 73255 10177 2757 7420 66838 4353 3651 2342 6417
cat_boundaries=0 2 4 7 10 12 14 16 18
cat_threshold=33554440 696778752 2707629200 2215002724 2562720257 2181496834 1 596645764 1149244900 1 2826118788 2948 2162692 768 76054544 51249216 1073791042 272933912
is_linear=0
shrinkage=0.06


Tree=254
num_leaves=31
num_cat=10
split_feature=134 127 104 98 132 112 126 127 54 104 111 113 132 104 113 102 104 101 127 104 104 98 98 98 114 104 104 104 104 121
split_gain=84.9082 245.234 560.396 416.601 414.436 484.582 559.392 363.956 318.748 317.278 300.951 445.497 398.466 609.068 324.744 306.068 377.137 302.546 277.962 412.033 268.33 267.686 266.797 362.001 511.563 263.979 247.271 235.285 234.669 227.437
threshold=1.0000000180025095e-35 6.8017936114223074 0 -0.88965196910377931 -0.78789334285648371 4.245000000000001 166.62500000000003 75.112654610106716 24.100720283970933 1 87.500000000000014 114.50000000000001 0.51572537064332258 2 328.50000000000006 19.500000000000004 3 0.93301270189221952 1.3231830843984487 4 5 0.60124882823926262 0.40907743338811486 0.042991213741508195 2.0928834443984088 6 7 8 9 991.35000000000002
decision_type=2 2 1 2 2 2 2 2 10 1 2 2 2 1 2 2 1 2 2 1 1 2 2 2 2 1 1 1 1 2
left_child=-1 10 8 -4 5 6 9 29 -3 -5 12 -12 20 -14 15 18 -17 -16 25 -20 -2 -15 23 -22 26 -13 -25 -24 -8 -6
right_child=1 2 3 4 7 -7 28 -9 -10 -11 11 14 13 21 17 16 -18 -19 19 -21 22 -23 27 24 -26 -27 -28 -29 -30 -31
leaf_value=-0.0099150325983464425 0.070191068996022565 0.024760139100988 -0.17752128825281979 1.0989722647383433 0.11046414176027837 -0.86074228708478673 0.65288035274773504 -0.28299638773013724 -0.23284226541998065 -0.30233269959969616 -0.35945112956954517 -0.15013250101527717 -0.61666001145977445 -0.18923041745348521 0.28157136738484295 0.21467476722679918 -0.64600142630319879 -3.6172025687797875 0.046014408701043119 0.74347228499597462 -0.023947156829725171 0.15839471051845713 -0.19640128474607935 -0.11447072979138098 0.010214654902112841 0.32658026351449476 -0.4418512798246545 0.74590730963062868 3.0017251357863128 0.6527453726590966
leaf_weight=543129 22702 22559 4740 2422 21013 438 1101 5307 9979 2173 5695 5517 3582 2820 598 1947 2024 713 4711 8469 45576 2036 931 3856 6997 7425 6088 2107 3514 12739
leaf_count=543129 22702 22559 4740 2422 21013 438 1101 5307 9979 2173 5695 5517 3582 2820 598 1947 2024 713 4711 8469 45576 2036 931 3856 6997 7425 6088 2107 3514 12739
internal_value=-1.52574e-05 0.000979798 0.00347987 0.00725841 0.00891229 0.0200477 0.0229812 0.00616129 -0.00272819 0.00815927 -0.000626929 0.00396712 -0.00238955 -0.0148454 0.00676708 0.00804081 -0.00747734 -0.0224543 0.0104 0.0165329 -0.00119853 -0.000961578 -0.00314523 -0.00398957 -0.011478 0.0041536 -0.0202232 0.0142152 0.037734 0.00845791
internal_weight=762908 219779 85985 53447 48707 9648 9210 39059 32538 4595 133794 37099 96695 8438 31404 30093 3971 1311 26122 13180 88257 4856 65555 62517 16941 12942 9944 3038 4615 33752
internal_count=762908 219779 85985 53447 48707 9648 9210 39059 32538 4595 133794 37099 96695 8438 31404 30093 3971 1311 26122 13180 88257 4856 65555 62517 16941 12942 9944 3038 4615 33752
cat_boundaries=0 2 4 7 10 12 14 17 20 22 24
cat_threshold=571261379 1951310873 97662520 1134630 491555517 1837112163 1 1921130727 1003158584 1 1661222994 457485532 67682386 315368460 1055335481 1110516546 1 1612915209 67357200 1 1644307592 3326032 1143015424 42009152
is_linear=0
shrinkage=0.06


Tree=255
num_leaves=31
num_cat=8
split_feature=61 130 104 35 19 104 133 132 132 130 104 126 127 133 104 130 133 130 104 126 132 130 104 127 140 133 133 104 104 133
split_gain=80.332 152.197 147.16 116.232 157.607 185.189 187.208 164.496 240.381 320.377 223.768 193.558 216.731 162.894 343.713 244.492 216.17 202.945 170.95 156.993 196.851 164.734 204.11 156.984 156.023 303.343 232.071 148.896 148.822 261.368
threshold=4.7707058104574918 -0.98296291314453399 0 317.84500000000008 196.79684027777782 1 0.96407344085605606 -0.76624641395159687 -0.73208386245364632 0.25881904510252091 2 116.52500000000002 58.877899502100064 0.99958851518450398 3 -1.0000000180025095e-35 0.99932962452255414 -0.5 4 81.475000000000009 -0.77718486915728335 0.25881904510252091 5 3.0000202790602937 2.5000000000000004 0.93158198870884079 0.96407344085605606 6 7 0.94909129669788206
decision_type=2 2 1 10 10 1 2 2 2 2 1 2 2 2 1 2 2 2 1 2 2 2 1 2 2 2 2 1 1 2
left_child=1 2 -1 24 27 6 -6 19 9 11 -11 -9 -13 16 -15 -16 28 -18 -17 -7 21 -21 23 -23 25 -2 -27 -5 -10 -30
right_child=3 -3 -4 4 5 7 -8 8 13 10 -12 12 -14 14 15 18 17 -19 -20 20 -22 22 -24 -25 -26 26 -28 -29 29 -31
leaf_value=0.00075639483781742456 0.2596287428705068 0.011452747209922407 -0.37961374389141955 -0.035779555344764728 -0.07595690881652388 0.27157340688775888 -0.40538990676030151 -0.94270098295632232 0.1556045941817075 -0.057725414338894436 2.7006765385455207 1.4913639207445564 -0.16019448063732311 0.72982771198780594 0.61444909548811322 -0.14967096414047829 0.34001119608417607 -0.7198012983741171 -2.2556533125185019 -0.50720211929855674 -2.3234216341813041 -1.0101905635497497 -0.7924821044242264 0.99804057477493702 -0.073472657724486509 -0.56612597919644791 0.0082172325861068884 0.10044759817866861 -0.22665734477829744 0.089767984799907483
leaf_weight=1982 11691 348947 1878 40128 16111 3225 8564 897 28679 874 2244 820 1776 4112 1954 1262 382 1382 875 4193 1160 443 1179 1985 129311 2116 4904 77642 34190 27743
leaf_count=1982 11691 348947 1878 40128 16111 3225 8564 897 28679 874 2244 820 1776 4112 1954 1262 382 1382 875 4193 1160 443 1179 1985 129311 2116 4904 77642 34190 27743
internal_value=-9.85773e-05 0.000565123 -0.0112821 -0.000669915 8.98324e-05 -0.00124123 -0.00597181 -0.000262845 0.000488101 0.0115699 0.0255466 -0.000910132 0.00739315 -0.000240406 0.00786202 -0.00446124 -0.000959979 -0.0217564 -0.0184939 -0.00686854 -0.0109541 -0.00752211 0.00187916 0.0118081 -0.00201374 0.0031071 -0.00675118 0.00171791 -0.000554887 -0.00220941
internal_weight=762649 352807 3860 409842 261820 144050 24675 119375 107190 6611 3118 3493 2596 100579 8203 4091 92376 1764 2137 12185 8960 7800 3607 2428 148022 18711 7020 117770 90612 61933
internal_count=762649 352807 3860 409842 261820 144050 24675 119375 107190 6611 3118 3493 2596 100579 8203 4091 92376 1764 2137 12185 8960 7800 3607 2428 148022 18711 7020 117770 90612 61933
cat_boundaries=0 3 6 8 10 12 14 16 18
cat_threshold=1779198178 4217824344 1 1109615210 1355056668 1 20975616 2871132162 13635968 603986403 2567703556 34078720 348913941 67115299 1636720706 1006167064 553945088 2871681088
is_linear=0
shrinkage=0.06


Tree=256
num_leaves=31
num_cat=13
split_feature=110 104 130 104 104 129 127 104 115 104 113 113 104 104 109 110 104 113 104 129 129 132 111 104 104 123 129 115 104 104
split_gain=78.4082 437.007 179.431 110.712 108.247 102.348 93.1684 138.29 129.654 111.331 96.5122 96.4766 83.4046 81.9947 119.885 81.6428 602.62 161.997 271.265 206.705 240.523 364.957 348.739 328.902 269.825 239.579 215.673 231.397 210.676 184.116
threshold=30.050000000000004 0 0.25881904510252091 1 2 115.50000000000001 2.893378335463352 3 -2.3832053297776628 4 319.50000000000006 338.50000000000006 5 6 1882.5000000000002 24.650000000000002 7 328.50000000000006 8 63.500000000000007 193.50000000000003 -0.8283650867723894 47.500000000000007 9 10 0.025508833657200688 31.500000000000004 1.356335740385908 11 12
decision_type=2 1 2 1 1 2 2 1 2 1 2 2 1 1 2 2 1 2 1 2 2 2 2 1 1 2 2 2 1 1
left_child=15 2 6 -3 -4 12 9 8 -8 -2 13 -10 -5 -9 -15 -1 -17 19 -19 26 21 22 24 -22 -21 -26 27 -18 -29 -28
right_child=1 3 4 5 -6 -7 7 10 11 -11 -12 -13 -14 14 -16 16 17 18 -20 20 23 -23 -24 -25 25 -27 29 28 -30 -31
leaf_value=0.0014390364988845761 0.15535542997719262 0.41980015828486145 -0.10257627531105171 0.44408110229615516 -0.73183058161895098 0.00024192493306273376 -0.27132366009597358 0.068527545608697837 0.38840337181969059 -0.25667761358216751 0.091978743053816245 -0.24525509880006538 0.12485905438321467 -0.41550173413065822 5.4142161856564348 0.11857232672557642 -0.092399047050634661 -0.21299310603823868 0.085601619496306389 -0.26159656143578047 -0.39266981204255896 -0.8558959995538411 -0.25745543308396707 -0.02598164002706518 -0.24930491556013351 0.52444189017035425 0.4233526111182393 -0.25201863538708025 0.53296694348751528 0.047723390174685104
leaf_weight=661294 396 1453 237 1136 447 1666 146 406 866 1007 772 132 1309 640 53 21403 9655 2141 7533 2037 7263 2396 6894 22526 623 1929 1398 480 1332 3719
leaf_count=661294 396 1453 237 1136 447 1666 146 406 866 1007 772 132 1309 640 53 21403 9655 2141 7533 2037 7263 2396 6894 22526 623 1929 1398 480 1332 3719
internal_value=-0.000101953 0.00500609 -0.00767456 0.016617 -0.0362628 0.0115138 -0.00325866 0.00268568 0.019013 -0.0160256 -0.00736451 0.0269069 0.019354 -0.0188182 -0.031108 -0.00017435 -0.00185591 -0.0045521 0.00265426 -0.00570992 -0.00787561 -0.0143991 -0.00995298 -0.00483585 0.00286275 0.0158252 -7.23545e-06 -0.00457796 0.015091 0.0102345
internal_weight=763289 10666 5102 5564 684 4111 4418 3015 1144 1403 1871 998 2445 1099 693 752623 91329 69926 9674 60252 43668 13879 11483 29789 4589 2552 16584 11467 1812 5117
internal_count=763289 10666 5102 5564 684 4111 4418 3015 1144 1403 1871 998 2445 1099 693 752623 91329 69926 9674 60252 43668 13879 11483 29789 4589 2552 16584 11467 1812 5117
cat_boundaries=0 3 5 7 10 12 14 16 18 20 23 25 27 29
cat_threshold=2939764233 2725661346 1 8568932 80 604506113 40110080 68167681 544213026 1 2281709568 2506882 268435728 1493704709 554172416 2147876864 547590272 25286 285212707 134939944 335544321 187467776 1 3395051596 2720367888 1108362848 2064400 2148534040 2688028673
is_linear=0
shrinkage=0.06


Tree=257
num_leaves=31
num_cat=1
split_feature=8 127 110 124 0 112 59 140 58 115 16 109 111 127 110 134 114 132 28 129 113 115 110 25 140 67 129 89 140 132
split_gain=92.5774 119.81 121.321 126.02 112.533 105.056 215.955 202.614 224.303 268.034 215.079 211.664 188.533 176.668 170.252 162.838 173.37 158.01 153.476 163.582 150.934 149.312 225.034 205.805 144.852 139.787 139.04 137.92 136.253 219.338
threshold=266.48750000000007 0.027229624622079215 25.050000000000004 0.7433333333333334 167.67083333333338 3.0750000000000006 583.41500000000008 7.5000000000000009 224.24000000000004 1.4834269745646169 194.52750000000003 457.50000000000006 36.500000000000007 66.286753804372026 21.250000000000004 1.0000000180025095e-35 -1.2031441247424079 0.6547626423706755 116.25595433910688 2.5000000000000004 291.50000000000006 1.8859116222410479 28.250000000000004 0.83791288566243205 4.5000000000000009 166.50000000000003 9.5000000000000018 0 39.000000000000007 0.66766646831012755
decision_type=10 2 2 2 2 2 10 2 2 2 8 2 2 2 2 2 2 2 10 2 2 2 2 10 2 2 2 1 2 2
left_child=5 -2 3 4 -3 12 7 27 9 10 -9 -12 15 -8 25 -1 -17 20 -11 -20 -10 28 23 24 -23 -15 -22 -7 -14 -30
right_child=1 2 -4 -5 -6 6 13 8 17 18 11 -13 21 14 -16 16 -18 -19 19 -21 26 22 -24 -25 -26 -27 -28 -29 29 -31
leaf_value=-0.34931419188038121 -0.38443908093496815 1.0079534134976482 -0.33015025046085211 0.59418693335211736 -0.092062189380852574 -0.025276404749179627 0.23270244937653414 -0.051917300707178239 -0.19425305703053083 -0.48637522083918538 0.48643573486068986 -0.099943373740514679 -0.012490539315628553 1.9683073776114735 -0.012002116944148041 -1.0926931104814417 0.18980340303605459 0.14415207249467785 1.7116215302116617 0.26778399395546526 1.1249093835519617 0.061886898990821351 0.67882447240464372 0.22838306692797714 -0.43672497991169085 -0.37210991386939951 -0.043562716303803484 0.14736627523568102 0.041100169044873382 -0.22408710841998397
leaf_weight=4152 2975 2024 6323 4954 68514 5694 11642 13677 11629 344 3009 1845 358573 1311 11319 303 1981 1631 1181 1152 410 1771 597 1632 7366 307 13813 11281 205803 5148
leaf_count=4152 2975 2024 6323 4954 68514 5694 11642 13677 11629 344 3009 1845 358573 1311 11319 303 1981 1631 1181 1152 410 1771 597 1632 7366 307 13813 11281 205803 5148
internal_value=-7.5476e-05 -0.00194455 -0.00151437 -0.000845641 -0.00149534 0.000158419 0.00206436 0.000268628 -0.00169925 0.00293649 0.000372329 0.0112214 -0.00013444 0.00686168 0.00203586 -0.0103464 0.00252079 -0.00527652 0.0206796 0.0261954 -0.00641937 -2.12777e-05 -0.0068303 -0.00881894 -0.0123244 0.0202347 -0.00227362 0.00591305 0.000114622 0.00132457
internal_weight=762361 84790 81815 75492 70538 677571 90245 65666 48691 21208 18531 4854 587326 24579 12937 6436 2284 27483 2677 2333 25852 580890 11366 10769 9137 1618 14223 16975 569524 210951
internal_count=762361 84790 81815 75492 70538 677571 90245 65666 48691 21208 18531 4854 587326 24579 12937 6436 2284 27483 2677 2333 25852 580890 11366 10769 9137 1618 14223 16975 569524 210951
cat_boundaries=0 1
cat_threshold=200
is_linear=0
shrinkage=0.06


Tree=258
num_leaves=31
num_cat=12
split_feature=83 120 118 60 104 104 104 109 104 132 132 104 132 132 120 104 129 133 104 104 104 98 129 99 104 132 132 104 104 132
split_gain=81.043 214.634 228.276 177.416 229.917 175.882 173.284 165.7 177.674 164.114 352.395 249.092 161.521 158.904 157.248 428.18 273.768 535.314 510.539 409.528 296.101 269.709 238.28 301.011 286.946 242.946 560.791 532.956 386.392 649.769
threshold=2.7550000000000003 94.500000000000014 1.0500000000000003 25.546769713186318 0 1 2 57.500000000000007 3 -0.38142733947913604 -0.33323705862247266 4 -0.67086170185690197 -0.77718486915728335 14.500000000000002 5 75.500000000000014 0.8511460603353429 6 7 8 -0.85615580349851839 85.500000000000014 0.89309379682046119 9 0.2965049369093406 0.19653276579064646 10 11 0.34537287020513602
decision_type=10 2 2 2 1 1 1 2 1 2 2 1 2 2 2 1 2 2 1 1 1 2 2 2 1 2 2 1 1 2
left_child=14 2 5 4 -3 7 -4 8 -2 12 11 -11 -7 -10 16 -16 17 19 -19 21 -18 -1 23 24 -22 26 -24 -28 29 -27
right_child=1 3 6 -5 -6 9 -8 -9 13 10 -12 -13 -14 -15 15 -17 20 18 -20 -21 22 -23 25 -25 -26 28 27 -29 -30 -31
leaf_value=-0.028921789464452414 -0.05766065915124869 -0.22772849315011057 -0.03942458441291169 0.046467966040903259 0.73193989668448012 -0.025809218926287941 1.0811797567804218 0.0064970546578082631 -0.24812394013158154 0.0027899690409665823 -0.032704293183071227 -0.45827445199368566 0.21381193292263673 0.67046383713292579 -0.11962706769548162 0.011884786222873202 -0.054137790336325223 0.17304122874329209 -0.57482830087759862 0.23865256718879493 0.11494326171133068 0.80368089107947294 0.039228715729855139 2.0785772682838775 -0.47546056775101164 0.66746543472304976 -0.40138650330813036 -0.00059322152356202197 0.26888045299097585 -0.1686227106208085
leaf_weight=12366 4554 1359 550 8137 6055 24375 840 33810 1493 2499 41345 5258 10760 13295 89726 126580 123183 4143 4528 19129 1304 1749 184043 509 3365 1992 4550 5008 17593 8222
leaf_count=12366 4554 1359 550 8137 6055 24375 840 33810 1493 2499 41345 5258 10760 13295 89726 126580 123183 4143 4528 19129 1304 1749 184043 509 3365 1992 4550 5008 17593 8222
internal_value=-7.63458e-05 0.00115155 0.000402508 0.00783565 0.0145489 0.000157653 0.0245866 0.00285988 0.00728946 -0.00154757 -0.00378796 -0.015522 0.00158299 0.0104764 -0.000388032 -0.00168649 0.00032904 0.00491125 -0.00836485 0.00837419 -0.000220087 0.000615886 0.00106709 -0.0116548 -0.0164325 0.00136471 0.000611461 -0.0135579 0.00660889 -0.00267579
internal_weight=762320 154330 138779 15551 7414 137389 1390 53152 19342 84237 49102 7757 35135 14788 607990 216306 391684 41915 8671 33244 349769 14115 226586 5178 4669 221408 193601 9558 27807 10214
internal_count=762320 154330 138779 15551 7414 137389 1390 53152 19342 84237 49102 7757 35135 14788 607990 216306 391684 41915 8671 33244 349769 14115 226586 5178 4669 221408 193601 9558 27807 10214
cat_boundaries=0 2 4 6 8 11 14 16 19 21 23 25 28
cat_threshold=1073741963 151658560 84675124 2607442986 1694523474 526296124 0 34087946 671260681 1149501504 1 3558360761 2880587792 1 3372766530 3756971160 2877708546 1619117529 1 1143052550 340555306 16801896 42172432 2300053144 3909224833 46293576 1074823188 1
is_linear=0
shrinkage=0.06


Tree=259
num_leaves=31
num_cat=5
split_feature=19 104 127 126 104 6 104 139 122 104 139 127 28 104 139 132 132 133 25 132 132 132 114 19 114 6 107 122 19 114
split_gain=80.059 260.858 164.739 143.075 170.702 130.874 172.148 218.518 172.292 245.484 212.221 176.062 148.429 147.79 375.058 237.147 214.522 238.841 282.333 282.388 276.041 390.107 309.917 179.914 210.218 169.45 159.359 157.245 156.11 152.877
threshold=46.388194444444444 0 4.2219333382722484 51.675000000000004 1 231.54500000000004 2 53.500000000000007 0.63290874216623261 3 51.500000000000007 0.20945662005389895 134.89375000000004 4 59.500000000000007 0.57340843044527534 -0.74369257357766683 0.8511460603353429 0.93621440507378628 -0.65800691351482854 0.34537287020513602 0.23014236637527921 0.95008273051478975 198.79722222222225 0.19874226490627742 302.97500000000008 28.471700000000002 0.4735152228025109 181.18090277777782 -0.69185236169184083
decision_type=8 1 2 2 1 10 1 2 2 1 2 2 10 1 2 2 2 2 10 2 2 2 2 10 2 10 2 2 10 2
left_child=1 2 -1 4 -3 6 7 8 10 11 -2 -10 -9 14 15 16 -7 18 23 -20 21 28 26 27 -25 -17 -23 -18 -19 -15
right_child=5 3 -4 -5 -6 13 -8 12 9 -11 -12 -13 -14 29 -16 25 17 20 19 -21 -22 22 -24 24 -26 -27 -28 -29 -30 -31
leaf_value=-0.05289066925329379 0.0070364296409058365 0.19060237948671385 -0.19962424801761564 0.048098517763877524 -0.33214895875041461 -0.18084576118249102 0.055480444743703852 0.65730841429239573 0.46799889716742915 -0.0051573059162717521 -0.41726400380203899 -0.55892194927185446 -0.09213992206558401 0.072033030646520613 -0.43243136643395214 -0.089047710488380144 0.12482538796792156 0.0065844136855383794 -0.48371696923843388 0.61267153628291171 -0.26829616038870341 0.63580176264170563 0.4711114477898064 -1.3156782876294681 2.0153834437274956 -0.49847990390507108 -0.079852084411930369 -0.37541489861250738 -0.32423282516366597 -0.015406914381627529
leaf_weight=11560 73736 585 3858 13644 1081 11782 88089 1253 526 6236 628 3864 605 85442 4825 1927 1542 19842 627 3567 5369 650 2941 270 1328 1109 2707 2314 7066 403809
leaf_count=11560 73736 585 3858 13644 1081 11782 88089 1253 526 6236 628 3864 605 85442 4825 1927 1542 19842 627 3567 5369 650 2941 270 1328 1109 2707 2314 7066 403809
internal_value=-6.52872e-05 -0.00306551 -0.00857087 0.00248287 -0.0141092 6.06512e-05 0.0014923 -0.000403412 -0.00084856 -0.00799473 0.000172662 -0.0188412 0.0199462 -0.000388894 -0.00301251 -0.00177881 -0.000950905 0.000822412 0.00926521 0.0209678 -0.0012894 0.000751649 0.0141927 0.000263978 0.0171857 -0.0181363 0.00173317 -0.00675136 -0.00239474 -2.48946e-05
internal_weight=762782 30728 15418 15310 1666 732054 174937 86848 84990 10626 74364 4390 1858 557117 67866 63041 60005 48223 9648 4194 38575 33206 6298 5454 1598 3036 3357 3856 26908 489251
internal_count=762782 30728 15418 15310 1666 732054 174937 86848 84990 10626 74364 4390 1858 557117 67866 63041 60005 48223 9648 4194 38575 33206 6298 5454 1598 3036 3357 3856 26908 489251
cat_boundaries=0 3 5 7 9 11
cat_threshold=3146954373 1153452480 1 1145307448 2821980193 1222864869 506419 10553348 78338 1073774594 307258376
is_linear=0
shrinkage=0.06


Tree=260
num_leaves=31
num_cat=9
split_feature=28 104 115 139 104 110 130 137 119 115 104 104 140 127 102 137 110 104 104 136 110 136 104 139 121 127 104 124 104 98
split_gain=86.3614 201.915 185.985 174.669 226.586 204.55 201.86 253.747 205.049 158.012 152.801 140.944 122.222 121.888 121.651 147.237 136.018 128.927 117.946 126.962 107.296 107.034 104.206 109.324 141.685 179.892 118.958 106.506 104.139 190.389
threshold=368.72621527777784 0 -1.9516307964286037 50.500000000000007 1 20.750000000000004 -0.78656609248549303 2.7074366060756444e-06 641.50000000000011 -1.5993435765260993 2 3 4.5000000000000009 21.72595923397094 50.500000000000007 2.3941046606280338e-10 26.150000000000002 4 5 1.0000000180025095e-35 20.550000000000004 1.0000000180025095e-35 6 28.500000000000004 992.75000000000011 9.4296058358007553 7 0.81166666666666687 8 -0.99151311298488254
decision_type=8 1 2 2 1 2 2 2 2 2 1 1 2 2 2 2 2 1 1 2 2 2 1 2 2 2 1 2 1 2
left_child=28 2 14 11 5 -5 10 -8 12 18 -6 21 -9 -14 15 -2 -17 -16 -3 -20 -12 -4 -11 -24 26 27 -25 -26 29 -1
right_child=1 9 3 4 6 -7 7 8 -10 22 20 -13 13 -15 17 16 -18 -19 19 -21 -22 -23 23 24 25 -27 -28 -29 -30 -31
leaf_value=-0.052829683536077497 -0.67861216410514513 -0.11476134341526317 -0.39578617056749976 2.2311854635399806 -1.1066126945508676 0.045099872038967419 -1.1996951453514164 -0.17000557379724596 -2.441360188916442 -0.37202550454476407 0.75656792889368996 0.12932476557902248 0.62661269318427915 2.1686398601245731 0.28646625804501669 0.40905454671299024 -0.85033526671186765 -0.9665190289056167 0.25959402862667613 -0.41623680156777426 -0.4594135890682412 0.70429895097375317 -0.058870134748401026 -0.1604579803467078 0.88866766449549794 -0.45639684390430002 -0.6018797158605349 -0.45794205134331378 -0.0081105019418529871 0.036842554791048414
leaf_weight=17824 797 10470 8498 3504 775 1673 509 1172 249 7997 737 24189 3679 1636 624 3190 695 2273 7695 1155 633 1452 22351 4855 2106 3420 7567 392 359607 261248
leaf_count=17824 797 10470 8498 3504 775 1673 509 1172 249 7997 737 24189 3679 1636 624 3190 695 2273 7695 1155 633 1452 22351 4855 2106 3420 7567 392 359607 261248
internal_value=-1.22678e-05 -0.00145928 0.00119902 0.0025598 0.00806013 0.0181226 0.0024891 0.0072785 0.0103666 -0.00365898 -0.0136719 0.000212654 0.0124199 0.0162867 -0.00754354 -0.0015631 0.00325785 -0.017205 0.000931629 0.00602641 -0.00147719 -0.0057946 -0.00548132 -0.00424697 -0.00768115 -4.05474e-05 -0.0113209 0.0121969 0.000269337 0.00113902
internal_weight=762972 124293 56285 48706 14567 5177 9390 7245 6736 68008 2145 34139 6487 5315 7579 4682 3885 2897 19320 8850 1370 9950 48688 40691 18340 5918 12422 2498 638679 279072
internal_count=762972 124293 56285 48706 14567 5177 9390 7245 6736 68008 2145 34139 6487 5315 7579 4682 3885 2897 19320 8850 1370 9950 48688 40691 18340 5918 12422 2498 638679 279072
cat_boundaries=0 2 4 6 8 10 13 15 17 20
cat_threshold=1695320209 1533030760 2048 186646592 67108992 288 2048 1260388352 16812032 2097216 2583708004 75663379 1 35876928 1688084 276825644 2147483648 2316842924 3834587525 1
is_linear=0
shrinkage=0.06


Tree=261
num_leaves=31
num_cat=2
split_feature=24 140 140 126 24 89 68 98 134 109 86 127 112 22 72 83 113 24 140 24 89 61 46 86 58 25 137 63 60 130
split_gain=87.6432 696.383 386.565 456.359 438.259 332.466 264.09 225.963 221.928 206.423 196.176 194.264 189.159 172.865 166.72 235.64 192.03 182.579 162.282 161.11 151.281 147.362 147.159 143.702 134.179 129.132 175.637 124.519 124.358 122.969
threshold=21.355972222222231 2.5000000000000004 2.5000000000000004 73.550000000000026 -45.833333333333314 0 14.15 -0.9953885283364815 1.0000000180025095e-35 32.500000000000007 610.50000000000011 18.064549092751289 2.1350000000000002 -3.7000000000000006 2.8050000000000002 2.1250000000000004 163.50000000000003 -107.1318923611111 4.5000000000000009 47.005416666666669 1 3.8980761877273014 145.27500000000003 217.50000000000003 444.46500000000009 0.50000978971688159 0.083227709543603312 1.0464389823782767 127.73685503437537 -0.91597561503675329
decision_type=10 2 2 2 8 1 2 2 2 2 8 2 2 8 2 10 2 10 2 10 1 2 10 10 2 8 2 2 2 2
left_child=2 6 3 10 12 21 9 8 -3 19 -1 13 -5 -7 23 -16 -17 -18 -19 -2 -8 -6 -21 25 -11 -4 -27 -9 -14 -25
right_child=1 7 14 4 5 11 20 27 -10 24 -12 -13 28 -15 15 16 17 18 -20 22 -22 -23 -24 29 -26 26 -28 -29 -30 -31
leaf_value=-0.52352044793380514 -0.67059872703694845 -0.55185722786735925 0.0048744556206537478 -0.4007545921859898 -0.035958083213840482 -0.10388217833939763 0.25056231973072141 -0.034273145827035022 -0.009041555506864184 0.33087794710347052 -0.02564440314850458 -0.37215837943122465 -0.1240438048766444 0.061694271572046086 -0.11535531612380992 0.25350667858545689 0.42523131467357755 0.12044439406749888 -0.053096103961144503 0.17647427051942996 0.5972447317548949 0.14411177364072841 -0.50842071048422099 -0.10122857384390499 -0.14901267653772038 0.090421545559166816 -0.086861477044802196 -0.1484504152008185 0.33933005033352143 0.012969868693250817
leaf_weight=8911 1447 1927 72575 5978 3175 9143 6174 144945 1554 7064 3103 3171 9633 8926 30583 10813 6620 4898 55619 3055 7229 15808 806 14510 2484 161487 12298 45358 263 102859
leaf_count=8911 1447 1927 72575 5978 3175 9143 6174 144945 1554 7064 3103 3171 9633 8926 30583 10813 6620 4898 55619 3055 7229 15808 806 14510 2484 161487 12298 45358 263 102859
internal_value=-5.65045e-05 -0.00106006 0.000355865 -0.0038698 -0.00159685 0.00173479 0.00773885 -0.00234322 -0.0174899 0.00222925 -0.0144819 -0.00342196 -0.0100384 -0.00101937 0.00096531 -0.00109846 0.000652718 -0.000542465 -0.00157738 -0.0072556 0.0138451 0.00750237 -0.00085448 0.00158112 0.00750236 0.00240428 0.00329198 -0.00206606 -0.00494695 -0.000146716
internal_weight=762416 222043 540373 68111 56097 40223 28259 193784 3481 14856 12014 21240 15874 18069 472262 108533 77950 67137 60517 5308 13403 18983 3861 363729 9548 246360 173785 190303 9896 117369
internal_count=762416 222043 540373 68111 56097 40223 28259 193784 3481 14856 12014 21240 15874 18069 472262 108533 77950 67137 60517 5308 13403 18983 3861 363729 9548 246360 173785 190303 9896 117369
cat_boundaries=0 1 2
cat_threshold=114 140
is_linear=0
shrinkage=0.06


Tree=262
num_leaves=31
num_cat=12
split_feature=33 137 104 130 104 103 104 127 112 104 131 129 104 104 28 126 110 104 104 130 104 139 104 127 139 139 104 140 104 132
split_gain=94.4288 88.3959 292.652 263.846 250.2 175.378 232.081 158.318 205.006 171.976 161.037 145.794 155.879 128.676 106.882 111.883 102.636 121.528 110.291 99.3416 371.762 379.682 586.897 393.913 343.467 563.546 379.021 302.136 293.237 289.188
threshold=121.21595637355149 0.61497421480319081 0 0.37940952255126054 1 0.61497421480319081 2 7.6813207575599263 1.7050000000000003 3 0.91597561503675351 28.500000000000004 4 5 200.47152777777782 151.85000000000002 23.350000000000005 6 7 0.37940952255126054 8 37.500000000000007 9 41.374653335588008 35.500000000000007 34.500000000000007 10 4.5000000000000009 11 0.16269055358644466
decision_type=10 2 1 2 1 2 1 2 2 1 2 2 1 1 10 2 2 1 1 2 1 2 1 2 2 2 1 2 1 2
left_child=1 5 11 7 -5 19 -7 9 -9 -4 -11 -3 -13 -10 15 -14 18 -18 -8 28 -21 24 -23 -24 25 -22 -26 -25 -1 -30
right_child=-2 2 3 4 -6 6 16 8 13 10 -12 12 14 -15 -16 -17 17 -19 -20 20 21 22 23 27 26 -27 -28 -29 29 -31
leaf_value=0.047605853534246304 -0.18588336393691604 0.77054636365469542 0.43089394422336114 3.5827439673689185 0.51272325777864369 0.19288595057952052 -1.0769257367209517 6.5660751821038259 0.60565522498988877 -0.66391003627165612 1.5412623604655777 -0.72509893204235365 -0.0050373046936519469 -0.10259470456745148 -0.24323329086079071 0.53855502316651038 0.14200705074930431 -0.31560171601374204 -0.36209488421902247 -0.085505392551787338 -0.013915608684836513 -0.22426752375591605 0.33174535815325695 -0.13010402546669639 0.27634438154876972 3.0473434262324606 -1.047456103795426 2.5390586729564606 0.0092180987586954182 -0.072405127278161105
leaf_weight=208511 10849 322 1127 1720 1630 2024 1298 455 736 1787 299 951 818 1314 4869 439 886 1026 1584 108138 123779 8357 19968 1468 736 1249 1737 6260 179947 67941
leaf_count=208511 10849 322 1127 1720 1630 2024 1298 455 736 1787 299 951 818 1314 4869 439 886 1026 1584 108138 123779 8357 19968 1468 736 1249 1737 6260 179947 67941
internal_value=-6.65157e-05 1.37348e-05 0.00436119 0.0115784 0.0249597 -8.36837e-05 -0.00966124 0.0037559 0.0150599 -0.00505912 -0.0152217 -0.00449393 -0.00629839 0.00696246 -0.00275705 0.0128299 -0.0168325 -0.00608468 -0.0240166 6.01572e-06 -0.000902342 0.000902394 0.00633883 0.0105417 -0.000634814 -0.000196754 -0.0227728 0.0220468 0.000546757 -0.000848087
internal_weight=762225 751376 16467 9068 3350 734909 6818 5718 2505 3213 2086 7399 7077 2050 6126 1257 4794 1912 2882 728091 271692 163554 36053 27696 127501 125028 2473 7728 456399 247888
internal_count=762225 751376 16467 9068 3350 734909 6818 5718 2505 3213 2086 7399 7077 2050 6126 1257 4794 1912 2882 728091 271692 163554 36053 27696 127501 125028 2473 7728 456399 247888
cat_boundaries=0 3 5 7 9 11 13 16 18 20 22 24 26
cat_threshold=620775431 3221070952 1 2296260376 1073745923 13402548 30550337 1241518192 147858 0 457179136 2289149088 514 1680949312 3558983312 1 1260473408 3825731224 991319618 281723094 1073776640 604251144 3288334465 151270408 999577152 2844451039
is_linear=0
shrinkage=0.06


Tree=263
num_leaves=31
num_cat=2
split_feature=137 137 106 130 111 111 106 111 115 126 113 130 137 114 103 111 34 112 130 110 6 120 130 107 112 112 112 127 132 110
split_gain=80.1435 230.583 222.092 212.227 211.463 216.318 207.411 201.779 267.873 166.072 218.819 145.803 119.414 486.225 266.145 418.32 283.838 163.62 189.035 255.15 237.812 225.955 173.369 165.483 164.91 159.65 139.045 137.839 115.248 119.292
threshold=0.44064828010201723 0.31573828964358458 0 -0.60355339059327362 62.500000000000007 75.500000000000014 1 48.500000000000007 0.60809928768529808 1346.6000000000001 306.50000000000006 -0.37940952255126059 0.22623637047664433 0.74182104746079536 0.16210544303708729 41.500000000000007 0.38650000000000007 1.2550000000000001 0.37940952255126054 27.750000000000004 197.70000000000002 15.500000000000002 0.60355339059327384 28.543650000000003 0.78500000000000014 3.2050000000000005 0.95500000000000007 7.6813207575599263 -0.94941398590724801 24.650000000000002
decision_type=2 2 1 2 2 2 1 2 2 2 2 2 2 2 2 2 10 2 2 2 10 2 2 2 2 2 2 2 2 2
left_child=1 12 -3 4 -2 -6 7 -5 9 10 11 -9 14 26 -1 16 -16 22 19 20 -19 -20 -17 -23 -24 -22 -14 -28 29 -8
right_child=3 2 -4 6 5 -7 28 8 -10 -11 -12 -13 13 -15 15 17 -18 18 21 -21 25 23 24 -25 -26 -27 27 -29 -30 -31
leaf_value=-5.2213127387972231e-05 0.092920779747962992 0.11524574571919956 -0.29640521238004081 0.48950384148615367 -0.82655853397389856 0.16865530803794057 1.0747248361192412 -0.60749722480995783 2.9683127044252635 -1.7694595874742083 -0.19054339393071501 0.70625299420885024 1.032778103018922 -0.17198501196873039 -1.4053872328860648 -0.63875070288015035 0.12067891660372296 0.49933113746912566 0.67207863430006909 0.33723544123576743 -0.5635659435586643 -1.0177102853314468 0.841558757133269 0.3126548350931736 -0.26603367983879989 0.14369847636563676 0.10743045026948791 0.6814021844602951 -0.22718970062768193 -0.26557052097966688
leaf_weight=697977 3371 2440 8748 2811 2534 1271 763 417 2325 547 4161 4772 1461 5310 1163 2406 347 451 1852 969 3599 409 593 604 1119 826 3318 1088 4684 380
leaf_count=697977 3371 2440 8748 2811 2534 1271 763 417 2325 547 4161 4772 1461 5310 1163 2406 347 451 1852 969 3599 409 593 604 1119 826 3318 1088 4684 380
internal_value=-8.38581e-05 -0.000204007 -0.00875145 0.00306452 -0.00583531 -0.0155281 0.00612626 0.00984712 0.00651886 0.00221257 0.00409368 0.0123121 -7.18182e-05 0.00608159 -0.00016838 -0.00825999 -0.0381205 -0.00474238 -8.26541e-05 -0.00627095 -0.0118597 0.0125401 -0.0145958 -0.0102367 0 -0.0160913 0.0179857 0.0126617 -0.00348407 0.0135839
internal_weight=762716 734680 11188 28036 7176 3805 20860 15033 12222 9897 9350 5189 723492 11177 712315 14338 1510 12828 8710 5845 4876 2865 4118 1013 1712 4425 5867 4406 5827 1143
internal_count=762716 734680 11188 28036 7176 3805 20860 15033 12222 9897 9350 5189 723492 11177 712315 14338 1510 12828 8710 5845 4876 2865 4118 1013 1712 4425 5867 4406 5827 1143
cat_boundaries=0 1 2
cat_threshold=38 9
is_linear=0
shrinkage=0.06


Tree=264
num_leaves=31
num_cat=6
split_feature=7 140 24 37 130 104 115 59 104 132 45 104 132 132 104 120 132 132 104 110 104 110 111 123 83 113 122 98 132 133
split_gain=88.2762 149.506 327.128 213.745 119.237 141.122 115.325 130.803 115.723 113.406 112.631 109.086 116.461 139.948 284.168 120.182 116.174 397.947 183.483 172.505 131.685 126.36 107.127 106.693 106.285 106.032 105.349 104.428 137.492 104.11
threshold=361.01500000000004 1.5000000000000002 40.778472222222248 0.86612116321110799 -0.98296291314453399 0 1.8859116222410479 45.890000000000008 1 0.66766646831012755 220.02500000000001 2 0.32917936166072764 0.19653276579064646 3 93.500000000000014 -0.3169700421330815 -0.26762560548918296 4 17.450000000000003 5 10.450000000000001 85.500000000000014 0.38433893637922512 1.7250000000000003 62.500000000000007 0.65495279339175017 0.2965049369093406 0.16269055358644466 0.99992139718210815
decision_type=2 2 10 2 2 1 2 8 1 2 2 1 2 2 1 2 2 2 1 2 1 2 2 2 10 2 2 2 2 2
left_child=4 2 3 -2 5 -1 9 -8 -9 10 11 12 13 16 23 -14 21 18 19 -18 26 22 -3 -15 -4 -16 29 28 -26 -19
right_child=1 6 24 -5 -6 -7 7 8 -10 -11 -12 -13 15 14 25 -17 17 20 -20 -21 -22 -23 -24 -25 27 -27 -28 -29 -30 -31
leaf_value=-0.34219395582972506 0.24428759569206476 -1.1069433605606958 1.1130308500110124 -0.60947941369390946 0.007708220240857315 0.0033655655871265822 0.57347420645274017 -0.68866963364601297 -0.16705174254928465 -0.41331990013839232 -0.15264725881452335 -0.085737244475109831 0.36442853598666486 -0.42155690178310734 -0.750205987073289 -0.47718193260489611 -0.8381980902941063 0.074165286645169026 2.8984941188241047 1.8097184941869022 -0.19041210683112836 -0.0039931519560745697 -0.065870036278489572 0.36156417620088971 0.44226914319599925 -0.30342371025423814 1.3680736982237454 1.1455490601436229 -0.54031440837077349 1.6760354876115899
leaf_weight=2381 2559 967 1954 2957 562032 2852 428 2130 3091 1722 38652 64088 6031 182 428 711 912 8456 2647 575 8915 37010 867 1076 3649 2178 999 738 335 455
leaf_count=2381 2559 967 1954 2957 562032 2852 428 2130 3091 1722 38652 64088 6031 182 428 711 912 8456 2647 575 8915 37010 867 1076 3649 2178 999 738 335 455
internal_value=-6.49625e-05 -0.00116726 0.00526532 -0.00554649 0.000313398 -0.0087008 -0.00159697 -0.0100354 -0.0126503 -0.0013274 -0.00117671 -0.000367038 0.00122867 0.000457757 -0.0106184 0.00873795 0.00115041 0.00453397 0.0213881 0.00436582 0.000831828 -0.00084953 -0.016218 0.012766 0.014198 -0.0218724 0.00558815 0.00932458 0.00548055 0.0035211
internal_weight=761977 194712 12192 5516 567265 5233 182520 5649 5221 176871 175149 136497 72409 65667 3864 6742 61803 22959 4134 1487 18825 38844 1834 1258 6676 2606 9910 4722 3984 8911
internal_count=761977 194712 12192 5516 567265 5233 182520 5649 5221 176871 175149 136497 72409 65667 3864 6742 61803 22959 4134 1487 18825 38844 1834 1258 6676 2606 9910 4722 3984 8911
cat_boundaries=0 2 5 7 9 11 13
cat_threshold=2247302415 612440999 1077587233 1152993381 1 2435915189 1619606513 2162689 8987216 2166945 8454992 2164330880 537401793
is_linear=0
shrinkage=0.06


Tree=265
num_leaves=31
num_cat=0
split_feature=114 139 139 59 136 130 115 113 111 107 112 122 28 131 0 20 132 140 136 132 131 111 140 107 131 132 111 109 114 19
split_gain=81.4549 276.488 263.961 223.465 286.545 272.526 271.054 268.018 256.833 198.031 194.681 180.155 257.81 179.559 177.32 230.598 167.453 348.685 222.919 181.508 522.917 269.434 166.758 167.354 163.672 215.165 247.416 326.913 252.794 202.13
threshold=2.4901005614919209 47.500000000000007 44.500000000000007 358.14000000000004 1.0000000180025095e-35 -0.91597561503675329 -2.0588344914883536 300.50000000000006 76.500000000000014 28.638050000000003 2.6650000000000005 0.43290291644084405 218.51458333333338 0.37940952255126048 59.815000000000005 20.283514888732604 0.66766646831012755 4.5000000000000009 1.0000000180025095e-35 0.6547626423706755 0.91597561503675351 90.500000000000014 15.000000000000002 28.406700000000004 0.91597561503675351 -0.51940496556100924 87.500000000000014 47.500000000000007 2.1552516767520928 196.79684027777782
decision_type=2 2 2 10 2 2 2 2 2 2 2 2 10 2 2 8 2 2 2 2 2 2 2 2 2 2 2 2 2 10
left_child=16 2 3 4 5 7 8 -2 -5 -3 13 12 -6 -7 -12 22 19 -18 -19 24 21 -21 -16 -24 -1 -26 27 -27 -28 -29
right_child=1 9 -4 6 11 10 -8 -9 -10 -11 14 -13 -14 -15 15 -17 17 18 -20 20 -22 -23 23 -25 25 26 28 29 -30 -31
leaf_value=-0.016399295545245423 -0.6234263665535289 0.55156987076004171 -0.39780156351022811 -0.19670656708956372 -0.01744404966279859 0.4794229515788021 0.20209127448566264 0.74385212269850043 1.5494641922303858 0.06654598269881859 -0.11283064066163923 -0.091145384978525493 1.2226186873077387 -3.536953046358335 0.19045114935046897 -0.038830001902675805 0.18584050761812576 -0.15029419978397426 -0.84801618520993594 0.16812719587813205 -0.8051385892649553 2.9592591418450191 0.34255672518042329 -0.057503977105036484 -0.0273618312560302 0.71745310126906869 0.054705043689226608 0.13032463001232855 -0.87894949125792743 -0.40487217136300613
leaf_weight=554389 2213 4256 3601 4603 1299 2143 20660 378 325 4501 5908 1980 2409 179 2754 41805 2434 7741 1652 3337 722 1394 515 2817 41278 12465 21957 9403 681 2541
leaf_count=554389 2213 4256 3601 4603 1299 2143 20660 378 325 4501 5908 1980 2409 179 2754 41805 2434 7741 1652 3337 722 1394 515 2817 41278 12465 21957 9403 681 2541
internal_value=-0.000102316 0.00147264 0.000518645 0.00115614 -0.00072856 -0.00197435 0.00589941 -0.0209954 -0.00674376 0.011667 -0.00109583 0.0121287 0.0199299 0.0159105 -0.00183011 -0.000620145 -0.000346548 -0.00742137 -0.0126655 -0.000217444 0.0106821 0.0179417 0.0102908 0.00126013 -0.000309935 0.00208885 0.00486269 0.00905285 0.000344538 0.00195898
internal_weight=762340 102346 93589 89988 64400 58712 25588 2591 4928 8757 56121 5688 3708 2322 53799 47891 659994 11827 9393 648167 5453 4731 6086 3332 642714 88325 47047 24409 22638 11944
internal_count=762340 102346 93589 89988 64400 58712 25588 2591 4928 8757 56121 5688 3708 2322 53799 47891 659994 11827 9393 648167 5453 4731 6086 3332 642714 88325 47047 24409 22638 11944
is_linear=0
shrinkage=0.06


Tree=266
num_leaves=31
num_cat=11
split_feature=92 104 111 139 104 134 104 127 113 98 104 119 112 115 110 127 133 133 104 102 104 91 104 129 104 111 11 67 104 59
split_gain=80.0068 241.062 238.233 190.025 256.9 206.29 325.153 536.637 423.092 339.098 366.324 350.012 368.888 312.936 395.79 292.365 287.146 258.896 246.701 238.318 234.758 218.364 279.202 216.876 430.397 331.609 256.284 228.176 202.488 199.307
threshold=0 1 97.500000000000014 64.500000000000014 2 1.0000000180025095e-35 3 6.8017936114223074 277.50000000000006 -0.88965196910377931 4 224.50000000000003 4.1050000000000013 -1.9516307964286037 10.250000000000002 1.9960559774347644 0.98486764554468398 0.61575165550757727 5 54.500000000000007 6 7 8 18.500000000000004 9 82.500000000000014 52.225000000000009 16.500000000000004 10 55.260000000000005
decision_type=1 1 2 2 1 2 1 2 2 2 1 2 2 2 2 2 2 2 1 2 1 1 1 2 1 2 8 2 1 10
left_child=3 -2 -3 5 -5 23 8 13 -7 -9 -11 -12 17 16 15 -15 20 -13 -16 21 -8 -10 -23 24 -1 26 -26 28 -25 -27
right_child=1 2 -4 4 -6 6 7 9 19 10 11 12 -14 14 18 -17 -18 -19 -20 -21 -22 22 -24 27 25 29 -28 -29 -30 -31
leaf_value=-0.06023974187412591 0.029549321829806699 -0.053261651274791003 -0.49143286597422953 0.054810456046334929 -0.5233110849803293 0.14847823013932498 0.14475389619473589 -0.1562904109731805 -0.081573749454970534 -0.28528156935735011 0.39632572598616034 4.0164008919354428 -0.11023319488686865 0.13949947548337632 -0.11233211277408742 1.0826803610471727 -1.5783599863914328 0.64622755275738142 0.106842213858326 0.66289938979157725 -0.23273240424771457 0.048543741904429463 -0.36917815682500915 -0.22071166017559665 0.034364441162943959 -0.050870176935697911 0.73026167598811409 -0.0080995276962579511 -0.02696433573233669 0.13370745275926593
leaf_weight=12401 76393 133718 5243 3049 3201 9150 1828 2792 10787 2813 21831 2095 1001 7264 19658 3984 828 4007 20718 622 2325 1314 3399 6410 2273 5731 5080 376748 8084 7182
leaf_count=12401 76393 133718 5243 3049 3201 9150 1828 2792 10787 2813 21831 2095 1001 7264 19658 3984 828 4007 20718 622 2325 1314 3399 6410 2273 5731 5080 376748 8084 7182
internal_value=-0.000101505 -0.00108101 -0.00256929 0.000284425 -0.0101168 0.000404756 0.00264188 0.00431134 -0.00337935 0.0102056 0.0119686 0.0139755 0.025549 0.000715472 0.00210131 0.0120544 -0.0136451 0.0310864 -0.00067167 -0.00922905 -0.00720751 -0.0106909 -0.0214522 -0.00020962 0.00448696 0.00987128 0.0200462 -0.000601774 -0.00798896 0.00408394
internal_weight=761929 215354 138961 546575 6250 540325 116416 91144 25272 34539 31747 28934 7103 56605 51624 11248 4981 6102 40376 16122 4153 15500 4713 423909 32667 20266 7353 391242 14494 12913
internal_count=761929 215354 138961 546575 6250 540325 116416 91144 25272 34539 31747 28934 7103 56605 51624 11248 4981 6102 40376 16122 4153 15500 4713 423909 32667 20266 7353 391242 14494 12913
cat_boundaries=0 1 4 6 8 10 13 16 17 19 22 25
cat_threshold=1 1648412738 885629980 1 779334920 3050136261 1644183618 272671832 32768 537788416 2553490984 3224454020 1 338101793 1185630212 1 21 570425344 8256 142754498 3209462813 1 3084255551 202093 1
is_linear=0
shrinkage=0.06


Tree=267
num_leaves=31
num_cat=9
split_feature=8 104 115 139 60 17 84 140 104 104 137 104 115 122 113 122 111 122 137 104 129 111 104 114 132 104 114 104 20 104
split_gain=89.7413 139.817 118.415 123.63 97.0999 95.0443 128.262 112.59 108.609 105.902 98.9085 564.662 190.658 143.93 189.78 157.768 138.773 242.998 134.688 449.26 131.072 137.531 206.53 177.474 164.372 144.622 122.15 111.664 106.175 116.7
threshold=295.22500000000008 0 -1.7967972079148671 51.500000000000007 41.443447183991132 287.12500000000006 3.0077083333333339 4.5000000000000009 1 2 0.44064828010201723 3 1.8859116222410479 0.53709063244523925 311.50000000000006 0.64498652853753657 48.500000000000007 0.18989453998618769 0.31573828964358458 4 28.500000000000004 51.500000000000007 5 0.69343217732869034 -0.931957157303682 6 -0.90320677571930752 7 24.379731003185409 8
decision_type=10 1 2 2 2 10 8 2 1 1 2 1 2 2 2 2 2 2 2 1 2 2 1 2 2 1 2 1 10 1
left_child=5 2 3 -2 -4 10 7 8 -7 -8 18 12 13 16 15 -15 -12 -18 -1 -20 -13 22 -22 -24 28 -26 -19 -17 29 -23
right_child=1 -3 4 -5 -6 6 9 -9 -10 -11 11 20 -14 14 -16 27 17 26 19 -21 21 24 23 -25 25 -27 -28 -29 -30 -31
leaf_value=-0.0024483190715116621 -0.049834943656131538 -0.24741396640434118 0.16805858062331844 -0.75471463234668701 -0.41007437230702065 -0.40149526943291675 0.016601105670088004 0.11777827509261811 0.07304543011485265 0.75468094445116485 0.49270309319329697 0.7445494478612148 -2.1859744633512426 2.4517586854748954 0.1401442509849295 1.9527801921972257 -2.1952527981283119 1.0675841768619381 0.14222621601749325 -0.3595665039511533 0.37085750282499585 -0.14061384707416125 -0.24531910094225154 0.23271321980781251 -0.08440558055022393 -0.81885197641849516 -0.034064240422119953 0.14508946727026029 -0.31334903533638381 0.57705606803193676
leaf_weight=623806 3950 28333 25298 2059 1928 3765 2152 29709 3120 3885 1594 314 187 2429 1783 941 301 569 4169 5905 783 1562 893 831 666 931 2208 1101 6330 905
leaf_count=623806 3950 28333 25298 2059 1928 3765 2152 29709 3120 3885 1594 314 187 2429 1783 941 301 569 4169 5905 783 1562 893 831 666 931 2208 1101 6330 905
internal_value=-9.97104e-05 -0.00229596 0.000344703 -0.00727787 0.0020274 9.3231e-05 0.00283871 0.00150184 -0.00541098 0.0109407 -8.45932e-05 0.00366969 0.01363 0.0146719 0.0206235 0.0272227 0.00670233 -0.0007405 -0.000228686 -0.00711067 -0.00471344 -0.00565029 0.00696172 -0.00470317 -0.00869264 -0.0263955 0.00481641 0.0149192 -0.00547624 0.00508104
internal_weight=762407 61568 33235 6009 27226 700839 42631 36594 6885 6037 658208 24328 11113 10926 6254 4471 4672 3078 633880 10074 13215 12901 2507 1724 10394 1597 2777 2042 8797 2467
internal_count=762407 61568 33235 6009 27226 700839 42631 36594 6885 6037 658208 24328 11113 10926 6254 4471 4672 3078 633880 10074 13215 12901 2507 1724 10394 1597 2777 2042 8797 2467
cat_boundaries=0 2 5 7 9 12 14 17 19 21
cat_threshold=2152503476 757076466 210286129 3978435590 1 1795253865 1303674908 3101603644 1142036711 545972424 3754348624 1 1140869187 32784 69271553 195109632 1 2283668264 1073745927 2164738 272639496
is_linear=0
shrinkage=0.06


Tree=268
num_leaves=31
num_cat=8
split_feature=0 132 126 137 104 59 104 140 131 132 104 113 132 104 126 6 115 104 124 54 133 104 104 58 109 133 118 104 109 112
split_gain=88.724 239.322 187.821 97.6497 105.887 96.0342 276.009 244.61 121.279 117.566 133.535 111.609 116.309 124.755 121.656 98.0808 97.1636 256.594 144.644 139.458 126.178 341.459 119.932 108.842 107.728 133.209 102.683 320.54 127.142 136.184
threshold=104.00125000000001 -0.96875021044074028 78.02500000000002 0.61497421480319081 0 5404.7050000000008 1 7.5000000000000009 0.1294095225512602 -0.75508121410430273 2 331.50000000000006 -0.8283650867723894 3 72.050000000000026 225.01500000000001 -0.048352351519276394 4 0.66833333333333333 39.595182781483771 0.93769647993491489 5 6 3119.6300000000006 487.50000000000006 0.95936279103287792 1.0000000180025095e-35 7 257.50000000000006 1.2150000000000001
decision_type=2 2 2 2 1 10 1 2 2 2 1 2 2 1 2 10 2 1 2 10 2 1 1 2 2 2 2 1 2 2
left_child=3 2 -2 5 -5 16 7 8 -7 11 -11 12 15 -14 -15 -8 18 -18 26 22 -19 -22 -20 -24 25 -23 -1 -28 29 -29
right_child=1 -3 -4 4 -6 6 9 -9 -10 10 -12 -13 13 14 -16 -17 17 20 19 -21 21 24 23 -25 -26 -27 27 28 -30 -31
leaf_value=0.005482441759611021 0.025832170390182794 -0.013033626173108813 -0.44993987617314157 0.66761724405982692 0.059454022248976196 -0.42487996685784196 0.19622638590981353 1.6470130147926851 0.6932016207078282 -0.33303212865983139 0.40264013036852414 0.96515434123276456 0.12950309033383234 0.34694675349129195 -0.267303636097733 -0.14102027949152271 0.18131165295180551 -0.024283881077919886 -0.26268701782733045 1.3020622465667935 -0.55386055344559282 1.3290871078348629 -0.033978184488721579 -0.62906516752925967 -0.36059794597265976 0.30566744775984744 0.084060008511375059 5.686819804338656 -0.052490465888011782 -0.6662695562563119
leaf_weight=201657 1779 459705 2829 2486 4054 765 1948 3526 395 535 1034 226 1583 378 4106 1410 16345 35415 3481 400 770 1383 8202 786 303 2388 2187 71 1034 1269
leaf_count=201657 1779 459705 2829 2486 4054 765 1948 3526 395 535 1034 226 1583 378 4106 1410 16345 35415 3481 400 770 1383 8202 786 303 2388 2187 71 1034 1269
internal_value=-4.07633e-05 -0.000559406 -0.0141636 0.00076696 0.00801712 0.000604325 0.00513736 0.0173472 -0.00651163 2.13694e-05 0.0152484 -0.00245545 -0.0034564 -0.00841463 -0.0135083 0.00550164 0.000342774 0.00255878 -0.000229771 -0.00640093 -1.63894e-05 0.00906502 -0.00752045 -0.00384043 0.0159804 0.0187858 0.000155369 -0.00874616 -0.0239497 -0.0362416
internal_weight=762450 464313 4608 298137 6540 291597 15906 4686 1160 11220 1569 9651 9425 6067 4484 3358 275691 56604 219087 12869 40259 4844 12469 8988 4074 3771 206218 4561 2374 1340
internal_count=762450 464313 4608 298137 6540 291597 15906 4686 1160 11220 1569 9651 9425 6067 4484 3358 275691 56604 219087 12869 40259 4844 12469 8988 4074 3771 206218 4561 2374 1340
cat_boundaries=0 2 4 6 9 11 13 15 18
cat_threshold=3371894204 1075862247 2648323901 67312007 536905728 1086079040 35981440 1073696 1 2214892822 2566919657 0 139264 1098466341 406112 1927397570 1347876440 1
is_linear=0
shrinkage=0.06


Tree=269
num_leaves=31
num_cat=8
split_feature=16 104 19 140 133 104 140 47 102 104 129 0 67 25 67 19 104 59 0 104 104 124 129 104 130 3 137 104 132 126
split_gain=83.3612 183.471 109.761 127.445 275.157 226.133 220.351 214.647 205.209 474.036 292.367 170.329 169.152 164.748 161.394 284.159 181.088 158.139 154.882 154.808 149.332 159.37 145.717 135.915 130.412 125.929 124.671 381.764 355.663 412.894
threshold=30.680000000000003 0 111.11593750000002 51.000000000000007 0.94353349168649059 1 4.5000000000000009 1086.1895833333335 10.500000000000002 2 148.50000000000003 37.132500000000007 37.500000000000007 0.89761298328108685 181.50000000000003 86.734722222222231 3 176.37000000000003 159.01000000000002 4 5 0.061666666666666689 130.50000000000003 6 -0.37940952255126059 106.68750000000001 0.0029690647565655589 7 -0.78789334285648371 166.62500000000003
decision_type=8 1 10 2 2 1 2 10 2 1 2 2 2 8 2 10 1 10 2 1 1 2 2 1 2 10 2 1 2 2
left_child=1 -1 3 6 8 -6 7 11 19 14 -11 -2 -13 -9 22 16 -16 -7 20 -5 -14 -22 -10 -24 -12 -23 28 -28 29 -4
right_child=2 -3 26 4 5 17 -8 13 9 10 24 12 18 -15 15 -17 -18 -19 -20 -21 21 25 23 -25 -26 -27 27 -29 -30 -31
leaf_value=-0.13252102680658104 -0.10397940407586385 0.013485344918434308 -0.18352916162145788 -0.13653190347678021 -0.075727778374171342 0.14886764276868192 -0.014292587273597803 0.21642943366559605 0.022188392813321797 0.035243438159065194 0.2651444147167703 0.19458137489763161 -0.078107669351301187 -0.080843340501885019 -0.068368316834012718 -0.1533959271647754 0.37655657115993135 0.89914063497865526 0.764697461172542 0.039156941364595001 0.12666683770665116 -0.017958118984330154 -0.32385723243469983 -0.080997391406664287 1.0746542738083495 0.11631217766997232 -0.34201424108555767 -0.010175481116986589 -0.0066839986212050917 2.1823047072002311
leaf_weight=8008 3678 10624 1605 11353 2447 3936 143447 5783 2843 4802 2540 5391 8979 926 1692 4727 3505 4113 1977 11355 4244 14191 1972 1882 4390 3106 17792 55639 413431 1935
leaf_count=8008 3678 10624 1605 11353 2447 3936 143447 5783 2843 4802 2540 5391 8979 926 1692 4727 3505 4113 1977 11355 4244 14191 1972 1882 4390 3106 17792 55639 413431 1935
internal_value=-3.54972e-05 -0.00399936 6.38176e-05 0.0010781 0.00345333 0.0123007 0.000315455 0.00382177 0.00163448 0.00503844 0.0142655 0.00221426 0.00341102 0.0137794 -0.00148268 0.0033733 0.013055 0.0171439 0.00177796 -0.0026157 0.000723436 0.00343263 -0.0086802 -0.0162802 0.0221613 0.000877558 -0.00046003 -0.00273968 -5.85651e-05 0.018876
internal_weight=762313 18632 743681 253279 61557 10496 191722 48275 51061 28353 11732 41566 37888 6709 16621 9924 5197 8049 32497 22708 30520 21541 6697 3854 6930 17297 490402 73431 416971 3540
internal_count=762313 18632 743681 253279 61557 10496 191722 48275 51061 28353 11732 41566 37888 6709 16621 9924 5197 8049 32497 22708 30520 21541 6697 3854 6930 17297 490402 73431 416971 3540
cat_boundaries=0 3 5 7 9 12 14 16 18
cat_threshold=3096597638 1149279720 1 218631220 2239789090 1075955810 273671770 100352 273227776 3135186665 101812884 1 472489917 1837242531 1073791042 295962 3240187978 3009799704
is_linear=0
shrinkage=0.06


Tree=270
num_leaves=31
num_cat=5
split_feature=130 24 36 68 1 111 5 126 25 130 126 91 130 125 113 58 104 99 104 104 104 127 111 126 131 122 130 112 130 111
split_gain=74.5886 180.01 128.565 111.171 87.6882 329.2 937.43 300.59 259.302 313.517 327.039 318.8 321.641 305.918 544.278 306.879 285.99 403.512 245.017 236.558 227.182 224.713 406.525 234.449 220.365 330.615 300.017 266.447 251.133 388.419
threshold=-0.98296291314453399 -2.7706597222222231 0.42518806199116627 20.850000000000005 197.01250000000002 95.500000000000014 0.62450000000000017 65.475000000000009 0.78795320115057688 0.91597561503675362 46.525000000000013 0 -0.37940952255126059 0.20130000000000003 245.50000000000003 359.93000000000001 1 0.95436825032516992 2 3 4 9.1002937973849942 97.500000000000014 96.100000000000009 -0.9159756150367534 0.37713367162428924 0.25881904510252091 3.1350000000000002 -0.91597561503675329 92.500000000000014
decision_type=2 8 2 2 8 2 10 2 10 2 2 1 2 2 2 2 1 2 1 1 1 2 2 2 2 2 2 2 2 2
left_child=1 2 -1 -4 5 8 18 20 -2 10 11 12 -10 16 -15 -16 17 -12 -7 -17 -8 22 23 -9 26 27 -18 -26 -27 -30
right_child=4 -3 3 -5 -6 6 7 21 9 -11 13 -13 -14 14 15 19 24 -19 -20 -21 -22 -23 -24 -25 25 28 -28 -29 29 -31
leaf_value=-0.026354000960180882 0.028411938173565188 0.22654873383424137 -1.229331992611137 -0.23040254431429461 -0.017657867118718116 0.07778853187942672 0.69785167405514104 0.71617911652027888 0.0098388463541334657 -0.20555936360447161 0.0049863287150486713 -0.071901740258672353 0.94630045268402796 0.42080229288418192 -0.12256218011268231 -0.15081816422144101 -0.14122797896346212 -0.22887536954001575 -0.23449047774030388 -0.63339316144883584 -0.0045493907485297308 0.065004119533090265 1.0883226490532212 0.1137029473717331 -0.12712185620562649 0.1789174856765868 0.15083850525416437 0.024240868743637876 -0.068584806802414272 0.38080778754938877
leaf_weight=2179 176462 1398 739 1655 416368 5781 978 1842 2877 12623 13474 5599 4571 2627 8301 2044 2094 9403 7284 3508 4023 1547 2560 2936 15851 10453 12874 9133 17927 3291
leaf_count=2179 176462 1398 739 1655 416368 5781 978 1842 2877 12623 13474 5599 4571 2627 8301 2044 2094 9403 7284 3508 4023 1547 2560 2936 15851 10453 12874 9133 17927 3291
internal_value=-6.23292e-05 -0.00674146 -0.0125011 -0.022096 -9.59769e-06 0.00070522 0.00706812 0.0179218 0.000157515 -0.0018046 -0.000887703 0.00809779 0.0162167 -0.00194412 -0.00948729 -0.0142356 -0.000628565 -0.00646714 -0.00446809 -0.025154 0.00615354 0.0245442 0.0289249 0.0185813 0.00123712 -0.000473383 0.00771194 -0.00563378 0.0035975 -0.000152693
internal_weight=762402 5971 4573 2394 756431 340063 26951 13886 313112 136650 124027 13047 7448 110980 16480 13853 94500 22877 13065 5552 5001 8885 7338 4778 71623 56655 14968 24984 31671 21218
internal_count=762402 5971 4573 2394 756431 340063 26951 13886 313112 136650 124027 13047 7448 110980 16480 13853 94500 22877 13065 5552 5001 8885 7338 4778 71623 56655 14968 24984 31671 21218
cat_boundaries=0 1 3 5 7 9
cat_threshold=9 1158185268 252320038 3814839682 1678683849 853717177 318513732 1622388744 549444
is_linear=0
shrinkage=0.06


Tree=271
num_leaves=31
num_cat=1
split_feature=125 124 130 98 109 102 109 31 5 114 52 121 28 103 118 137 114 130 119 114 119 34 114 19 103 120 106 127 21 130
split_gain=72.4391 91.1128 185.652 250.939 156.502 126.599 128.226 117.863 139.436 97.9502 98.9129 91.2149 97.5303 86.9631 85.4685 75.5224 294.514 460.003 250.86 169.117 197.162 159.849 177.213 138.337 132.92 130.003 127.428 124.018 122.779 105.285
threshold=0.85793333333333355 0.83500000000000008 -0.37940952255126059 0.23014236637527921 1452.5000000000002 25.500000000000004 1547.5000000000002 135.60370439059309 1.8795000000000004 0.30318677944546701 1.7757601259644773 991.1500000000002 188.32562500000003 0.11615362555050888 3.6500000000000008 0.61497421480319081 0.044485562806502378 0.60355339059327384 698.50000000000011 -0.20152843261458722 569.50000000000011 0.5525000000000001 -0.34766409821195499 120.97986111111113 0.61497421480319081 99.500000000000014 0 24.402265416142299 167.6166666666667 0.37940952255126054
decision_type=2 2 2 2 2 2 2 10 10 2 2 2 8 2 2 2 2 2 2 2 2 10 2 10 2 2 1 2 10 2
left_child=1 14 3 4 13 7 11 8 -4 10 -9 12 -7 -3 15 24 17 19 26 20 -17 22 -19 25 29 -23 27 -18 -22 -1
right_child=-2 2 5 -5 -6 6 -8 9 -10 -11 -12 -13 -14 -15 -16 16 18 21 -20 -21 28 23 -24 -25 -26 -27 -28 -29 -30 -31
leaf_value=0.012699186879439424 0.64135036090356379 0.31432301064124202 0.0027011507423401323 -0.69100755781843071 -0.57187601939968125 0.024694763402574153 0.61730247739403266 0.050929764768655725 -0.64895306570966738 -0.80599586354470543 0.80432327105191515 -0.059257739012503516 -1.5181473942064037 -0.24994937360530378 -0.35146581841699814 -0.098932838197989953 0.75216206178378353 2.5518134001946016 3.3318202507906927 -1.973384320808429 -0.12966300147072132 -1.3783769874427929 -1.292590984028402 3.6412652952019076 -0.21452424816658947 0.94684036998330723 -0.17342881727112683 -0.30475830729940212 -2.5226034931521997 -0.020854807700797905
leaf_weight=451123 1483 1767 4139 1263 944 281 270 1504 518 445 2276 801 1089 958 929 4237 4164 1660 660 637 345 388 224 334 6753 66 1877 548 471 270860
leaf_count=451123 1483 1767 4139 1263 944 281 270 1504 518 445 2276 801 1089 958 929 4237 4164 1660 660 637 345 388 224 334 6753 66 1877 548 471 270860
internal_value=-2.23325e-05 -4.81398e-05 -0.00449188 -0.0142064 -0.00626158 -0.000259626 -0.0123587 0.00306653 -0.00351653 0.0103218 0.0134568 -0.0172099 -0.0266083 0.00103448 4.87872e-05 7.14988e-05 0.00420061 -0.00347244 0.013051 -0.0131154 -0.00943807 0.0170595 0.0265464 -0.00562738 -1.69609e-05 -0.0271648 0.00951442 0.0147618 -0.0364259 6.14141e-05
internal_weight=763014 761531 16255 4932 3669 11323 2441 8882 4657 4225 3780 2171 1370 2725 745276 744347 15611 8362 7249 5690 5053 2672 1884 788 728736 454 6589 4712 816 721983
internal_count=763014 761531 16255 4932 3669 11323 2441 8882 4657 4225 3780 2171 1370 2725 745276 744347 15611 8362 7249 5690 5053 2672 1884 788 728736 454 6589 4712 816 721983
cat_boundaries=0 1
cat_threshold=9
is_linear=0
shrinkage=0.06


Tree=272
num_leaves=31
num_cat=10
split_feature=8 139 134 104 112 98 121 104 111 104 90 112 104 127 98 104 133 104 104 32 109 104 114 113 111 104 121 53 104 113
split_gain=84.7376 120.927 120.567 163.494 177.938 156.132 179.535 149.212 127.84 106.992 102.085 101.58 229.951 176.818 181.926 185.743 148.585 164.364 145.489 122.281 129.465 217.119 121.605 116.478 137.362 165.921 109.99 130.835 124.826 115.087
threshold=286.63708333333341 64.500000000000014 1.0000000180025095e-35 0 2.7150000000000003 -0.21756855694718769 991.25000000000011 1 87.500000000000014 2 5.5000000000000009 1.7550000000000001 3 18.064549092751289 0.094468741652255758 4 0.99981043035926087 5 6 39.002000000000002 117.50000000000001 7 0.99850110263328529 18.500000000000004 52.500000000000007 8 988.6500000000002 33.508222557142808 9 121.50000000000001
decision_type=10 2 2 1 2 2 2 1 2 1 2 2 1 2 2 1 2 1 1 8 2 1 2 2 2 1 2 10 1 2
left_child=11 2 7 4 5 6 -4 -2 -8 -10 -6 12 13 16 18 -16 23 -18 22 20 -14 -22 -15 24 25 -1 28 29 -25 -28
right_child=1 -3 3 -5 10 -7 8 -9 9 -11 -12 -13 19 14 15 -17 17 -19 -20 -21 21 -23 -24 26 -26 -27 27 -29 -30 -31
leaf_value=-0.33498741907351159 -0.35376258826274382 -0.5519815951940239 0.13762555621798639 -0.21997828868937233 -0.062188269743726605 -0.056793068428070796 2.8251160473589563 -0.056108273841173284 3.4640363352364787 -1.0253973756774348 -1.0998132893738388 0.012689525266997492 -0.20260588515911193 0.43817409571436766 0.088981269362108151 -0.71752844534827043 -1.9125784262872696 1.5559626445772374 -0.3625391660104117 0.00012157900039575508 0.098649057289713862 -0.12707029816212284 -0.43950493016966619 0.085623772693750766 -0.31190920629160218 1.9325399688388205 -0.0932701934728314 0.86192923086609596 -0.040842761718633547 0.14435585958285393
leaf_weight=227 14352 1189 2430 7292 1768 2913 3043 33224 478 453 474 488412 45478 2355 509 1218 116 647 3077 35212 11870 14462 577 12906 2856 391 8779 2174 27334 36816
leaf_count=227 14352 1189 2430 7292 1768 2913 3043 33224 478 453 474 488412 45478 2355 509 1218 116 647 3077 35212 11870 14462 577 12906 2856 391 8779 2174 27334 36816
internal_value=-3.97886e-05 -0.00206753 -0.00172789 0.00233291 0.0067675 0.010425 0.0156628 -0.00333691 0.023517 0.00405579 -0.00839947 0.000157373 -0.000956499 0.00111248 -0.00759984 -0.0247569 0.00184331 0.0281937 -0.00266556 -0.0028892 -0.00430965 -0.000961531 0.00689093 0.00162323 -0.00915108 0.0164782 0.00204863 0.00399539 -0.000262419 0.0033095
internal_weight=763032 67616 66427 18851 11559 9317 6404 47576 3974 931 2242 695416 207004 99982 7736 1727 92246 763 6009 107022 71810 26332 2932 91483 3474 618 88009 47769 40240 45595
internal_count=763032 67616 66427 18851 11559 9317 6404 47576 3974 931 2242 695416 207004 99982 7736 1727 92246 763 6009 107022 71810 26332 2932 91483 3474 618 88009 47769 40240 45595
cat_boundaries=0 2 5 7 9 11 13 15 18 20 22
cat_threshold=336239671 3723500000 1979868491 3506228760 1 32788 3290437664 3624846791 3834027417 1073791042 164888 268468225 131328 3356098819 1619007497 586221568 34079238 1 1073742914 396312 442370 3229778048
is_linear=0
shrinkage=0.06


Tree=273
num_leaves=31
num_cat=6
split_feature=61 130 126 104 104 111 110 104 128 120 110 132 132 132 132 124 136 133 113 104 84 109 104 110 130 126 122 113 104 132
split_gain=85.1357 121.923 117.64 251.131 249.983 191.944 284.135 314.492 219.998 206.75 186.196 207.639 185.982 237.997 215.149 210.754 179.861 335.722 253.766 238.906 211.461 198.398 185.978 181.506 163.903 163.899 178.128 159.232 184.017 184.584
threshold=4.8049427457398037 -0.98296291314453399 134.30000000000004 0 1 75.500000000000014 19.050000000000004 2 0.041597101485909123 90.500000000000014 21.250000000000004 -0.8283650867723894 -0.047287273540950005 0.37744852145085445 -0.26762560548918296 0.72166666666666679 1.0000000180025095e-35 0.98770287048522643 302.50000000000006 3 3.1450000000000009 152.50000000000003 4 14.65 1.0000000180025095e-35 101.55000000000001 0.64498652853753657 286.50000000000006 5 0.025799818015934263
decision_type=2 2 2 1 1 2 2 1 2 2 2 2 2 2 2 2 2 2 2 1 10 2 1 2 2 2 2 2 1 2
left_child=1 -1 4 12 -2 6 7 24 10 -8 11 -7 14 15 -4 -14 20 18 19 -18 22 -22 -5 -20 -6 26 -12 -13 -29 -30
right_child=2 -3 3 16 5 8 9 -9 -10 -11 25 27 13 -15 -16 -17 17 -19 23 -21 21 -23 -24 -25 -26 -27 -28 28 29 -31
leaf_value=-0.14432197939495309 0.062557231531560259 0.011618652828908864 -0.083075541620666937 0.25199444539572452 -0.040981369989893893 -0.38861450856390206 -0.060950832459182321 -0.67460320556982933 2.3825483694723602 1.2845845684867037 1.8715242613876983 -0.18619340706127502 0.10979723176621008 -0.12638488334517006 -0.35097889339200716 -0.92316844408445087 -0.10476936623119983 1.7572165168006415 -0.67879602233695402 0.73681007013447775 -0.46905450612872129 0.010432394932171575 0.023645606197328559 0.21389915451702024 -0.84651864507465968 -1.1369368128825856 0.0067179658645216021 -0.17652307882880364 0.43227774161488042 -0.079227712908658252
leaf_weight=4003 60452 367047 31426 15631 10317 6573 12203 11757 606 871 1936 37476 18384 11870 9887 363 1544 1590 1369 2384 3725 4160 105125 1281 2363 319 1721 12642 15344 8073
leaf_count=4003 60452 367047 31426 15631 10317 6573 12203 11757 606 871 1936 37476 18384 11870 9887 363 1544 1590 1369 2384 3725 4160 105125 1281 2363 319 1721 12642 15344 8073
internal_value=-8.29439e-05 0.000568224 -0.000700268 0.00027278 -0.00181228 -0.00337332 -0.00694658 -0.010766 -0.00179098 0.000192734 -0.00205078 -0.00267985 -0.00259713 0.000946502 -0.0052239 0.00515575 0.00178176 0.010415 0.00443228 0.0141105 0.00123366 -0.00828557 0.0018553 -0.00991324 -0.00419825 0.0106211 0.0142209 -0.00176648 0.00107987 0.00422827
internal_weight=762442 371050 391392 208739 182653 122201 37511 24437 84690 13074 84084 80108 71930 30617 41313 18747 136809 8168 6578 3928 128641 7885 120756 2650 12680 3976 3657 73535 36059 23417
internal_count=762442 371050 391392 208739 182653 122201 37511 24437 84690 13074 84084 80108 71930 30617 41313 18747 136809 8168 6578 3928 128641 7885 120756 2650 12680 3976 3657 73535 36059 23417
cat_boundaries=0 2 4 6 8 10 12
cat_threshold=1082681426 3688952888 1082706000 3416961072 1058288681 68501572 2753659564 605028928 536871040 448 788803618 339739976
is_linear=0
shrinkage=0.06


Tree=274
num_leaves=31
num_cat=7
split_feature=0 140 104 0 127 139 134 132 127 132 104 109 35 140 22 89 126 104 22 89 99 137 114 104 132 132 139 69 104 132
split_gain=76.7313 229.451 173.207 126.723 97.2004 95.2185 135.345 179.294 109.847 112.445 105.611 103.931 84.3327 170.003 441.719 284.088 271.801 222.999 203.192 179.504 163.598 161.452 215.034 184.876 233.737 204.958 217.594 164.83 161.272 158.679
threshold=300.61250000000007 1.5000000000000002 0 453.17500000000007 0.8321727753322804 64.500000000000014 1.0000000180025095e-35 -0.18386704952168662 75.112654610106716 -0.78789334285648371 1 872.50000000000011 265.78500000000003 2.5000000000000004 -13.749999999999991 2 103.97500000000001 3 -13.749999999999991 4 0.93469109537144635 0.0041436636651481012 1.5491832711765425 5 0.025799818015934263 -0.48970496317164519 45.500000000000007 16.450000000000003 6 -0.70822003333690042
decision_type=2 2 1 2 2 2 2 2 2 2 1 2 10 2 8 1 2 1 10 1 2 2 2 1 2 2 2 2 1 2
left_child=12 3 5 -2 -4 6 11 8 10 -10 -8 -3 -1 14 15 -14 20 -17 21 28 -16 22 23 24 25 26 -15 -23 -18 -24
right_child=1 2 4 -5 -6 -7 7 -9 9 -11 -12 -13 13 18 16 17 19 -19 -20 -21 -22 27 29 -25 -26 -27 -28 -29 -30 -31
leaf_value=-0.011384593692450266 0.35157567852538818 -0.063385970425416646 -0.81411069087542898 3.9287368616654121 -0.27444978549607069 -0.71512589293239104 0.34414553035013623 -0.31911803197012428 1.3605637959762038 -0.67667046886453242 1.8780201383532824 -0.4977286183711388 -0.029868508781533479 -0.89916870059738074 0.018123090194628162 -0.015095708829380002 -0.20872194865113838 -0.37494336941388934 -0.0039386295011405534 0.24531753057850722 -0.41107066534767994 -0.22976402056614204 0.34933628298764485 0.089224104685792435 0.091869012548791887 1.0572852638954737 0.39289218378314683 0.075172710486143893 0.13918007086696177 -0.00097953396455096697
leaf_weight=254609 2790 21501 2471 693 16930 670 2326 2445 491 951 3077 1957 11045 1000 8169 3644 3653 10980 215680 8555 4532 11981 10009 37651 16319 12668 9554 15114 6123 64719
leaf_count=254609 2790 21501 2471 693 16930 670 2326 2445 491 951 3077 1957 11045 1000 8169 3644 3653 10980 215680 8555 4532 11981 10009 37651 16319 12668 9554 15114 6123 64719
internal_value=-2.10151e-05 -0.00215264 -0.00313631 0.0127612 -0.00764373 -0.000516916 -5.86277e-05 0.00607039 0.0110517 -0.00365904 0.0149778 -0.00248604 0.000148979 0.000641475 -0.0024306 -0.00825321 0.00238585 -0.0137342 0.00108281 0.00705979 -0.00435994 0.00257709 0.00333805 0.00555905 0.00842385 0.012293 0.00611653 -0.00168955 0.00149586 0.00104377
internal_weight=762307 56302 52819 3483 19401 33418 32748 9290 6845 1442 5403 23458 706005 451396 56701 25669 31032 14624 394695 18331 12701 179015 151920 77192 39541 23222 10554 27095 9776 74728
internal_count=762307 56302 52819 3483 19401 33418 32748 9290 6845 1442 5403 23458 706005 451396 56701 25669 31032 14624 394695 18331 12701 179015 151920 77192 39541 23222 10554 27095 9776 74728
cat_boundaries=0 2 4 5 7 8 11 13
cat_threshold=2236128916 1029708258 2168985232 536871042 38 3229802722 272745560 140 2637765381 3827833507 1 1292377140 1294113058
is_linear=0
shrinkage=0.06


Tree=275
num_leaves=31
num_cat=7
split_feature=21 98 110 19 104 124 104 122 139 121 109 104 21 101 129 111 104 110 104 130 25 130 104 5 111 104 98 113 132 0
split_gain=71.2394 226.234 192.777 162.17 186.463 133.534 124.681 150.575 155.304 135.657 127.87 331.468 178.695 127.49 116.558 115.117 426.839 352.246 408.483 435.837 378.02 374.512 604.56 324.455 364.009 301.643 284.783 253.354 296.021 244.027
threshold=113.21666666666668 -0.9953885283364815 26.950000000000003 62.027222222222228 0 0.44166666666666671 1 0.60229442014942847 17.500000000000004 995.1500000000002 32.500000000000007 2 74.316666666666677 0.93301270189221952 22.500000000000004 85.500000000000014 3 12.050000000000002 4 -1.0000000180025095e-35 0.98625126803000995 0.91597561503675362 5 0.28950000000000004 88.500000000000014 6 -0.76624641395159687 114.50000000000001 0.14569472580964501 129.65541778564457
decision_type=10 2 2 8 1 2 1 2 2 2 2 1 8 2 2 2 1 2 1 2 10 2 1 10 2 1 2 2 2 2
left_child=3 2 5 4 -1 -2 10 9 -9 -8 11 13 14 -5 -12 17 23 18 -3 20 -20 25 -23 24 -17 -19 -21 28 -18 -30
right_child=1 15 -4 6 -6 -7 7 8 -10 -11 12 -13 -14 -15 -16 16 27 21 19 26 -22 22 -24 -25 -26 -27 -28 -29 29 -31
leaf_value=0.057480517973894078 -0.18870169587482166 0.023197984037781935 0.081525724369843719 -0.29681911819941176 -0.028918710535866407 -0.54008954085961003 0.037025279772894347 0.031518672428110503 0.40860977947412963 0.3777572820877077 0.72871062510863249 0.1576841850409039 0.024614440749886127 -1.2136926090387075 0.097923566634487993 0.16796471065278665 0.18124688664907693 -0.051007917803238739 0.12559561039153833 1.7271033907171818 -0.51815073928392819 1.9951973907276479 -0.020278930333599589 0.093236459746643727 -0.23257643500013273 0.030547818700141959 -0.46490700756620185 0.14557952172221433 0.022832007051398762 -0.48242019736713526
leaf_weight=16854 2587 20332 1750 1945 46225 1581 21583 2237 4074 1229 320 2877 21764 459 633 13792 9903 170324 7825 691 2044 3192 4902 24868 55197 220117 16339 78706 3212 4569
leaf_count=16854 2587 20332 1750 1945 46225 1581 21583 2237 4074 1229 320 2877 21764 459 633 13792 9903 170324 7825 691 2044 3192 4902 24868 55197 220117 16339 78706 3212 4569
internal_value=-5.47149e-05 -0.000305733 -0.0119818 0.00128585 -0.000811351 -0.0189974 0.00360176 0.00634928 0.0145532 0.00408188 0.00074119 -0.00766755 0.00269654 -0.0240497 0.0281132 -0.000197071 0.00103854 -0.000724414 -0.00562373 -0.0104727 -0.000443769 -0.000143776 0.01263 -0.00184152 -0.0039597 -0.000408614 -0.0162903 0.0038427 -0.00264631 -0.0114032
internal_weight=762131 641931 5918 120200 63079 4168 57121 29123 6311 22812 27998 5281 22717 2404 953 636013 190247 445766 47231 26899 9869 398535 8094 93857 68989 390441 17030 96390 17684 7781
internal_count=762131 641931 5918 120200 63079 4168 57121 29123 6311 22812 27998 5281 22717 2404 953 636013 190247 445766 47231 26899 9869 398535 8094 93857 68989 390441 17030 96390 17684 7781
cat_boundaries=0 2 4 6 8 10 12 15
cat_threshold=202148209 2872516659 3899108517 154512164 541232128 8448 1058514489 2342216449 136817977 2333549346 2491942589 1225873824 1356974274 4032624186 1
is_linear=0
shrinkage=0.06


Tree=276
num_leaves=31
num_cat=9
split_feature=6 35 132 98 130 104 104 130 111 104 104 110 132 110 115 104 131 104 111 120 130 104 126 104 111 120 109 104 98 110
split_gain=71.0344 144.852 165.404 596.879 437.685 356.833 267.487 238.465 475.063 659.596 376.035 385.398 352.321 319.653 269.203 267.891 314.597 343.299 281.287 258.358 462.637 409.164 318.276 264.961 253.789 252.602 250.655 244.467 248.812 260.1
threshold=292.82500000000005 270.32500000000005 -0.76624641395159687 -0.76624641395159687 -1.0000000180025095e-35 0 1 0.37940952255126054 80.500000000000014 2 3 7.2500000000000009 -0.74369257357766683 15.250000000000002 -0.99161074734311649 4 0.1294095225512602 5 81.500000000000014 1.5000000000000002 -0.78656609248549303 6 75.750000000000014 7 73.500000000000014 11.500000000000002 237.50000000000003 8 -0.3006092291086655 10.850000000000003
decision_type=10 10 2 2 2 1 1 2 2 1 1 2 2 2 2 1 2 1 2 2 2 1 2 1 2 2 2 1 2 2
left_child=-1 -2 5 4 -4 -3 -6 15 9 -9 -10 -12 -11 14 24 16 -5 18 -18 20 21 -17 23 -21 -14 -13 -24 -27 -29 -30
right_child=1 2 3 7 6 -7 -8 8 10 12 11 25 13 -15 -16 19 17 -19 -20 22 -22 -23 26 -25 -26 27 -28 28 29 -31
leaf_value=0.010409749109139312 -0.084848600749714648 0.053138348465540018 -0.019082409337380566 0.021389583772479313 0.65651621082662814 -0.25972293065165841 3.5704110690958117 0.10156565113870072 -0.1424241334522543 2.5542941390351199 -0.16976522119884976 0.33675386974934041 -0.55327738778145064 0.063117585237267806 -1.1057552505430024 0.086108728045471136 1.276717160543585 0.11427794639400544 0.240207527048276 -0.61622933547827752 0.025346191502066517 -0.40954209673883996 0.31338201033567004 0.10344274505435237 -0.061294976700528137 0.38310779043535376 0.014783176420839367 1.0999259111436646 0.043221311739984003 -0.39020428980985711
leaf_weight=296216 55974 33578 2143 56106 1035 33633 2098 10676 44912 647 5815 26933 5350 2779 5748 7695 10257 22200 6914 5052 39523 18864 17962 4892 3506 4837 21025 1725 8469 6052
leaf_count=296216 55974 33578 2143 56106 1035 33633 2098 10676 44912 647 5815 26933 5350 2779 5748 7695 10257 22200 6914 5052 39523 18864 17962 4892 3506 4837 21025 1725 8469 6052
internal_value=-6.4672e-05 -0.000526157 -0.000135664 0.000397359 0.0204207 -0.00285753 0.0347096 8.46896e-05 -0.00196359 -0.00875745 1.1545e-05 0.00339326 -0.0157508 -0.017378 -0.0209271 0.0013249 0.00367397 0.00778574 0.0141532 -0.000625435 -0.0030725 -0.00919654 0.00267923 -0.00690196 -0.0143615 0.00516067 0.00512311 0.00024189 -0.00328474 -0.0058463
internal_weight=762616 466400 410426 343215 5276 67211 3133 337939 127449 28706 98743 53831 18030 17383 14604 210490 95477 39371 17171 115013 66082 26559 48931 9944 8856 48016 38987 21083 16246 14521
internal_count=762616 466400 410426 343215 5276 67211 3133 337939 127449 28706 98743 53831 18030 17383 14604 210490 95477 39371 17171 115013 66082 26559 48931 9944 8856 48016 38987 21083 16246 14521
cat_boundaries=0 3 5 7 9 11 13 15 18 20
cat_threshold=612893557 67803575 1 2164267008 3484549190 102861337 186458976 1863586361 534178112 2869959945 2947237952 151002112 193085440 795184 1073750021 281420452 1311111 1 49346 1180
is_linear=0
shrinkage=0.06


Tree=277
num_leaves=31
num_cat=8
split_feature=28 104 115 115 120 104 111 133 133 104 139 132 121 133 109 104 134 35 104 104 25 104 111 25 132 104 109 140 99 1
split_gain=80.0408 168.649 114.029 112.878 113.181 231.97 139.558 261.476 161.146 155.409 131.254 153.081 120.693 107.306 152.362 120.005 106.262 103.855 216.417 144.109 220.666 238.881 175.279 770.586 352.556 284.663 227.22 181.508 269.828 235.895
threshold=358.19791666666674 0 1.8859116222410479 -2.0588344914883536 59.500000000000007 1 64.500000000000014 0.9989598388634241 0.99138911339924218 2 50.500000000000007 -0.69597197703514313 993.05000000000007 0.77652048701313048 1192.5000000000002 3 1.0000000180025095e-35 311.75500000000005 4 5 0.97475805823593131 6 95.500000000000014 0.82146345820268996 0.55923163791368669 7 32.500000000000007 4.5000000000000009 0.93469109537144635 62.550000000000004
decision_type=8 1 2 2 2 1 2 2 2 1 2 2 2 2 2 1 2 10 1 1 10 1 2 10 2 1 2 2 2 8
left_child=17 3 -3 -2 6 -6 7 8 13 10 -8 -12 -13 -5 15 -15 -7 19 -19 20 -1 -22 27 24 25 -24 -25 28 29 -21
right_child=1 2 -4 4 5 16 9 -9 -10 -11 11 12 -14 14 -16 -17 -18 18 -20 22 21 -23 23 26 -26 -27 -28 -29 -30 -31
leaf_value=-0.032666130236973456 -0.23872766137275617 -0.097759590735042812 -0.58967244399620777 -0.2031830115465415 -1.3477327231115692 -0.25947681512365517 0.32634221944337721 2.2502325416479843 -1.1596694272528398 0.0296341531512536 3.7761059168320479 0.39999603734477657 2.8088959442820416 0.65894985578049436 2.2186562192423631 -0.13353148157635261 0.6166714758564853 -0.044173350806057096 0.062166611516779678 -0.077399776367500117 -0.033961545171647317 -0.30052985315461883 -0.42155402971772288 0.10085399070242487 2.7921525440313388 0.036954174190320828 0.56093536890076656 -0.017242317679689732 -0.098836943655593354 0.09328699121141816
leaf_weight=70715 5361 79823 2241 9272 1350 4721 8538 444 825 9507 731 2725 1566 2625 442 3664 3038 66163 194584 3287 4378 4398 5237 2762 519 5465 6364 214699 9623 37596
leaf_count=70715 5361 79823 2241 9272 1350 4721 8538 444 825 9507 731 2725 1566 2625 442 3664 3038 66163 194584 3287 4378 4398 5237 2762 519 5465 6364 214699 9623 37596
internal_value=-7.74915e-05 -0.00139179 -0.00311276 0.00118533 0.00208215 -0.00395829 0.00344621 -0.000632201 -0.00183255 0.00649991 0.0106197 0.0183237 0.0139935 -0.000498625 0.00526738 0.00287122 5.40541e-05 0.000209974 0.00112453 -0.000443289 -0.00270257 -0.011676 0.000185738 0.00555239 -0.00497772 -0.00732131 0.018499 -0.000226013 0.00301028 0.00513795
internal_weight=762663 136873 82064 54809 49448 9109 40339 17272 16828 23067 13560 5022 4291 16003 6731 6289 7759 625790 260747 365043 79491 8776 285552 20347 11221 10702 9126 265205 50506 40883
internal_count=762663 136873 82064 54809 49448 9109 40339 17272 16828 23067 13560 5022 4291 16003 6731 6289 7759 625790 260747 365043 79491 8776 285552 20347 11221 10702 9126 265205 50506 40883
cat_boundaries=0 2 4 6 8 10 12 14 17
cat_threshold=1695025299 991965288 0 150994944 1141377024 184561760 553650177 150995008 1086734914 457229400 755501365 2150111331 536872993 2150105152 2425750024 517029892 1
is_linear=0
shrinkage=0.06


Tree=278
num_leaves=31
num_cat=1
split_feature=111 112 20 127 119 139 119 126 119 112 110 122 119 98 119 115 120 19 35 110 113 54 24 112 120 132 114 121 113 105
split_gain=75.5428 262.233 284.215 183.807 214.259 157.514 147.726 145.129 243.929 220.21 403.387 296.49 154.722 143.717 152.575 262.787 190.943 137.835 132.589 124.81 124.425 121.404 133.67 119.646 166.713 169.655 157.401 116.316 116.948 114.085
threshold=42.500000000000007 3.2050000000000005 18.612043109798481 94.12546632628893 581.50000000000011 65.500000000000014 56.500000000000007 1638.7500000000002 698.50000000000011 2.4350000000000005 23.850000000000005 0.12908475948795017 456.50000000000006 0.21336913576298863 624.50000000000011 -0.21222423359054723 1.0000000180025095e-35 113.56493055555556 307.48500000000007 29.550000000000004 302.50000000000006 149.55196675492894 -63.49409722222223 4.4750000000000005 1.0000000180025095e-35 -0.25101255527900046 1.7552359827386967 980.95000000000016 314.50000000000006 0
decision_type=2 2 8 2 2 2 2 2 2 2 2 2 2 2 2 2 2 8 10 2 2 10 10 2 2 2 2 2 2 1
left_child=1 2 20 6 -5 7 -3 13 9 11 -11 -9 -12 14 15 29 17 -16 -14 -20 -1 -2 -23 24 25 27 -26 -8 -29 -4
right_child=21 3 5 4 -6 -7 23 8 -10 10 12 -13 18 -15 16 -17 -18 -19 19 -21 -22 22 -24 -25 26 -27 -28 28 -30 -31
leaf_value=-0.043906289694068762 0.002194473391168543 0.97983082354186657 -0.049575276987523578 0.67987174154102947 -0.21306579041839513 0.42393213970348637 -1.1629375039549774 0.21109556136640648 0.53111835014499598 0.034242381428988576 0.10577116283105084 -0.18519948239611125 -0.2168479039513663 -0.42359454651937711 -0.13220973374816247 1.8927039786329385 0.5807972694771214 -1.3450643208857826 -1.1951389693136309 4.8037745225149235 0.20977532118702427 2.762650047503334 0.14623533239931716 -0.20419869702373289 0.3722946742146388 -0.22211908679874692 -0.1660565869921998 0.29633484702486329 -0.017778849751095435 -0.38919992678301413
leaf_weight=1735 696682 576 3559 1101 6818 628 136 4090 1418 3046 427 3878 850 525 872 707 346 1422 2484 89 2463 1116 2776 1172 637 998 3312 10007 2036 6743
leaf_count=1735 696682 576 3559 1101 6818 628 136 4090 1418 3046 427 3878 850 525 872 707 346 1422 2484 89 2463 1116 2776 1172 637 998 3312 10007 2036 6743
internal_value=-1.69147e-05 -0.002023 -0.00542131 0.00245204 -0.0052197 -0.00740035 0.00567099 -0.00801392 -0.00414911 -0.00641776 -0.0142671 0.000376459 -0.0271722 -0.0124529 -0.0112659 -0.00815804 -0.0242181 -0.0304837 -0.0314194 -0.0382051 0.00923077 0.000160839 0.0107269 0.00472813 0.00599755 0.00923812 -0.00481519 0.0111872 0.0118117 -0.0105872
internal_weight=762649 62075 35282 26793 7919 31084 18874 30456 16282 14864 6896 7968 3850 14174 13649 11009 2640 2294 3423 2573 4198 700574 3892 18298 17126 13177 3949 12179 12043 10302
internal_count=762649 62075 35282 26793 7919 31084 18874 30456 16282 14864 6896 7968 3850 14174 13649 11009 2640 2294 3423 2573 4198 700574 3892 18298 17126 13177 3949 12179 12043 10302
cat_boundaries=0 1
cat_threshold=5
is_linear=0
shrinkage=0.06


Tree=279
num_leaves=31
num_cat=7
split_feature=90 104 132 104 137 137 130 104 104 109 104 127 104 131 133 34 109 132 127 130 129 110 134 104 6 119 110 127 140 22
split_gain=75.7538 223.073 236.592 339.45 189.643 253.061 446.186 209.489 172.621 267.44 350.507 258.475 281.536 328.584 250.818 248.496 237.001 288.143 215.726 358.75 270.877 201.801 273.09 200.955 191.635 208.82 282.28 228.398 179.394 210.93
threshold=4.5000000000000009 0 0.11157877211276467 1 0.22623637047664433 0.16210544303708729 0.37940952255126054 2 3 32.500000000000007 4 6.5801916373033995 5 0.25881904510252057 0.94066717844141279 0.48450000000000004 82.500000000000014 -0.931957157303682 75.112654610106716 0.37940952255126054 76.500000000000014 6.8500000000000005 1.0000000180025095e-35 6 389.44500000000005 596.50000000000011 19.050000000000004 3.9735903416620526 4.5000000000000009 8.1666666666666625
decision_type=2 1 2 1 2 2 2 1 1 2 1 2 1 2 2 10 2 2 2 2 2 2 2 1 10 2 2 2 2 10
left_child=8 2 -2 -4 5 -3 -7 -6 9 10 15 21 -13 16 -15 -1 -14 -18 24 20 -20 22 -11 -22 25 -10 27 -27 29 -23
right_child=1 4 3 -5 7 6 -8 -9 18 11 -12 12 13 14 -16 -17 17 -19 19 -21 23 28 -24 -25 -26 26 -28 -29 -30 -31
leaf_value=-0.49801080589000746 -0.012257722002221598 -0.070271004244660845 -0.022275051025706316 0.19204594381474918 0.64565553519056273 -1.3142489053153439 0.55788743634642168 -0.10248957967821069 0.060843679249385753 0.46925412347507689 -0.031482587926201969 0.048725143668477452 0.17951089973270853 -0.28308198394361483 0.051166452658193862 0.022353519122297598 0.32264611564287932 -0.090778959759095265 4.0735344962663529 2.6529197250861771 0.39246614829841631 0.02384311421616701 -0.13742386058068604 -0.26306406561687934 -0.091167738012707958 -0.083694424423016181 -0.010908016732963759 -0.38329690896699958 0.004644103946440623 0.25732965882643694
leaf_weight=12907 62152 119583 11016 12722 3942 1317 681 3807 198620 1854 29133 30008 6126 16211 3837 4259 1037 20098 810 2914 4137 15635 809 5055 55628 2519 22732 1491 102951 8103
leaf_count=12907 62152 119583 11016 12722 3942 1317 681 3807 198620 1854 29133 30008 6126 16211 3837 4259 1037 20098 810 2914 4137 15635 809 5055 55628 2519 22732 1491 102951 8103
internal_value=-9.24294e-05 -0.00104599 0.00132432 0.00641982 -0.00262005 -0.00320031 -0.0243722 0.00648 0.000282843 -0.000866159 -0.0049879 5.71926e-05 -0.00268734 -0.00557016 -0.0114021 -0.0117855 -0.0012831 -0.00429504 0.00127179 0.00885345 0.00345496 0.00169768 0.0180405 0.000522136 0.000923304 0.00170179 -0.00327562 -0.0179506 0.00135401 0.00605586
internal_weight=762094 215220 85890 23738 129330 121581 1998 7749 546874 252968 46299 206669 77317 47309 20048 17166 27261 21135 293906 12916 10002 129352 2663 9192 280990 225362 26742 4010 126689 23738
internal_count=762094 215220 85890 23738 129330 121581 1998 7749 546874 252968 46299 206669 77317 47309 20048 17166 27261 21135 293906 12916 10002 129352 2663 9192 280990 225362 26742 4010 126689 23738
cat_boundaries=0 3 6 8 11 13 15 17
cat_threshold=1646313538 1691215644 1 572555264 1677787908 1 2560243596 135235 1650640962 845801340 1 1650589696 33628928 576847872 82788 2308190776 68288514
is_linear=0
shrinkage=0.06


Tree=280
num_leaves=31
num_cat=0
split_feature=114 139 129 111 110 136 25 109 103 115 127 111 111 110 115 21 17 137 6 21 111 20 120 112 112 139 21 137 103 114
split_gain=69.3324 266.152 230.796 210.418 243.476 223.804 241.556 303.278 237.032 304.726 279.843 271.401 243.413 259.147 226.724 166.604 163.056 158.877 158.267 158.12 138.491 198.359 162.805 161.651 157.063 177.211 205.694 152.645 276.934 241.993
threshold=2.4901005614919209 47.500000000000007 13.500000000000002 86.500000000000014 7.2500000000000009 1.0000000180025095e-35 0.91891403504799463 77.500000000000014 0.0057829484964584546 -2.0390160846427223 3.0982537838064705 59.500000000000007 53.500000000000007 14.850000000000003 -1.9889672520608153 364.58333333333343 134.26687240600589 0.00040181921977764442 194.25500000000002 192.53750000000002 41.500000000000007 18.612043109798481 41.500000000000007 3.2050000000000005 3.9450000000000007 64.500000000000014 177.40500000000003 0.22623637047664433 0.22623637047664433 -0.55079406824129407
decision_type=2 2 2 2 2 2 10 2 2 2 2 2 2 2 2 10 10 2 10 10 2 10 2 2 2 2 10 2 2 2
left_child=20 2 -2 5 -5 8 7 -7 10 19 11 12 -4 -14 18 -6 -11 -3 -12 -10 21 -1 23 27 25 26 -25 28 29 -23
right_child=1 17 3 4 15 6 -8 -9 9 16 14 -13 13 -15 -16 -17 -18 -19 -20 -21 -22 22 -24 24 -26 -27 -28 -29 -30 -31
leaf_value=0.12922480371552494 1.3843483734934718 0.071979696804186519 0.039918498883852745 -0.11329153716431818 0.32451114009324583 0.038595106122681952 -0.14495844142408146 0.8855582676175946 0.080689541955049793 0.21482934302570342 -0.086352403039284792 -0.066525286417823681 -0.0080297016585879535 0.5158862398869849 -0.13353709921317702 -0.097408303960711456 2.1492994360877637 0.58900207676796867 0.085758484178074357 -0.71889242064307779 -0.0020685076450052972 0.45102897097075129 0.2852715592999408 -0.1883623068437385 -0.42594510615841386 -0.50081789619620909 0.54012620974541725 0.054538850325555971 -1.3702414663596689 -0.24109363883423868
leaf_weight=3510 480 4321 6436 1202 7198 2879 1469 2910 1216 3648 2388 8200 1155 2413 35569 2269 2431 4383 10513 973 629961 1723 907 834 531 727 2809 2704 821 15717
leaf_count=3510 480 4321 6436 1202 7198 2879 1469 2910 1216 3648 2388 8200 1155 2413 35569 2269 2431 4383 10513 973 629961 1723 907 834 531 727 2809 2704 821 15717
internal_value=-6.1472e-05 0.00139397 0.000458275 0.000243566 0.00817057 -0.000785392 0.009274 0.0147876 -0.00175974 0.00782199 -0.00294803 0.00339467 0.010027 0.0225946 -0.0053302 0.0114005 0.0147336 0.0114279 0.00148349 -0.0113699 -0.000286439 -0.00424977 -0.00600807 -0.00688445 0.00292534 0.00667124 0.0120692 -0.00917772 -0.0111477 -0.00954303
internal_weight=762297 102053 93349 92869 10669 82200 7258 5789 74942 8268 66674 18204 10004 3568 48470 9467 6079 8704 12901 2189 660244 30283 26773 25866 4901 4370 3643 20965 18261 17440
internal_count=762297 102053 93349 92869 10669 82200 7258 5789 74942 8268 66674 18204 10004 3568 48470 9467 6079 8704 12901 2189 660244 30283 26773 25866 4901 4370 3643 20965 18261 17440
is_linear=0
shrinkage=0.06


Tree=281
num_leaves=31
num_cat=9
split_feature=0 104 139 130 120 115 104 124 127 127 104 127 130 104 120 132 132 104 122 109 104 104 35 122 115 104 19 115 104 111
split_gain=72.8599 114.638 102.536 104.34 104.516 124.46 101.36 97.542 137.387 107.202 104.197 86.7389 84.7317 198.054 121.991 116.066 181.396 112.052 111.442 104.683 90.729 83.5773 81.9289 129.73 262.287 195.964 112.882 161.944 272.917 185.775
threshold=300.61250000000007 0 64.500000000000014 -0.91597561503675329 44.500000000000007 -1.6107678815416675 1 0.50833333333333341 7.0013150472807721 0.8321727753322804 2 0.027229624622079215 0.60355339059327384 3 1.5000000000000002 -0.73208386245364632 -0.72025851593662871 4 0.08754167314931767 1152.5000000000002 5 6 274.85000000000008 0.021722203101946135 -2.5770401415117283 7 109.59119791666667 -1.5993435765260993 8 66.500000000000014
decision_type=2 1 2 2 2 2 1 2 2 2 1 2 2 1 2 2 2 1 2 2 1 1 8 2 2 1 10 2 1 2
left_child=22 11 3 4 5 6 -3 9 10 21 -9 -2 14 -14 19 17 -17 -15 -16 20 -11 -5 -1 24 -24 -26 -25 28 -28 -29
right_child=1 2 -4 7 -6 -7 -8 8 -10 12 -12 -13 13 15 18 16 -18 -19 -20 -21 -22 -23 23 26 25 -27 27 29 -30 -31
leaf_value=-0.011769174580039133 -1.0398126795181875 -0.6771386570902288 -0.61857100192270098 -0.026769564957551211 0.49625656651206129 -0.63045948840806887 0.4971088554464474 -0.52173574429136294 1.7647353458841115 0.13904342282358725 0.4573829854855887 -0.31204445880914933 -1.2285737253667417 0.20225053666323931 -0.98868154093672955 -2.1280103163056747 0.33127609177450495 2.1857833241988911 0.58400135070097403 0.48235364533008063 -0.38950744245244551 -0.74805247042361356 -0.42982096294813427 0.050965388735691307 0.19323194463361176 2.386120146802678 -0.056122776618353215 -0.073712355445176736 0.11419216749107136 0.019593084977758649
leaf_weight=259421 292 684 844 1449 868 2315 908 2388 2558 3164 4355 9688 992 854 418 262 5332 1406 4853 628 10487 1574 529 69679 846 980 34163 102721 67747 169896
leaf_count=259421 292 684 844 1449 868 2315 908 2388 2558 3164 4355 9688 992 854 418 262 5332 1406 4853 628 10487 1574 529 69679 846 980 34163 102721 67747 169896
internal_value=-5.7064e-05 -0.00213388 -0.000876375 -0.000491911 -0.00888191 -0.0130655 -0.000150659 0.000492129 0.00588906 -0.00110567 0.0013968 -0.00796317 3.80322e-05 0.00491014 -0.00216664 0.00810172 0.00347453 0.0195843 0.00563354 -0.00504622 -0.00614855 -0.0118452 0.000108615 0.00060126 0.0146435 0.0254187 0.000526781 0.000114224 0.00215482 -0.0006486
internal_weight=762301 56319 46339 45495 4775 3907 1592 40720 9301 31419 6743 9980 28396 8846 19550 7854 5594 2260 5271 14279 13651 3023 705982 446561 2355 1826 444206 374527 101910 272617
internal_count=762301 56319 46339 45495 4775 3907 1592 40720 9301 31419 6743 9980 28396 8846 19550 7854 5594 2260 5271 14279 13651 3023 705982 446561 2355 1826 444206 374527 101910 272617
cat_boundaries=0 3 5 7 9 11 13 15 17 20
cat_threshold=1611030890 2156774425 1 2265975809 151001376 2411726353 3145798 51384320 131076 147423232 1797259906 58726416 570556420 2233014416 218238976 589675657 2193572800 1128433719 373570856 1
is_linear=0
shrinkage=0.06


Tree=282
num_leaves=31
num_cat=10
split_feature=61 130 35 104 28 104 139 19 132 132 109 104 122 132 110 104 130 132 104 139 104 132 132 104 104 140 104 104 122 114
split_gain=69.8657 114.747 109.913 146.438 143.318 174.007 187.245 169.438 148.543 290.757 320.371 273.534 258.136 271.585 234.183 255.344 232.913 535.394 345.219 376.208 270.757 370.444 275.083 344.378 250.528 234.81 230.809 217.551 246.843 201.57
threshold=4.8049427457398037 -0.98296291314453399 311.75500000000005 0 263.25850694444449 1 60.500000000000007 185.04687500000003 -0.76624641395159687 -0.73208386245364632 57.500000000000007 2 0.59212660026100472 -0.78789334285648371 13.050000000000002 3 -0.25881904510252113 -0.72025851593662871 4 51.500000000000007 5 -0.53402660245708555 -0.34940546490494873 6 7 4.5000000000000009 8 9 0.51842244232170442 1.20371378932179
decision_type=2 2 10 1 8 1 2 10 2 2 2 1 2 2 2 1 2 2 1 2 1 2 2 1 1 2 1 1 2 2
left_child=1 -1 3 -2 5 6 7 -4 12 10 14 -12 13 -6 26 -16 18 -18 -11 -20 21 25 24 29 -23 -19 -10 -21 -29 -24
right_child=2 -3 4 -5 8 -7 -8 -9 9 16 11 -13 -14 -15 15 -17 17 20 19 27 -22 22 23 -25 -26 -27 -28 28 -30 -31
leaf_value=-0.1411709974861958 -0.11446799867596269 0.010320181929357375 0.051020631703099326 -0.016237737700536742 -0.1595665054925523 0.12043219875474818 -0.54712724888246977 -0.19398634924152958 -0.98129250844664284 0.26929390879106735 0.047876653234559113 1.4517917359101675 0.21498445818866996 -1.1002260077232064 -1.3816526117496153 0.11345438815059765 -1.415099182492489 -0.21552752158785041 0.06860602863466482 -0.088683386129971495 -0.22740802653476649 -0.76924510774376864 -1.0320539694959154 0.24225893829079495 -0.1048031121479812 0.88869575875853335 2.5975002736710087 -0.12887806176689851 -1.0231860893555873 -0.0012429596364290773
leaf_weight=3967 44733 367457 22362 75187 13382 49854 1131 6901 365 30930 2160 3815 7358 4252 1173 1501 1978 2983 30100 6665 36700 2983 4409 13989 4119 10355 778 3418 3308 4789
leaf_count=3967 44733 367457 22362 75187 13382 49854 1131 6901 365 30930 2160 3815 7358 4252 1173 1501 1978 2983 30100 6665 36700 2983 4409 13989 4119 10355 778 3418 3308 4789
internal_value=-0.000103315 0.000486235 -0.000662379 -0.00217543 5.29881e-06 0.00213386 -0.0014445 -0.000518726 -0.000886633 -0.000239252 0.00979067 0.0184639 -0.00519986 -0.00913864 -0.00378732 -0.0135028 -0.000865964 -0.00306539 0.00156647 -0.00187991 -0.0023058 0.000889592 -0.00277914 0.000385544 -0.01311 0.00922108 0.0189336 -0.0102464 -0.0178477 -0.00862634
internal_weight=763102 371424 391678 119920 271758 80248 30394 29263 191510 166518 9792 5975 24992 17634 3817 2674 156726 82305 74421 43491 80327 43627 30289 23187 7102 13338 1143 13391 6726 9198
internal_count=763102 371424 391678 119920 271758 80248 30394 29263 191510 166518 9792 5975 24992 17634 3817 2674 156726 82305 74421 43491 80327 43627 30289 23187 7102 13338 1143 13391 6726 9198
cat_boundaries=0 2 5 7 10 12 15 17 20 22 24
cat_threshold=3895203858 2455819896 1095549126 994104372 1 318769161 4020371526 471469312 3769637123 1 2836404489 2947170368 876906628 3946387938 1 67110912 3408986368 268697732 572528642 1 2336239616 2299658498 269133360 1073747973
is_linear=0
shrinkage=0.06


Tree=283
num_leaves=31
num_cat=0
split_feature=133 132 133 130 120 60 126 131 114 107 99 125 35 132 112 130 132 132 113 28 126 110 114 132 28 119 132 115 28 107
split_gain=67.7542 619.703 440.856 398.933 348.311 345.856 271.742 524.23 268.505 309.251 260.974 353.491 326.297 246.467 417.243 264.142 394.555 379.036 346.768 331.084 288.903 257.832 536.206 251.852 323.889 221.369 222.449 202.301 198.124 196.667
threshold=0.99024581825578073 -0.098749067963353782 0.98486764554468398 -0.91597561503675329 57.500000000000007 14.312762896924472 216.85000000000005 -0.37940952255126015 0.35029892029675225 28.434600000000003 0.98005052076767474 0.23005 307.48500000000007 0.025799818015934263 1.8150000000000002 -1.0000000180025095e-35 0.077330756371236084 0.11157877211276467 328.50000000000006 137.50347222222226 78.02500000000002 18.450000000000003 1.20371378932179 0.042991213741508195 200.47152777777782 502.50000000000006 -0.047287273540950005 -0.61233803076888804 210.02569444444447 28.425100000000004
decision_type=2 2 2 2 2 2 2 2 2 2 2 2 10 2 2 2 2 2 2 10 2 2 2 2 10 2 2 2 10 2
left_child=2 3 10 -2 5 -4 -7 -8 -5 -10 -1 12 -12 21 27 16 20 23 -18 -19 -16 22 29 24 -17 -23 -27 -15 -28 -3
right_child=1 13 4 8 -6 6 7 -9 9 -11 11 -13 -14 14 15 17 18 19 -20 -21 -22 25 -24 -25 -26 26 28 -29 -30 -31
leaf_value=0.00093981032143794605 -1.7681535351047788 -0.68955376816604108 -0.42637801332350489 1.9774903999817337 -0.21908090909187422 1.0372489987473918 0.74368703090646138 -0.19399467545316013 0.70486997626320713 -0.43755621941969308 0.13441500965009168 -0.72523529543646958 -0.11346460547726664 -0.42259222732127338 -1.361478525353043 0.72021731674184974 0.65292755921582468 0.2114288584467367 -0.092193504060049059 -0.68555621710098635 0.025143163039654651 -0.63197842256188774 1.3253462287167332 0.16605344173083408 -0.69361929236217745 -0.17249957363893087 -0.33697057373053879 -0.041753343685451791 1.3312854954899436 0.12699756110276439
leaf_weight=631080 1425 1454 1398 972 4149 8164 5288 3664 714 8279 3369 1652 12742 9475 1044 434 7034 642 3006 2498 2760 3333 8174 5986 1620 2537 330 5059 1368 22304
leaf_count=631080 1425 1454 1398 972 4149 8164 5288 3664 714 8279 3369 1652 12742 9475 1044 434 7034 642 3006 2498 2760 3333 8174 5986 1620 2537 330 5059 1368 22304
internal_value=-8.09497e-05 -0.00162257 0.0001267 -0.0147063 0.00835245 0.0118736 0.0142174 0.00699654 -0.0104576 -0.0136958 -0.000160624 -0.00733281 -0.0046214 0.000262589 -0.00308501 0.00161119 0.0071506 -0.00524819 0.0133851 -0.0229226 -0.00930355 0.0036151 0.00597501 0.00165651 -0.0164672 -0.00634166 0.00276204 -0.0111703 0.0195644 0.0014142
internal_weight=761954 90448 671506 11390 22663 18514 17116 8952 9965 8993 648843 17763 16111 79058 39558 25024 13844 11180 10040 3140 3804 39500 31932 8040 2054 7568 4235 14534 1698 23758
internal_count=761954 90448 671506 11390 22663 18514 17116 8952 9965 8993 648843 17763 16111 79058 39558 25024 13844 11180 10040 3140 3804 39500 31932 8040 2054 7568 4235 14534 1698 23758
is_linear=0
shrinkage=0.06


Tree=284
num_leaves=31
num_cat=6
split_feature=9 104 139 121 121 125 27 35 104 114 115 28 104 56 120 104 113 113 129 58 110 115 109 99 104 113 104 110 110 120
split_gain=80.9498 100.602 113.242 148.291 90.9741 89.7535 89.655 93.6204 246.657 120.948 119.055 111.165 210.882 135.454 134.649 253.197 211.026 156.905 134.643 119.957 164.923 131.367 119.242 113.935 271.109 242.609 212.36 175.338 127.917 127.227
threshold=321.70833333333343 0 59.500000000000007 994.45000000000016 990.35000000000002 0.0069166666666666743 633.96250000000009 371.98500000000007 1 -2.5543765986792923 -2.2122974541449829 279.20486111111114 2 0.012948902995958357 22.500000000000004 3 279.50000000000006 322.50000000000006 9.5000000000000018 4926.5400000000009 24.650000000000002 1.8859116222410479 527.50000000000011 0.99748108949426018 4 128.50000000000003 5 8.0500000000000025 18.050000000000004 34.500000000000007
decision_type=10 1 2 2 2 2 10 10 1 2 2 10 1 8 2 1 2 2 2 2 2 2 2 2 1 2 1 2 2 2
left_child=6 2 4 -4 5 -2 7 11 -9 -10 -11 23 13 -13 17 16 -16 19 -18 20 21 -14 -20 -1 28 26 27 -26 -25 -27
right_child=1 -3 3 -5 -6 -7 -8 8 9 10 -12 12 14 -15 15 -17 18 -19 22 -21 -22 -23 -24 24 25 29 -28 -29 -30 -31
leaf_value=0.0086276507270765992 -0.40245358078097326 -0.22293777753437324 -0.92887486024874022 1.0402885334025547 0.2823358413459448 0.22184615607554861 -0.20229714828771583 0.1765177756490928 0.83647420433580522 0.20999093548365863 -0.088025681508850928 -0.11948497317358558 0.027177189394186597 -0.4692530795527578 0.36014974809183853 -0.29660882312295683 1.8784310919768363 0.22303446168839883 -0.38955302245272411 0.28748670424803463 -0.23646081024599439 -0.93173613807522548 0.32245785529773457 -0.55982913115832345 1.1354008165478711 -0.060940286362454681 0.13365094843078792 -0.83908302182546946 0.82503076558387201 0.16983573128826152
leaf_weight=449503 3266 25397 1336 373 11330 2821 10714 62422 545 4520 45080 29358 38373 7746 6115 15091 185 10335 3596 6398 5198 824 775 4318 97 7000 940 1337 204 7347
leaf_count=449503 3266 25397 1336 373 11330 2821 10714 62422 545 4520 45080 29358 38373 7746 6115 15091 185 10335 3596 6398 5198 824 775 4318 97 7000 940 1337 204 7347
internal_value=-7.11302e-05 -0.00255368 0.000733657 -0.014 0.0021805 -0.00373522 8.28108e-05 0.000165331 0.00175201 -0.00138169 -0.00169109 -0.000134983 -0.0017333 -0.00551906 -0.000115994 -0.00375422 0.0033196 0.00141733 -0.00645161 4.60684e-05 -0.00106091 0.000270932 -0.00857731 0.000286014 -0.00400772 -0.00047693 -0.01824 -0.0326367 -0.0170218 0.00246306
internal_weight=762544 44523 19126 1709 17417 6087 718021 707307 112567 50145 49600 594740 123994 37104 86890 25762 10671 61128 4556 50793 44395 39197 4371 470746 21243 16721 2374 1434 4522 14347
internal_count=762544 44523 19126 1709 17417 6087 718021 707307 112567 50145 49600 594740 123994 37104 86890 25762 10671 61128 4556 50793 44395 39197 4371 470746 21243 16721 2374 1434 4522 14347
cat_boundaries=0 3 5 7 9 12 14
cat_threshold=2156693652 251662560 1 890013877 3794999650 1663797248 2185085504 206837060 536877219 815149112 545275968 1 3359654722 2148048925
is_linear=0
shrinkage=0.06


Tree=285
num_leaves=31
num_cat=9
split_feature=118 104 19 139 104 127 130 104 19 104 54 133 133 98 111 137 119 111 121 109 104 104 104 121 104 125 104 53 130 129
split_gain=70.471 126.208 62.461 118.924 638.221 241.883 264.694 281.109 218.556 209.593 206.615 198.624 172.081 198.817 160.662 267.289 182.075 173.954 159.214 280.059 357.863 269.983 191.627 180.119 180.311 145.787 145.007 139.058 135.149 155.011
threshold=3.6500000000000008 0 105.8512152777778 23.500000000000004 1 22.909202682621814 -0.5 2 86.734722222222231 3 44.237363165468032 0.58828525785978592 0.33019435960645904 -0.931957157303682 53.500000000000007 0.01126364564421809 601.50000000000011 92.500000000000014 993.1500000000002 47.500000000000007 4 5 6 995.85000000000002 7 0.43173333333333341 8 6.1608400965932235 0.60355339059327384 61.500000000000007
decision_type=2 1 10 2 1 2 2 1 10 1 10 2 2 2 2 2 2 2 2 2 1 1 1 2 1 2 1 10 2 2
left_child=2 -2 3 18 5 8 10 -8 9 12 -7 14 -5 -14 15 -6 17 -16 22 20 23 27 -1 24 -20 28 -12 -21 29 -9
right_child=1 -3 -4 4 11 6 7 25 -10 -11 26 -13 13 -15 16 -17 -18 -19 19 21 -22 -23 -24 -25 -26 -27 -28 -29 -30 -31
leaf_value=0.021645015056157034 -0.45423595051676979 0.080365369055099126 -0.012263838663852765 -0.47931336507360695 -0.54349167007340216 -0.074027345483620471 0.45260888102571983 -0.77055064972085063 -0.022213719095744721 0.21824812033374882 -0.28980769234449694 2.118312906984344 1.6907056404482737 -0.039151492271796255 0.95460846327300486 0.85953190563314363 -1.268070619243586 -0.28223820427100349 -0.66903617858365727 0.070903346232189357 0.81838141013855248 -0.057009070697251828 -0.037009720654695391 0.64729270374663772 0.096250545391902587 2.0508811166194372 0.26318935945948091 0.2358453100657337 -0.32398163821461623 -0.091092094338153087
leaf_weight=68237 528 626 515263 917 940 2635 2233 484 13812 9217 545 1728 509 2631 4521 1279 171 495 918 8110 4540 20236 82138 767 1616 125 2496 2543 3711 8158
leaf_count=68237 528 626 515263 917 940 2635 2233 484 13812 9217 545 1728 509 2631 4521 1279 171 495 918 8110 4540 20236 82138 767 1616 125 2496 2543 3711 8158
internal_value=-4.77871e-05 -0.0148571 -2.53096e-05 0.000761864 0.00317446 0.000377811 -0.00455856 -0.00880506 0.00409348 0.00959096 0.00644707 0.0176884 -0.00178466 0.00489016 0.0134305 -8.10811e-05 0.0192097 0.0212876 3.96603e-05 0.00347009 0.013596 0.00089932 -0.000843885 -0.00146739 -0.00918343 -0.0123084 0.0171006 0.00862528 -0.0129723 -0.00885804
internal_weight=762129 1154 760975 245712 56607 47473 20387 14711 27086 13274 5676 9134 4057 3140 7406 2219 5187 5016 189105 38730 7841 30889 150375 3301 2534 12478 3041 10653 12353 8642
internal_count=762129 1154 760975 245712 56607 47473 20387 14711 27086 13274 5676 9134 4057 3140 7406 2219 5187 5016 189105 38730 7841 30889 150375 3301 2534 12478 3041 10653 12353 8642
cat_boundaries=0 3 5 7 9 12 14 17 19 21
cat_threshold=2309819940 3535864429 1 1612826818 4075808344 2162816 580993536 2164736 1118446080 2785413186 2147529747 1 33823170 275653656 355457552 3959366176 1 33685504 8192 536905728 36175872
is_linear=0
shrinkage=0.06


Tree=286
num_leaves=31
num_cat=10
split_feature=9 133 133 104 112 104 0 109 133 133 113 104 113 123 104 119 104 109 104 104 121 99 125 104 127 104 111 104 103 127
split_gain=70.5197 87.8045 97.1629 99.3468 88.6787 96.7681 93.3261 84.8316 90.9125 127.888 126.105 120.32 78.6243 155.711 197.834 179.14 269.886 200.706 324.044 185.043 155.9 106.384 95.7874 166.248 127.189 128.551 111.404 173.631 90.6733 87.4464
threshold=321.70833333333343 0.60210754333820804 0.61575165550757727 0 1.4550000000000003 1 159.01000000000002 32.500000000000007 0.64248926378905724 0.6811602155975035 295.50000000000006 2 18.500000000000004 0.077596692984734955 3 541.50000000000011 4 57.500000000000007 5 6 989.6500000000002 0.98770287048522643 0.33536666666666676 7 41.374653335588008 8 62.500000000000007 9 0.16210544303708729 17.227778251581437
decision_type=10 2 2 1 2 1 2 2 2 2 2 1 2 2 1 2 1 2 1 1 2 2 2 1 2 1 2 1 2 2
left_child=12 -2 -3 -4 5 -5 -6 -8 -9 10 -10 -12 13 14 -1 17 -17 19 20 29 -19 -18 24 28 25 -21 27 -27 -24 -15
right_child=1 2 3 4 6 -7 7 8 9 -11 11 -13 -14 15 -16 16 21 18 -20 22 -22 -23 23 -25 -26 26 -28 -29 -30 -31
leaf_value=2.1517737364361063 -0.47913420871278362 1.2914742498542739 -0.40025654311226261 0.98292020354497844 1.392887634289609 -0.018910936999233172 0.29213475218328655 -0.98167397753131347 3.2225873921442982 -0.23666553579898503 -0.94060359397467996 0.40104190376120358 0.0037772146016851593 -0.86312788590321754 -0.043878085694832404 0.4060222321808783 -0.6284180486519253 0.12045090499528001 -0.14245252882495832 0.28477576993845133 1.6104953209828101 1.4148801797573485 -0.076591836935614735 0.51560206424183175 1.2224883334671142 -0.52955376203265325 -0.56471075983999974 0.39068333514841896 -0.72472288515882477 -0.35469312881765402
leaf_weight=344 4116 767 6872 2782 925 4170 4861 1057 364 15963 563 2075 698461 1383 557 229 860 1125 2383 868 1097 57 1318 1690 272 328 3113 636 282 2089
leaf_count=344 4116 767 6872 2782 925 4170 4861 1057 364 15963 563 2075 698461 1383 557 229 860 1125 2383 868 1097 57 1318 1690 272 328 3113 636 282 2089
internal_value=-6.16853e-05 -0.00237892 -0.00152822 -0.00193778 -0.000560251 0.00545376 -0.00218063 -0.00287655 -0.00460271 -0.00364758 0.00771229 0.00313755 8.21651e-05 -0.00376449 0.0205543 -0.00500141 -0.0279337 -0.00341513 0.0072297 -0.00750751 0.0236453 -0.0422198 -0.00272599 0.00528715 -0.00778459 -0.00998383 -0.0144276 0.00335751 -0.00856611 -0.0191559
internal_weight=761607 44515 40399 39632 32760 6952 25808 24883 20022 18965 3002 2638 717092 18631 901 17730 1146 16584 4605 11979 2222 917 8507 3290 5217 4945 4077 964 1600 3472
internal_count=761607 44515 40399 39632 32760 6952 25808 24883 20022 18965 3002 2638 717092 18631 901 17730 1146 16584 4605 11979 2222 917 8507 3290 5217 4945 4077 964 1600 3472
cat_boundaries=0 3 5 7 9 11 13 16 18 20 22
cat_threshold=539189353 9864990 1 306741252 755503264 272629760 3944742912 361529349 1073746178 1073762368 312848 3144879924 3835758757 2155023373 2181039040 1 830788320 76202006 537137280 679940 385875970 420810792
is_linear=0
shrinkage=0.06


Tree=287
num_leaves=31
num_cat=10
split_feature=130 104 111 127 104 137 25 125 127 104 137 104 123 104 113 111 129 104 104 127 113 112 140 132 132 104 139 104 127 104
split_gain=74.6627 414.602 558.744 421.449 533.157 392.617 392.351 365.13 307.976 305.504 297.821 242.169 224.058 220.961 206.974 238.439 195.86 349.218 264.148 254.652 268.345 257.433 191.554 187.912 471.115 981.849 384.136 293.782 292.127 393.439
threshold=0.37940952255126054 0 92.500000000000014 58.877899502100064 1 0.85826565528689469 0.83791288566243205 1.0000000180025095e-35 0.99990069615205213 2 0.030617763276879904 3 0.9335782745710145 4 51.500000000000007 97.500000000000014 163.50000000000003 5 6 3.3010852542983762 121.50000000000001 1.7250000000000003 4.5000000000000009 0.19653276579064646 0.2965049369093406 7 15.500000000000002 8 10.969231975734834 9
decision_type=2 1 2 2 1 2 10 2 2 1 2 1 2 1 2 2 2 1 1 2 2 2 2 2 2 1 2 1 2 1
left_child=11 2 16 5 -5 8 -4 12 9 -3 -11 -1 14 -7 -8 -16 18 19 -2 20 -18 -21 -6 26 25 -25 28 -28 -13 -30
right_child=1 3 6 4 22 13 7 -9 -10 10 -12 23 -14 -15 15 -17 17 -19 -20 21 -22 -23 -24 24 -26 -27 27 -29 29 -31
leaf_value=0.043822224940842175 0.11495854180581318 0.034830949170480921 -0.08862523901817386 -0.4391817864825947 0.11727478438596449 -1.1339681069092007 -0.49697353939284594 0.028931134291601948 0.038740911984380087 -0.30781523639569086 0.37703088107877902 0.033540175232560046 -0.23114328868615586 8.2894850972034479 0.3323549386454917 1.3418889012363977 -0.74161114858374488 -0.14142988842253346 -0.12083648999062944 -0.071896459620567441 -0.0068958885928881841 -0.375297456924157 2.6821177277467587 0.07051203077839574 -0.019985282942798221 -0.35662488765562927 -0.15640077670095265 0.0059172734319493971 1.5104569696005195 0.15518308726732044
leaf_weight=161050 7761 14057 20192 1965 973 240 189 10561 128651 18073 2621 105033 802 1053 4040 2174 1102 32719 11713 3221 6570 12879 3960 6204 65447 7807 49182 69152 4266 9171
leaf_count=161050 7761 14057 20192 1965 973 240 189 10561 128651 18073 2621 105033 802 1053 4040 2174 1102 32719 11713 3221 6570 12879 3960 6204 65447 7807 49182 69152 4266 9171
internal_value=-0.000160927 -0.000928421 -0.00373427 0.000934594 0.0154631 0.000326055 0.00220975 0.00871278 6.53599e-05 -0.00494648 -0.00958029 0.000298169 0.0191257 0.0332457 0.0228701 0.024753 -0.00670484 -0.00849359 -0.00151579 -0.0140268 -0.00503584 -0.0183194 0.0259587 -0.00066626 -0.00319108 -0.0131758 0.000180908 -0.00223704 0.00259608 0.0109257
internal_weight=762828 285516 113923 171593 6898 164695 37958 17766 163402 34751 20694 477312 7205 1293 6403 6214 75965 56491 19474 23772 7672 16100 4933 316262 79458 14011 236804 118334 118470 13437
internal_count=762828 285516 113923 171593 6898 164695 37958 17766 163402 34751 20694 477312 7205 1293 6403 6214 75965 56491 19474 23772 7672 16100 4933 316262 79458 14011 236804 118334 118470 13437
cat_boundaries=0 2 4 6 8 10 12 14 16 19 21
cat_threshold=2064666690 415940831 4229120 3810796544 73441669 83898112 990925888 143295710 256 1126433792 20546 281182232 16781314 281706505 14918154 276128256 2214627457 1714702624 1 2151940356 3827308801
is_linear=0
shrinkage=0.06


Tree=288
num_leaves=31
num_cat=11
split_feature=110 104 133 104 122 104 68 104 113 104 126 104 130 104 133 133 133 104 126 104 110 139 109 102 139 110 104 133 109 104
split_gain=69.3632 327.1 121.151 119.717 113.53 202.314 80.7812 78.3357 85.0389 116.256 75.4009 312.547 198.12 270.599 162.334 165.838 161.502 130.146 126.698 522.327 214.541 155.848 140.443 125.352 192.906 122.08 445.253 182.521 112.913 194.113
threshold=30.050000000000004 0 0.33019435960645904 1 0.051766431848503408 2 31.850000000000005 3 103.50000000000001 4 3475.2250000000008 5 0.25881904510252091 6 0.58828525785978592 0.61575165550757727 0.64248926378905724 7 2422.3250000000003 8 18.250000000000004 58.500000000000007 1247.5000000000002 50.500000000000007 47.500000000000007 29.750000000000004 9 0.3139093887439468 822.50000000000011 10
decision_type=2 1 2 1 2 1 2 1 2 1 2 1 2 1 2 2 2 1 2 1 2 2 2 2 2 2 1 2 2 1
left_child=6 7 4 -4 5 -3 10 -2 9 -9 18 12 14 -14 17 -16 -17 -12 25 22 -21 23 -20 24 -22 -1 -27 -28 29 -13
right_child=1 2 3 -5 -6 -7 -8 8 -10 -11 11 28 13 -15 15 16 -18 -19 19 20 21 -23 -24 -25 -26 26 27 -29 -30 -31
leaf_value=-0.002728432369188738 0.35460004870806838 0.27562411975157736 0.87837268679596914 0.0051540417494622655 -0.050214107580115692 -0.42321351740474672 -0.22869068716541335 0.29919667705508396 0.24405471264272208 -0.17231948752183598 -0.12950713031339772 0.32788820002550761 -1.0119061784374996 2.6778899437229424 0.71874533317708023 -1.4423443650047629 -0.12682449400608461 -0.61745138541871425 -0.083058560980490193 -0.26179594451656185 0.16407842379335164 0.72946033626572182 0.16477703916823969 -0.21848317013814464 1.6671995112042752 0.24778569240203552 -0.079244565854622237 -1.3739240256616159 0.071971671065928 -0.27156212370390881
leaf_weight=697453 956 130 363 1132 3377 794 866 239 2891 690 855 230 233 528 473 677 5221 1053 13888 865 12735 1321 1739 740 877 529 631 866 9094 446
leaf_count=697453 956 130 363 1132 3377 794 866 239 2891 690 855 230 233 528 473 677 5221 1053 13888 865 12735 1321 1739 740 877 529 631 866 9094 446
internal_value=-3.63831e-05 0.00478956 -0.00479421 0.00990642 -0.00991632 -0.0285405 -0.000104296 0.0163944 0.0124667 -0.00329032 -8.31496e-05 -0.00383393 -0.0118661 0.0174016 -0.0145725 -0.00997175 -0.012714 -0.0299214 1.32851e-05 0.00369521 0.0111233 0.0127357 -0.00417061 0.010919 0.0122265 -0.00015603 -0.0148594 -0.0314721 0.00360699 -0.0200295
internal_weight=761892 10572 5796 1495 4301 924 751320 4776 3820 929 750454 18810 9040 761 8279 6371 5898 1908 731644 32165 16538 15673 15627 14352 13612 699479 2026 1497 9770 676
internal_count=761892 10572 5796 1495 4301 924 751320 4776 3820 929 750454 18810 9040 761 8279 6371 5898 1908 731644 32165 16538 15673 15627 14352 13612 699479 2026 1497 9770 676
cat_boundaries=0 3 5 7 9 11 13 15 17 20 22 25
cat_threshold=281461110 1233761373 1 68684800 605030656 1610612736 272891904 180292 16 8388608 1073779780 1431050549 4021098541 1074006016 2685141000 1073743872 1202520077 1439189555 1540867128 1 2114634 34391068 538969216 25538 1
is_linear=0
shrinkage=0.06


Tree=289
num_leaves=31
num_cat=4
split_feature=19 126 104 128 139 104 110 132 132 104 132 129 6 104 121 118 128 114 110 21 131 132 132 128 132 126 84 140 110 134
split_gain=68.7307 121.533 222.548 128.012 127.835 549.038 204.085 221.269 214.355 270.14 217.041 282.456 198.74 189.767 163.407 161.958 180.191 154.449 151.611 138.61 136.255 181.107 131.718 255.373 216.584 130.145 122.627 123.827 120.32 119.662
threshold=105.8512152777778 3027.9000000000005 0 0.064734286011702016 23.500000000000004 1 16.650000000000002 -0.75508121410430273 -0.68351797142826876 2 -0.70822003333690042 238.50000000000003 207.42500000000004 3 991.05000000000007 1.0000000180025095e-35 0.0026466061571012172 2.4073918267594188 12.250000000000002 113.21666666666668 0.1294095225512602 -0.84714200036676091 -0.67086170185690197 0.023270442540002326 -0.70822003333690042 138.80000000000004 1.9045833333333337 4.5000000000000009 28.750000000000004 1.0000000180025095e-35
decision_type=10 2 1 2 2 1 2 2 2 1 2 2 10 1 2 2 2 2 2 10 2 2 2 2 2 2 10 2 2 2
left_child=1 4 3 28 13 6 8 14 9 -6 11 -11 -10 15 19 16 -1 20 -13 -8 21 -7 23 -9 -25 -20 -15 -28 -3 -21
right_child=-2 2 -4 -5 5 17 7 22 12 10 -12 18 -14 26 -16 -17 -18 -19 25 29 -22 -23 -24 24 -26 -27 27 -29 -30 -31
leaf_value=0.10199617269967007 -0.012747322972041671 -0.10009741749047098 0.0032644777338943242 1.4101816186750431 0.82086493312856446 0.55927846101306755 0.1136962348326044 0.75012628673072179 0.44060603473339138 -0.50388261097751263 -0.70632221830443875 -0.42758670658322956 -0.15803373092172252 -0.051071850889909669 -0.343665442306401 -0.094317249279559617 -0.013201201316209107 2.4704857200199615 0.21449546763028479 -0.073366538791451885 0.85147143001493786 -0.43076920145482062 0.064604336212371438 0.37946790471611336 -0.30255627606009766 -0.12807857952022572 0.065232105481276781 -0.013685129011878985 -0.44784104581016199 0.095020852678461554
leaf_weight=37478 516126 2090 8372 369 698 2030 10623 1370 1287 1716 725 776 1644 37978 1095 5362 19394 1129 1417 12932 4526 1145 1891 621 482 1101 15559 67097 1444 4553
leaf_count=37478 516126 2090 8372 369 698 2030 10623 1370 1287 1716 725 776 1644 37978 1095 5362 19394 1129 1417 12932 4526 1145 1891 621 482 1101 15559 67097 1444 4553
internal_value=-4.27768e-05 0.000780543 -0.0050391 -0.0168472 0.00108503 0.0037174 0.000912393 0.00309759 -0.00691938 -0.0130463 -0.0173234 -0.0129076 0.00652797 0.000339915 0.00121422 0.0030306 0.00397095 0.0173329 -0.00262215 0.00210039 0.0143106 0.0047796 0.0156976 0.02481 0.00331522 0.00452561 -0.00104837 0.000248255 -0.0204017 -0.0011838
internal_weight=763030 246904 12275 3903 234629 51761 42931 33567 9364 6433 5735 5010 2931 182868 29203 62234 56872 8830 3294 28108 7701 3175 4364 2473 1103 2518 120634 82656 3534 17485
internal_count=763030 246904 12275 3903 234629 51761 42931 33567 9364 6433 5735 5010 2931 182868 29203 62234 56872 8830 3294 28108 7701 3175 4364 2473 1103 2518 120634 82656 3534 17485
cat_boundaries=0 2 5 8 11
cat_threshold=2315195649 1870928736 1075955906 1928324696 1 2162816 1654669824 1 273451028 4227728160 1
is_linear=0
shrinkage=0.06


Tree=290
num_leaves=31
num_cat=9
split_feature=8 130 128 104 126 27 104 104 139 104 126 59 104 140 104 53 104 109 102 113 111 126 104 19 128 104 69 133 133 111
split_gain=71.0472 112.556 133.656 120.64 126.118 82.6091 81.712 78.4855 76.6558 431.171 340.009 170.527 378.776 242.537 191.706 142.497 260.792 166.422 179.684 144.366 121.224 122.612 115.038 131.62 144.065 128.713 115.793 237.757 279.163 249.868
threshold=324.88166666666672 -0.91597561503675329 0.00010472282620693775 0 75.750000000000014 633.96250000000009 1 2 46.500000000000007 3 46.525000000000013 578.99500000000012 4 10.500000000000002 5 47.135240603552781 6 27.500000000000004 42.500000000000007 300.50000000000006 52.500000000000007 51.675000000000004 7 46.388194444444444 0.0019275453452481941 8 7.6500000000000012 0.90070004940655357 0.87291090774974645 95.500000000000014
decision_type=10 2 2 1 2 10 1 1 2 1 2 10 1 2 1 10 1 2 2 2 2 2 1 8 2 1 2 2 2 2
left_child=5 -2 7 4 6 8 -4 -3 15 10 -10 12 13 -11 -13 22 19 18 -18 -17 -15 -22 23 24 -1 -26 27 28 -24 -29
right_child=1 2 3 -5 -6 -7 -8 -9 9 11 -12 14 -14 20 -16 16 17 -19 -20 -21 21 -23 26 -25 25 -27 -28 29 -30 -31
leaf_value=-0.009463260610935862 -0.37656607362566658 -0.087613066324078656 1.5134058121255065 -0.2108168504540319 -0.047489826849619728 -0.19467964698108117 0.38723968934140829 -0.85957302399905644 -0.92647928660267154 0.030635253177935338 -0.083174347561487422 0.054233766384670049 0.14270685228886776 -0.12807492816803104 0.23175194950343467 -0.14607865112691626 -0.075859395443229685 -0.043554035245431916 3.0968154540303878 -0.68142134164590851 -0.18611763155968106 -0.92534551037119595 -0.095093529256420908 0.031887470002183275 -0.26491122422204016 -0.011727921498728264 -0.025037713434566056 -0.034369724103214594 0.31727018448613931 0.21252699328841118
leaf_weight=9357 5064 917 2024 15004 15302 10034 5232 1167 3650 2064 15188 24707 13259 1367 30886 4214 547 11894 664 4391 445 1670 4777 254596 2032 1532 254008 47051 13048 6233
leaf_count=9357 5064 917 2024 15004 15302 10034 5232 1167 3650 2064 15188 24707 13259 1367 30886 4214 547 11894 664 4391 445 1670 4777 254596 2032 1532 254008 47051 13048 6233
internal_value=-8.4216e-05 -0.00240478 -0.00132873 -0.000507947 0.00226505 6.03666e-05 0.00878049 -0.0161151 0.00013703 0.00174008 -0.00636639 0.00379309 -0.00114538 -0.0142955 0.00546426 -0.00010626 -0.00488048 0.000452882 0.0216337 -0.0129875 -0.0239793 -0.0329773 6.86426e-05 0.000990177 -0.0049172 -0.0151809 -0.000689636 0.00145043 0.00744867 -0.000556254
internal_weight=762324 44710 39646 37562 22558 717614 7256 2084 707580 93236 18838 74398 18805 5546 55593 614344 21710 13105 1211 8605 3482 2115 592634 267517 12921 3564 325117 71109 17825 53284
internal_count=762324 44710 39646 37562 22558 717614 7256 2084 707580 93236 18838 74398 18805 5546 55593 614344 21710 13105 1211 8605 3482 2115 592634 267517 12921 3564 325117 71109 17825 53284
cat_boundaries=0 2 4 6 8 10 13 15 18 20
cat_threshold=2171113108 1872892130 34816 1075843264 68161664 755112352 12615808 68051328 1342718022 306218008 2836544800 1619034231 1 2956822540 4225761888 3185349764 1720611200 1 2836399232 16768
is_linear=0
shrinkage=0.06


Tree=291
num_leaves=31
num_cat=0
split_feature=0 126 136 114 114 122 44 115 130 128 114 99 111 111 110 111 114 120 109 128 120 111 132 114 140 52 131 112 132 132
split_gain=70.1848 122.713 205.502 265.182 356.917 268.02 207.273 306.888 218.627 294.549 200.597 255.159 193.77 193.737 187.326 277.349 249.294 274.529 178.784 176.016 161.093 193.012 159.782 157.891 159.001 156.836 184.348 153.758 151.876 416.938
threshold=119.51500000000001 158.07500000000002 1.0000000180025095e-35 2.1038233142931611 1.20371378932179 0.27994319181591548 0.0033085541345448713 -1.1618516072351885 0.12940952255126045 0.0006613727387702607 0.24737013987046175 0.97648852793709995 97.500000000000014 92.500000000000014 15.250000000000002 85.500000000000014 -1.2984543603845724 52.500000000000007 82.500000000000014 0.0015479276141970313 20.500000000000004 48.500000000000007 -0.36547047648896602 3.5443923638628787 1.5000000000000002 75.662915711295781 -0.9159756150367534 2.2650000000000001 -0.081617596240696269 -0.20074750544272557
decision_type=2 2 2 2 2 2 2 2 2 2 2 2 2 2 2 2 2 2 2 2 2 2 2 2 2 2 2 2 2 2
left_child=-1 -2 6 4 5 -4 7 12 9 -9 11 -11 -3 20 15 23 17 -16 -17 -12 21 -8 -21 24 -10 26 -23 -22 29 -18
right_child=1 2 3 -5 -6 -7 13 8 14 10 19 -13 -14 -15 16 18 28 -19 -20 22 27 25 -24 -25 -26 -27 -28 -29 -30 -31
leaf_value=0.0087343977155160245 -0.065196418403385789 0.032951596288380923 -0.39044471338997538 0.6450823399369453 -0.43215671389906785 0.69624122069936101 0.01313107954274912 -0.032212911912850611 0.24890878548723264 -0.2135323708616616 -0.12054517936554361 1.1548932114028647 0.84004778487333565 0.37016321966954008 -1.4150844416610751 0.63631575644047644 0.22022344019418894 0.025414171011324527 -0.072008653167041525 -0.23422111866633413 0.14569674677825559 0.55620899819396785 -0.83195270465289717 0.14133671598035163 -0.55119614274820206 1.9768994520993033 0.070156712102213276 -0.22784803520846494 0.37071703561124364 -1.4076790496160805
leaf_weight=365213 202853 69337 856 3916 2298 3183 21180 11722 506 6774 2043 768 336 982 1238 1262 10242 2074 12907 1856 2906 3516 4205 781 4461 3166 11337 3865 6170 1298
leaf_count=365213 202853 69337 856 3916 2298 3183 21180 11722 506 6774 2043 768 336 982 1238 1262 10242 2074 12907 1856 2906 3516 4205 781 4461 3166 11337 3865 6170 1298
internal_value=-7.80607e-05 -0.000629185 0.000444806 0.0087127 0.00112654 0.0118663 -1.36266e-05 -0.00118538 -0.00404316 -0.00819467 -0.0135822 -0.00653851 0.00161638 0.00342981 -0.00126771 -0.00543729 0.00268278 -0.0124238 -0.000927311 -0.0201357 0.00286615 0.00434235 -0.0252689 -0.0165524 -0.0204952 0.00890677 0.00632153 -0.00567927 0.00550844 0.00144528
internal_weight=763251 398038 195185 10253 6337 4039 184932 137980 68307 27368 15646 7542 69673 46952 40939 19917 21022 3312 14169 8104 45970 39199 6061 5748 4967 18019 14853 6771 17710 11540
internal_count=763251 398038 195185 10253 6337 4039 184932 137980 68307 27368 15646 7542 69673 46952 40939 19917 21022 3312 14169 8104 45970 39199 6061 5748 4967 18019 14853 6771 17710 11540
is_linear=0
shrinkage=0.06


Tree=292
num_leaves=31
num_cat=1
split_feature=121 120 113 106 120 129 127 98 111 111 107 114 127 35 112 109 109 113 109 132 132 87 113 112 133 114 119 132 126 126
split_gain=61.1967 176.232 318.437 234.177 160.911 308.399 296.566 419.91 280.295 244.124 311.329 333.85 224.806 275.564 245.319 216.616 204.378 202.157 200.229 303.706 253.164 202.767 194.01 188.146 222.431 208.107 287.883 191.823 249.735 181.347
threshold=990.6500000000002 96.500000000000014 338.50000000000006 0 14.500000000000002 75.500000000000014 33.700923310857085 -0.85615580349851839 54.500000000000007 90.500000000000014 28.736000000000004 1.3463698478002637 10.969231975734834 270.32500000000005 3.2050000000000005 47.500000000000007 162.50000000000003 332.50000000000006 47.500000000000007 -0.91893749530330049 -0.50462962837920111 11.500000000000002 18.500000000000004 2.5250000000000004 0.99138911339924218 1.9956580870215597 139.50000000000003 -0.26762560548918296 143.70000000000002 111.12500000000001
decision_type=2 2 2 1 2 2 2 2 2 2 2 2 2 8 2 2 2 2 2 2 2 10 2 2 2 2 2 2 2 2
left_child=1 4 3 -3 5 12 22 8 -8 17 11 15 14 -14 29 -11 -10 23 20 -20 -19 -22 -6 25 -25 -7 27 -27 -29 -1
right_child=-2 2 -4 -5 6 9 7 -9 16 10 -12 -13 13 -15 -16 -17 -18 18 19 -21 21 -23 -24 24 -26 26 -28 28 -30 -31
leaf_value=-0.033009673967628717 0.012108691276011071 0.18207917568923762 -0.44140211431167925 -0.16052883904427695 -0.30002423522871707 -0.061666853216774342 1.3389766992667238 -0.79173244685465805 0.4679512462837685 0.14827855262843853 -0.71582322536589971 0.40356501736303313 0.036385752675631974 2.4122416371595818 -0.22039653887213945 -0.29800061143182688 -0.55683278671405334 0.11012672192571969 0.0058337114288150357 0.62522508720365666 -1.0830199029730405 -0.023821070666990921 -0.030245369462062258 0.028671446057299051 -0.45864853875837436 -0.21399913324864597 0.30593410559084278 -0.16584131039776082 -0.71454281228343264 0.091921775856558557
leaf_weight=9715 366802 22500 1949 5348 3950 106964 857 2223 644 10426 2085 9566 2785 3162 1824 2680 1766 5692 6985 5427 1648 1463 97320 55115 2734 8638 1521 1608 2766 16581
leaf_count=9715 366802 22500 1949 5348 3950 106964 857 2223 644 10426 2085 9566 2785 3162 1824 2680 1766 5692 6985 5427 1648 1463 97320 55115 2734 8638 1521 1608 2766 16581
internal_value=-8.00792e-05 -0.000597359 0.00383986 0.00548099 -0.00095847 -0.000151512 -0.00291904 -0.0164997 -0.00280906 -0.000955978 0.00466516 0.00670577 0.00516907 0.0157666 0.00292735 0.000485237 -0.0132891 -0.00164986 0.00388857 0.00879723 -0.00303271 -0.0167931 -0.00218266 -0.00230503 0.000511322 -0.00364599 -0.0103826 -0.0132698 -0.0235063 0.00440354
internal_weight=762744 395942 29797 27848 366145 259385 106760 5490 3267 225318 24757 22672 34067 5947 28120 13106 2410 200561 21215 12412 8803 3111 101270 179346 57849 121497 14533 13012 4374 26296
internal_count=762744 395942 29797 27848 366145 259385 106760 5490 3267 225318 24757 22672 34067 5947 28120 13106 2410 200561 21215 12412 8803 3111 101270 179346 57849 121497 14533 13012 4374 26296
cat_boundaries=0 1
cat_threshold=35
is_linear=0
shrinkage=0.06


Tree=293
num_leaves=31
num_cat=9
split_feature=58 137 104 104 118 104 111 104 111 118 104 118 104 140 104 120 3 135 120 123 130 34 58 110 98 89 1 110 104 22
split_gain=71.2959 145.307 150.131 106.863 80.6174 235.506 179.992 102.484 95.2867 79.8879 266.703 97.2149 185.206 73.2484 98.9234 68.8631 67.6683 226.908 175.923 132.787 226.381 166.065 158.076 145.038 136.304 131.908 117.711 108.409 121.791 105.626
threshold=1.0000000180025095e-35 0.0080707547752903383 0 1 2.6500000000000008 2 86.500000000000014 3 98.500000000000014 2.3500000000000001 4 2.2500000000000004 5 39.000000000000007 6 57.500000000000007 164.58333333333334 1.0000000180025095e-35 98.500000000000014 0.92198117898971532 -0.91597561503675329 1.5325000000000004 80.715000000000018 12.250000000000002 0.28003368959032676 7 73.812500000000014 8.7500000000000018 8 -169.07499999999996
decision_type=2 2 1 1 2 1 2 1 2 2 1 2 1 2 1 2 8 2 2 2 2 10 2 2 2 1 8 2 1 10
left_child=1 3 -3 -1 9 8 -7 -8 -6 11 15 16 -13 14 -4 -11 -2 19 29 20 25 -22 -21 24 -23 -18 -24 -28 -29 -19
right_child=4 2 13 -5 5 6 7 -9 -10 10 -12 12 -14 -15 -16 -17 17 18 -20 22 21 23 26 -25 -26 -27 27 28 -30 -31
leaf_value=0.017544897998522088 -0.0049388269477942965 -0.10070361968818979 0.22237719454112848 0.2979322496479066 -0.60308174154155658 0.58201746772005258 0.24255724070082507 -0.36592041770193146 1.2988387045436451 -0.63372847300580737 1.1116921575896421 0.7754814082606778 -0.76652534198722178 0.16243184752833975 -0.18891657245226851 0.093899403772326764 0.42042801102406541 1.827226206911601 1.1780188391465853 1.2123687432519594 0.0038720322390042128 -0.66186473565350379 0.88047571906045818 -0.080554217285219346 0.024513858652367659 0.028336010630115423 -0.50129191168638332 -0.32216467297232609 0.29184574698270266 0.09898123406448206
leaf_weight=523 707860 1856 435 848 1393 694 370 746 72 202 599 100 468 1143 693 133 1743 639 964 666 16468 1504 1303 7224 584 2625 459 1962 4677 3805
leaf_count=523 707860 1856 435 848 1393 694 370 746 72 202 599 100 468 1143 693 133 1743 639 964 666 16468 1504 1303 7224 584 2625 459 1962 4677 3805
internal_value=-6.4188e-05 0.00674304 0.00111919 0.0236589 -0.00011362 -0.00950549 0.00500824 -0.00988362 -0.0272764 -7.2813e-05 0.0174545 -9.45751e-05 -0.0248858 0.0114373 0.000637733 -0.0251445 -7.58289e-05 0.0021903 0.0137105 0.000601285 -0.00131348 -0.00345371 0.00696736 -0.00985719 -0.0237817 0.0113161 0.00473459 0.00169038 0.00364157 0.00866592
internal_weight=762758 5498 4127 1371 757260 3275 1810 1116 1465 753985 934 753051 568 2271 1128 335 752483 44623 5408 39215 30148 25780 9067 9312 2088 4368 8401 7098 6639 4444
internal_count=762758 5498 4127 1371 757260 3275 1810 1116 1465 753985 934 753051 568 2271 1128 335 752483 44623 5408 39215 30148 25780 9067 9312 2088 4368 8401 7098 6639 4444
cat_boundaries=0 3 5 7 9 11 13 15 16 19
cat_threshold=2273847951 1424757221 1 504926945 260671780 1812875866 1425835068 54530432 134226370 1074307139 256844888 16781378 263472 807829552 671115264 144 1147044245 211306851 1
is_linear=0
shrinkage=0.06


Tree=294
num_leaves=31
num_cat=10
split_feature=6 19 104 104 91 132 139 104 132 104 104 112 104 132 19 139 107 129 67 111 113 139 98 104 129 119 104 104 132 128
split_gain=69.1512 217.954 134.659 132.772 215.855 265.807 201.172 593.145 258.926 490.607 332.747 226.003 191.398 187.023 269.811 244.275 204.758 161.725 198.152 161.573 161.129 158.147 167.456 155.618 171.138 152.474 150.407 149.867 138.68 133.413
threshold=301.91500000000008 135.96388888888893 0 1 2 -0.76624641395159687 59.500000000000007 3 0.34537287020513602 4 5 2.4850000000000008 6 -0.3169700421330815 196.79684027777782 24.500000000000004 28.736000000000004 81.500000000000014 84.500000000000014 73.500000000000014 298.50000000000006 57.500000000000007 0.21336913576298863 7 238.50000000000003 470.50000000000006 8 9 0.37744852145085445 5.4112793322180781e-05
decision_type=10 8 1 1 1 2 2 1 2 1 1 2 1 2 10 2 2 2 2 2 2 2 2 1 2 2 1 1 2 2
left_child=-1 2 -2 4 5 20 8 -8 10 28 11 21 25 15 17 16 -14 27 26 -13 -3 22 -7 24 -16 -6 -19 -15 -10 -20
right_child=1 3 -4 -5 12 6 7 -9 9 -11 -12 19 13 14 23 -17 -18 18 29 -21 -22 -23 -24 -25 -26 -27 -28 -29 -30 -31
leaf_value=0.0089998422064627437 -0.17152975854356839 -0.045830857413860712 -0.039631387222664786 0.028369908669835693 -0.10420465839625848 -0.052724392123668765 -0.51872024394367822 0.13043818291519416 1.1181085568323135 -0.42610068586722688 0.082333801837118303 0.78374149219576605 -0.068630432670020128 -0.25876675620651213 2.1424512151677719 -0.32472168142962798 0.94206899647069842 -0.10244831998120731 0.28328832248719094 0.10264034921080821 -0.72926136380990636 0.60870806400762589 0.32420549979896007 -0.39446236341827956 -1.9676085620702379 0.24487706940377221 -0.60491755613401321 0.44562461946410675 0.080695476703830302 -0.25381389553059519
leaf_weight=320451 24771 3409 41634 239808 24021 3018 3560 8121 1389 5026 33831 1066 2377 635 124 4350 2340 588 2410 574 3516 1270 2808 6853 2130 6453 826 829 3911 10823
leaf_count=320451 24771 3409 41634 239808 24021 3018 3560 8121 1389 5026 33831 1066 2377 635 124 4350 2340 588 2410 574 3516 1270 2808 6853 2130 6453 826 829 3911 10823
internal_value=-8.46219e-05 -0.000570748 -0.00373972 -1.11682e-05 -0.00150673 0.000766047 0.00196423 -0.00516179 0.00353802 -0.00498499 0.00560562 0.0160375 -0.00401575 -0.00709062 -0.00974979 0.00029775 0.00975413 -0.00508317 -0.00698389 0.0361243 -0.0104043 0.0114133 0.00722842 -0.018004 -0.0316821 -0.000555027 -0.0283251 0.0139249 0.00774995 -0.00470153
internal_weight=762922 442471 66405 376066 136258 71499 64574 11681 52893 10326 42567 8736 64759 34285 25218 9067 4717 16111 14647 1640 6925 7096 5826 9107 2254 30474 1414 1464 5300 13233
internal_count=762922 442471 66405 376066 136258 71499 64574 11681 52893 10326 42567 8736 64759 34285 25218 9067 4717 16111 14647 1640 6925 7096 5826 9107 2254 30474 1414 1464 5300 13233
cat_boundaries=0 2 5 6 8 10 12 15 17 19 21
cat_threshold=3494551316 809517285 1620500554 1542514456 1 9 1082146882 306234392 1048576 1537212672 1073758274 272679960 546611200 1107297024 1 1073741824 150994944 0 162553856 131080 426778624
is_linear=0
shrinkage=0.06


Tree=295
num_leaves=31
num_cat=9
split_feature=111 104 104 130 121 129 104 129 111 112 112 21 112 109 104 104 104 121 46 59 104 129 130 104 133 111 5 125 129 104
split_gain=74.8531 405.344 169.325 219.033 188.471 146.118 270.911 163.941 147.409 140.305 132.329 155.517 124.533 123.031 121.356 120.444 118.875 120.571 99.7975 143.404 133.845 133.48 106.255 322.71 431.059 306.955 321.605 413.363 269.837 330.059
threshold=42.500000000000007 0 1 0.25881904510252091 982.35000000000002 148.50000000000003 2 189.50000000000003 25.500000000000004 4.4750000000000005 3.2050000000000005 177.40500000000003 3.5750000000000006 472.50000000000006 3 4 5 994.95000000000016 1958.825 10047.440000000002 6 178.50000000000003 0.37940952255126054 7 0.76556758748011056 92.500000000000014 0.62450000000000017 1.0000000180025095e-35 34.500000000000007 8
decision_type=2 1 1 2 2 2 1 2 2 2 2 8 2 2 1 1 1 2 10 10 1 2 2 1 2 2 10 2 2 1
left_child=1 2 3 -1 -4 6 -3 15 -9 -8 14 13 -13 -12 -6 -7 17 -10 22 20 21 -20 -2 24 28 -25 -27 -28 -24 -30
right_child=18 5 4 -5 10 7 9 8 16 -11 11 12 -14 -15 -16 -17 -18 -19 19 -21 -22 -23 23 25 -26 26 27 -29 29 -31
leaf_value=0.53037189801494589 0.011218619838089125 -0.20135862424869094 -0.43999073852290876 -0.32424838349621637 0.058816101641704248 -0.034325270494939844 1.0349931937096166 1.4995575412366429 -0.32671110554925376 -0.87176465314242135 0.25845563191011334 0.7736566455649212 0.11652845562759523 -0.054242095116379473 -0.13108413530311849 -0.60752798094979632 -0.075848495827460588 0.52414491991660384 -0.011801564754989613 1.6851375298804305 0.0015268231672405364 0.33521170452378385 -0.077347218011822455 -0.11013772141063341 -0.044836991182020822 -0.094295967677465592 0.41424302634268512 -0.0039358625387569644 -0.056329202794460541 0.40339662343822225
leaf_weight=2202 373161 1350 594 730 6308 649 1330 272 10081 193 457 2778 4008 3564 7072 1304 18654 299 7564 765 43699 14627 5311 94478 70866 27308 8588 13939 9402 30501
leaf_count=2202 373161 1350 594 730 6308 649 1330 272 10081 193 457 2778 4008 3564 7072 1304 18654 299 7564 765 43699 14627 5311 94478 70866 27308 8588 13939 9402 30501
internal_value=-7.6215e-05 -0.00207709 0.00331337 0.0169215 0.00169652 -0.00645286 0.00649269 -0.00764491 -0.00652267 0.0237419 0.00251778 0.00745559 0.0129954 -0.00189458 -0.00147074 -0.0244729 -0.00693508 -0.0120797 0.000100513 0.00230887 0.00200877 0.00580218 -0.000131828 -0.00106201 0.00129312 -0.00295627 0.0008536 0.00616033 0.00587062 0.00756165
internal_weight=762054 61845 27713 2932 24781 34132 2873 31259 29306 1523 24187 10807 6786 4021 13380 1953 29034 10380 700209 66655 65890 22191 633554 260393 116080 144313 49835 22527 45214 39903
internal_count=762054 61845 27713 2932 24781 34132 2873 31259 29306 1523 24187 10807 6786 4021 13380 1953 29034 10380 700209 66655 65890 22191 633554 260393 116080 144313 49835 22527 45214 39903
cat_boundaries=0 3 5 7 9 11 13 15 18 20
cat_threshold=2854454214 75802335 1 128 8256 1096045568 2453737728 33718338 295964 273704960 1224949760 92800025 184614944 1292634164 3680524320 82813629 1177891104 1 2203648 2367488
is_linear=0
shrinkage=0.06


Tree=296
num_leaves=31
num_cat=0
split_feature=8 128 130 126 131 111 140 128 112 114 132 125 126 114 139 109 114 125 59 112 111 134 107 31 130 111 129 34 59 58
split_gain=73.1307 84.8073 106.521 100.495 86.6933 95.1022 132.905 113.965 92.1722 98.3838 87.8091 85.0611 92.4524 91.1715 114.369 97.3988 93.9544 83.6947 82.1445 78.8285 155.979 154.971 156.251 141.137 136.728 378.325 160.862 360.918 254.536 161.48
threshold=338.58333333333343 0.00010472282620693775 -0.91597561503675329 78.02500000000002 0.78656609248549303 47.500000000000007 7.5000000000000009 0.0011568285744227305 2.3650000000000007 1.9564810950285263 -0.72025851593662871 0.35336666666666672 1738.2000000000005 0.79883308639404604 49.500000000000007 1037.5000000000002 1.5658146450590427 0.37341666666666673 2321.1750000000006 3.0750000000000006 36.500000000000007 1.0000000180025095e-35 28.63625 62.710259032038181 -0.5 91.500000000000014 9.5000000000000018 1.0000000180025095e-35 45.890000000000008 2886.1400000000003
decision_type=10 2 2 2 2 2 2 2 2 2 2 2 2 2 2 2 2 2 10 2 2 2 2 8 2 2 2 10 10 2
left_child=19 -2 -3 -4 5 6 -5 -7 10 -10 -6 12 13 15 -15 -9 -16 -13 -12 20 21 23 -23 -1 25 -21 27 28 -26 -28
right_child=1 2 3 4 8 7 -8 11 9 -11 18 17 -14 14 16 -17 -18 -19 -20 24 -22 22 -24 -25 26 -27 29 -29 -30 -31
leaf_value=0.13335785536141201 -0.54373797504491217 -0.39411047688436068 0.32633270897269084 -1.049944013269122 -1.3513037221130264 -0.50499914815212466 -0.053618094859438088 2.2948950162351309 0.4371812684221501 -0.71166260627092925 -1.0718154463087812 -2.1086153652050048 -0.63251488469850181 0.48932599020178086 0.68853574538849327 -1.5685025268037875 -1.0953994390738717 0.34268445049343993 1.4759503221378736 0.17895047514786142 -0.0014172643953448015 -0.14032080484773055 0.73783827845369743 -0.42978841822155772 1.6754558114653504 -0.33474524007932216 -0.01787063972112321 -0.18930488439416962 0.21445217410152365 0.1726704382871771
leaf_weight=757 1869 4214 10344 1560 819 2670 4111 1450 1273 1067 1322 202 601 5391 631 73 961 151 253 13014 619735 1608 752 3575 1186 1403 63739 1846 2863 12968
leaf_count=757 1869 4214 10344 1560 819 2670 4111 1450 1273 1067 1322 202 601 5391 631 73 961 151 253 13014 619735 1608 752 3575 1186 1403 63739 1846 2863 12968
internal_value=-4.87927e-05 -0.00258091 -0.00195234 -0.000801095 -0.00304846 -0.00112909 -0.00754231 0.00186959 -0.010264 -0.00179411 -0.0185386 0.00495931 0.00608037 0.00768779 0.00478522 0.0209843 -0.00934087 -0.0238983 -0.0102411 8.75807e-05 -0.000158901 -0.00926939 0.00310038 -0.0160074 0.00167904 0.00707033 0.000737988 0.0102883 0.0203111 3.91093e-06
internal_weight=762408 38962 37093 32879 22535 17801 5671 12130 4734 2340 2394 9460 9107 8506 6983 1523 1592 353 1575 723446 626427 6692 2360 4332 97019 14417 82602 5895 4049 76707
internal_count=762408 38962 37093 32879 22535 17801 5671 12130 4734 2340 2394 9460 9107 8506 6983 1523 1592 353 1575 723446 626427 6692 2360 4332 97019 14417 82602 5895 4049 76707
is_linear=0
shrinkage=0.06


Tree=297
num_leaves=31
num_cat=10
split_feature=58 104 140 127 114 132 104 130 131 115 104 120 127 104 111 111 104 104 104 120 132 19 104 104 122 104 121 132 111 120
split_gain=71.3193 177.408 117.184 177.966 153.142 120.252 125.028 134.593 115.957 108.896 331.796 181.765 140.066 111.775 123.687 103.769 141.239 104.369 99.0606 150.631 132.745 98.0067 152.34 107.298 97.1536 98.4944 101.719 91.1435 90.7619 90.3718
threshold=15.300000000000002 0 57.000000000000007 2.893378335463352 -1.5952980467773936 0.48595098096596934 1 -0.25881904510252113 0.78656609248549303 1.8859116222410479 2 74.500000000000014 10.969231975734834 3 80.500000000000014 49.500000000000007 4 5 6 3.5000000000000004 0.025799818015934263 97.474565972222237 7 8 0.27994319181591548 9 989.35000000000002 -0.13291928626387098 66.500000000000014 10.500000000000002
decision_type=2 1 2 2 2 2 1 2 2 2 1 2 2 1 2 2 1 1 1 2 2 10 1 1 2 1 2 2 2 2
left_child=1 27 3 5 -4 8 -7 -8 29 -2 -11 15 13 14 -13 16 -12 -17 -10 -20 -21 23 -23 -6 -19 26 -26 -1 -24 -3
right_child=9 2 4 -5 21 6 7 -9 18 10 11 12 -14 -15 -16 17 -18 24 19 20 -22 22 28 -25 25 -27 -28 -29 -30 -31
leaf_value=0.090951762378006507 -0.0019300659218379223 -0.07034695494095175 1.0480259350248082 0.57025985310644445 0.26629619001892518 0.63889403784945664 0.65945648675444712 -0.31129263886284692 0.093529677883659512 0.10863318195516342 1.1449499652388626 0.62573367648061096 -1.111137504601462 -0.14037709376006005 -0.077929469159444542 -0.82312910748573409 -0.33103384986083317 -0.45665490791096458 0.72697883519144124 -0.11847319721590413 -0.78550549811451453 -0.5655868638198851 -0.44481737638645835 -0.062028349749368626 -0.29839646593274438 -0.3622109949974528 1.4442369988701305 -0.17744507700887693 0.36664294077870324 0.11069129659000253
leaf_weight=3340 703402 2578 585 3766 597 777 519 571 1474 7793 222 714 173 2965 700 2307 297 2184 340 922 822 1231 746 564 289 1934 306 9861 1168 9387
leaf_count=3340 703402 2578 585 3766 597 777 519 571 1474 7793 222 714 173 2965 700 2307 297 2184 340 922 822 1231 746 564 289 1934 306 9861 1168 9387
internal_value=-7.25475e-05 0.00241841 0.00528897 0.00722598 -0.0030785 0.00466448 0.0190471 0.00566757 0.00293352 -0.000207718 -0.00458637 -0.0108032 -0.00134417 0.000753425 0.0145684 -0.0165279 0.00934615 -0.0184418 -0.00657488 -0.0149499 -0.0221433 -0.00699327 -0.0124921 0.00790017 -0.0132218 -0.00524111 0.0159406 -0.00324705 -0.00180779 0.00576132
internal_weight=762534 39248 26047 21156 4891 17390 1867 1090 15523 723286 19884 12091 4552 4379 1414 7539 519 7020 3558 2084 1744 4306 3145 1161 4713 2529 595 13201 1914 11965
internal_count=762534 39248 26047 21156 4891 17390 1867 1090 15523 723286 19884 12091 4552 4379 1414 7539 519 7020 3558 2084 1744 4306 3145 1161 4713 2529 595 13201 1914 11965
cat_boundaries=0 2 5 7 10 13 16 18 21 23 25
cat_threshold=629318160 3917021284 1079001538 75798808 1 3071639575 2571122122 14689280 1647312932 1 659080 9046053 1 142336 1620052005 1 1111509063 268887064 1382105162 268469785 1 1108887622 302310424 134218240 101220352
is_linear=0
shrinkage=0.06


Tree=298
num_leaves=31
num_cat=0
split_feature=88 114 119 42 109 47 134 127 110 120 129 122 115 99 99 132 126 131 115 132 131 120 28 98 113 113 126 139 131 109
split_gain=71.2848 82.5069 71.2761 71.1096 81.8003 76.2221 67.5524 220.886 323.029 339.242 589.013 500.461 505.146 349.978 344.337 378.742 374.951 332.058 319.687 312.814 307.23 290.353 287.116 271.322 258.357 256.367 361.521 271.895 235.433 228.466
threshold=0.021452365561301329 1.9083662397726551 614.50000000000011 0.16741446318287856 207.50000000000003 961.69687499999998 1.0000000180025095e-35 8.8014167019481757 27.750000000000004 14.500000000000002 75.500000000000014 0.25528431149087522 0.60809928768529808 0.99024581825578073 0.96407344085605606 0.19653276579064646 111.12500000000001 0.1294095225512602 -1.1380148261632899 -0.8283650867723894 0.37940952255126048 40.500000000000007 163.69618055555557 0.21336913576298863 355.50000000000006 336.50000000000006 116.52500000000002 59.500000000000007 -0.78656609248549325 42.500000000000007
decision_type=8 2 2 8 2 10 2 2 2 2 2 2 2 2 2 2 2 2 2 2 2 2 10 2 2 2 2 2 2 2
left_child=1 -1 -3 4 5 -2 7 -5 9 10 -9 -11 20 14 24 18 -17 22 -16 -10 21 29 28 -22 25 -12 -27 -28 -18 -13
right_child=3 2 -4 6 -6 -7 -8 8 19 11 13 12 -14 -15 15 16 17 -19 -20 -21 23 -23 -24 -25 -26 26 27 -29 -30 -31
leaf_value=-0.19020460217569365 0.35507065578865882 0.2450974789110974 -0.4646415012586152 0.008116278804649539 -0.036303743094721237 -0.00010648613862514367 0.016558354029859428 1.4610611643440907 0.28571718859251005 -0.60291963926800207 -0.065341592830856138 -0.4252949135700031 0.5553756817661849 0.64382912229008926 0.55001587955106745 -0.062007646274579997 -0.23270637941784286 -0.91451236088619703 -0.69108856551503262 -0.61230589081796538 0.47849243862193303 -0.57402461097433 -0.58758291936401663 -0.3260259912307269 -0.80208576652038688 -0.00028852966413566605 1.0256253071149726 -0.26474926287881273 0.18549813559444644 0.11234875615480731
leaf_weight=4297 5169 1479 309 358958 4218 2691 214557 1604 6734 3837 103816 1868 3074 4505 2798 2953 1069 1718 1308 650 3724 7327 801 2992 2037 9516 3564 628 740 3346
leaf_count=4297 5169 1479 309 358958 4218 2691 214557 1604 6734 3837 103816 1868 3074 4505 2798 2953 1069 1718 1308 650 3724 7327 801 2992 2037 9516 3564 628 740 3346
internal_value=-6.87142e-05 -0.00653631 0.0042929 -1.66622e-05 0.00455005 0.0081669 -9.07912e-05 -0.000454672 -0.00223211 -0.00278742 -0.00159217 -0.00904735 -0.0056072 -0.00202032 -0.00258604 -0.0125553 -0.0207718 -0.0320166 0.00201607 0.010042 -0.00921279 -0.0147584 -0.0185216 0.00114337 -0.00163647 -0.00126918 0.00644248 0.0211209 -0.00527072 -0.0039348
internal_weight=762287 6085 1788 756202 12078 7860 744124 529567 170609 163225 137057 26168 22331 135453 130948 11387 7281 4328 4106 7384 19257 12541 2610 6716 119561 117524 13708 4192 1809 5214
internal_count=762287 6085 1788 756202 12078 7860 744124 529567 170609 163225 137057 26168 22331 135453 130948 11387 7281 4328 4106 7384 19257 12541 2610 6716 119561 117524 13708 4192 1809 5214
is_linear=0
shrinkage=0.06


Tree=299
num_leaves=31
num_cat=8
split_feature=125 104 134 140 104 24 140 140 104 126 67 89 68 24 104 98 134 112 131 104 119 104 104 111 25 111 114 121 133 119
split_gain=65.6852 289.137 76.7492 69.0658 69.0296 65.3176 542.972 282.115 357.473 267.089 223.293 223.031 222.893 214.695 194.253 193.453 163.146 158.874 155.964 399.851 216.228 322.61 233.601 306.041 586.37 281.276 279.207 257.277 231.144 214.477
threshold=0.85793333333333355 0 1.0000000180025095e-35 2.5000000000000004 1 23.804861111111116 2.5000000000000004 2.5000000000000004 2 69.700000000000017 145.50000000000003 3 14.350000000000003 -37.204479166666673 4 -0.9953885283364815 1.0000000180025095e-35 2.8450000000000002 -0.9159756150367534 5 596.50000000000011 6 7 95.500000000000014 0.87539159713072767 94.500000000000014 -1.8488704577700463 995.45000000000016 0.97062204580664158 49.500000000000007
decision_type=2 1 2 2 1 10 2 2 1 2 2 1 2 8 1 2 2 2 2 1 2 1 1 2 10 2 2 2 2 2
left_child=5 2 -2 -3 -5 7 12 8 10 -10 -1 17 14 -11 -7 16 -8 -12 19 -9 22 28 25 29 -25 -20 -26 -27 -22 -24
right_child=1 3 -4 4 -6 6 15 18 9 13 11 -13 -14 -15 -16 -17 -18 -19 20 -21 21 -23 23 24 26 27 -28 -29 -30 -31
leaf_value=-0.000933764583888319 -0.97548213798409777 0.078642614132996863 0.35775559305856275 0.43687685417650041 2.4970243010753999 0.24068912206669324 -0.52702735444962023 -0.050138844699981887 -0.22361113970588689 -0.097926194950216247 -0.21333174172364736 -0.46729202844424489 0.43952367672735559 0.068247168451206333 -0.12211610736919737 -0.054095452815978287 -0.02528579230739126 0.12517918721342142 0.087915577405368595 0.13796079410961454 -0.13886737983245181 0.015590328379150725 -0.062358397325302517 -0.035492321249996475 -0.43343197230005459 -0.038293520348553899 0.61355231873327198 -0.56379006296743961 -0.38047434968536575 0.020203319035937993
leaf_weight=8659 394 235 96 217 565 6513 1662 24229 6481 8682 9924 9463 11893 23847 7959 179870 1370 2341 167001 36361 8690 10842 123848 10674 399 17705 5846 2931 889 72938
leaf_count=8659 394 235 96 217 565 6513 1662 24229 6481 8682 9924 9463 11893 23847 7959 179870 1370 2341 167001 36361 8690 10842 123848 10674 399 17705 5846 2931 889 72938
internal_value=-5.63391e-05 0.0124536 -0.0251497 0.0305253 0.039387 -8.11282e-05 -0.000983715 0.000261205 -0.00331566 0.000485892 -0.0081933 -0.0114428 0.00706592 0.00270212 0.00206453 -0.00214409 -0.0171711 -0.00608504 0.00077582 0.00362232 0.000366888 -0.00565567 0.000673339 -0.000683056 0.00706028 0.00221809 0.0216619 -0.00439017 -0.0136705 -0.00134887
internal_weight=762524 1507 490 1017 782 761017 209267 551750 69397 39010 30387 21728 26365 32529 14472 182902 3032 12265 482353 60590 421763 20421 401342 213705 16919 187637 6245 20636 9579 196786
internal_count=762524 1507 490 1017 782 761017 209267 551750 69397 39010 30387 21728 26365 32529 14472 182902 3032 12265 482353 60590 421763 20421 401342 213705 16919 187637 6245 20636 9579 196786
cat_boundaries=0 3 5 7 8 11 13 15 17
cat_threshold=1624675328 271149325 1 268437635 5243968 487103773 4020246947 114 586264203 278882124 1 3238405673 3954663488 661499965 261430052 2366390077 2946963489
is_linear=0
shrinkage=0.06


end of trees

feature_importances:
station_id=1734
f_doy_sin=713
f_rh2m=486
f_doy_cos=381
f_hour_sin=313
f_t2m=286
f_hours_since_rain=266
f_incoming_stubble_load=265
f_wind_u10=244
horizon=232
f_days_into_stubble_season=219
f_blh=205
f_ventilation_index=203
f_wind_v10=175
f_cloud=169
f_diwali_proximity=162
f_solar=157
f_wind_dir10=154
f_wind_speed10=146
doy_sin=130
f_hour_cos=128
pm25=127
f_isi=123
pm25_roll24=99
doy_cos=92
f_is_weekend=80
f_surface_pressure=77
f_isi_stagnation=72
f_isi_pbl=66
pm25_rollmax24=65
fire_frp_active_lag24=63
pm25_over_pm10=60
aqi_lag24=59
local_month=59
f_stubble_index=55
aqi=51
pm10_roll24=51
f_isi_radiative=49
d2m=48
ventilation_index_roll24=47
pm25_anom=42
incoming_stubble_load_roll24=41
days_into_stubble_season=40
aod_proxy=37
diwali_proximity=36
lat=34
fire_frp_active=33
month_cos=32
pm25_rollstd24=31
f_is_morning_rush=28
f_is_evening_peak=25
pm25_lag1=24
hours_since_rain=23
local_hour=23
co=21
wind_speed10_roll24=21
f_precip=21
pm25_tend_24h=19
local_dow=19
incoming_stubble_load_lag24=18
o3=16
pm25_lag36=16
pm25_lag48=15
aqi_inst=14
wind_speed10_lag24=14
pm10=13
city=13
co_lag6=12
pm25_lag2=11
pm10_lag24=11
wind_u10=11
pm25_tend_6h=10
solar_lag6=10
ventilation_index_lag24=9
nearest_fire_km=9
rh2m=9
no2_rollmax24=8
incoming_stubble_load=8
pm25_lag24=7
ventilation_index=7
wind_speed10=7
plume_from_bearing_deg=6
cloud=6
t2m_lag24=6
isi_lag24=6
pm25_lag3=4
t2m=4
wind_dir10=4
surface_pressure=4
cloud_lag6=4
lon=4
so2=3
stubble_x_isi=3
stubble_index_lag24=3
wind_v10=3
pm25_lag4=2
pm25_lag12=2
pm25_roll6=2
so2_lag6=2
self_trapping_lag24=2
isi_x_pm25=2
blh_tend_6h=2
vent_tend_6h=2
blh_lag24=2
month_sin=2
site_type=2
pm25_lag6=1
o3_lag6=1
isi=1
isi_pbl=1
aod_proxy_lag24=1
radiative_dimming=1
wind_steadiness_6h=1
is_weekend=1
hour_sin=1

parameters:
[boosting: gbdt]
[objective: regression_l1]
[metric: l1]
[tree_learner: serial]
[device_type: cpu]
[data_sample_strategy: bagging]
[data: ]
[valid: ]
[num_iterations: 300]
[learning_rate: 0.06]
[num_leaves: 31]
[num_threads: 18]
[seed: 0]
[deterministic: 0]
[force_col_wise: 1]
[force_row_wise: 0]
[histogram_pool_size: -1]
[max_depth: -1]
[min_data_in_leaf: 50]
[min_sum_hessian_in_leaf: 0.001]
[bagging_fraction: 0.8]
[pos_bagging_fraction: 1]
[neg_bagging_fraction: 1]
[bagging_freq: 1]
[bagging_seed: 3]
[bagging_by_query: 0]
[feature_fraction: 0.8]
[feature_fraction_bynode: 1]
[feature_fraction_seed: 2]
[extra_trees: 0]
[extra_seed: 6]
[early_stopping_round: 0]
[early_stopping_min_delta: 0]
[first_metric_only: 0]
[max_delta_step: 0]
[lambda_l1: 0]
[lambda_l2: 1]
[linear_lambda: 0]
[min_gain_to_split: 0]
[drop_rate: 0.1]
[max_drop: 50]
[skip_drop: 0.5]
[xgboost_dart_mode: 0]
[uniform_drop: 0]
[drop_seed: 4]
[top_rate: 0.2]
[other_rate: 0.1]
[min_data_per_group: 100]
[max_cat_threshold: 32]
[cat_l2: 10]
[cat_smooth: 10]
[max_cat_to_onehot: 4]
[top_k: 20]
[monotone_constraints: ]
[monotone_constraints_method: basic]
[monotone_penalty: 0]
[feature_contri: ]
[forcedsplits_filename: ]
[refit_decay_rate: 0.9]
[cegb_tradeoff: 1]
[cegb_penalty_split: 0]
[cegb_penalty_feature_lazy: ]
[cegb_penalty_feature_coupled: ]
[path_smooth: 0]
[interaction_constraints: ]
[verbosity: -1]
[saved_feature_importance_type: 0]
[use_quantized_grad: 0]
[num_grad_quant_bins: 4]
[quant_train_renew_leaf: 0]
[stochastic_rounding: 1]
[linear_tree: 0]
[max_bin: 127]
[max_bin_by_feature: ]
[min_data_in_bin: 3]
[bin_construct_sample_cnt: 200000]
[data_random_seed: 1]
[is_enable_sparse: 1]
[enable_bundle: 1]
[use_missing: 1]
[zero_as_missing: 0]
[feature_pre_filter: 1]
[pre_partition: 0]
[two_round: 0]
[header: 0]
[label_column: ]
[weight_column: ]
[group_column: ]
[ignore_column: ]
[categorical_feature: 89,91,92,93,104,105,106]
[forcedbins_filename: ]
[precise_float_parser: 0]
[parser_config_file: ]
[objective_seed: 5]
[num_class: 1]
[is_unbalance: 0]
[scale_pos_weight: 1]
[sigmoid: 1]
[boost_from_average: 1]
[reg_sqrt: 0]
[alpha: 0.9]
[fair_c: 1]
[poisson_max_delta_step: 0.7]
[tweedie_variance_power: 1.5]
[lambdarank_truncation_level: 30]
[lambdarank_norm: 1]
[label_gain: ]
[lambdarank_position_bias_regularization: 0]
[eval_at: ]
[multi_error_top_k: 1]
[auc_mu_weights: ]
[num_machines: 1]
[local_listen_port: 12400]
[time_out: 120]
[machine_list_filename: ]
[machines: ]
[gpu_platform_id: -1]
[gpu_device_id: -1]
[gpu_device_id_list: ]
[gpu_use_dp: 0]
[num_gpu: 1]

end of parameters

pandas_categorical:[[2, 5, 8, 11, 14, 17, 20, 23], [1, 2, 10, 11, 12], [0, 1], [0, 1], ["DEL-alipur", "DEL-anand-vihar", "DEL-ashok-vihar", "DEL-aya-nagar", "DEL-bawana", "DEL-burari-crossing", "DEL-cantonment-area", "DEL-chandni-chowk", "DEL-commonwealth-sports-complex", "DEL-crri-mathura-road", "DEL-dr-karni-singh-shooting-range", "DEL-dtu", "DEL-dwarka-sector-8", "DEL-igi-airport-t3", "DEL-ignou-maidan-garhi", "DEL-ihbas-dilshad-garden", "DEL-iit", "DEL-imd-lodhi-road", "DEL-ito", "DEL-jahangirpuri", "DEL-jawaharlal-nehru-stadium", "DEL-jnu", "DEL-major-dhyan-chand-national-stadium", "DEL-mandir-marg", "DEL-mundka", "DEL-najafgarh", "DEL-narela", "DEL-nehru-nagar", "DEL-north-campus-du", "DEL-nsit-dwarka", "DEL-nsut-jaffarpur", "DEL-okhla-phase-2", "DEL-patparganj", "DEL-punjabi-bagh", "DEL-pusa", "DEL-pusa-2", "DEL-r-k-puram", "DEL-rohini", "DEL-shadipur", "DEL-sirifort", "DEL-sonia-vihar", "DEL-sri-aurobindo-marg", "DEL-talkatora-garden", "DEL-vivek-vihar", "DEL-wazirpur", "FBD-new-industrial-town", "FBD-sector-11", "FBD-sector-30", "GGN-nise-gwal-pahari", "GGN-sector-51", "GGN-teri-gram", "GGN-vikas-sadan", "GRN-knowledge-park-iii-greater", "GRN-knowledge-park-v-greater", "GZB-govindpuram", "GZB-indirapuram", "GZB-loni", "GZB-sanjay-nagar", "GZB-vasundhara", "GZB-ved-vihar-loni", "GZB-wave-city", "NOI-sector-1", "NOI-sector-116", "NOI-sector-125", "NOI-sector-62"], ["background", "industrial", "mixed", "residential", "traffic"], ["Delhi", "Faridabad", "Ghaziabad", "Greater Noida", "Gurugram", "Noida"]]
