tree
version=v4
num_class=1
num_tree_per_iteration=1
label_index=0
max_feature_idx=140
objective=quantile
feature_names=pm25 pm10 no2 o3 so2 co aqi aqi_inst pm25_lag1 pm25_lag2 pm25_lag3 pm25_lag4 pm25_lag6 pm25_lag8 pm25_lag12 pm25_lag24 pm25_lag36 pm25_lag48 pm25_roll6 pm25_roll24 pm25_rollstd24 pm25_rollmax24 pm25_tend_6h pm25_tend_24h pm25_anom pm25_over_pm10 pm10_lag6 pm10_lag24 pm10_roll24 no2_lag6 no2_lag24 no2_rollmax24 o3_lag6 so2_lag6 co_lag6 aqi_lag24 isi isi_pbl isi_stagnation isi_theta isi_radiative self_trapping self_trapping_lag24 isi_x_pm25 stubble_x_isi ventilation_index ventilation_index_lag24 ventilation_index_roll24 pbl_height dtheta_surface blh_tend_6h vent_tend_6h incoming_stubble_load incoming_stubble_load_lag24 incoming_stubble_load_roll24 stubble_index stubble_index_lag24 plume_from_bearing_deg fire_frp_active fire_frp_active_lag24 nearest_fire_km aod_proxy aod_proxy_lag24 radiative_dimming pbl_suppression pm25_x_blh_lag24 wind_steadiness_6h hours_since_rain t2m d2m rh2m blh wind_speed10 wind_dir10 wind_u10 wind_v10 wind_u850 wind_v850 surface_pressure precip solar cloud blh_lag24 wind_speed10_lag24 wind_speed10_roll24 t2m_lag24 solar_lag6 cloud_lag6 isi_lag24 local_hour local_dow local_month is_weekend is_stubble_season is_morning_rush is_evening_peak hour_sin hour_cos doy_sin doy_cos month_sin month_cos days_into_stubble_season diwali_proximity station_id site_type city lat lon f_blh f_t2m f_rh2m f_wind_speed10 f_wind_dir10 f_wind_u10 f_wind_v10 f_wind_u850 f_wind_v850 f_precip f_solar f_cloud f_surface_pressure f_isi f_isi_pbl f_isi_stagnation f_isi_radiative f_ventilation_index f_incoming_stubble_load f_stubble_index f_hours_since_rain f_hour_sin f_hour_cos f_doy_sin f_doy_cos f_is_weekend f_is_morning_rush f_is_evening_peak f_diwali_proximity f_is_stubble_season f_days_into_stubble_season horizon
feature_infos=[1:1499] [1.0249999999999999:2991] [0.12230501022494888:774.98099325153373] [0.10000000000000001:859.16250000000002] [0.10481145194274029:1699.6487075664622] [0.010012572597137014:5.4980000000000002] [30.559999999999999:913.27999999999997] [12.960000000000001:1906.47] [1:1496] [1.1166666746139526:1496] [1:1499] [1:1496] [1:1499] [1:1496] [1:1499] [1:1499] [1:1499] [1:1499] [6:1390] [12.158784722222222:1011.0277777777778] [0:621.93019432758308] [20:1499] [-1326.3333333333333:1423.5999999999999] [-1347.5:1360] [-947.3611111111112:1335.1805555555557] [0.0049875311720698253:435.26470588235293] [1.0249999999999999:2991] [1.0249999999999999:2991] [24.986805555555559:1302.5833333333333] [0.12230501022494888:774.98099325153373] [0.12230501022494888:774.98099325153373] [1.4488439672801636:774.98099325153373] [0.10000000000000001:859.16250000000002] [0.13101431492842538:1699.6487075664622] [0.010012572597137014:5.4980000000000002] [36.490000000000002:913.27999999999997] [0.0031098216918855996:0.94697893375666631] [0.003345965457471272:0.97530991202833262] [0:1] none [0:0.92666666666666664] [0.012600328721534279:6.4067219322799609] [0.012600328721534279:6.4067219322799609] [0.13579278046105936:1225.1468099821313] [0:0.084316128078533129] [0:7992] [0:7992] [69.597916666666663:1949.2333333333333] [10:2280] none [-2170:2215] [-7978.9499999999998:7473.5] [0:437.14332498330361] [0:437.14332498330361] [0.00086752898367056027:337.16767195960222] [0:0.19633411531876321] [0:0.19633411531876321] [0.0094341323307000399:359.99913752176582] [0:11410.390000000001] [0:11410.390000000001] [0.79854602276622044:190.12743194822397] [0.69314718055994529:7.3132203870903014] [0.69314718055994529:7.3132203870903014] [0:5.0844452005449421] [0:7.2713561829916022] [27.375:1890400] [0.071501259043546955:0.99996618795725345] [0:240] [3.7000000000000002:33.100000000000001] [-0.29999999999999999:24.399999999999999] [21:100] [10:2280] [0:5.5899999999999999] [1:360] [-4.8389020651729595:4.7405888575144219] [-3.8057551141829289:4.5389099338107934] none none [971.60000000000002:1002.1] [0:5.9000000000000004] [0:758] [0:100] [10:2280] [0:5.5899999999999999] [0.53444444444444439:4.3208333333333329] [3.7000000000000002:33.100000000000001] [0:758] [0:100] [0.0031098216918855996:0.94697893375666631] -1:1:2:7:5:3:4:6:0 [0:6] -1:4:0:2:3:1 -1:0:1 -1:0:1 [0:1] [0:1] [-0.96592582628906831:0.96592582628906831] [-0.9659258262890682:0.96592582628906809] [-0.9999994220246925:0.71127575197381521] [0.0010751512827982259:0.9999907524084426] [-0.8660254037844386:0.8660254037844386] [0.50000000000000011:1] [0:66] [0:1] -1:45:63:61:57:53:60:55:46:21:25:18:14:30:44:2:20:8:23:24:4:16:34:22:12:32:52:29:17:43:47:6:35:64:42:19:1:39:27:36:28:9:0:56:59:37:33:54:26:5:10:15:11:40:41:13:31:48:62:7:3:38:58:51:50:49 -1:3:0:4:1:2 -1:0:2:5:4:1:3 [28.376100000000001:28.822800000000001] [76.909400000000005:77.494699999999995] [10:2280] [3.2000000000000002:33.100000000000001] [20:100] [0:5.5899999999999999] [1:360] [-4.9326181062953092:4.7405888575144219] [-3.882568194981054:4.5389099338107934] none none [0:5.9000000000000004] [0:805] [0:100] [971.29999999999995:1002.3] [0.0031098216918855996:0.97604047221820478] [0.003345965457471272:0.97530991202833262] [0:1] [0:0.97666666666666668] [0:7992] [0:437.14332498330361] [0:0.19633411531876321] [0:240] [-1:1] [-1:1] [-0.9999994220246925:0.71127575197381521] [0.0010751512827982259:0.9999907524084426] [0:1] [0:1] [0:1] [0:1] [0:1] [0:66] [1:72]
tree_sizes=2900 3106 3123 3053 3073 3146 3130 3163 3131 3062 3106 3187 3154 3136 3172 3162 3092 3178 3090 3168 3170 3182 3128 3163 3147 3098 3158 3153 3184 3087 3134 3203 3100 3099 3160 3164 3173 3101 3182 3189 3121 3158 3096 3159 3175 3158 3157 3166 3087 3173 3116 3191 3154 3176 3150 3100 3180 3182 3174 3189 3174 3184 3226 3205 3165 3158 3174 3116 3141 3132 3146 3142 3187 3113 3072 3143 3143 3174 3091 3166 3108 3161 3189 3151 3125 3165 3167 3146 3090 3209 3103 3164 3137 3210 3193 3104 3073 3179 3150 3085 3152 3156 3055 3092 3160 3127 3118 3204 3196 3126 3106 3122 3167 3073 3110 3134 3202 3089 3104 3119 3137 3204 3107 3179 3131 3124 3190 3169 3189 3107 3141 3082 3131 3156 3082 3144 3191 3172 3124 3082 3142 3156 3123 3147 3190 3142 3160 3167 3251 3170 3099 3201 3129 3150 3131 3085 3160 3106 3131 3118 3136 3095 3166 3108 3215 3018 3043 3179 3160 3170 3175 3068 3116 3171 3166 3148 3135 3187 3129 3079 3141 3216 3135 3127 3139 3129 3133 3046 3041 3175 3127 3109 3165 3061 3051 3159 3156 3196 3139 3124 3151 3101 3152 3150 3171 3135 3071 3230 3027 3099 3123 3166 2975 3178 3044 3117 3141 3139 3068 3068 3111 3051 3172 3130 3141 3105 3155 3156 3173 3067 3120 2965 3051 3222 3196 3131 3084 3103 3010 3036 3150 3067 3129 3119 3012 3036 3044 3100 3025 3096 3100 3122 3088 3134 3154 3071 3115 3075 3130 3071 3124 3089 3071 3029 3157 3074 3105 3039 3125 3091 3022 3021 3051 3172 3163 3125 3131 3137 3013 3079 3070 3197 3105 2983 3104 2992 3201 3109 3084 3142 3072 3022 3040 3163 3073 3132 3075 3078 3013 3093

Tree=0
num_leaves=31
num_cat=0
split_feature=132 0 129 109 109 19 130 115 115 132 110 132 110 127 132 19 134 114 110 137 127 103 5 122 129 35 110 132 20 21
split_gain=15389.5 2953.94 2378.14 1446.17 1037.71 847.713 743.966 488.356 449.688 390.776 364.714 345.5 559.712 350.249 305.703 292.078 222.611 217.854 207.731 204.174 201.712 193.548 180.305 178.276 172.222 161.071 156.393 325.055 153.229 153.083
threshold=-0.98913498983514925 61.505000000000003 25.500000000000004 97.500000000000014 687.50000000000011 86.734722222222231 0.25881904510252091 -2.898863277960396 -1.0458475812433148 0.57340843044527534 21.150000000000002 0.3933211724509133 19.650000000000002 6.8017936114223074 0.40907743338811486 59.937847222222224 1.0000000180025095e-35 -0.14913154157920147 14.850000000000003 0.0021274278612003691 6.0342694821861933 0.030617763276879904 2.1465000000000005 0.385638667498923 79.500000000000014 147.99000000000004 25.850000000000005 -0.96875021044074028 1.8119958951666788 44.550000000000004
decision_type=2 2 2 2 2 10 2 2 2 2 2 2 2 2 2 8 2 2 2 2 2 2 8 2 2 10 2 2 8 8
left_child=2 3 19 15 7 22 10 16 -4 -7 -5 26 14 23 18 21 -3 -12 -13 -1 -11 -2 -6 -14 29 -23 -9 -28 -21 -10
right_child=1 4 8 6 5 9 -8 11 24 20 17 12 13 -15 -16 -17 -18 -19 -20 28 -22 25 -24 -25 -26 -27 27 -29 -30 -31
leaf_value=52.496000752747371 53.732000833007028 57.236000900268557 52.448000717163083 53.282000808715821 53.024000625610348 54.320000762939451 53.558000717163083 56.018000717163083 52.328000717163086 52.484000740051272 53.684000625610352 53.708000717163088 53.558000717163083 54.038000717163087 54.803000717163087 54.485900743447445 52.928750762939451 52.682000694274905 52.688000717163085 52.731500740051267 53.44400062561035 53.008000640869142 53.444520694974742 52.853000717163084 51.338000717163084 53.462000808715821 53.198000717163083 54.488000717163089 51.938000717163085 53.648000717163086
leaf_weight=4551 8581 702 4706 6942 5366 74930 15469 450478 598 1113 1976 1709 2899 4418 76695 28147 1729 10315 909 442 3160 1830 6432 1781 712 1521 1675 12301 21780 8818
leaf_count=4551 8581 702 4706 6942 5366 74930 15469 450478 598 1113 1976 1709 2899 4418 76695 28147 1729 10315 909 442 3160 1830 6432 1781 712 1521 1675 12301 21780 8818
internal_value=54.2 54.2021 54.1645 54.1908 54.2034 54.1974 54.1818 54.2043 54.1838 54.1997 54.1739 54.2044 54.201 54.1869 54.2026 54.1985 54.1775 54.1677 54.1825 54.1538 54.182 54.1907 54.1824 54.1755 54.1909 54.1784 54.2051 54.1989 54.1515 54.1931
internal_weight=762685 721078 41607 74781 646297 91001 34702 555296 14834 79203 19233 552865 88411 9098 79313 40079 2431 12291 2618 26773 4273 11932 11798 4680 10128 3351 464454 13976 22222 9416
internal_count=762685 721078 41607 74781 646297 91001 34702 555296 14834 79203 19233 552865 88411 9098 79313 40079 2431 12291 2618 26773 4273 11932 11798 4680 10128 3351 464454 13976 22222 9416
is_linear=0
shrinkage=1


Tree=1
num_leaves=31
num_cat=7
split_feature=133 61 129 111 126 119 19 104 140 104 133 115 104 98 133 19 110 127 115 104 127 104 61 140 104 98 111 114 104 137
split_gain=14226.7 2650.36 2306.08 1459.71 954.398 675.862 546.021 536.23 476.175 474.568 466.932 441.743 433.862 313.204 312.821 311.438 395.101 263.029 238.431 208.646 206.987 203.038 199.311 191.988 191.196 187.522 385.933 202.738 179.224 161.116
threshold=0.1467582803854888 4.1573389228161721 25.500000000000004 61.500000000000007 1738.2000000000005 104.50000000000001 86.734722222222231 0 15.000000000000002 1 0.28106562097635729 -2.898863277960396 2 0.57340843044527534 0.24788919046402172 86.734722222222231 25.850000000000005 5.8846962922641071 -1.0458475812433148 3 7.4394851282643115 4 3.9776702767982077 4.5000000000000009 5 0.36146417736073544 59.500000000000007 0.95008273051478975 6 0.0021274278612003691
decision_type=2 2 2 2 2 2 10 1 2 1 2 2 1 2 2 8 2 2 2 1 2 1 2 2 1 2 2 2 1 2
left_child=2 3 12 5 11 -2 21 -4 22 10 -5 20 -1 19 28 16 -13 -15 -9 -8 -3 -6 -7 -11 -16 -17 27 -27 -10 -14
right_child=1 4 7 9 6 8 13 18 14 23 -12 15 29 17 24 25 -18 -19 -20 -21 -22 -23 -24 -25 -26 26 -28 -29 -30 -31
leaf_value=-1.4362800430297851 -0.19991995842768731 -1.1972251373291014 -1.8639300155639649 -1.6128320077161999 -1.171440037536621 -1.5344699975541032 -0.57719999999999982 -1.3337400098885908 -1.5604800888061521 -0.53321994483442559 -0.38315413615958105 0.26891995697021498 -1.6199100763162742 -1.6130400215148926 -1.0909200416564941 1.8769201400756836 -0.70414796099272847 -0.6206401290893554 -0.31038013458251951 0.23579995422363295 2.6795398911909212 -0.51717116205922853 -0.93223200316346799 0.44651995697021502 -0.378605963987031 0.26351986541748035 0.70181995697021471 -0.91518008880615243 -0.76092004165649429 -2.1573300384521481
leaf_weight=2302 7576 1679 4187 3179 4801 4963 10881 3307 1999 4610 6686 51655 3991 1470 5393 432837 5918 2230 7430 54356 694 3564 3789 33838 6003 2825 62668 4643 2677 20454
leaf_count=2302 7576 1679 4187 3179 4801 4963 10881 3307 1999 4610 6686 51655 3991 1470 5393 432837 5918 2230 7430 54356 694 3564 3789 33838 6003 2825 62668 4643 2677 20454
internal_value=5.48778e-05 0.00202515 -0.0340313 -0.00822066 0.00331686 -0.0180735 -0.00293453 -0.0151341 -0.0228607 -0.00161282 -0.0133445 0.00417533 -0.0445745 -0.00117784 -0.0167267 0.0042847 0.000104527 -0.0181573 -0.0080013 -0.000214568 -0.0216521 -0.0174098 -0.0341218 0.00140066 -0.011363 0.00476318 0.00188511 -0.0110071 -0.0297935 -0.0469198
internal_weight=762605 720934 41671 80713 640221 32400 77302 14924 24824 48313 9865 562919 26747 68937 16072 560546 57573 3700 10737 65237 2373 8365 8752 38448 11396 502973 70136 7468 4676 24445
internal_count=762605 720934 41671 80713 640221 32400 77302 14924 24824 48313 9865 562919 26747 68937 16072 560546 57573 3700 10737 65237 2373 8365 8752 38448 11396 502973 70136 7468 4676 24445
cat_boundaries=0 2 4 6 8 10 12 14
cat_threshold=2742103560 82624 539166720 17088 557056 151134208 1082146882 306299928 3313779299 4216704316 1623351874 273712158 3816843491 274777176
is_linear=0
shrinkage=0.06


Tree=2
num_leaves=31
num_cat=9
split_feature=132 0 129 111 111 132 132 104 119 104 140 104 104 111 104 132 115 127 67 132 115 140 114 104 137 111 104 104 104 113
split_gain=13274.7 2456.77 2268.43 1128.73 1051.84 1301.47 924.795 531.824 512.616 454.105 437.676 433.641 429.515 475.142 408.394 379.295 348.389 293.907 307.37 247.971 230.019 222.036 203.142 186.244 185.893 181.152 176.563 176.462 176.175 168.209
threshold=-0.98913498983514925 58.007500000000007 25.500000000000004 61.500000000000007 61.500000000000007 0.3933211724509133 -0.96875021044074028 0 104.50000000000001 1 15.000000000000002 2 3 42.500000000000007 4 -0.95965000791072852 -2.898863277960396 5.8846962922641071 94.500000000000014 -0.96875021044074028 -1.3092962866800453 4.5000000000000009 0.49507832435277777 5 0.0021274278612003691 53.500000000000007 6 7 8 277.50000000000006
decision_type=2 2 2 2 2 2 2 1 2 1 2 1 1 2 1 2 2 2 2 2 2 2 2 1 2 2 1 1 1 2
left_child=2 3 14 8 5 6 23 -4 -2 22 -10 15 13 -8 -1 -5 -6 18 -11 28 27 -13 -7 -3 -16 -24 -21 -9 -12 -20
right_child=1 4 7 11 16 9 12 20 10 17 19 21 -14 -15 24 -17 -18 -19 29 26 -22 -23 25 -25 -26 -27 -28 -29 -30 -31
leaf_value=-1.350103240447998 -0.2331587555484512 -1.176106444241718 -1.7270442420959471 -1.5791501752938168 -1.048891537536621 -0.51557518917846668 -0.78389155664698318 -1.0714555569872506 -1.3768517960268807 -0.31389153753662113 -1.6528511919250486 -0.63892694338561795 0.71665195697021511 0.036784851104736442 -1.5225654405858657 -0.48616479643727173 1.4926848144836427 0.011584759552001883 -0.11154980822248485 -1.0494649307098389 -0.39825718917846697 0.3297287595520022 -1.5102575973358157 -0.73334811932373012 -2.026840240722656 -0.96136923770141591 -0.30776368061292642 -1.6119942008972166 -0.71526483915710437 -1.3602575973358155
leaf_weight=2254 5683 2160 3058 2911 1596 1463 10316 1256 6832 3011 1624 3250 159530 28672 4068 5115 429042 7694 728 4543 8885 26709 2576 3982 20397 3045 4452 1753 2512 3526
leaf_count=2254 5683 2160 3058 2911 1596 1463 10316 1256 6832 3011 1624 3250 159530 28672 4068 5115 429042 7694 728 4543 8885 26709 2576 3982 20397 3045 4452 1753 2512 3526
internal_value=7.96416e-05 0.00198275 -0.0328464 -0.00927448 0.00307247 -0.00023547 0.00125652 -0.0141315 -0.0189996 -0.0140874 -0.0235254 -0.0027081 0.001966 -0.00367886 -0.0433183 -0.0150832 0.00481389 -0.00814068 -0.0168002 -0.017115 -0.00836422 0.000612413 -0.0265928 -0.0216715 -0.0455699 -0.0318132 -0.0115218 -0.0227063 -0.0292734 -0.0271812
internal_weight=762643 720972 41671 63631 657341 226703 204660 14952 25646 22043 19963 37985 198518 38988 26719 8026 430638 14959 7265 13131 11894 29959 7084 6142 24465 5621 8995 3009 4136 4254
internal_count=762643 720972 41671 63631 657341 226703 204660 14952 25646 22043 19963 37985 198518 38988 26719 8026 430638 14959 7265 13131 11894 29959 7084 6142 24465 5621 8995 3009 4136 4254
cat_boundaries=0 2 4 6 8 10 12 14 16 18
cat_threshold=2721131520 17088 1086483018 1886503964 539166720 17088 1619017794 306234392 557056 151134208 1636067555 309626172 1623351874 1349567512 277397622 151893016 3791677667 272680024
is_linear=0
shrinkage=0.06


Tree=3
num_leaves=31
num_cat=0
split_feature=132 0 129 111 123 132 119 111 19 110 132 19 137 129 140 0 132 127 123 130 127 140 0 132 127 21 67 111 133 112
split_gain=12352.4 2198.46 2147.77 1373.22 744.109 656.632 592.745 589.104 422.984 390.929 387.065 312.124 279.38 260.641 255.49 321.34 247.755 229.934 226.772 213.52 160.508 156.205 183.138 155.162 165.744 146.648 144.108 123.489 450.46 372.178
threshold=-0.98913498983514925 71.525833333333352 25.500000000000004 61.500000000000007 0.75485434499797532 0.3933211724509133 104.50000000000001 54.500000000000007 69.503472222222243 25.850000000000005 0.42471264173135381 46.388194444444444 0.0021274278612003691 79.500000000000014 15.000000000000002 52.392500000000005 -0.96875021044074028 1.4631550222525631 0.38433893637922512 0.25881904510252091 6.3826464313672435 4.5000000000000009 52.392500000000005 0.57340843044527534 5.3002292217489613 44.550000000000004 94.500000000000014 44.500000000000007 0.98174098242282837 3.4250000000000003
decision_type=2 2 2 2 2 2 2 2 10 2 2 8 2 2 2 2 2 2 2 2 2 2 2 2 2 8 2 2 2 2
left_child=2 3 12 6 5 9 -2 20 19 27 17 -5 -1 18 15 -10 -11 -9 -4 -8 26 22 -13 -16 -25 -20 -7 28 -3 -30
right_child=1 4 13 11 -6 7 8 10 14 16 -12 21 -14 -15 23 -17 -18 -19 25 -21 -22 -23 -24 24 -26 -27 -28 -29 29 -31
leaf_value=-1.34526146379671 -0.14693526022200878 0.31365283955200213 -1.04142158757019 -0.80149488141902037 1.7753054480419921 -0.79576932851261462 -1.1948735949156697 -1.0180580361291505 -1.2831767308151401 -0.90268169075483529 0.0001496706829833272 -0.79896110690260314 -1.8752298262792966 -2.4214215875701899 -0.35375735770415301 -0.55626824188156565 -0.19976709910766616 -0.059850329317016671 -1.4642215494232176 -0.81868012040954552 -0.68864076938049323 0.36676008550422362 -0.033876324629104761 -1.490496897538147 -0.6406282719752262 -0.3863618036041262 -1.4346421643838503 1.0576529311047365 -0.25573390193285972 -1.6963471604479978
leaf_weight=4463 11149 36489 3274 6540 364849 1311 8553 3213 2925 2915 31516 2811 22216 1370 10460 4993 28639 1767 775 4597 4203 53557 5991 998 1730 9512 3456 125282 1467 1074
leaf_count=4463 11149 36489 3274 6540 364849 1311 8553 3213 2925 2915 31516 2811 22216 1370 10460 4993 28639 1767 775 4597 4203 53557 5991 998 1730 9512 3456 125282 1467 1074
internal_value=0.000158366 0.00199411 -0.0316272 -0.00563839 0.00343334 0.000848587 -0.0137394 -0.00564726 -0.0176502 0.00235648 -0.00226112 -0.000299651 -0.0418248 -0.0134044 -0.0123866 -0.0209057 -0.00376029 -0.0178037 -0.0108829 -0.0260969 -0.0194226 0.00100824 -0.00639873 -0.0072706 -0.0200117 -0.00650447 -0.0269585 0.00353114 0.000584151 -0.0238371
internal_weight=762095 720485 41610 114304 606181 241332 45405 45466 34256 195866 36496 68899 26679 14931 21106 7918 31554 4980 13561 13150 8970 62359 8802 13188 2728 10287 4767 164312 39030 2541
internal_count=762095 720485 41610 114304 606181 241332 45405 45466 34256 195866 36496 68899 26679 14931 21106 7918 31554 4980 13561 13150 8970 62359 8802 13188 2728 10287 4767 164312 39030 2541
is_linear=0
shrinkage=0.06


Tree=4
num_leaves=31
num_cat=0
split_feature=132 19 129 111 126 132 111 110 132 127 111 133 126 113 132 19 137 129 115 132 132 127 127 123 34 122 115 129 127 129
split_gain=11312.6 2060.56 1961.23 1654.35 813.058 758.393 655.497 497.263 399.087 348.758 338.187 451.891 419.007 336.049 301.659 290.52 252.609 247.108 233.113 209.785 306.751 254.386 192.189 185.767 233.514 176.885 174.014 161.988 153.508 144.138
threshold=-0.98913498983514925 85.259722222222237 25.500000000000004 61.500000000000007 202.45000000000002 0.3933211724509133 56.500000000000007 19.450000000000003 0.42471264173135381 6.3826464313672435 44.500000000000007 0.98174098242282837 2422.3250000000003 277.50000000000006 0.61490419508004501 46.388194444444444 0.0021274278612003691 79.500000000000014 -0.65014361702743195 -0.76624641395159687 -0.77718486915728335 2.7979542081939068 1.5369951120216292 0.81364553469971723 2.0045000000000006 0.43290291644084405 -0.40382623228599585 169.50000000000003 7.0013150472807721 166.50000000000003
decision_type=2 10 2 2 2 2 2 2 2 2 2 2 2 2 2 8 2 2 2 2 2 2 2 2 8 2 2 2 2 2
left_child=2 3 16 7 -3 10 9 -2 22 26 11 19 -13 27 23 -5 -1 18 -4 20 21 -6 -8 24 -15 -26 29 -9 -16 -7
right_child=1 4 17 15 5 6 8 13 -10 -11 -12 12 -14 14 28 -17 -18 -19 -20 -21 -22 -23 -24 -25 25 -27 -28 -29 -30 -31
leaf_value=-1.3189958403392976 -0.15727935642402513 1.9342254243668702 -0.95268995259612999 -0.76135517022333243 -0.78365346557619431 -1.0550161569275187 -0.97603955960172939 -0.96021660620233729 0.00014069044200454073 -0.54085290284366716 0.79019366368571808 -0.27100312633202644 -1.5945663308211178 -0.94042784067041618 -1.3951083427038025 0.17008684129054194 -1.762716036702539 -2.2768063976269066 -0.33918000383514435 0.29483366917888215 -0.6943611345015378 -0.064361134501537826 -0.056259309557995747 -0.21760544408121049 -0.61165755134649424 -0.86238807420631391 -0.25633056663995119 -0.24605927318581866 -1.1188457637493345 -1.348563634520819
leaf_weight=4411 8112 336444 6601 6710 2632 2677 3699 2112 35733 5384 158151 1557 1237 8717 2132 61972 22335 1356 6927 41772 1196 15150 1761 1953 8462 1330 955 6381 1172 2744
leaf_count=4411 8112 336444 6601 6710 2632 2677 3699 2112 35733 5384 158151 1557 1237 8717 2132 61972 22335 1356 6927 41772 1196 15150 1761 1953 8462 1330 955 6381 1172 2744
internal_value=0.000203485 0.00196148 -0.0302068 -0.00563594 0.00331729 0.00089499 -0.00555618 -0.0152748 -0.00198917 -0.0180495 0.0024359 -0.00126109 -0.0248501 -0.0186139 -0.0222747 2.98766e-05 -0.0399216 -0.0127481 -0.0102988 -0.000175799 -0.00540661 -0.00342732 -0.0170958 -0.0195567 -0.0214136 -0.0150524 -0.0275434 -0.00836849 -0.0390971 -0.0317031
internal_weight=761775 720145 41630 109053 611092 274648 52953 40371 41193 11760 221695 63544 2794 32259 23766 68682 26746 14884 13528 60750 18978 17782 5460 20462 18509 9792 6376 8493 3304 5421
internal_count=761775 720145 41630 109053 611092 274648 52953 40371 41193 11760 221695 63544 2794 32259 23766 68682 26746 14884 13528 60750 18978 17782 5460 20462 18509 9792 6376 8493 3304 5421
is_linear=0
shrinkage=0.06


Tree=5
num_leaves=31
num_cat=8
split_feature=132 61 134 111 123 132 104 132 104 132 104 104 104 132 130 128 130 128 118 123 119 104 111 111 104 132 115 104 111 130
split_gain=10382.8 1933.41 1643.6 1089.61 667.686 652.212 613.341 447.536 390.767 484.238 387.313 324.235 324.012 320.167 278.724 255.77 342.851 243.55 243.136 227.766 214.873 185.164 182.036 159.527 147.357 143.492 141.333 128.155 126.22 126.132
threshold=-0.98913498983514925 4.283942820166148 1.0000000180025095e-35 56.500000000000007 0.81364553469971723 0.61490419508004501 0 0.61490419508004501 1 -0.95965000791072852 2 3 4 -0.95965000791072852 -0.37940952255126059 0.0031862363564564293 -0.25881904510252113 0.003494537365699824 1.0000000180025095e-35 0.81364553469971723 611.50000000000011 5 43.500000000000007 38.500000000000007 6 -0.96875021044074028 -0.61233803076888804 7 71.500000000000014 -1.0000000180025095e-35
decision_type=2 2 2 2 2 2 1 2 1 2 1 1 1 2 2 2 2 2 2 2 2 1 2 2 1 2 2 1 2 2
left_child=2 3 6 7 5 11 18 12 9 -5 26 14 13 -2 20 16 -7 -9 28 -10 22 -17 24 -15 -3 -14 -4 -28 -1 -30
right_child=1 4 10 8 -6 15 -8 17 19 -11 -12 -13 25 23 -16 21 -18 -19 -20 -21 -22 -23 -24 -25 -26 -27 27 -29 29 -31
leaf_value=-1.4889531202767539 -1.5308599287687337 -0.31580470947067574 -1.1908748700107847 -1.2856301616776467 1.7596719904575922 -1.2676498164495698 -1.7309529753182578 -1.3305888110207789 -0.2706376684338111 -0.38408709914833566 -0.1486170141610117 0.6322607192625409 -0.59638036219452395 -0.90812264790646979 0.23821003849875275 -0.85705214466672353 -0.49900928154765906 -0.89160807159283773 -1.7769530745003868 0.51327603012678624 -0.7456229155866555 0.00013224901548440469 -0.17810297804767258 -0.64916940873915263 -0.89804383445413549 -0.28832879085301633 -1.4375174714865049 -0.41752579967254033 -0.60695307450038682 -1.1153560530143698
leaf_weight=2404 1687 3820 1281 4226 318641 2081 17120 2855 24394 12403 8055 199069 4456 2043 46492 1753 3392 1851 4545 38718 3041 4561 19477 5243 4114 16476 381 1224 3437 3301
leaf_count=2404 1687 3820 1281 4226 318641 2081 17120 2855 24394 12403 8055 199069 4456 2043 46492 1753 3392 1851 4545 38718 3041 4561 19477 5243 4114 16476 381 1224 3437 3301
internal_value=0.000246919 0.00193189 -0.0288441 -0.00522424 0.00328128 0.00118644 -0.0359387 -0.014114 -0.00136558 -0.00954483 -0.0088662 0.00177671 -0.0114067 -0.0209419 -0.00153097 -0.0126347 -0.0221268 -0.0313117 -0.026392 0.000791027 -0.0059931 -0.00440475 -0.00431395 -0.0155076 -0.0119743 -0.00730497 -0.0276783 -0.0158966 -0.0207687 -0.0165532
internal_weight=762541 720793 41748 114352 606441 287800 30807 34611 79741 16629 10941 276013 29905 8973 76944 11787 5473 4706 13687 63112 30452 6314 27411 7286 7934 20932 2886 1605 9142 6738
internal_count=762541 720793 41748 114352 606441 287800 30807 34611 79741 16629 10941 276013 29905 8973 76944 11787 5473 4706 13687 63112 30452 6314 27411 7286 7934 20932 2886 1605 9142 6738
cat_boundaries=0 2 4 6 8 10 12 14 16
cat_threshold=1208795510 1874245904 547555328 17088 3794873864 82624 1623384130 307348504 1619003426 272630856 1086482498 460637208 541237248 34668544 536872960 16448
is_linear=0
shrinkage=0.06


Tree=6
num_leaves=31
num_cat=8
split_feature=99 129 0 111 104 104 126 100 129 111 67 111 104 104 99 104 113 104 137 111 127 126 122 110 112 129 129 104 104 130
split_gain=9235.25 2421.65 1416.19 1134.12 741.026 553.078 549.367 511.184 304.365 302.554 296.664 263.031 254.751 254.261 232.049 214.033 213.318 212.545 207.533 202.08 198.045 195.535 191.728 245.966 217.368 195.015 236.381 186.862 177.593 167.937
threshold=0.16375124644383884 25.500000000000004 81.79500000000003 54.500000000000007 0 1 202.45000000000002 0.68301270189221941 178.50000000000003 67.500000000000014 239.50000000000003 38.500000000000007 2 3 0.23118848345786336 4 97.500000000000014 5 0.0021274278612003691 59.500000000000007 6.8017936114223074 189.27500000000003 0.07688256673047679 18.250000000000004 3.4250000000000003 67.500000000000014 9.5000000000000018 6 7 -0.37940952255126059
decision_type=2 2 2 2 1 1 2 2 2 2 2 2 1 1 2 1 2 1 2 2 2 2 2 2 2 2 2 1 1 2
left_child=1 5 3 7 -3 15 -4 8 27 -6 12 17 19 14 -5 -1 -11 -10 -7 29 -9 -15 23 24 -12 26 -24 -2 -22 -8
right_child=2 4 6 13 9 18 10 20 11 16 22 -13 -14 21 -16 -17 -18 -19 -20 -21 28 -23 25 -25 -26 -27 -28 -29 -30 -31
leaf_value=-0.32704314661245926 -1.0745231080387045 -1.4495234588697476 1.7905913048191993 -0.98409084183416495 -0.71157227712299642 -1.2574988973834578 -0.88515368407732764 -1.2395780178161384 -0.81020622799028708 -1.7795027925372497 -0.38383580727507066 -0.14917587209630964 0.03997105383464454 0.59494956364437623 -0.3584175179717064 -1.4042030716252123 -0.077020577457188322 -0.27265222210208562 -1.5983359014744556 -0.28849337880362652 -1.003049733381612 -0.1944217444944624 0.58382747010384395 -0.14758096014063038 -0.78315355351481031 0.7729372208534756 -0.82690015921461291 -0.63928931907442965 -0.19085887438558644 -0.35240953815961562
leaf_weight=1395 3119 3477 315549 2402 7553 3000 5381 3332 3070 1138 757 18188 45298 53698 19762 7318 15000 3650 14963 12174 1132 28592 4185 18712 614 154605 3651 5161 1700 3638
leaf_count=1395 3119 3477 315549 2402 7553 3000 5381 3332 3070 1138 757 18188 45298 53698 19762 7318 15000 3650 14963 12174 1132 28592 4185 18712 614 154605 3651 5161 1700 3638
internal_value=0.000318603 -0.0236363 0.00213947 -0.00317609 -0.011027 -0.0364773 0.00349346 -0.011857 -0.00890934 -0.00721686 0.00138654 -0.00559605 -0.00204467 9.44332e-05 -0.00560794 -0.0239663 -0.00258083 -0.0157387 -0.0425071 -0.00747227 -0.0277236 0.00163084 0.00263648 -0.00289395 -0.0274155 0.00332024 -0.00591349 -0.0188745 -0.0160494 -0.0142823
internal_weight=762214 53844 708370 143806 27168 26676 564564 39352 33188 23691 249015 24908 66491 104454 22164 8713 16138 6720 17963 21193 6164 82290 182524 20083 1371 162441 7836 8280 2832 9019
internal_count=762214 53844 708370 143806 27168 26676 564564 39352 33188 23691 249015 24908 66491 104454 22164 8713 16138 6720 17963 21193 6164 82290 182524 20083 1371 162441 7836 8280 2832 9019
cat_boundaries=0 2 4 7 9 11 13 15 17
cat_threshold=539035648 17088 134791284 789755922 1086515275 309707804 1 547588096 16960 32784 139264 1082146882 272663576 1677740131 274777208 1086351434 1349567512
is_linear=0
shrinkage=0.06


Tree=7
num_leaves=31
num_cat=8
split_feature=132 19 134 111 104 126 132 111 122 132 104 104 115 132 104 127 111 99 126 104 104 118 104 132 104 132 132 127 130 115
split_gain=8607.57 1662.82 1428.17 1277.48 688.091 680.815 641.091 515.337 363.306 410.556 468.439 353.295 352.439 339.835 309.576 285.157 282.459 387.657 460.316 215.355 212.52 207.85 194.437 194.003 192.482 185.904 300.182 186.672 177.593 174.269
threshold=-0.98913498983514925 86.734722222222231 1.0000000180025095e-35 62.500000000000007 0 202.45000000000002 0.3933211724509133 56.500000000000007 0.07688256673047679 -0.95965000791072852 1 2 -2.898863277960396 -0.96875021044074028 3 6.3826464313672435 44.500000000000007 0.98174098242282837 2563.6000000000004 4 5 1.0000000180025095e-35 6 0.47084587141109652 7 -0.76624641395159687 -0.77718486915728335 3.0000202790602937 -0.91597561503675329 -0.61233803076888804
decision_type=2 10 2 2 1 2 2 2 2 2 1 1 2 2 1 2 2 2 2 1 1 2 1 2 1 2 2 2 2 2
left_child=2 3 4 8 20 -3 16 15 -2 10 -10 13 -9 -5 -4 29 17 19 -19 -7 -1 -22 -14 -11 -17 26 27 -21 -12 -8
right_child=1 5 14 11 -6 6 7 12 9 23 28 -13 22 -15 -16 24 -18 18 -20 25 21 -23 -24 -25 -26 -27 -28 -29 -30 -31
leaf_value=-0.3307133012336162 -1.0453335970120996 1.6606828629685528 -0.97763651159808085 -1.2181124295968038 -1.529045738810632 -0.59978446293716814 -1.1659432558843941 -0.9659907822976197 -1.0250209690908827 -0.21240320345910355 -0.76250798918995488 0.28493038094694723 -0.57083484973964249 -0.35474649199554464 -0.097005656683971181 -0.68048420389301811 0.72187664069806101 -0.24509719406499569 -1.4593423010020823 -0.65612092257231602 -1.0262837057328509 -1.6284357130537128 0.20297179748883493 -0.70999431349614739 0.0016024075882201316 0.53406362311521094 -0.68178025197875991 0.080354954891464631 -0.40665653016206377 -0.23054754430168101
leaf_weight=1600 6422 334228 3214 3277 17361 5496 4985 1383 2884 19666 2700 55310 10527 12504 7741 1178 156670 1808 1205 2445 7930 3908 28530 5717 4087 37215 1136 13791 6630 1143
leaf_count=1600 6422 334228 3214 3277 17361 5496 4985 1383 2884 19666 2700 55310 10527 12504 7741 1178 156670 1808 1205 2445 7930 3908 28530 5717 4087 37215 1136 13791 6630 1143
internal_value=0.000302096 0.00183608 -0.0261836 -0.00477452 -0.0328015 0.00309214 0.000860876 -0.00514145 -0.012807 -0.0105537 -0.019592 0.000199263 -0.00196583 -0.00771619 -0.00757667 -0.0164123 0.00227657 -0.00111295 -0.0221108 -5.96163e-05 -0.0225438 -0.0253247 -0.000911414 -0.00620399 -0.00616977 0.00108103 -0.00404352 -0.00195627 -0.0130072 -0.02521
internal_weight=762691 720937 41754 115110 30799 605827 271599 51833 44019 37597 12214 71091 40440 15781 10955 11393 219766 63096 3013 60083 13438 11838 39057 25383 5265 54587 17372 16236 9330 6128
internal_count=762691 720937 41754 115110 30799 605827 271599 51833 44019 37597 12214 71091 40440 15781 10955 11393 219766 63096 3013 60083 13438 11838 39057 25383 5265 54587 17372 16236 9330 6128
cat_boundaries=0 2 4 6 8 10 12 15 17
cat_threshold=1208795254 791854362 1610629186 272679960 547555328 17088 3945868808 82624 1082130434 306217992 32784 139264 1690477066 307283036 1 1086483010 1349633048
is_linear=0
shrinkage=0.06


Tree=8
num_leaves=31
num_cat=9
split_feature=132 0 129 111 104 111 132 129 132 104 110 104 104 111 129 132 132 104 129 110 104 126 127 104 137 104 132 127 54 104
split_gain=7748.55 1469.25 1440.24 945.448 576.352 572.516 595.751 492.685 396.243 391.508 335.054 324.713 281.282 254.256 249.923 249.217 246.35 221.217 214.561 287.118 205.87 189.832 243.079 183.846 183.674 176.247 170.938 164.224 147.744 144.106
threshold=-0.98913498983514925 78.925000000000026 25.500000000000004 61.500000000000007 0 60.500000000000007 0.3933211724509133 178.50000000000003 0.66766646831012755 1 25.850000000000005 2 3 41.500000000000007 79.500000000000014 -0.95965000791072852 0.61490419508004501 4 37.500000000000007 8.4500000000000011 5 4020.4250000000002 7.9412185479710926 6 0.0021274278612003691 7 -0.96875021044074028 6.3826464313672435 6.23254075478203 8
decision_type=2 2 2 2 1 2 2 2 2 1 2 1 1 2 2 2 2 1 2 2 1 2 2 1 2 1 2 2 10 1
left_child=2 3 4 7 20 6 10 11 13 -4 21 -2 15 25 -11 29 -13 -8 19 -7 -1 -3 -23 -16 -6 -9 -12 28 -19 -5
right_child=1 5 9 12 24 18 17 8 -10 14 26 16 -14 -15 23 -17 -18 27 -20 -21 -22 22 -24 -25 -26 -27 -28 -29 -30 -31
leaf_value=-0.31087050315959924 -0.97560906394314384 0.51177089716110324 -1.3136927818433102 -0.18623426275590915 -1.2112061825907188 -0.87286487994035056 -0.93355744022438303 -0.74884966210332382 -1.082209214747982 -0.14409396546536016 -0.80793973195388546 -0.46977833838202754 0.24904060787633317 -0.047274213977317597 0.93565881317277755 -0.28027270159527157 -1.0726135811913735 -0.083299893887984991 1.5925149463046682 0.18664963102449844 -1.2222447445444768 -1.4677816713892231 0.24601904609392192 -1.9571488164653301 -1.4554529975641859 -0.30066806700824683 -0.16105032338241998 0.03789755800767395 -0.96803247245142687 -1.1931467344386026
leaf_weight=1375 6301 138742 3223 1339 2321 2045 4077 2481 3202 10692 2513 12146 67569 25093 330 15114 986 1911 356893 29693 11569 708 1215 731 11418 5945 29683 5812 3573 2904
leaf_count=1375 6301 138742 3223 1339 2321 2045 4077 2481 3202 10692 2513 12146 67569 25093 330 15114 986 1911 356893 29693 11569 708 1215 731 11418 5945 29683 5812 3573 2904
internal_value=0.00033753 0.00179334 -0.0248211 -0.00364912 -0.0331788 0.00314324 0.000427253 -0.00971732 -0.00562861 -0.00992882 0.0014339 -0.0174427 0.000270986 -0.00370185 -0.00482846 -0.00610378 -0.0120374 -0.0108912 0.00445873 -0.000268817 -0.0240213 0.00269767 -0.0160197 -0.0325932 -0.0417561 -0.0127191 -0.00408746 -0.00654497 -0.0139974 -0.0189543
internal_weight=761604 719945 41659 143080 26683 576865 188234 56154 36721 14976 172861 19433 86926 33519 11753 19357 13132 15373 388631 31738 12944 140665 1923 1061 13739 8426 32196 11296 5484 4243
internal_count=761604 719945 41659 143080 26683 576865 188234 56154 36721 14976 172861 19433 86926 33519 11753 19357 13132 15373 388631 31738 12944 140665 1923 1061 13739 8426 32196 11296 5484 4243
cat_boundaries=0 2 4 6 8 10 12 14 16 17
cat_threshold=1217183862 1865596218 2721131016 17088 1619019971 272663640 547588096 17088 1086483010 1886503960 32784 139264 1140900034 4762648 1082130434 272630792 8554496
is_linear=0
shrinkage=0.06


Tree=9
num_leaves=31
num_cat=0
split_feature=132 19 129 111 126 132 110 0 115 129 130 115 127 130 109 137 132 6 19 34 111 129 124 67 113 21 139 130 129 127
split_gain=6884.62 1311.71 1235.77 1002.2 684.93 652.277 316.391 295.91 295.514 293.105 287.666 335.797 279.804 257.482 276.475 205.483 264.9 174.015 161.154 150.46 149.045 175.757 138.423 133.537 125.506 115.49 113.55 111.737 109.193 108.669
threshold=-0.98913498983514925 86.734722222222231 25.500000000000004 62.500000000000007 182.87500000000003 0.61490419508004501 19.450000000000003 37.132500000000007 -0.59912590910842745 79.500000000000014 -0.37940952255126059 -2.898863277960396 6.3826464313672435 0.12940952255126045 82.500000000000014 0.0021274278612003691 -0.99359783145257141 322.26500000000004 26.964236111111116 1.3265000000000002 58.500000000000007 25.500000000000004 0.048333333333333346 160.50000000000003 146.50000000000003 44.550000000000004 20.500000000000004 -0.25881904510252113 12.500000000000002 1.6989029912407831
decision_type=2 10 2 2 2 2 2 2 2 2 2 2 2 2 2 2 2 10 8 8 2 2 2 2 2 8 2 2 2 2
left_child=2 3 7 6 -3 10 -2 29 12 22 17 28 23 14 -8 -9 -17 20 -5 24 21 -6 -4 -7 -16 -24 -21 -25 -12 -1
right_child=1 4 9 18 5 8 13 15 -10 -11 11 -13 -14 -15 19 16 -18 -19 -20 26 -22 -23 25 27 -26 -27 -28 -29 -30 -31
leaf_value=-1.4000428782769598 -0.10577951484510975 1.535964141079122 -0.7167649795085772 -1.2328313172083571 -1.1540324247418505 -1.0659505469925248 -0.42324100166705436 -0.65020119317080449 0.059627659041440489 -1.8397198874774103 -0.91738532229857161 0.74449705331545313 -0.42443587114656323 -0.31599737195551769 -0.40644601149137299 -1.3787567464928436 -0.59946689995332436 0.21474311319569805 0.062966826098853942 -0.84596791461316923 0.16200615255913903 -0.36183661841746362 -1.0280032401097139 -1.0599505241043412 -0.86727666186310315 -0.18232423770837755 -0.35334562414635812 -0.47442783535161509 -0.63930248340916906 -1.0540257810892411
leaf_weight=8172 9373 320544 2492 1349 778 1049 5844 2939 3833 1372 808 151883 4335 10501 1011 7299 4089 64684 69669 7750 18954 34259 819 1686 6780 10196 3036 1065 1647 4313
leaf_count=8172 9373 320544 2492 1349 778 1049 5844 2939 3833 1372 808 151883 4335 10501 1011 7299 4089 64684 69669 7750 18954 34259 819 1686 6780 10196 3036 1065 1647 4313
internal_value=0.000382089 0.00175319 -0.0233238 -0.00411192 0.00287012 0.000729962 -0.0111945 -0.0310188 -0.0129795 -0.00945605 0.00133099 0.00303882 -0.0194506 -0.0138215 -0.0171998 -0.0251311 -0.0287815 -0.00089007 0.000305665 -0.0207804 -0.00340484 -0.00572344 -0.00677065 -0.0313339 -0.0271348 -0.00388072 -0.0161884 -0.0243728 -0.0189699 -0.0377727
internal_weight=762529 720838 41691 115313 605525 284981 44295 26812 11968 14879 273013 154338 8135 34922 24421 14327 11388 118675 71018 18577 53991 35037 13507 3800 7791 11015 10786 2751 2455 12485
internal_count=762529 720838 41691 115313 605525 284981 44295 26812 11968 14879 273013 154338 8135 34922 24421 14327 11388 118675 71018 18577 53991 35037 13507 3800 7791 11015 10786 2751 2455 12485
is_linear=0
shrinkage=0.06


Tree=10
num_leaves=31
num_cat=7
split_feature=132 0 129 109 104 126 0 132 104 111 130 119 133 104 132 104 34 132 139 115 115 67 104 104 110 130 129 104 122 139
split_gain=6095.53 1223.75 1128.21 802.879 602.227 475.04 459.776 406.06 309.498 292.071 240.42 237.595 296.935 236.893 288.786 234.85 223.034 204.528 307.01 203.064 200.031 183.46 190.451 176.614 162.494 152.961 144.584 170.405 146.593 141.234
threshold=-0.98913498983514925 84.75833333333334 25.500000000000004 82.500000000000014 0 182.87500000000003 44.621250000000011 0.61490419508004501 1 53.500000000000007 -0.37940952255126059 596.50000000000011 0.98174098242282837 2 -0.94941398590724801 3 1.2725000000000002 -0.99359783145257141 11.500000000000002 -2.898863277960396 -0.59912590910842745 154.50000000000003 4 5 26.950000000000003 -0.5 79.500000000000014 6 0.15925546827317141 7.5000000000000009
decision_type=2 2 2 2 1 2 2 2 1 2 2 2 2 1 2 1 8 2 2 2 2 2 1 1 2 2 2 1 2 2
left_child=2 3 4 13 29 24 15 10 26 16 11 23 -13 14 -2 -5 -8 18 -6 -12 21 -9 -23 -7 -3 -17 27 -4 -29 -1
right_child=1 5 8 6 17 7 9 20 -10 -11 19 12 -14 -15 -16 25 -18 -19 -20 -21 -22 22 -24 -25 -26 -27 -28 28 -30 -31
leaf_value=-1.0983922785028311 -0.94212066500567249 1.5983061095089062 -1.0817353705963566 -1.1768466330569265 -0.78066950369643473 -0.38256474520998779 -0.66895181568505657 -1.0019935141729732 -0.2050018176108736 -0.13991371453693804 -0.71830120200605718 -0.39822365354286732 -0.82306777936721376 0.32146223806900515 -0.12358755238884633 -0.86046706278291951 -0.34822314788669978 -0.45107771462246288 -1.5554004129207644 0.82283777750399489 0.05226944964941211 -0.95791460186971933 -0.48710041759593153 0.43872990346174418 -0.32592125330131905 -0.48968077453265935 -1.8335019908039567 -0.93022422282380868 -0.43211351703190909 -1.2907618334807187
leaf_weight=1901 2769 294011 845 4806 6692 20541 9070 1005 9522 42320 1926 14089 554 71745 6838 2355 19547 5347 3079 140197 3391 1093 3962 69421 4935 6595 538 816 3188 9656
leaf_count=1901 2769 294011 845 4806 6692 20541 9070 1005 9522 42320 1926 14089 554 71745 6838 2355 19547 5347 3079 140197 3391 1093 3962 69421 4935 6595 538 816 3188 9656
internal_value=0.000447934 0.00173593 -0.0218886 -0.00278326 -0.0292769 0.00308768 -0.00687229 0.00119164 -0.00866841 -0.0049254 0.00165918 -0.000523966 -0.00761144 0.00147373 -0.00736931 -0.016911 -0.00960717 -0.0213413 -0.026518 0.00326601 -0.0110129 -0.0175417 -0.0128817 0.000629726 0.00471246 -0.0111215 -0.0201441 -0.0169002 -0.0116204 -0.0396022
internal_weight=762754 721170 41584 166045 26675 555125 84693 256179 14909 70937 246728 104605 14643 81352 9607 13756 28617 15118 9771 142123 9451 6060 5055 89962 298946 8950 5387 4849 4004 11557
internal_count=762754 721170 41584 166045 26675 555125 84693 256179 14909 70937 246728 104605 14643 81352 9607 13756 28617 15118 9771 142123 9451 6060 5055 89962 298946 8950 5387 4849 4004 11557
cat_boundaries=0 3 5 7 9 11 13 15
cat_threshold=3073584009 273236677 1 2880646665 2147566274 539035648 576 1652555906 272630984 1082288194 424723484 1623220290 274056216 536872960 16448
is_linear=0
shrinkage=0.06


Tree=11
num_leaves=31
num_cat=9
split_feature=133 6 134 109 104 104 130 109 133 98 129 104 133 137 98 98 134 129 127 133 104 104 98 104 104 123 104 137 109 104
split_gain=5626.87 1098.65 1051.37 884.948 648.078 546.251 506.758 353.204 279.525 264.128 258.098 252.603 244.166 395.419 236.045 215.882 262.393 260.864 210.422 202.987 200.051 179.895 177.225 162.569 151.328 144.875 142.166 131.583 126.769 129.042
threshold=0.1467582803854888 277.22500000000008 1.0000000180025095e-35 752.50000000000011 0 1 -0.91597561503675329 112.50000000000001 0.24788919046402172 0.57340843044527534 46.500000000000007 2 0.11264710520308081 0.0080707547752903383 0.64166506163122816 0.34537287020513602 1.0000000180025095e-35 31.500000000000004 6.0342694821861933 0.28106562097635729 3 4 0.57340843044527534 5 6 0.15431945085441576 7 0.0021274278612003691 127.50000000000001 8
decision_type=2 10 2 2 1 1 2 2 2 2 2 1 2 2 2 2 2 2 2 2 1 1 2 1 1 2 1 2 2 1
left_child=2 3 4 6 -1 19 8 -3 20 -7 21 -4 13 27 -10 25 -17 24 -11 26 -2 -8 -21 -12 -18 -9 -5 -6 -13 -30
right_child=1 7 11 5 12 9 10 15 14 18 23 28 -14 -15 -16 16 17 -19 -20 22 -22 -23 -24 -25 -26 -27 -28 -29 29 -31
leaf_value=-1.2379547029119213 -0.92546224045768721 1.5729079260438401 -0.99798093389492115 -1.0930755017892479 -0.57012747734364722 -0.12590464118908207 -0.80076655742610747 -0.029048310254510632 -0.25042935427289909 -0.99726321322060718 -0.067695868667812534 0.47145838852933208 -0.39069626267281021 -1.4320763881455187 -0.81039094255712363 0.097912086048929162 -1.1715901932954842 -0.053132356931602231 -0.36493798153273099 -0.54844424147476467 -0.34837480787105163 -0.0085290044006844923 -0.96048105324233779 0.40838624233916088 -0.6142160425039922 0.92348911138265599 -1.0636005300484317 -0.9970365851721138 -0.6570518475339796 -0.1491059553394902
leaf_weight=10949 1869 295259 674 1206 2928 17397 9332 52308 23494 1148 54938 5148 6960 3526 1662 25309 2049 6050 1391 8576 1874 11188 1232 94220 3187 105504 1783 6370 1922 3198
leaf_count=10949 1869 295259 674 1206 2928 17397 9332 52308 23494 1148 54938 5148 6960 3526 1662 25309 2049 6050 1391 8576 1874 11188 1232 94220 3187 105504 1783 6370 1922 3198
internal_value=0.000486285 0.00172538 -0.0209495 -0.00168241 -0.0266357 -0.0108231 -0.000175639 0.00333516 -0.00751993 -0.0046034 0.00107525 -0.00497743 -0.020116 -0.0250367 -0.00524323 0.00134923 -0.00280277 -0.0104106 -0.0226795 -0.0204917 -0.0228157 -0.00523366 -0.0163332 0.00194322 -0.0202146 0.00231205 -0.034196 -0.0185452 -0.00261621 -0.00930287
internal_weight=762651 720976 41675 231310 30733 32733 198577 489666 28899 19936 169678 10942 19784 12824 25156 194407 36595 11286 2539 12797 3743 20520 9808 149158 5236 157812 2989 9298 10268 5120
internal_count=762651 720976 41675 231310 30733 32733 198577 489666 28899 19936 169678 10942 19784 12824 25156 194407 36595 11286 2539 12797 3743 20520 9808 149158 5236 157812 2989 9298 10268 5120
cat_boundaries=0 3 5 7 10 13 15 18 20 22
cat_threshold=2738039433 273171140 1 1694515298 457213050 536872960 16448 1743071619 432017227 1 4085426729 45203652 1 1621338120 272679616 4074153737 1613758533 1 1610612738 272630792 3407951529 2185265794
is_linear=0
shrinkage=0.06


Tree=12
num_leaves=31
num_cat=7
split_feature=133 111 101 129 139 104 104 129 104 129 104 111 104 127 129 127 111 137 104 130 112 130 104 137 133 133 126 130 115 137
split_gain=5031.38 1045.77 941.218 912.13 584.903 531.204 483.803 414.574 391.223 386.673 347.001 319.843 300.735 231.728 210.519 203.762 199.535 199.455 164.889 159.583 176.18 144.061 135.072 131.665 127.848 422.911 350.841 297.578 132.927 132.009
threshold=0.1467582803854888 61.500000000000007 0.6830127018922193 25.500000000000004 20.500000000000004 0 1 178.50000000000003 2 31.500000000000004 3 42.500000000000007 4 0.40917864446360663 79.500000000000014 6.5801916373033995 52.500000000000007 0.0021274278612003691 5 0.25881904510252091 3.5750000000000006 -0.91597561503675329 6 0.0021274278612003691 0.98174098242282837 0.98486764554468398 4020.4250000000002 1.0000000180025095e-35 2.0018158224955824 3.3412422113289955e-10
decision_type=2 2 2 2 2 1 1 2 1 2 1 2 1 2 2 2 2 2 1 2 2 2 1 2 2 2 2 2 2 2
left_child=3 2 4 5 6 23 16 8 -3 -4 11 -11 -5 17 -14 19 -2 -7 -16 20 -8 -18 -6 -1 28 27 29 -26 -12 -27
right_child=1 7 9 12 22 13 15 -9 -10 10 24 -13 14 -15 18 -17 21 -19 -20 -21 -22 -23 -24 -25 25 26 -28 -29 -30 -31
leaf_value=-0.97614757472648561 -0.93868596190669906 -0.50116590803712624 -0.8129446057698092 -1.0025895632830617 -0.41989465598287279 -0.60551063709169994 -0.59285884577804748 1.3099048430562248 0.32589018811082099 -0.55384657258343761 0.60629242094411107 -0.058735012605478684 0.0013646166520526037 -0.64708472891862046 0.7095280175634342 -0.11693326283573896 -0.76048896116870046 -1.3377917204045489 -1.572814077916493 -0.093717729939072986 -0.93868596190669906 -0.38961080466503417 -0.0016717994524208175 -1.1455274344701163 -0.63472659429409017 0.8586229958616638 -1.5222657252241341 1.394804753053156 -1.180708971697503 -1.0779259358322186
leaf_weight=1898 5333 33603 3119 4040 6401 1254 7161 347197 87952 10843 123980 26220 9886 10485 344 9784 2630 3555 597 3836 1096 2758 25938 9722 1106 15699 542 528 1009 4199
leaf_count=1898 5333 33603 3119 4040 6401 1254 7161 347197 87952 10843 123980 26220 9886 10485 344 9784 2630 3555 597 3836 1096 2758 25938 9722 1106 15699 542 528 1009 4199
internal_value=0.00051609 0.00168926 -0.0014263 -0.0197265 -0.00765065 -0.0263153 -0.0133222 0.00336538 0.000349716 0.000732352 0.00108727 -0.0041005 -0.00779782 -0.0189217 -0.0025704 -0.00819161 -0.0237602 -0.0298391 -0.0296752 -0.0134035 -0.018101 -0.0156341 -0.00193339 -0.0359969 0.00239484 -0.00181454 0.000534221 -0.031178 0.00313844 0.00183266
internal_weight=762715 720934 252182 41781 64937 26914 32598 468752 121555 187245 184126 37063 14867 15294 10827 21877 10721 4809 941 12093 8257 5388 32339 11620 147063 22074 20440 1634 124989 19898
internal_count=762715 720934 252182 41781 64937 26914 32598 468752 121555 187245 184126 37063 14867 15294 10827 21877 10721 4809 941 12093 8257 5388 32339 11620 147063 22074 20440 1634 124989 19898
cat_boundaries=0 3 5 8 10 12 14 16
cat_threshold=2813538185 273171141 1 1656776802 458261528 1654892552 115268 1 1619017794 272679960 2746419208 2147566272 1140900034 273198105 1610614787 308347914
is_linear=0
shrinkage=0.06


Tree=13
num_leaves=31
num_cat=8
split_feature=132 0 127 122 104 111 104 126 132 112 104 132 132 132 132 132 132 119 104 132 132 104 120 137 125 104 127 104 104 127
split_gain=4432.81 995.44 817.019 602.085 430.506 390.586 364.421 356.481 325.226 519.909 270.665 300.66 258.912 253.533 245.648 220.769 211.385 210.491 199.122 191.308 190.687 174.097 163.408 152.432 152.105 146.058 137.511 124.633 122.176 118.064
threshold=-0.98913498983514925 90.102500000000006 1.6144428561815538 0.07688256673047679 0 53.500000000000007 1 162.07500000000002 -0.13291928626387098 3.2950000000000004 2 -0.95965000791072852 -0.11585131824808122 0.3933211724509133 -0.76624641395159687 0.40907743338811486 0.61490419508004501 604.50000000000011 3 -0.96875021044074028 -0.99688467374059531 4 2.5000000000000004 0.0015243686735370938 0.027166666666666683 5 0.075395888246848466 6 7 6.0342694821861933
decision_type=2 2 2 2 1 2 1 2 2 2 1 2 2 2 2 2 2 2 1 2 2 1 2 2 2 1 2 1 1 2
left_child=2 3 6 16 -4 8 24 18 14 12 11 27 -10 -7 -3 -15 21 -11 19 -5 -6 -2 -22 -8 -1 -17 -25 -9 -24 -18
right_child=1 5 4 7 20 13 23 10 9 17 -12 -13 -14 15 -16 25 29 -19 -20 -21 22 -23 28 26 -26 -27 -28 -29 -30 -31
leaf_value=-1.0115241942920925 -0.67936650877460403 -0.25791319613639985 -0.98060319750482683 -0.92896443477779 -0.16658083689895078 1.3921092024678658 -0.44088162507946121 -0.37411494910384324 -2.2622979701455246 -1.1784752370464144 -0.11531506389582759 -0.4177963587490604 -0.11075074750878926 -0.64833551430318614 0.73923883496694565 -0.45132111699392985 -0.89088127104973436 -0.74957578015658566 0.34157982345402799 -0.23064298765016089 -0.0155682836353391 -0.37707848336599925 -1.1713250095336318 -1.364945774668999 -0.39503719060177378 0.4469528306201016 -0.92791856098558456 -1.0221381305382691 -0.73683002442015888 -0.62697427769785463
leaf_weight=4197 2131 28888 2068 2231 10924 351714 829 1242 480 1245 61685 22311 16773 2883 64594 11704 1428 2787 76464 11226 2211 7928 2278 3496 3144 49766 8157 2445 4314 799
leaf_count=4197 2131 28888 2068 2231 10924 351714 829 1242 480 1245 61685 22311 16773 2883 64594 11704 1428 2787 76464 11226 2211 7928 2278 3496 3144 49766 8157 2445 4314 799
internal_value=0.000573065 0.00167252 -0.0184664 -0.00205571 -0.0104482 0.00300618 -0.0272812 -0.00116706 -9.26911e-05 -0.00678615 -0.00388922 -0.00902272 -0.00225235 0.00386096 0.0014314 0.00039839 -0.0149006 -0.026181 0.00148736 -0.00524042 -0.00770078 -0.0111954 -0.0142756 -0.0335266 -0.0165906 0.00115957 -0.0353219 -0.0248964 -0.0190093 -0.0316239
internal_weight=762342 720724 41618 189890 21795 530834 19823 177604 114767 21285 87683 25998 17253 416067 93482 64353 12286 4032 89921 13457 19727 10059 8803 12482 7341 61470 11653 3687 6592 2227
internal_count=762342 720724 41618 189890 21795 530834 19823 177604 114767 21285 87683 25998 17253 416067 93482 64353 12286 4032 89921 13457 19727 10059 8803 12482 7341 61470 11653 3687 6592 2227
cat_boundaries=0 2 4 6 8 10 13 15 17
cat_threshold=570427392 16576 67944566 1225178170 1619011714 272630988 547424256 704 1082130434 272630792 1654891016 34652676 1 8398976 4 2234848937 4785966
is_linear=0
shrinkage=0.06


Tree=14
num_leaves=31
num_cat=9
split_feature=132 110 132 111 127 104 104 104 122 132 104 104 104 129 104 125 127 111 111 126 110 111 132 132 132 104 115 110 104 111
split_gain=3952.9 935.097 824.362 781.042 751.561 459.068 432.927 362.281 313.924 297.824 278.875 276.674 237.063 232.753 219.989 204.999 194.712 184.972 180.913 180.364 171.167 240.274 171.124 156.845 160.362 138.289 129.048 128.669 126.791 125.061
threshold=-0.98913498983514925 25.850000000000005 0.3933211724509133 56.500000000000007 1.6144428561815538 0 1 2 0.12226669061696131 -0.95965000791072852 3 4 5 226.50000000000003 6 0.027166666666666683 6.1930462972585465 48.500000000000007 76.500000000000014 3027.9000000000005 18.050000000000004 48.500000000000007 -0.96875021044074028 -0.99688467374059531 -0.99359783145257141 7 -2.898863277960396 9.3500000000000032 8 67.500000000000014
decision_type=2 2 2 2 2 1 1 1 2 2 1 1 1 2 1 2 2 2 2 2 2 2 2 2 2 1 2 2 1 2
left_child=4 2 8 11 7 9 -6 -1 14 -3 18 17 13 25 -2 -9 19 -4 27 -13 21 -16 28 -8 -25 -10 -12 -5 -7 -26
right_child=1 5 3 10 6 22 23 15 12 -11 26 16 -14 -15 20 -17 -18 -19 -20 -21 -22 -23 -24 24 29 -27 -28 -29 -30 -31
leaf_value=-1.0996274287384662 -0.54629843776371989 -0.85026862650350632 -0.84405567373033952 -1.2062596442304032 -0.91889981056808501 -0.82640549386485851 -0.16402687609052274 -0.97590461571899956 -0.70769431000302774 -0.52593326991133948 -0.60496160982910974 -0.54077522755478069 1.3179126993024985 0.57220473661665583 -0.58576981461408706 -0.57599344732644941 0.055184576504611726 -0.62463928204624453 -0.13124094371325926 -0.83739025738290207 0.24128579083682997 -0.19194961444325795 -0.11321858802736841 -1.314693476264319 -0.4792657049343384 0.0084912138948438475 0.43594441445308091 -0.55078317549324318 -0.28140955888184693 -0.10498626260263122
leaf_weight=7572 7694 2550 2235 1357 2082 3076 11011 7009 9758 6263 854 6114 293353 179113 740 5313 5363 4735 29302 990 27843 1738 38477 2576 1783 18312 61286 12804 6855 4468
leaf_count=7572 7694 2550 2235 1357 2082 3076 11011 7009 9758 6263 854 6114 293353 179113 740 5313 5363 4735 29302 990 27843 1738 38477 2576 1783 18312 61286 12804 6855 4468
internal_value=0.000576109 0.00161652 0.00225112 -0.0021377 -0.0173587 -0.00574279 -0.00969481 -0.0258023 0.00327011 -0.0183298 -0.000103235 -0.0131906 0.00366933 0.00211521 -0.00198627 -0.0193958 -0.00781519 -0.0227589 -0.00378944 -0.0143358 0.000314717 -0.0147931 -0.00344642 -0.00694705 -0.0129087 -0.00296463 0.00247526 -0.00935842 -0.0104686 -0.00771497
internal_weight=762626 720812 663591 125040 41814 57221 21920 19894 538551 8813 105603 19437 500536 207183 38015 12322 12467 6970 43463 7104 30321 2478 48408 19838 8827 28070 62140 14161 9931 6251
internal_count=762626 720812 663591 125040 41814 57221 21920 19894 538551 8813 105603 19437 500536 207183 38015 12322 12467 6970 43463 7104 30321 2478 48408 19838 8827 28070 62140 14161 9931 6251
cat_boundaries=0 2 4 7 10 12 15 17 19 21
cat_threshold=1610614786 308282376 570427392 16576 2733846153 2451063424 1 1726194187 307283532 1 1086483043 1399899160 1654908938 282052168 1 1082146882 272745496 1612777472 82496 2200240289 151257954
is_linear=0
shrinkage=0.06


Tree=15
num_leaves=31
num_cat=8
split_feature=133 61 128 122 104 126 104 126 130 61 140 119 125 137 128 133 104 104 104 129 125 110 104 110 104 98 131 104 133 124
split_gain=3509.49 855.209 644.183 517.708 385.527 372.727 354.013 302.578 247.466 237.84 257.441 208.164 191.605 173.997 188.438 172.668 165.961 165.114 161.276 156.6 164.532 144.297 139.711 126.992 125.477 130.224 121.341 119.863 114.661 113.898
threshold=0.1467582803854888 4.5119852458838778 0.00084909081383310891 0.07688256673047679 0 182.87500000000003 1 147.02500000000003 -0.37940952255126059 3.7786295768174694 4.5000000000000009 596.50000000000011 0.027166666666666683 0.0021274278612003691 7.9380742682821928e-05 0.98174098242282837 2 3 4 79.500000000000014 0.087200000000000014 24.250000000000004 5 26.950000000000003 6 0.62837760187664593 -0.37940952255126015 7 0.3139093887439468 0.92833333333333345
decision_type=2 2 2 2 1 2 1 2 2 2 2 2 2 2 2 2 1 1 1 2 2 2 1 2 1 2 2 1 2 2
left_child=2 3 6 17 -4 21 -1 18 11 10 -9 16 13 -8 -15 -13 -7 -2 28 20 -6 -3 -12 -20 25 -11 -27 -21 -5 -10
right_child=1 5 4 7 19 8 12 9 29 24 22 15 -14 14 -16 -17 -18 -19 23 27 -22 -23 -24 -25 -26 26 -28 -29 -30 -31
leaf_value=-1.0370713824645512 -0.70138977720581897 1.3873378457916143 -0.89245949788520729 -0.61336335973107525 -0.43566416999385194 -0.35760335859818632 -0.17341480876977655 -1.0619685139673021 0.57131810049545861 -0.23169608691147994 -0.94124856126268042 -0.40290879826678178 -0.54755351867620561 -1.1455556221543821 -0.66958634199421663 -0.61965380449146534 0.32861381489284525 -0.58947772053384795 0.44765848451269602 1.1481372848452174 0.11360733734378767 -0.24197547948571355 -0.13010967092019746 -0.42872493006501189 0.011323109062720936 -0.25443344463390233 -0.76931236629860333 -1.5124253362776472 -0.098122337603902154 -0.12501980713742583
leaf_weight=6954 2585 276899 1999 4720 11735 25023 1274 1949 140756 40225 3252 15212 5861 2360 4065 555 62984 9696 64843 211 6728 10023 5412 2621 38868 1187 1057 493 13372 200
leaf_count=6954 2585 276899 1999 4720 11735 25023 1274 1949 140756 40225 3252 15212 5861 2360 4065 555 62984 9696 64843 211 6728 10023 5412 2621 38868 1187 1057 493 13372 200
internal_value=0.000617038 0.00159505 -0.016311 -0.00186249 -0.00896698 0.00282931 -0.0238877 -0.00103818 0.00110914 -0.00342769 -0.0118751 -0.00111449 -0.0181932 -0.0244293 -0.0284454 -0.00746309 2.29754e-05 -0.0137758 0.00152993 -0.00633632 -0.00527957 0.00429653 -0.00744097 0.00287876 -0.00232533 -0.00457924 -0.0186441 -0.0340936 -0.00349931 0.0027462
internal_weight=763119 721439 41680 189787 21166 531652 20514 177506 244730 91950 10613 103774 13560 7699 6425 15767 88007 12281 85556 19167 18463 286922 8664 67464 81337 42469 2244 704 18092 140956
internal_count=763119 721439 41680 189787 21166 531652 20514 177506 244730 91950 10613 103774 13560 7699 6425 15767 88007 12281 85556 19167 18463 286922 8664 67464 81337 42469 2244 704 18092 140956
cat_boundaries=0 2 5 7 9 11 13 15 17
cat_threshold=570427392 16576 2750623368 1589888 1 1623222339 307610652 1086324738 272630792 547457024 82624 4068475010 272630984 1619192522 309380126 1409335522 273198088
is_linear=0
shrinkage=0.06


Tree=16
num_leaves=31
num_cat=0
split_feature=99 118 123 0 137 140 0 6 110 140 110 135 99 115 6 137 5 137 137 110 137 137 112 115 120 108 120 119 114 119
split_gain=3077.95 894.389 686.017 515.612 392.136 387.909 371.991 304.976 222.484 205.654 181.497 171.626 195.658 134.595 131.031 129.861 127.04 117.225 384.173 277.91 156.922 230.512 158.391 153.568 128.864 105.797 93.7154 88.9785 109.199 88.1335
threshold=0.19758679452260591 1.0000000180025095e-35 0.81364553469971723 52.392500000000005 0.0080707547752903383 4.5000000000000009 30.046250000000004 289.23000000000008 26.950000000000003 7.5000000000000009 23.350000000000005 1.0000000180025095e-35 0.93158198870884079 0.15239029948899926 302.97500000000008 0.01126364564421809 2.6275000000000004 6.5078511944142929e-10 4.6630791453528717e-10 18.050000000000004 0.0010922578834471623 0.0015243686735370938 2.6950000000000007 -1.8526343419136915 86.500000000000014 77.148100000000014 15.500000000000002 104.50000000000001 -0.34766409821195499 573.50000000000011
decision_type=2 2 2 2 2 2 2 10 2 2 2 2 2 2 8 2 8 2 2 2 2 2 2 2 2 2 2 2 2 2
left_child=1 6 3 5 13 -2 9 11 14 -1 26 12 16 -3 -4 -6 -5 18 23 -20 -19 22 -22 24 -9 -11 -8 -12 -29 -21
right_child=2 4 8 7 15 -7 10 17 -10 25 27 -13 -14 -15 -16 -17 -18 20 19 29 21 -23 -24 -25 -26 -27 -28 28 -30 -31
leaf_value=-0.94394119836149004 -0.72620862118653462 -0.9001073704928384 0.3608588951113833 -0.42854391753199123 -1.2066999408799719 -0.34152453526507476 -0.014032427054603979 -0.11702976140077438 -0.34393970540206764 -0.90606993160963079 -0.3651458031909417 0.30708852390576907 0.13445162823847936 -0.51461776563771544 1.7598399612525333 -0.51640650635466756 -0.22870516632286353 1.162975915828683 -0.67784120781510238 -1.7058485536819292 0.02842779815240945 0.11136235584994494 -0.61964691757031864 0.28512432057742187 -0.64487399454850591 -0.39433870067536814 -0.53646399192731009 -0.74468483828859244 -0.39755984451662857 -1.6940924125016541
leaf_weight=2226 4827 2906 127959 27170 3992 13278 16466 10890 7684 3165 8581 18120 17201 2852 228014 574 35457 81897 2106 1060 490 34636 721 82400 3769 5910 1574 2394 14181 645
leaf_count=2226 4827 2906 127959 27170 3992 13278 16466 10890 7684 3165 8581 18120 17201 2852 228014 574 35457 81897 2106 1060 490 34636 721 82400 3769 5910 1574 2394 14181 645
internal_value=0.000650714 -0.0118561 0.00181166 -0.000148678 -0.028048 -0.00999613 -0.00878818 0.000414553 0.00361571 -0.0184794 -0.00625238 -0.00236768 -0.00356427 -0.0176301 0.00383376 -0.0411789 -0.005121 0.00166111 0.000160007 -0.0185241 0.00294708 -0.000363702 -0.0260842 0.000893818 -0.00476439 -0.0144678 -0.00165955 -0.00954581 -0.0121133 -0.036524
internal_weight=763145 64821 698324 334667 10324 18105 54497 316562 363657 11301 43196 97948 79828 5758 355973 4566 62627 218614 100870 3811 117744 35847 1211 97059 14659 9075 18040 25156 16575 1705
internal_count=763145 64821 698324 334667 10324 18105 54497 316562 363657 11301 43196 97948 79828 5758 355973 4566 62627 218614 100870 3811 117744 35847 1211 97059 14659 9075 18040 25156 16575 1705
is_linear=0
shrinkage=0.06


Tree=17
num_leaves=31
num_cat=9
split_feature=132 118 111 132 104 129 137 134 111 104 104 101 111 104 111 104 104 120 110 129 104 132 114 104 132 124 104 133 126 132
split_gain=2770.29 897.738 636.19 653.767 525.018 391.3 358.281 338.902 340.819 296.189 280.23 249.091 246.518 240.379 215.808 200.458 192.647 175.636 163.855 163.319 162.621 157.279 146.999 153.825 146.594 145.077 141.153 140.531 317.46 271.692
threshold=-0.96875021044074028 1.0000000180025095e-35 56.500000000000007 0.3933211724509133 0 34.500000000000007 0.0080707547752903383 1.0000000180025095e-35 75.500000000000014 1 2 0.6830127018922193 45.500000000000007 3 35.500000000000007 4 5 87.500000000000014 25.450000000000003 25.500000000000004 6 -0.99359783145257141 3.3957990556093347 7 0.6547626423706755 0.92833333333333345 8 0.98174098242282837 4020.4250000000002 0.17963823861099873
decision_type=2 2 2 2 1 2 2 2 2 1 1 2 2 1 2 1 1 2 2 2 1 2 2 1 2 2 1 2 2 2
left_child=1 4 3 9 -1 7 15 26 13 14 18 16 22 -9 -2 -3 24 -14 19 -6 -8 -22 23 -5 -7 27 -4 -11 29 -29
right_child=2 6 5 12 10 11 20 8 -10 25 -12 -13 17 -15 -16 -17 -18 -19 -20 -21 21 -23 -24 -25 -26 -27 -28 28 -30 -31
leaf_value=-0.89433954981577224 -0.60642414900101038 -0.85076087818718604 -0.40194235836087422 -0.31242235371802346 -0.56382188270071243 -0.030762535657904093 -0.42635937168729071 -1.2023907179286772 -0.091237412587997391 0.19479189029896851 -0.17141833509853441 1.1631863153607105 -0.35183625182883588 -0.49678415893227679 -0.31179810014925785 -0.31212489071748506 0.69161724124346668 -0.8763857101308522 -0.5370659575450516 -0.23851574713354751 -1.1471431547975492 -0.50873180912926841 -0.78007977327856681 -0.76199545728842899 -0.55418688567184582 -0.18271775140224009 0.69854812447051207 -0.001028217521290737 -1.2522751508927359 -0.32785553592494066
leaf_weight=4135 2509 2767 12600 1442 3514 44755 610 2539 5340 133550 34057 340603 14585 3108 15643 2974 67187 1254 11397 10751 3462 484 730 1432 7316 627 17475 14195 640 1409
leaf_count=4135 2509 2767 12600 1442 3514 44755 610 2539 5340 133550 34057 340603 14585 3108 15643 2974 67187 1254 11397 10751 3462 484 730 1432 7316 627 17475 14195 640 1409
internal_value=0.000661494 -0.0103578 0.00184753 -0.00112854 -0.00770646 0.00296456 -0.0267972 -0.00264735 -0.0116653 7.3072e-05 -0.00627032 0.00346566 -0.0115461 -0.0219402 -0.00716445 -0.0168224 0.00110573 -0.00832235 -0.0110049 -0.00672298 -0.0393601 -0.0437817 -0.0257076 -0.0195882 -0.00163346 0.000946913 0.00064736 0.00106762 -0.00420166 -0.00250151
internal_weight=763090 74151 688939 188016 63854 500923 10297 41062 10987 168573 59719 459861 19443 5647 18152 5741 119258 15839 25662 14265 4556 3946 3604 2874 52071 150421 30075 149794 16244 15604
internal_count=763090 74151 688939 188016 63854 500923 10297 41062 10987 168573 59719 459861 19443 5647 18152 5741 119258 15839 25662 14265 4556 3946 3604 2874 52071 150421 30075 149794 16244 15604
cat_boundaries=0 2 4 7 10 13 16 18 21 24
cat_threshold=536872960 192 1082130434 272630792 3282117291 275334670 1 4076054285 1613759301 1 976698921 790168484 1 1654909130 274581020 1 32784 151085120 757892501 210648035 1 1889790569 42189396 1
is_linear=0
shrinkage=0.06


Tree=18
num_leaves=31
num_cat=0
split_feature=132 118 123 132 113 0 137 130 112 120 110 129 110 140 111 129 101 111 59 28 139 119 113 132 123 130 115 108 110 114
split_gain=2433.19 801.16 619.959 704.41 364.763 316.571 310.727 279.566 229.629 233.646 219.916 202.843 230.957 196.454 157.309 180.455 149.469 139.434 153 162.867 136.32 136.003 248.995 126.502 124.705 119.022 113.535 110.689 97.4734 104.337
threshold=-0.96875021044074028 1.0000000180025095e-35 0.82387993562919115 0.61490419508004501 282.50000000000006 34.001250000000006 0.0080707547752903383 -0.37940952255126059 3.7250000000000005 2.5000000000000004 24.250000000000004 46.500000000000007 9.0500000000000025 4.5000000000000009 66.500000000000014 178.50000000000003 0.6830127018922193 44.500000000000007 38.775000000000006 153.10677083333337 62.500000000000007 627.50000000000011 294.50000000000006 -0.99359783145257141 0.16427220033777248 -0.78656609248549303 0.15239029948899926 77.041800000000009 24.650000000000002 -1.4970379956922566
decision_type=2 2 2 2 2 2 2 2 2 2 2 2 2 2 2 2 2 2 10 10 2 2 2 2 2 2 2 2 2 2
left_child=1 5 3 7 -5 13 26 14 9 -6 -7 12 -9 -1 15 24 25 18 -17 20 -20 -21 -23 -8 -2 -4 -3 -15 -13 -30
right_child=2 6 16 4 8 10 23 11 -10 -11 -12 28 -14 27 -16 17 -18 -19 19 21 -22 22 -24 -25 -26 -27 -28 -29 29 -31
leaf_value=-0.818058562416763 -0.17696477160490459 -0.7965728056324356 -0.19593344683708425 -0.013481090845026954 -0.4929336624257401 -0.033901166352752962 -1.0647384230268073 -0.6109498156287505 -0.72180461116772632 -0.78413606764765587 -0.42978815345120286 0.69423237301520735 -0.02653445690004259 -0.92010310983028187 0.70665899263416332 -1.0322417359357561 1.1773393581734697 0.091231656687167359 -0.4199259208474232 -0.079433171751569567 -0.76868484436594942 -0.56616542863488817 -0.10434791309750018 -0.47820790058151247 -0.62578242961503006 0.53381206126492653 -0.43173490307479828 -0.43270489293112346 -0.53868394818544585 0.015034616845327094
leaf_weight=2403 11511 2935 25292 7192 8248 23349 3916 4666 1211 2795 24797 148676 19226 1355 21943 388 258311 46434 5235 33559 647 562 1029 576 12880 58222 2887 11635 1554 19515
leaf_count=2403 11511 2935 25292 7192 8248 23349 3916 4666 1211 2795 24797 148676 19226 1355 21943 388 258311 46434 5235 33559 647 562 1029 576 12880 58222 2887 11635 1554 19515
internal_value=0.000687482 -0.0096626 0.00179675 1.12479e-05 -0.0110837 -0.00714457 -0.0251727 0.00066941 -0.0173787 -0.0146561 -0.0047497 0.002128 -0.00304809 -0.0146344 -0.00143538 -0.00234369 0.0036107 -0.00107605 -0.00360687 -0.00325172 -0.0124916 -0.00170521 -0.0188405 -0.0370283 -0.0069094 0.00140411 -0.0160206 -0.0117173 0.00285656 -0.00096279
internal_weight=762949 73853 689096 347271 19446 63539 10314 327825 12254 11043 48146 193637 23892 15393 134188 112245 341825 87854 41420 41032 5882 35150 1591 4492 24391 83514 5822 12990 169745 21069
internal_count=762949 73853 689096 347271 19446 63539 10314 327825 12254 11043 48146 193637 23892 15393 134188 112245 341825 87854 41420 41032 5882 35150 1591 4492 24391 83514 5822 12990 169745 21069
is_linear=0
shrinkage=0.06


Tree=19
num_leaves=31
num_cat=9
split_feature=132 118 111 104 132 104 104 129 104 132 111 104 129 111 114 139 104 119 137 104 121 127 122 130 104 111 119 104 98 129
split_gain=2143.1 670.362 620.065 523.828 500.618 347.455 312.031 296.478 286.143 233.911 204.651 204.483 170.02 178.535 167.44 165.947 163.86 150.726 147.375 130.459 129.576 135.529 127.016 127.971 121.593 114.795 108.982 108.497 130.886 107.493
threshold=-0.97670382270880773 1.0000000180025095e-35 54.500000000000007 0 0.3933211724509133 1 2 224.50000000000003 3 0.6547626423706755 45.500000000000007 4 28.500000000000004 67.500000000000014 3.3957990556093347 62.500000000000007 5 210.50000000000003 0.0080707547752903383 6 989.75000000000011 7.0013150472807721 0.038136718240524781 -0.91597561503675329 7 42.500000000000007 514.50000000000011 8 -0.9953885283364815 31.500000000000004
decision_type=2 2 2 1 2 1 1 2 1 2 2 1 2 2 2 2 1 2 2 1 2 2 2 2 1 2 2 1 2 2
left_child=1 3 4 -1 6 7 15 -4 18 -9 14 -5 -13 27 16 25 -6 -10 -3 -12 21 22 -8 24 -24 -2 -21 28 -14 -7
right_child=2 8 5 11 10 29 20 9 17 -11 19 12 13 -15 -16 -17 -18 -19 -20 26 -22 -23 23 -25 -26 -27 -28 -29 -30 -31
leaf_value=-0.84933434871397695 -0.45122072346939363 -0.2095966194308552 -0.23992605948060039 0.076571850866928623 -0.71432526350479209 -0.016587919360992492 -1.0906093156392638 0.59032807829279954 -0.94118626525077476 -0.45427546708400562 -0.091874478652535674 -0.50275158360957783 -0.27561299303453829 -0.10564731228604088 -0.68996671021178924 -0.80413381201218237 -0.31322747361033881 -0.6752361653474952 -0.86443026012808788 -0.84844020226130124 0.29315101789607512 0.1007833263614171 -0.57652529886864778 -0.13254733462874865 -1.123977350418883 -0.14019008356220936 -0.31211612408772904 -0.32354754180688416 -0.6673339238156043 1.1390143178199152
leaf_weight=2594 8530 2833 67660 11222 1071 20196 453 174291 4225 8261 5654 13549 618 16379 731 1588 1803 1063 2206 1691 72985 33039 3025 19090 1593 13544 4626 7335 1190 259946
leaf_count=2594 8530 2833 67660 11222 1071 20196 453 174291 4225 8261 5654 13549 618 16379 731 1588 1803 1063 2206 1691 72985 33039 3025 19090 1593 13544 4626 7335 1190 259946
internal_value=0.000700671 -0.00987924 0.00165641 -0.00714865 -0.00150358 0.00266588 -0.000465771 0.00104072 -0.0238612 0.00229814 -0.0117535 -0.00578686 -0.00783721 -0.00495506 -0.0242845 -0.00680218 -0.0177517 -0.0336086 -0.0135339 -0.00797812 0.000686427 -0.00145172 -0.0048669 -0.00426471 -0.0132262 -0.00545667 -0.0138935 -0.0116713 -0.0248114 0.00411722
internal_weight=762991 63214 699777 52887 169423 530354 153847 250212 10327 182552 15576 50293 39071 25522 3605 23662 2874 5288 5039 11971 130185 57200 24161 23708 4618 22074 6317 9143 1808 280142
internal_count=762991 63214 699777 52887 169423 530354 153847 250212 10327 182552 15576 50293 39071 25522 3605 23662 2874 5288 5039 11971 130185 57200 24161 23708 4618 22074 6317 9143 1808 280142
cat_boundaries=0 2 5 7 9 11 13 15 17 19
cat_threshold=536872960 64 1654909514 282969692 1 1619001346 306185240 1154269526 2036792409 67686484 67385360 3268567626 3241247768 2620855428 2223979494 2584274936 2148470977 1073741858 423625736
is_linear=0
shrinkage=0.06


Tree=20
num_leaves=31
num_cat=8
split_feature=132 118 109 132 104 104 112 104 110 104 104 137 129 104 129 139 104 104 131 111 111 133 129 120 110 110 115 137 130 110
split_gain=1891.64 665.823 561.295 651.165 415.342 401.732 331.242 283.219 234.809 230.863 192.498 179.879 171.184 163.155 159.117 175.214 163.811 155.28 139.032 158.818 119.955 154.195 116.51 110.926 118.048 103.783 100.282 100.24 99.4326 98.5716
threshold=-0.96875021044074028 1.0000000180025095e-35 77.500000000000014 0.61490419508004501 0 1 3.7250000000000005 2 24.050000000000004 3 4 0.0080707547752903383 15.500000000000002 5 218.50000000000003 63.500000000000007 6 7 -0.37940952255126015 45.500000000000007 44.500000000000007 0.99138911339924218 118.50000000000001 98.500000000000014 11.250000000000002 24.250000000000004 1.8859116222410479 0.0080707547752903383 -0.37940952255126059 8.0500000000000025
decision_type=2 2 2 2 1 1 2 1 2 1 1 2 2 1 2 2 1 1 2 2 2 2 2 2 2 2 2 2 2 2
left_child=1 4 10 5 22 14 9 27 12 18 -2 -9 17 -10 29 20 -17 -6 19 -5 21 -16 -1 24 -11 -12 -27 -3 -7 -4
right_child=2 7 3 6 8 28 -8 11 13 23 25 -13 -14 -15 15 16 -18 -19 -20 -21 -22 -23 -24 -25 -26 26 -28 -29 -30 -31
leaf_value=-0.76391860540683487 0.21723849955047506 -0.19180716396573927 -0.82655060559809468 -0.66968665776713321 -0.58079285894251031 0.075992301317201472 -0.63563681606766409 -0.67461393928306657 -0.25035602593648615 -0.92879014158038009 1.221715472450922 -0.97743206285923645 0.10701948946261888 -0.48721541137549496 -0.17270733422680648 -0.72358685592320604 -0.32802549036036255 -0.019304898057003399 -0.80872242284728957 -0.27861156580266766 0.15060428470036263 -1.0006543618903121 -0.25794299815043009 -0.77850752046873961 -0.10367203839561523 -0.084490665620377561 -0.8268771374322369 -0.78833870089510971 0.82282612161331004 -0.31643452733707395
leaf_weight=3260 100861 2604 1349 401 2926 77998 1251 3164 15167 572 232161 2497 22139 15919 22485 1292 2355 3388 1925 2473 69760 739 838 462 12297 8504 223 2032 113407 37769
leaf_count=3260 100861 2604 1349 401 2926 77998 1251 3164 15167 572 232161 2497 22139 15919 22485 1292 2355 3388 1925 2473 69760 739 838 462 12297 8504 223 2032 113407 37769
internal_value=0.000718518 -0.00840138 0.00169817 -3.37605e-06 -0.00611078 0.000629683 -0.010689 -0.0225556 -0.00483536 -0.00862721 0.00342354 -0.0315539 -0.000897659 -0.00844096 -0.00186687 -0.000560001 -0.0134589 -0.0096114 -0.0198973 -0.0115743 -5.3944e-05 -0.00378885 -0.0245636 -0.00455059 -0.00351562 0.00434492 -0.00207814 -0.0114706 0.00240027 -0.00509553
internal_weight=762218 73934 688284 346535 63637 327154 19381 10297 59539 18130 341749 5661 28453 31086 135749 96631 3647 6314 4799 2874 92984 23224 4098 13331 12869 240888 8727 4636 191405 39118
internal_count=762218 73934 688284 346535 63637 327154 19381 10297 59539 18130 341749 5661 28453 31086 135749 96631 3647 6314 4799 2874 92984 23224 4098 13331 12869 240888 8727 4636 191405 39118
cat_boundaries=0 2 5 7 9 11 14 16 19
cat_threshold=536872960 192 1623386698 307741724 1 1154269526 958594137 1082155082 458261528 1654890506 902664 470733148 3835082773 1 1073758274 272630808 2545362569 2201551366 1
is_linear=0
shrinkage=0.06


Tree=21
num_leaves=31
num_cat=10
split_feature=132 118 109 132 104 104 113 127 137 104 104 104 104 104 132 104 130 114 114 125 104 98 132 139 104 119 113 119 132 18
split_gain=1689.81 599.562 533.918 599.785 404.396 352.653 337.409 322.005 279.304 216.589 192.41 183.783 180.445 157.296 143.792 142.471 131.429 127.173 123.039 112.878 110.243 106.135 105.892 91.8345 147.655 90.6934 89.6393 90.2934 86.7209 85.1927
threshold=-0.96875021044074028 1.0000000180025095e-35 77.500000000000014 0.61490419508004501 0 1 283.50000000000006 6.5801916373033995 0.0080707547752903383 2 3 4 5 6 -0.78789334285648371 7 -0.37940952255126059 1.5034641879826174 3.3957990556093347 0.027166666666666683 8 -0.79836866623954783 -0.99359783145257141 51.500000000000007 9 180.50000000000003 150.50000000000003 104.50000000000001 0.66766646831012755 29.513888888888889
decision_type=2 2 2 2 1 1 2 2 2 1 1 1 1 1 2 1 2 2 2 2 1 2 2 2 1 2 2 2 2 8
left_child=1 4 11 5 29 16 -5 15 13 26 -10 14 -9 -3 -2 18 17 21 -8 -11 -21 -4 -12 -19 -25 -17 27 -6 -16 -1
right_child=2 8 3 6 9 -7 7 12 10 19 22 -13 -14 -15 28 25 -18 23 -20 20 -22 -23 -24 24 -26 -27 -28 -29 -30 -31
leaf_value=-0.80671632679612593 -0.23904343985501214 -0.66314672572747491 -0.36256013606910092 -0.012270585794353877 -0.085589908985245697 0.42218012128161192 -0.49804348991954939 -0.63326474767192353 -0.71038857216786122 -0.41212525912482473 -0.9473932758024014 1.1704727288373888 0.017763761651288661 -0.28831763972308266 0.64029525760730854 -0.79685361901850327 -0.010619325013913538 -0.34461490178245241 -0.61043049863502175 -0.4219267008009967 -0.03121150567141031 0.16240710010499831 -0.37762282175338496 -0.79627548115138447 -0.33496389871751026 -0.70251807878485029 0.035672322052557159 -0.60061497777967632 -0.44312961888123936 -0.57794370869802369
leaf_weight=1827 26821 2164 8674 7484 3013 181143 2459 2164 1794 16216 2461 205045 4045 3589 106555 1312 85725 28952 369 6059 9537 20053 322 1021 1343 1472 23713 2104 3679 1282
leaf_count=1827 26821 2164 8674 7484 3013 181143 2459 2164 1794 16216 2461 205045 4045 3589 106555 1312 85725 28952 369 6059 9537 20053 322 1021 1343 1472 23713 2104 3679 1282
internal_value=0.000716138 -0.00789414 0.00164284 -1.82658e-05 -0.00572114 0.000588617 -0.0102947 -0.0166058 -0.0213029 -0.00463535 -0.032363 0.00332393 -0.00718937 -0.0124995 0.0016225 -0.0270208 -0.00160813 -0.00376094 -0.0173131 -0.00804852 -0.00440623 -0.000877819 -0.0422341 -0.00640559 -0.0177742 -0.0366784 -0.000867515 -0.00806917 0.00258125 -0.0267904
internal_weight=762397 74081 688316 346216 63751 326911 19305 11821 10330 60642 4577 342100 6209 5753 137055 5612 145768 60043 2828 31812 15596 28727 2783 31316 2364 2784 28830 5117 110234 3109
internal_count=762397 74081 688316 346216 63751 326911 19305 11821 10330 60642 4577 342100 6209 5753 137055 5612 145768 60043 2828 31812 15596 28727 2783 31316 2364 2784 28830 5117 110234 3109
cat_boundaries=0 2 5 7 9 12 14 17 19 21 23
cat_threshold=536872960 64 1656941130 844612636 1 475845972 3834951729 340574549 687930480 1654892618 340641292 1 1087160514 1532265496 840056361 253297060 1 3105789620 78592454 44236936 606852 1086341186 272663576
is_linear=0
shrinkage=0.06


Tree=22
num_leaves=31
num_cat=7
split_feature=61 110 140 129 132 129 104 110 104 127 104 132 92 61 104 132 130 122 54 129 104 25 127 109 132 132 104 3 129 110
split_gain=1528.84 702.801 408.806 366.923 300.133 338.659 281.513 276.545 265.136 221.524 201.601 192.785 188.449 169.554 164.198 133.553 137.492 131.866 127.67 124.093 117.916 113.629 102.953 102.01 98.9392 317.78 136.208 94.5805 90.031 137.037
threshold=3.7786295768174694 20.550000000000004 4.5000000000000009 25.500000000000004 0.61490419508004501 175.50000000000003 0 24.250000000000004 1 0.010854541769774019 2 0.3933211724509133 3 3.281302737134081 4 0.66766646831012755 0.25881904510252091 0.11380464663798617 8.5265571609257709 118.50000000000001 5 0.98014142581663299 0.45239313645560386 47.500000000000007 -0.76624641395159687 -0.77718486915728335 6 17.498750000000005 31.500000000000004 8.7500000000000018
decision_type=2 2 2 2 2 2 1 2 1 2 1 2 1 2 1 2 2 2 10 2 1 10 2 2 2 2 1 10 2 2
left_child=2 8 13 12 7 -6 19 20 11 -8 -9 23 -3 -1 15 -7 -17 21 -13 27 -5 -10 -14 -2 25 -12 -27 -4 29 -19
right_child=1 3 6 4 5 14 9 10 17 -11 24 18 22 -15 -16 16 -18 28 -20 -21 -22 -23 -24 -25 -26 26 -28 -29 -30 -31
leaf_value=-0.99077939043458219 0.90545664282396787 -0.40866654593197183 -0.75705502501541766 -0.066981409009299844 -0.5738046687169206 -0.26115863670684619 -0.82619174985841648 -0.42523822025009084 -0.15732615827290261 -0.21550659877481468 -0.15950408483671111 -0.084106962227505161 -0.89743706232620746 -0.51464864339029948 -0.049553453199601097 -0.68286072545678456 -0.24392696798766281 -0.61030799275552783 -0.47511169265071423 -0.13946738265605887 0.54592847178382709 -0.4210771071004038 -0.36922955336840457 0.091907464704145472 0.5375109743824662 -0.003319360735447674 -0.62532697056655706 -0.64492947590968031 1.035124852865728 0.18932665602291759
leaf_weight=2300 71346 12753 2042 40453 706 2363 1957 15079 5416 28610 56796 33690 2016 5982 5973 1603 776 1307 9910 907 76605 941 2865 98424 13987 335 822 1477 250063 14787
leaf_count=2300 71346 12753 2042 40453 706 2363 1957 15079 5416 28610 56796 33690 2016 5982 5973 1603 776 1307 9910 907 76605 941 2865 98424 13987 335 822 1477 250063 14787
internal_value=0.000694939 0.00135415 -0.0102576 -0.00135394 -0.000673005 -0.0101378 -0.00742019 -0.000143269 0.00265352 -0.00536523 -0.00270496 0.00106936 -0.00967485 -0.0222441 -0.0074832 -0.0158022 -0.0258681 0.00389368 -0.00248939 -0.021547 0.00176106 -0.0046458 -0.0196997 0.00198338 -0.00138177 -0.0024751 -0.0335907 -0.0266949 0.0040978 -0.000252003
internal_weight=762291 719016 43275 233132 215498 11421 34993 204077 485884 30567 87019 213370 17634 8282 10715 4742 2379 272514 43600 4426 117058 6357 4881 169770 71940 57953 1157 3519 266157 16094
internal_count=762291 719016 43275 233132 215498 11421 34993 204077 485884 30567 87019 213370 17634 8282 10715 4742 2379 272514 43600 4426 117058 6357 4881 169770 71940 57953 1157 3519 266157 16094
cat_boundaries=0 2 5 7 8 10 12 14
cat_threshold=536873088 192 1923342922 273532508 1 1073743875 308347914 1 1123248714 4218471448 1625376834 274712088 537027160 537313300
is_linear=0
shrinkage=0.06


Tree=23
num_leaves=31
num_cat=6
split_feature=19 109 127 0 130 104 137 98 127 129 104 101 47 140 104 104 125 126 99 133 104 101 134 129 104 120 115 126 127 131
split_gain=1404.04 465.26 430.801 288.121 285.008 280.574 237.045 213.991 256.828 177.33 178.034 174.017 157.521 147.423 130.178 123.177 122.923 122.766 119.599 441.734 114.098 111.46 125.397 235.7 175.327 157.876 238.932 127.731 123.144 185.87
threshold=67.79791666666668 77.500000000000014 0.010854541769774019 30.046250000000004 -0.37940952255126059 0 0.0021274278612003691 0.55923163791368669 6.5801916373033995 46.500000000000007 1 0.6830127018922193 1140.5177083333335 2.5000000000000004 2 3 0.0094000000000000108 126.05000000000001 0.99249573635719013 0.99138911339924218 4 0.93301270189221952 1.0000000180025095e-35 22.500000000000004 5 2.5000000000000004 -0.65014361702743195 151.85000000000002 9.4296058358007553 -0.12940952255126037
decision_type=10 2 2 2 2 1 2 2 2 2 1 2 10 2 1 1 2 2 2 2 1 2 2 2 1 2 2 2 2 2
left_child=2 11 6 5 7 -4 -1 12 15 10 -6 16 18 -7 -10 -9 -2 -5 19 21 -19 22 -3 24 -24 26 28 -27 29 -25
right_child=1 4 3 17 9 13 -8 8 14 -11 -12 -13 -14 -15 -16 -17 -18 20 -20 -21 -22 -23 23 25 -26 27 -28 -29 -30 -31
leaf_value=-0.2974226457860682 -0.27397335803319534 -0.019052957427612396 -0.7114737658999809 -0.06978468611841511 -0.73157883637640786 -0.74321417609880402 -0.79700810603320971 -0.39467490699554386 -0.46482183642545077 0.35135535463889739 -0.021398716445125858 0.99548883990558434 -0.58674954191447115 -0.27284367032603524 0.083924498679170623 -0.58724833854197289 0.36549909184699864 -0.37024924307821366 0.62014262111269192 -1.5245223070978442 -0.14106086359259221 0.32906056803091355 -0.25068038463689035 -0.56615178490998419 -1.0549190465707476 -0.25457237780664171 -0.54456276310479612 0.30436447783329329 0.11025860667261586 0.82469476699605304
leaf_weight=1416 19833 53933 2612 27403 6377 1197 3490 2122 2134 176847 17576 250801 9052 9650 5885 2031 62836 19921 15619 1504 22692 24082 819 4620 1250 396 675 8976 5101 1537
leaf_count=1416 19833 53933 2612 27403 6377 1197 3490 2122 2134 176847 17576 250801 9052 9650 5885 2031 62836 19921 15619 1504 22692 24082 819 4620 1250 396 675 8976 5101 1537
internal_value=0.000698676 0.00163108 -0.00641187 -0.00539616 7.11114e-05 -0.0134358 -0.0236894 -0.00200966 -0.00961045 0.00151912 -0.00332562 0.00322409 -0.00128433 -0.00915251 -0.00333741 -0.0217193 0.000836749 -0.00385055 -0.000701594 -0.00144422 -0.00586526 -0.000965243 -0.00207557 -0.00574614 -0.0250754 -0.00386792 -0.00844495 0.0019601 -0.00636398 -0.012075
internal_weight=762387 674006 88381 83475 340536 13459 4906 139736 12172 200800 23953 333470 127564 10847 8019 4153 82669 70016 118512 102893 42613 101389 77307 23374 2069 21305 11933 9372 11258 6157
internal_count=762387 674006 88381 83475 340536 13459 4906 139736 12172 200800 23953 333470 127564 10847 8019 4153 82669 70016 118512 102893 42613 101389 77307 23374 2069 21305 11933 9372 11258 6157
cat_boundaries=0 2 4 6 8 10 12
cat_threshold=536873088 524352 1891803688 45137988 1086507074 1498727448 3104085692 2215606468 3818007211 423691462 1678266450 458210328
is_linear=0
shrinkage=0.06


Tree=24
num_leaves=31
num_cat=5
split_feature=133 6 118 104 111 98 111 139 128 104 133 104 126 98 98 113 133 131 98 104 104 129 110 139 114 128 111 119 114 133
split_gain=1232.49 509.673 466.539 358.834 300.251 293.651 246.111 228.023 203.094 196.428 174.703 169.577 154.743 153.992 229.219 190.734 157.994 139.394 173.253 138.444 132.079 130.474 131.011 120.048 277.552 138.476 119.754 117.294 138.287 109.408
threshold=0.24788919046402172 302.97500000000008 1.0000000180025095e-35 0 47.500000000000007 0.55923163791368669 62.500000000000007 11.500000000000002 0.0030125877641661307 1 0.93769647993491489 2 116.52500000000002 -0.18386704952168662 -0.11585131824808122 299.50000000000006 0.64248926378905724 -0.37940952255126015 0.62837760187664593 3 4 34.500000000000007 8.7500000000000018 45.500000000000007 2.0560791881951026 0.001498885686619267 50.500000000000007 614.50000000000011 -0.14913154157920147 0.92843842216862604
decision_type=2 10 2 1 2 2 2 2 2 1 2 1 2 2 2 2 2 2 2 1 1 2 2 2 2 2 2 2 2 2
left_child=2 4 3 -1 5 -2 13 19 -7 -9 12 -5 -6 16 15 26 23 -14 -19 -4 -20 22 -8 25 -25 27 -15 -3 -29 -16
right_child=1 6 7 11 10 8 21 9 -10 -11 -12 -13 17 14 29 -17 -18 18 20 -21 -22 -23 -24 24 -26 -27 -28 28 -30 -31
leaf_value=-0.67525091320126263 -0.22642094346992409 -0.2375087073791971 -0.59502982465186904 -0.026707525246856916 0.15806223854766088 -0.47525655979028431 -0.58560149076547019 -0.35306845302020801 -0.20041128040424003 -0.77652572168029665 0.47314633245067483 -0.29300078882882707 0.0010339678872919934 -1.5637054065489984 -0.35969587128598918 -0.41429172374666279 0.76225018684106538 -0.27969337776630027 -0.75141950079879738 -0.27512211619002008 -0.25296457992928439 1.2958320099732421 0.045768199075001945 0.45774058418993746 -0.58666417488690714 0.27141798411508372 -1.2235278955464601 -0.57200138203582351 1.1940385443910175 0.11138430041743219
leaf_weight=2083 32162 5046 1759 27868 75031 1828 1509 1450 1280 3127 56760 33875 40546 936 9407 2622 79961 42182 2047 4049 1878 259918 17375 1099 1006 24444 1671 1333 579 28099
leaf_count=2083 32162 5046 1759 27868 75031 1828 1509 1450 1280 3127 56760 33875 40546 936 9407 2622 79961 42182 2047 4049 1878 259918 17375 1099 1006 24444 1671 1333 579 28099
internal_value=0.000696787 0.0014884 -0.00664979 -0.00473066 -0.000648822 -0.00578549 0.00273493 -0.0184431 -0.023394 -0.0284574 0.000180567 -0.00390067 -0.000824789 0.000828263 -0.00224144 -0.0140088 0.0019844 -0.00255201 -0.00480867 -0.0105478 -0.0168645 0.00380316 -0.00101223 -0.00147421 -0.0153419 -0.000544152 -0.0254977 -0.0080115 -0.0206628 -0.000600528
internal_weight=762930 688719 74211 63826 253714 35270 435005 10385 3108 4577 218444 61743 161684 156203 42735 5229 113468 86653 46107 5808 3925 278802 18884 33507 2105 31402 2607 6958 1912 37506
internal_count=762930 688719 74211 63826 253714 35270 435005 10385 3108 4577 218444 61743 161684 156203 42735 5229 113468 86653 46107 5808 3925 278802 18884 33507 2105 31402 2607 6958 1912 37506
cat_boundaries=0 2 4 6 8 11
cat_threshold=536870912 64 340557845 755005792 475845716 3834951729 840055337 68747684 1086384586 1498711069 1
is_linear=0
shrinkage=0.06


Tree=25
num_leaves=31
num_cat=0
split_feature=19 0 126 132 129 140 109 0 128 59 101 140 122 131 109 139 25 118 128 114 131 59 133 132 129 111 132 111 113 47
split_gain=1124.28 432.583 368.259 407.29 281.139 199.441 189.812 171.572 153.455 155.91 133.287 109.896 107.375 106.273 103.699 95.5685 146.928 92.0133 91.091 111.403 90.0051 88.8957 180.021 92.7956 98.7295 138.356 93.48 88.902 96.1765 85.1022
threshold=80.337465277777781 30.046250000000004 116.52500000000002 0.61490419508004501 172.50000000000003 4.5000000000000009 62.500000000000007 123.00500000000001 5.4272561572643605e-06 1036.9350000000002 0.6830127018922193 4.5000000000000009 0.07688256673047679 -0.37940952255126015 557.50000000000011 63.500000000000007 0.96784987164734015 1.0000000180025095e-35 0.0016491812307843914 1.7998833191138199 -0.37940952255126015 30.490000000000006 0.99138911339924218 -0.76624641395159687 34.500000000000007 73.500000000000014 -0.77718486915728335 53.500000000000007 306.50000000000006 1054.7250000000001
decision_type=10 2 2 2 2 2 2 2 2 8 2 2 2 2 2 2 10 2 2 2 2 10 2 2 2 2 2 2 2 10
left_child=1 5 10 7 18 -1 -3 15 9 -8 -2 -9 -10 -14 -12 29 -17 -7 -5 -20 -6 22 -13 26 25 -25 -23 28 -24 -4
right_child=2 6 3 4 20 17 8 11 12 -11 14 21 13 -15 -16 16 -18 -19 19 -21 -22 23 27 24 -26 -27 -28 -29 -30 -31
leaf_value=-0.69697576305148556 0.23021066413556326 0.0043518366867846226 0.020838754652142855 -0.14650545044795366 -0.098967993670046606 -0.38481769574678643 -0.65629459374852095 2.0427667280096689 -0.34401198355098495 -0.11699189107305803 1.2402994922745501 0.50685713979492164 -0.070829840548461212 -0.29508605359082113 -0.22944985531261408 -0.25859092597848388 -0.85669965107849411 -0.60011081188712923 -0.07115723389539319 -0.71907613918739399 -0.53846390327903382 -0.092295052435341016 -1.3828984769173598 -0.60944646103298949 0.60920970408705899 0.30688408855222904 -0.55146432439369275 -0.95412353945279904 -0.55982887712002871 -0.37018148447327826
leaf_weight=3108 65462 44416 125351 632 7714 11384 2521 35302 6692 1602 186738 7757 32813 26923 233 3208 1162 1897 277 1351 5394 25976 552 3420 129526 5641 1011 4523 408 19190
leaf_count=3108 65462 44416 125351 632 7714 11384 2521 35302 6692 1602 186738 7757 32813 26923 233 3208 1162 1897 277 1351 5394 25976 552 3420 129526 5641 1011 4523 408 19190
internal_value=0.000711827 -0.00433813 0.00176338 0.000579314 -0.0089877 -0.0134574 -0.00303805 0.000984337 -0.00497242 -0.0162032 0.00353826 0.00207212 -0.00427512 -0.0034676 0.00435405 -0.000579765 -0.00932052 -0.010254 -0.0285272 -0.0360295 -0.0056169 0.00146813 -0.00326259 0.00184644 0.00247324 -0.00358133 -0.00137239 -0.0115832 -0.0281582 -0.000315437
internal_weight=762184 131356 630828 378395 15368 16389 114967 363027 70551 4123 252433 214116 66428 59736 186971 148911 4370 13281 2260 1628 13108 178814 13240 165574 138587 9061 26987 5483 960 144541
internal_count=762184 131356 630828 378395 15368 16389 114967 363027 70551 4123 252433 214116 66428 59736 186971 148911 4370 13281 2260 1628 13108 178814 13240 165574 138587 9061 26987 5483 960 144541
is_linear=0
shrinkage=0.06


Tree=26
num_leaves=31
num_cat=8
split_feature=19 19 127 111 104 99 137 19 122 132 126 110 132 132 111 104 113 112 115 104 132 132 104 104 104 135 139 104 132 104
split_gain=1009.53 411.852 319.051 301.078 241.37 205.399 173.289 158.173 148.15 142.721 126.354 123.078 121.655 337.546 260.786 183.758 148.101 118.731 158.891 115.389 113.452 184.962 127.261 110.279 104.855 93.9125 135.105 149.171 94.3889 88.9977
threshold=67.79791666666668 148.41458333333335 0.010854541769774019 53.500000000000007 0 0.93158198870884079 0.0021274278612003691 33.111944444444454 0.4429400687012684 0.17963823861099873 116.52500000000002 23.050000000000004 -0.13291928626387098 -0.11585131824808122 53.500000000000007 1 300.50000000000006 3.6250000000000004 -1.588449753489164 2 -0.76624641395159687 -0.77718486915728335 3 4 5 1.0000000180025095e-35 51.500000000000007 6 0.66766646831012755 7
decision_type=10 10 2 2 1 2 2 8 2 2 2 2 2 2 2 1 2 2 2 1 2 2 1 1 1 2 2 1 2 1
left_child=2 3 6 9 7 10 -1 -4 12 19 -5 29 20 14 -14 -16 -15 -11 -19 -2 21 -3 -23 -12 -13 26 28 -28 -25 -6
right_child=1 8 4 5 11 -7 -8 -9 -10 17 23 24 13 16 15 -17 -18 18 -20 -21 -22 22 -24 25 -26 -27 27 -29 -30 -31
leaf_value=-0.21470551150754133 -0.37055468066110719 0.068837284233776608 -0.65558584870481207 0.21831741791036874 -0.35196232272400946 0.6289213435777401 -0.66957705504925591 -0.42007524003701824 1.4328225768765686 -0.21172376677194349 0.16270660387203775 -0.12419652442627764 -1.4499756608668282 0.56846108175491217 -1.5205328247665806 0.14526616197261064 -0.23510542449394989 -0.35765132081584111 -0.45096957354577 -0.035971234182868128 1.0025882053703861 -0.016227012151027509 -0.52461748890841731 -0.26162076945282703 -0.34234000514550772 0.12653673924878836 -1.1298089470241719 0.1879143965717702 -0.68601091707960915 -0.020704412321798316
leaf_weight=1449 17402 18168 1825 94746 8771 85508 3482 2178 185600 10006 29739 14507 1085 30169 584 1882 21410 2336 605 40775 67341 418 566 47385 20008 15165 918 644 1659 36173
leaf_count=1449 17402 18168 1825 94746 8771 85508 3482 2178 185600 10006 29739 14507 1085 30169 584 1882 21410 2336 605 40775 67341 418 566 47385 20008 15165 918 644 1659 36173
internal_value=0.00072522 0.00151578 -0.00530378 7.53788e-05 -0.00442745 0.00097309 -0.0201326 -0.0187848 0.00304274 -0.00340522 -0.000124694 -0.00370109 0.00158122 -0.000621429 -0.0185118 -0.0077195 0.000610586 -0.00910241 -0.0196988 -0.0021372 0.00298516 -0.00108954 -0.0264122 -0.00166473 -0.00639616 -0.00303539 -0.00427696 -0.021643 -0.00372344 -0.00163213
internal_weight=762504 674111 88393 346888 83462 275764 4931 4003 327223 71124 190256 79459 141623 55130 3551 2466 51579 12947 2941 58177 86493 19152 984 95510 34515 65771 50606 1562 49044 44944
internal_count=762504 674111 88393 346888 83462 275764 4931 4003 327223 71124 190256 79459 141623 55130 3551 2466 51579 12947 2941 58177 86493 19152 984 95510 34515 65771 50606 1562 49044 44944
cat_boundaries=0 2 4 6 8 10 13 15 17
cat_threshold=536870912 524352 1611031114 282100760 1170212995 846201902 2310223360 3758293636 2602308884 2156411299 338547156 1152694805 1 1073758274 340034584 10684544 644
is_linear=0
shrinkage=0.06


Tree=27
num_leaves=31
num_cat=5
split_feature=0 0 111 140 132 132 109 101 104 137 127 132 104 104 102 59 122 132 67 104 104 140 99 130 127 134 127 120 127 126
split_gain=926.802 423.233 269.794 228.884 220.666 329.671 216.542 197.786 193.146 151.583 137.143 134.068 132.998 124.563 127.141 122.258 117.675 145.936 140.56 105.301 104.298 102.687 101.941 128.858 168.449 134.623 100.322 105.068 98.9957 98.398
threshold=91.71250000000002 30.046250000000004 57.500000000000007 4.5000000000000009 -0.13291928626387098 -0.11585131824808122 47.500000000000007 0.6830127018922193 0 0.0041436636651481012 0.0016123864425168397 0.3933211724509133 1 2 59.500000000000007 1036.9350000000002 0.07688256673047679 0.61490419508004501 169.50000000000003 3 4 7.5000000000000009 0.99249573635719013 1.0000000180025095e-35 0.99990069615205213 1.0000000180025095e-35 3.0000202790602937 14.500000000000002 0.10822851494491492 85.125000000000014
decision_type=2 2 2 2 2 2 2 2 1 2 2 2 1 1 2 8 2 2 2 1 1 2 2 2 2 2 2 2 2 2
left_child=1 3 4 -1 9 -6 20 19 -5 13 15 -9 -13 14 -2 -8 17 -12 -19 21 -3 -4 23 24 25 -7 27 -11 -10 -26
right_child=2 6 7 8 5 22 10 11 28 26 16 12 -14 -15 -16 -17 -18 18 -20 -21 -22 -23 -24 -25 29 -27 -28 -29 -30 -31
leaf_value=-0.69566194358859812 0.069207248201316282 -0.24109473097567546 0.7062728034670529 -0.62092289940968814 -1.3606736534356523 -0.11608836750689833 -0.60191762113400893 1.0479382632720902 -0.6328865573092346 -0.49166084156929379 -0.22348586231039386 -0.74457518585466786 0.26597480424141279 0.92285783981241054 -0.70760451829941462 -0.22369833092366845 -0.13362506841087149 -0.3970956253645252 -0.34557941901722117 0.41560548165947286 0.32218183559381902 -0.37994372550503258 0.43218626274455546 0.19944082719681039 -1.2733341369621114 -0.56085657548808343 -0.049266688668370938 -0.040822729212447936 -0.17745900146992269 -0.21736499455529781
leaf_weight=3474 20482 18374 8857 1835 1541 722 2840 269212 1363 4033 11698 6169 23387 61706 3404 2759 133577 480 1606 49954 45788 23519 7101 6823 788 1442 18248 3013 11610 17030
leaf_count=3474 20482 18374 8857 1835 1541 722 2840 269212 1363 4033 11698 6169 23387 61706 3404 2759 133577 480 1606 49954 45788 23519 7101 6823 788 1442 18248 3013 11610 17030
internal_value=0.000727273 -0.00240316 0.00212446 -0.0111704 -6.54801e-05 -0.00418636 -0.0016649 0.00296534 -0.00791762 0.00125187 -0.00289211 0.00368287 -0.00015306 0.00245782 -0.00122124 -0.0121082 -0.00254186 -0.0078198 -0.022436 0.000361468 0.00126073 -0.00230352 -0.00295231 -0.0046456 -0.00707641 -0.0228804 -0.00282886 -0.00890932 -0.00532209 -0.00515584
internal_weight=762835 235404 527431 18282 146333 35447 217122 381098 14808 110886 152960 298768 29556 85592 23886 5599 147361 13784 2086 82330 64162 32376 33906 26805 19982 2164 25294 7046 12973 17818
internal_count=762835 235404 527431 18282 146333 35447 217122 381098 14808 110886 152960 298768 29556 85592 23886 5599 147361 13784 2086 82330 64162 32376 33906 26805 19982 2164 25294 7046 12973 17818
cat_boundaries=0 2 4 6 9 11
cat_threshold=536871040 64 1721999881 34652228 1623244995 375309336 1621223627 436061724 1 581142536 8995334
is_linear=0
shrinkage=0.06


Tree=28
num_leaves=31
num_cat=9
split_feature=129 0 111 110 104 137 133 115 137 137 104 119 104 104 104 112 140 114 98 104 129 110 104 127 133 104 101 130 120 104
split_gain=880.411 387.53 355.711 226.148 222.549 215.842 263.757 296.465 202.204 438.652 196.71 196.096 179.572 179.067 166.635 141.168 138.842 120.104 116.32 105.609 102.938 146.83 118.752 101.423 98.7104 98.6106 94.6322 94.4047 91.5174 90.6682
threshold=178.50000000000003 30.046250000000004 52.500000000000007 20.450000000000003 0 0.01126364564421809 0.078402603521778511 -2.0588344914883536 6.5078511944142929e-10 4.6630791453528717e-10 1 695.50000000000011 2 3 4 3.7250000000000005 2.5000000000000004 1.20371378932179 0.62837760187664593 5 157.50000000000003 15.050000000000002 6 0.45239313645560386 0.73136292505298039 7 0.6830127018922193 -0.78656609248549303 37.500000000000007 8
decision_type=2 2 2 2 1 2 2 2 2 2 1 2 1 1 1 2 2 2 2 1 2 2 1 2 2 1 2 2 2 1
left_child=1 10 8 13 17 6 -5 -8 9 15 -1 12 -9 -3 -10 19 -12 24 -19 -2 -15 22 -22 -14 -4 -7 27 -6 -25 -11
right_child=2 3 4 5 26 25 7 11 14 29 16 -13 23 20 -16 -17 -18 18 -20 -21 21 -23 -24 28 -26 -27 -28 -29 -30 -31
leaf_value=-0.57849552779843383 -0.42308592156640606 -0.31961333268705039 -0.063756006975177457 -0.10322160977019663 -0.19420333601198081 -0.23749380404788847 0.15753047067937762 -0.29439787925220001 -0.22119577629750062 -0.66997097433525266 -0.61254970561840183 -0.40393585814944827 -0.85284721208084391 0.24755460075686375 0.26492470166358228 -0.50443524100590797 -0.27809723963041832 0.029382984935403995 -0.40518251274182576 0.0016268897049371844 -0.84569300297305094 0.039870138519260558 -0.31099324196298256 -0.77264235764295564 1.0717106740436793 0.094206499453101014 1.3029283102616005 0.79377966357993734 -0.23283537572648594 -1.4620840342241042
leaf_weight=2777 5919 36619 23320 16036 13918 20741 4785 6436 33679 420 1665 783 3581 69213 70437 1265 11106 82858 5820 15104 724 2826 1052 4424 69066 23578 191456 39381 2763 934
leaf_count=2777 5919 36619 23320 16036 13918 20741 4785 6436 33679 420 1665 783 3581 69213 70437 1265 11106 82858 5820 15104 724 2826 1052 4424 69066 23578 191456 39381 2763 934
internal_value=0.000729547 -0.00258728 0.00198245 -0.00185519 0.00281554 -0.00421901 -0.0074862 -0.0116369 -0.000794245 -0.00580332 -0.0117006 -0.0151678 -0.0138295 -7.58453e-05 0.000343229 -0.00378806 -0.00852871 0.00122051 -0.000356702 -0.00261615 0.00162585 -0.00706235 -0.0205763 -0.018565 0.00273454 -0.00135799 0.00399529 0.00175936 -0.0144683 -0.0389491
internal_weight=762686 209109 553577 193561 425819 83127 38808 22772 127758 23642 15548 17987 17204 110434 104116 22288 12771 181064 88678 21023 73815 4602 1776 10768 92386 44319 244755 53299 7187 1354
internal_count=762686 209109 553577 193561 425819 83127 38808 22772 127758 23642 15548 17987 17204 110434 104116 22288 12771 181064 88678 21023 73815 4602 1776 10768 92386 44319 244755 53299 7187 1354
cat_boundaries=0 2 4 6 8 10 12 14 17 19
cat_threshold=1654906954 350209560 536873088 524352 873234486 424295624 1994629161 34701892 1623197891 911361050 1115841096 1348239376 17564052 490740003 3768690859 467994446 1 411599536 226910656
is_linear=0
shrinkage=0.06


Tree=29
num_leaves=31
num_cat=0
split_feature=129 0 132 132 110 122 110 126 0 130 133 134 132 139 129 133 127 0 139 130 129 127 108 28 127 59 113 139 139 132
split_gain=809.726 349.993 326.268 298.86 260.271 244.84 210.427 190.169 185.416 156.712 156.632 158.577 139.006 185.543 141.544 125.213 223.872 118.193 95.6436 91.745 98.0934 90.7901 103.984 89.1314 84.6964 84.121 80.9341 78.7693 266.446 106.82
threshold=178.50000000000003 30.046250000000004 0.61490419508004501 0.66766646831012755 24.450000000000003 0.05952177246924658 20.450000000000003 4020.4250000000002 124.54166666666669 -0.37940952255126059 0.8511460603353429 1.0000000180025095e-35 -0.99359783145257141 11.500000000000002 79.500000000000014 0.90803977035715633 1.1346085087035709 93.00104665756227 63.500000000000007 -0.91597561503675329 118.50000000000001 0.36115311521097199 77.041800000000009 150.51666666666671 10.175298815609001 15.300000000000002 296.50000000000006 46.500000000000007 45.500000000000007 -0.53402660245708555
decision_type=2 2 2 2 2 2 2 2 2 2 2 2 2 2 2 2 2 2 2 2 2 2 2 8 2 10 2 2 2 2
left_child=1 21 6 4 7 -4 15 8 18 24 11 12 13 14 -8 -3 -17 -7 -2 20 -14 -1 -23 -20 -5 -10 -9 28 -6 -29
right_child=3 2 5 9 27 17 10 26 25 -11 -12 -13 19 -15 -16 16 -18 -19 23 -21 -22 22 -24 -25 -26 -27 -28 29 -30 -31
leaf_value=-0.5782818350932093 0.15294097920808533 0.15465952907034747 -0.38660881925714857 -0.55602200589099904 -0.14864811916479564 -0.15606396742982781 -0.23189645441424231 -0.46644744951148442 -0.41427073521901953 -0.12760278471560377 -0.94346369140835995 0.069234741475348333 -0.073986930098188047 -0.52974794111252232 -1.1136076542680564 -0.49366566715109844 0.090783671101878266 -0.72591466762214107 -0.55605184809656272 -0.13134826011982628 -0.58326247341372839 -0.58009499647388973 -0.26465631070189816 -0.20543285170576855 -0.15780965848325357 1.0849454808188199 -0.76215770372334335 0.56045860677665815 -0.5469132472456093 -0.6321560305756303
leaf_weight=2917 179824 90637 633 4237 40685 2826 10064 954 9501 11255 1307 24279 3333 3413 1102 5728 10221 1260 2006 34840 3917 1719 10973 3870 2162 284276 393 12273 1422 719
leaf_count=2917 179824 90637 633 4237 40685 2826 10064 954 9501 11255 1307 24279 3333 3413 1102 5728 10221 1260 2006 34840 3917 1719 10973 3870 2162 284276 393 12273 1422 719
internal_value=0.000737199 -0.00244311 -0.00174612 0.00193888 0.00219191 -0.0173275 -0.00135666 0.00263951 0.00270278 -0.00574206 -0.00363657 -0.00330371 -0.00504193 -0.0100909 -0.00634763 0.000402826 -0.00449944 -0.0119413 0.00121873 -0.00329287 -0.00943318 -0.0110856 -0.00889057 -0.00631342 -0.0132384 0.00364085 -0.019865 -0.00171408 -0.00297421 0.00236989
internal_weight=762746 209169 193560 553577 535923 4719 188841 480824 479477 17654 82255 80948 56669 14579 11166 106586 15949 4086 185700 42090 7250 15609 12692 5876 6399 293777 1347 55099 42107 12992
internal_count=762746 209169 193560 553577 535923 4719 188841 480824 479477 17654 82255 80948 56669 14579 11166 106586 15949 4086 185700 42090 7250 15609 12692 5876 6399 293777 1347 55099 42107 12992
is_linear=0
shrinkage=0.06


Tree=30
num_leaves=31
num_cat=9
split_feature=61 132 137 140 104 104 104 122 104 132 132 91 126 139 104 61 104 132 132 125 104 130 119 134 121 139 127 114 115 104
split_gain=744.624 338.769 393.268 214.192 199.79 190.492 180.689 177.323 179.907 143.596 175.359 141.963 135.173 116.474 176.473 115.476 148.27 114.699 107.501 103.558 98.2544 92.723 127.137 120.301 122.108 113.829 131.047 108.754 90.0907 88.6732
threshold=4.6539722547777078 -0.99359783145257141 0.0080707547752903383 4.5000000000000009 0 1 2 0.07688256673047679 3 0.61490419508004501 0.6547626423706755 4 116.52500000000002 60.500000000000007 5 3.7139377865792018 6 0.57340843044527534 0.025799818015934263 0.020100000000000021 7 -0.37940952255126059 83.500000000000014 1.0000000180025095e-35 995.25000000000011 30.500000000000004 15.769827400926602 -0.34766409821195499 -0.45853040473694212 8
decision_type=2 2 2 2 1 1 1 2 1 2 2 1 2 2 1 2 1 2 2 2 1 2 2 2 2 2 2 2 2 1
left_child=1 2 5 -2 12 -1 -4 9 15 -3 -11 18 -5 17 -15 16 -9 -14 -6 -8 -12 22 -13 -24 25 27 -27 -25 -29 -19
right_child=3 7 6 4 11 -7 19 8 -10 10 20 21 13 14 -16 -17 -18 29 -20 -21 -22 -23 23 24 -26 26 -28 28 -30 -31
leaf_value=-0.4784856216703619 1.5315240511173296 -0.22692465149716468 -0.31060015990529116 0.43871470983706662 1.3792610636547131 -0.091417930350064847 -0.66218027507224919 -0.72353128574203229 0.044723626964486375 -0.32748264960115564 -0.37857845382978428 0.49531378925731512 -0.083912558641780488 -1.1184217976410735 -0.38127621770928893 -0.1765327290767392 -0.27333422915624028 -0.2690255569136949 -1.0108987375677341 -0.51093747964327285 0.023446491293975656 0.46016821804184133 -0.084674867940257595 1.3516238352695273 -0.66824055048645303 -0.5606874325318586 0.93528481789274975 -0.36343681881531037 -0.75108513970637569 -0.52659231883810897
leaf_weight=5967 87462 14432 2326 54627 134411 18375 2257 1881 169031 579 806 17187 72183 1260 3027 72791 7617 2619 1684 660 1062 65508 15758 1994 569 436 239 2747 851 1852
leaf_count=5967 87462 14432 2326 54627 134411 18375 2257 1881 169031 579 806 17187 72183 1260 3027 72791 7617 2619 1684 660 1062 65508 15758 1994 569 436 239 2747 851 1852
internal_value=0.000733809 -0.00160819 -0.00770128 0.00223551 0.00161482 -0.00449033 -0.0226053 -0.00093604 -0.000536206 -0.00688898 -0.020326 0.00264995 -0.000228442 -0.00178491 -0.0114081 -0.00283677 -0.00905906 -0.00124657 0.0039298 -0.0325266 -0.0113708 0.000995385 -0.00128938 -0.00424767 -0.0108943 -0.00847447 -0.0317308 -0.00566208 -0.01189 -0.0105711
internal_weight=762198 297784 29585 464414 376952 24342 5243 268199 251320 16879 2447 241384 135568 80941 4287 82289 9498 76654 136095 2917 1868 105289 39781 22594 6836 6267 675 5592 3598 4471
internal_count=762198 297784 29585 464414 376952 24342 5243 268199 251320 16879 2447 241384 135568 80941 4287 82289 9498 76654 136095 2917 1868 105289 39781 22594 6836 6267 675 5592 3598 4471
cat_boundaries=0 3 5 7 9 10 12 14 16 19
cat_threshold=1656938570 375374876 1 707934760 606212 341738549 763461088 1654892680 268452422 24 1073758274 272794648 536870912 64 3237044298 1515243032 574652416 101662724 1
is_linear=0
shrinkage=0.06


Tree=31
num_leaves=31
num_cat=8
split_feature=129 111 104 137 137 104 110 104 129 137 133 115 119 101 133 113 133 137 104 137 104 131 104 133 104 111 126 113 104 110
split_gain=703.142 355.801 308.379 225.427 433.911 224.332 187.248 153.843 150.039 147.968 199.257 135.342 142.702 133.981 128.485 123.146 107.212 159.683 149.896 158.272 130.898 131.716 109.377 132.964 105.876 102.81 100.234 100.073 94.1529 89.8581
threshold=178.50000000000003 56.500000000000007 0 6.5078511944142929e-10 4.6630791453528717e-10 1 20.550000000000004 2 28.500000000000004 0.01126364564421809 0.078402603521778511 -2.1456469844133648 695.50000000000011 0.6830127018922193 0.99530134160901229 300.50000000000006 0.99024581825578073 3.3412422113289955e-10 3 1.0000000180025095e-35 4 0.37940952255126048 5 0.93769647993491489 6 41.500000000000007 108.05000000000001 306.50000000000006 7 24.650000000000002
decision_type=2 2 1 2 2 1 2 1 2 2 2 2 2 2 2 2 2 2 1 2 1 2 1 2 1 2 2 2 1 2
left_child=2 3 8 4 14 -3 -4 25 -1 10 -8 -12 28 -7 15 -2 22 18 19 -18 21 -19 -15 -24 -6 -5 -17 -28 -13 -9
right_child=1 5 6 7 24 13 9 29 -10 -11 11 12 -14 16 -16 26 17 20 -20 -21 -22 -23 23 -25 -26 -27 27 -29 -30 -31
leaf_value=-0.49814542821968261 -0.040268427457822324 1.2610115564394713 0.13378727392005191 -0.30165048475680878 -0.86785273163947407 -0.12091343082614506 -0.027620413773803563 0.81225344891310947 -0.24723489508599628 -0.013381870612865611 0.13359190280776781 -0.22466719456801912 -0.34725366681462727 1.4964864303298491 0.38539961537683642 -1.3521447714660704 -1.151156639221466 -1.6350490409886531 0.46878980807796222 0.99791347109730544 -0.19807020807488507 -0.7463557363535267 -0.14836183071624298 0.76323053201135871 -1.5800678249773994 0.017173931382328492 -0.47737326020849163 -0.17500890063555943 -0.56191829658820969 -0.062610757226849209
leaf_weight=22277 13219 175114 76081 18943 711 46455 13044 50839 49073 31851 2833 5508 573 62080 7908 954 8243 822 25189 5676 2162 1100 31618 30179 1044 34084 3471 11270 7759 22319
leaf_count=22277 13219 175114 76081 18943 711 46455 13044 50839 49073 31851 2833 5508 573 62080 7908 954 8243 822 25189 5676 2162 1100 31618 30179 1044 34084 3471 11270 7759 22319
internal_value=0.000696477 0.00181626 -0.00226855 -0.000520311 -0.00453414 0.00280684 -0.000608935 0.000706814 -0.00546937 -0.00306895 -0.00611407 -0.0104595 -0.0129051 0.00150113 -0.00314445 -0.00499796 0.00229373 -0.000280323 0.000898719 -0.00409663 -0.0115682 -0.0229012 0.00319122 0.00140341 -0.0336731 -0.0017538 -0.00859136 -0.00737037 -0.0116369 0.00249024
internal_weight=762399 553400 208999 164762 38577 388638 137649 126185 71350 61568 29717 16673 13840 213524 36822 28914 167069 43192 39108 13919 4084 1922 123877 61797 1755 53027 15695 14741 13267 73158
internal_count=762399 553400 208999 164762 38577 388638 137649 126185 71350 61568 29717 16673 13840 213524 36822 28914 167069 43192 39108 13919 4084 1922 123877 61797 1755 53027 15695 14741 13267 73158
cat_boundaries=0 3 5 7 10 12 15 18 20
cat_threshold=1659054633 34701892 1 2640057637 3793754599 1623247043 912245786 578953752 9519104 1 1652712010 272663576 44247704 160498176 1 428638897 226896358 1 336363538 151157896
is_linear=0
shrinkage=0.06


Tree=32
num_leaves=31
num_cat=1
split_feature=129 111 0 110 98 0 126 119 120 111 98 114 99 115 109 115 115 101 19 129 114 120 93 46 114 126 111 128 114 69
split_gain=637.519 312.858 245.367 181.352 176.901 172.734 160.113 146.227 295.549 123.016 115.073 123.033 111.106 175.34 228.12 109.448 106.139 105.46 104.278 97.7463 176.646 104.852 97.58 96.9501 77.2728 77.0746 83.6337 132.447 75.0711 75.5585
threshold=178.50000000000003 57.500000000000007 25.610416666666669 20.550000000000004 -0.18386704952168662 115.65500000000002 4020.4250000000002 97.500000000000014 7.5000000000000009 35.500000000000007 0.61490419508004501 0.75335822858660961 0.99958851518450398 -0.70723229592808234 132.50000000000003 -1.449568901432422 -2.3148312489723457 0.6830127018922193 186.94305555555562 148.50000000000003 3.3957990556093347 6.5000000000000009 0 141.02500000000001 -1.0959077254156819 265.02500000000003 49.500000000000007 0.0067371503464631064 -0.34766409821195499 18.050000000000004
decision_type=2 2 2 2 2 2 2 2 2 2 2 2 2 2 2 2 2 2 10 2 2 2 1 10 2 2 2 2 2 2
left_child=2 4 28 16 9 23 7 8 15 24 11 22 17 14 -14 -6 -4 -7 25 -13 21 -21 -5 -3 -2 26 27 -11 -1 -30
right_child=1 5 3 10 6 12 -8 -9 -10 18 -12 19 13 -15 -16 -17 -18 -19 -20 20 -22 -23 -24 -25 -26 -27 -28 -29 29 -31
leaf_value=-0.46151263411237692 -0.29992724836845358 -0.13545056335383446 -0.39240279822093233 -0.85222345123780996 -1.0470292061529829 0.21354272430092974 -0.5812550208279893 -0.090449474443578162 0.86861992621845152 -0.77381551253541692 -0.25039386790509388 -0.047648665284239333 0.17959201086252416 1.066011026694099 -1.4515717829037629 -1.1640779714999789 0.034605456862230703 1.4158342218909821 0.83472033833465042 -0.12099345308046272 -0.32294037542513876 -0.56926550238814777 -0.28818812331071658 0.26876407176127626 -0.21651408973944256 0.16493287049732719 0.11295732958275467 -0.062257838956972754 -0.70298427571921296 -0.22318253938055577
leaf_weight=2883 268 42893 6017 980 1052 36373 933 37652 2056 5843 327 44115 2786 8819 2360 1627 106521 198724 40554 4347 582 862 34532 89175 19730 40456 14468 7748 1217 6428
leaf_count=2883 268 42893 6017 980 1052 36373 933 37652 2056 5843 327 44115 2786 8819 2360 1627 106521 198724 40554 4347 582 862 34532 89175 19730 40456 14468 7748 1217 6428
internal_value=0.00069984 0.00176555 -0.00212514 -0.00165118 -0.000355465 0.00272489 -0.00367305 -0.0031315 -0.013068 0.000758066 -0.00372997 -0.00359372 0.00365503 -0.00154446 -0.0103447 -0.0261963 -6.72831e-05 0.00396389 0.00155124 -0.00167279 -0.00900104 -0.00549443 -0.00629313 0.000970765 -0.00356778 0.000123913 -0.00229244 -0.00567201 -0.0110506 -0.00793748
internal_weight=762328 553517 208811 198283 172387 381130 43320 42387 4735 129067 85745 85418 249062 13965 5146 2679 112538 235097 109069 49906 5791 5209 35512 132068 19998 68515 28059 13591 10528 7645
internal_count=762328 553517 208811 198283 172387 381130 43320 42387 4735 129067 85745 85418 249062 13965 5146 2679 112538 235097 109069 49906 5791 5209 35512 132068 19998 68515 28059 13591 10528 7645
cat_boundaries=0 1
cat_threshold=1
is_linear=0
shrinkage=0.06


Tree=33
num_leaves=31
num_cat=0
split_feature=129 111 61 59 61 127 122 6 130 129 98 114 140 88 109 127 137 126 129 130 52 99 99 111 99 115 109 101 130 111
split_gain=573.735 299.381 226.317 140.903 139.385 132.718 280.885 119.7 121.719 105.523 101.151 99.5104 98.1892 88.0254 84.2342 90.3213 107.861 102.443 104.659 116.753 97.0839 79.6848 99.3431 78.9883 75.3362 143.129 197.692 75.4397 77.8896 73.9113
threshold=178.50000000000003 62.500000000000007 3.281302737134081 77.615000000000023 4.759220859896466 7.0013150472807721 0.05952177246924658 360.88500000000005 -1.0000000180025095e-35 169.50000000000003 0.62837760187664593 -1.4970379956922566 15.000000000000002 0.50898259165230864 22.500000000000004 1.6144428561815538 0.021938586047620796 30.225000000000005 160.50000000000003 0.91597561503675362 2.3071049326842679 0.98332250088165762 0.99249573635719013 49.500000000000007 0.99932962452255414 -0.70723229592808234 132.50000000000003 0.6830127018922193 -0.78656609248549303 73.500000000000014
decision_type=2 2 2 8 2 2 2 10 2 2 2 2 2 10 2 2 2 2 2 2 2 2 2 2 2 2 2 2 2 2
left_child=2 7 12 29 13 6 9 8 10 -5 23 -10 -1 -3 -8 16 20 -17 -19 -20 -16 -9 -23 -2 27 26 -26 28 -6 -4
right_child=1 4 3 5 24 -7 14 21 11 -11 -12 -13 -14 -15 15 17 -18 18 19 -21 -22 22 -24 -25 25 -27 -28 -29 -30 -31
leaf_value=-0.47031077843601249 -0.22047629571398608 0.29603177892201499 -0.14026772496032222 -0.44075254451118562 -0.52629055919869527 0.029609105215011765 0.26409626466912384 0.66632775867288119 -0.72562151319459556 -0.30561705482718859 -0.31792204368539523 0.23087734332502796 -0.223047171552964 -0.14029592747867126 -0.29982969022227407 -1.1466533179292966 -0.072766471100740207 -0.044030304951101586 -0.16542088693040866 -0.84586547563336889 -0.47551776406618385 -0.59320205475936916 0.34031911609774751 0.0081408038122706416 0.17953169153010196 1.1424833803971295 -1.3763063429669948 1.3915533388360855 0.68835307337313145 0.22503235442980637
leaf_weight=4027 48830 78806 25519 548 5531 35443 7312 55188 1217 646 6374 45017 6502 35361 16059 759 10628 35986 4102 704 13004 4150 4388 48409 2762 8348 1917 180509 26371 47773
leaf_count=4027 48830 78806 25519 548 5531 35443 7312 55188 1217 646 6374 45017 6502 35361 16059 759 10628 35986 4102 704 13004 4150 4388 48409 2762 8348 1917 180509 26371 47773
internal_value=0.000702265 0.00171414 -0.0019758 -0.00152104 0.00282106 -0.00274422 -0.00397188 -4.59885e-05 -0.000972305 -0.0328669 -0.0021146 0.00158763 -0.0105476 0.00111294 -0.00358191 -0.00413707 -0.00618397 -0.0021817 -0.00177501 -0.0100903 -0.00807535 0.00213216 -0.00326174 -0.00163457 0.00368609 -0.000742861 -0.00914231 0.00395771 0.00126797 0.000568295
internal_weight=762190 553178 209012 198483 339605 125191 89748 213573 149847 1194 103613 46234 10529 114167 88554 81242 39691 41551 40792 4806 29063 63726 8538 97239 225438 13027 4679 212411 31902 73292
internal_count=762190 553178 209012 198483 339605 125191 89748 213573 149847 1194 103613 46234 10529 114167 88554 81242 39691 41551 40792 4806 29063 63726 8538 97239 225438 13027 4679 212411 31902 73292
is_linear=0
shrinkage=0.06


Tree=34
num_leaves=31
num_cat=7
split_feature=6 111 0 130 109 104 104 140 109 104 104 122 110 129 132 112 110 127 111 132 131 124 104 111 133 132 132 104 104 132
split_gain=547.652 218.202 211.574 143.917 206.993 143.136 131.796 131.25 129.778 124.176 116.457 114.877 149.424 114.3 106.393 217.483 102.693 92.0596 133.529 89.3628 89.3132 89.0482 88.0398 86.8765 85.0013 175.09 159.591 172.067 154.005 100.803
threshold=277.22500000000008 62.500000000000007 34.001250000000006 -0.91597561503675329 172.50000000000003 0 1 2.5000000000000004 47.500000000000007 2 3 0.11380464663798617 17.850000000000005 46.500000000000007 0.61490419508004501 3.8050000000000002 15.450000000000001 9.7941064765031047 52.500000000000007 0.58741554219704073 -0.12940952255126037 0.92833333333333345 4 43.500000000000007 0.99024581825578073 -0.098749067963353782 0.025799818015934263 5 6 0.042991213741508195
decision_type=10 2 2 2 2 1 1 2 2 1 1 2 2 2 2 2 2 2 2 2 2 2 1 2 2 2 2 1 1 2
left_child=2 3 5 4 10 -1 -3 -7 9 -4 17 12 -5 -8 -10 20 -6 18 -2 24 23 -13 -18 -16 -15 28 -27 29 -26 -28
right_child=1 6 8 11 16 7 13 -9 14 -11 -12 21 -14 19 15 -17 22 -19 -20 -21 -22 -23 -24 -25 25 26 27 -29 -30 -31
leaf_value=-0.40173075457088725 -1.0433982846729093 1.1351724039735933 -0.24114573622653451 -0.66926358912524808 -0.63647834869873154 -0.499290356003185 -0.33165902995785346 -0.15032309373411598 -0.094981281818358854 0.3241871256956797 0.086408483738024885 0.38079894140384085 -0.068856960955959279 0.73709689604413287 -0.261486638399759 -0.23886228454494041 -0.92428096380641434 -0.096820782001855718 -0.29982549473037778 -0.41216834024518306 -0.50149356418739954 -0.20413958648230685 -0.098097560424234093 -0.057226877661667286 -1.535659579854173 1.702779169901762 -1.7448927309480418 0.29285790931033689 -0.19792134510950432 -0.96465434362109115
leaf_weight=3341 3480 143204 18889 1797 621 2528 13824 17238 157937 57085 25125 91476 38473 122151 778 585 1136 7240 3904 5128 3006 872 1424 9919 1337 17257 1082 6218 1692 3233
leaf_count=3341 3480 143204 18889 1797 621 2528 13824 17238 157937 57085 25125 91476 38473 122151 778 585 1136 7240 3904 5128 3006 872 1424 9919 1337 17257 1082 6218 1692 3233
internal_value=0.00067167 0.00186776 -0.00149154 0.000172533 -0.00284689 -0.00698278 0.00281212 -0.0050313 -0.000980282 0.00108541 -0.00166808 0.00114997 -0.00152417 0.00169189 -0.00189153 -0.00684946 -0.017572 -0.00592251 -0.0106399 0.00214946 -0.0053183 0.00231608 -0.012253 -0.00274986 0.00241065 -0.000405126 0.00108812 -0.00473154 -0.014101 -0.0139182
internal_weight=761980 490674 271306 175548 42930 23107 315126 19766 248199 75974 39749 132618 40270 171922 172225 14288 3181 14624 7384 158098 13703 92348 2560 10697 152970 30819 27790 10533 3029 4315
internal_count=761980 490674 271306 175548 42930 23107 315126 19766 248199 75974 39749 132618 40270 171922 172225 14288 3181 14624 7384 158098 13703 92348 2560 10697 152970 30819 27790 10533 3029 4315
cat_boundaries=0 2 4 6 9 12 15 17
cat_threshold=536873088 524352 2367429909 3223329187 547588096 598534 1726195969 307495687 1 1892960582 2070975775 1 853746216 9978432 1 1648517706 281052252
is_linear=0
shrinkage=0.06


Tree=35
num_leaves=31
num_cat=8
split_feature=0 129 126 126 104 104 104 132 67 139 104 104 132 129 110 18 104 132 127 132 134 126 104 109 129 131 132 139 104 109
split_gain=504.08 231.306 168.659 162.581 158.348 151.425 147.338 147.214 121.795 120.711 146.014 96.7695 96.1248 174.622 94.3883 90.9395 92.802 81.961 75.3563 74.5334 75.9669 81.3237 73.456 72.2098 72.1196 68.0118 81.1774 86.934 84.2581 67.4663
threshold=114.11750000000001 28.500000000000004 116.52500000000002 2680.8000000000006 0 1 2 0.61490419508004501 195.50000000000003 60.500000000000007 3 4 0.61490419508004501 172.50000000000003 26.950000000000003 29.513888888888889 5 0.57340843044527534 0.010854541769774019 -0.99359783145257141 1.0000000180025095e-35 96.100000000000009 6 47.500000000000007 118.50000000000001 -0.37940952255126015 0.61490419508004501 51.500000000000007 7 557.50000000000011
decision_type=2 2 2 2 1 1 1 2 2 2 1 1 2 2 2 8 1 2 2 2 2 2 1 2 2 2 2 2 1 2
left_child=1 4 14 6 19 9 15 22 -9 17 -11 -10 -7 -14 29 16 24 -4 -6 -1 21 -21 -5 -8 -3 -25 27 -27 -29 -2
right_child=2 3 5 7 18 12 23 8 11 10 -12 -13 13 -15 -16 -17 -18 -19 -20 20 -22 -23 -24 25 -26 26 -28 28 -30 -31
leaf_value=-0.44643881333786112 1.2583863425327291 -0.59048568848207739 -0.02193537602844698 -0.28149964842729919 -0.29193702821672479 0.41286147996950034 0.28852468305801215 -0.26103849736395673 -0.45345731748375667 -1.1230441298494827 -0.31649814939931814 -0.033726418817899992 -0.68646630722934154 -0.16119538695766403 -0.38228497557434993 -0.1454764721517367 -0.15802727418205192 -0.37465237573929372 -0.074348287510426658 -0.91960893992449977 -0.78233987754598133 -0.073612605734399345 -0.02932757824498012 0.11002423571458352 -0.026386064807195724 -0.0158201317399147 -0.39947664502077695 -0.78995215206244473 0.039876307524988094 -0.19249621502905398
leaf_weight=5425 175018 808 65021 8286 5100 166553 65573 593 439 1269 2561 1046 625 4361 2127 82859 1250 3904 26742 1044 2066 6142 10535 57381 283 58533 4431 1359 1188 173
leaf_count=5425 175018 808 65021 8286 5100 166553 65573 593 439 1269 2561 1046 625 4361 2127 82859 1250 3904 26742 1044 2066 6142 10535 57381 283 58533 4431 1359 1188 173
internal_value=0.000705458 -0.00100949 0.00209285 -0.000388559 -0.00494123 0.00107044 9.86828e-07 -0.00548928 -0.0206407 -0.00122324 -0.0115897 -0.0114468 0.00204322 -0.00616483 0.00350142 -0.00206945 -0.0137293 -0.000647216 -0.00256139 -0.0100952 -0.00682676 -0.00391039 -0.00381543 0.000937043 -0.0264011 7.91911e-05 -0.00124182 -0.000672877 -0.011522 0.00365397
internal_weight=762695 341083 421612 294564 46519 244294 273665 20899 2078 72755 3830 1485 171539 4986 177318 85200 2341 68925 31842 14677 9252 7186 18821 188465 1091 122892 65511 61080 2547 175191
internal_count=762695 341083 421612 294564 46519 244294 273665 20899 2078 72755 3830 1485 171539 4986 177318 85200 2341 68925 31842 14677 9252 7186 18821 188465 1091 122892 65511 61080 2547 175191
cat_boundaries=0 3 6 8 10 12 14 16 18
cat_threshold=714222248 1108934916 1 1623253698 308266008 1 1621207040 274809414 1073758274 272794648 1086341194 1108657688 536870912 64 3900705699 2071233609 2147500226 201499672
is_linear=0
shrinkage=0.06


Tree=36
num_leaves=31
num_cat=8
split_feature=6 110 114 104 132 132 132 104 130 104 104 131 110 132 104 132 132 130 104 132 139 127 5 130 127 114 120 139 104 104
split_gain=471.531 289.175 158.53 137.287 128.061 198.337 385.453 261.466 131.607 114.454 103.391 95.6877 91.443 334.484 88.5442 87.0589 267.324 154.802 191.362 84.4357 102.123 83.9966 83.979 83.9758 79.479 79.1886 122.066 94.8879 74.2063 73.2295
threshold=323.73500000000007 20.450000000000003 1.0430709343817244 0 -0.76624641395159687 -0.13291928626387098 -0.098749067963353782 1 -0.91597561503675329 2 3 0.60355339059327384 24.250000000000004 -0.77718486915728335 4 0.025799818015934263 0.042991213741508195 0.37940952255126054 5 0.3933211724509133 63.500000000000007 0.0016123864425168397 1.0605000000000002 -0.37940952255126059 1.0000000180025095e-35 0.49507832435277777 1.0000000180025095e-35 30.500000000000004 6 7
decision_type=10 2 2 1 2 2 2 1 2 1 1 2 2 2 1 2 2 2 1 2 2 2 10 2 2 2 2 2 1 1
left_child=1 2 14 23 12 10 7 11 -9 19 -6 -7 -2 25 -1 -8 17 28 -19 20 -4 -5 -22 -3 -25 26 27 -14 -17 -21
right_child=4 3 9 21 5 6 15 8 -10 -11 -12 -13 13 -15 -16 16 -18 18 -20 29 22 -23 -24 24 -26 -27 -28 -29 -30 -31
leaf_value=0.011899353174991042 0.30274981312043564 -0.35188047901175212 -0.033763009146015148 -0.3225059303348668 -0.019894920827317818 -1.5308867193350055 1.9066240861556101 -1.3412745911607655 -0.16011651421701176 0.082431275701896567 1.6202018046752458 -0.54813727360682207 -0.305604650038871 -0.65144789409158788 0.78784435824464705 -1.2819008243423644 0.23162696163141711 -0.5157703778439352 -1.6638971803443581 -0.66070484770826332 -0.28879916437297226 -0.063088664031429931 -1.1958918325718431 -0.49540771702919351 -0.11153584391545972 0.25692235107661565 -0.31134720670018212 -0.51373576440712521 0.10157782736073244 -0.1452222290104882
leaf_weight=34196 32026 26733 58782 6116 17097 1603 29497 564 4415 84133 143622 566 955 982 62389 693 72553 693 1027 10066 1616 114307 806 1310 21813 9884 7278 740 1757 13824
leaf_count=34196 32026 26733 58782 6116 17097 1603 29497 564 4415 84133 143622 566 955 982 62389 693 72553 693 1027 10066 1616 114307 806 1310 21813 9884 7278 740 1757 13824
internal_value=0.000681953 -0.00060839 0.000628231 -0.00253879 0.0024083 0.00292564 0.00100387 -0.0124817 -0.00485892 -0.00047875 0.0042812 -0.0298101 -0.000325647 -0.00352651 0.00256776 0.00191149 0.000846385 -0.0139247 -0.0277164 -0.00203015 -0.000849538 -0.00144213 -0.0129212 -0.00518628 -0.00253944 -0.00174769 -0.00582817 -0.0203243 -0.00423501 -0.00505546
internal_weight=762043 436091 265812 170279 325952 274087 113368 7148 4979 169227 160719 2169 51865 19839 96585 106220 76723 4170 1720 85094 61204 120423 2422 49856 23123 18857 8973 1695 2450 23890
internal_count=762043 436091 265812 170279 325952 274087 113368 7148 4979 169227 160719 2169 51865 19839 96585 106220 76723 4170 1720 85094 61204 120423 2422 49856 23123 18857 8973 1695 2450 23890
cat_boundaries=0 2 4 6 8 11 13 16 18
cat_threshold=1623271457 460390402 1659069002 272664092 1720099418 818005084 1619034240 68075528 816023584 36364868 1 956846274 492901598 549593624 1406272524 1 1719803912 32836
is_linear=0
shrinkage=0.06


Tree=37
num_leaves=31
num_cat=0
split_feature=110 0 67 127 130 139 58 132 132 130 25 132 127 132 109 109 25 130 19 110 140 132 132 130 132 132 127 119 115 109
split_gain=457.467 195.825 164.37 160.249 135.346 135.021 108.298 106.602 207.743 124.846 124.445 103.881 92.5277 90.815 210.9 89.4696 85.0855 78.888 70.7879 69.6935 66.4701 66.5907 100.699 84.3084 62.3028 112.206 61.181 68.5895 76.8138 78.4883
threshold=20.450000000000003 142.53625000000002 169.50000000000003 0.45239313645560386 -0.37940952255126059 64.500000000000014 295.89500000000004 -0.13291928626387098 -0.098749067963353782 -0.91597561503675329 0.95725974118589308 0.66766646831012755 10.175298815609001 0.61490419508004501 822.50000000000011 27.500000000000004 0.29595303042824755 0.91597561503675362 189.42013888888891 23.550000000000004 27.000000000000004 0.025799818015934263 0.042991213741508195 0.25881904510252091 -0.76624641395159687 -0.77718486915728335 1.0000000180025095e-35 683.50000000000011 -0.18032048462856368 1077.5000000000002
decision_type=2 2 2 2 2 2 2 2 2 2 10 2 2 2 2 2 10 2 8 2 2 2 2 2 2 2 2 2 2 2
left_child=1 15 3 6 5 11 -2 -3 9 -9 -11 18 -7 19 -15 -1 -17 -18 -4 -5 -10 -22 23 -23 25 -20 -6 -28 -29 -30
right_child=2 7 4 13 26 12 -8 8 20 10 -12 -13 -14 14 -16 16 17 -19 24 -21 21 22 -24 -25 -26 -27 27 28 29 -31
leaf_value=0.59544238853217712 -0.4979879609549811 1.7845400821341408 -0.15460467986135676 0.025866869932250534 -0.85327204083869967 -1.1149247640644875 -0.31524395651620946 -1.5648097816698667 0.9199719191790322 -0.28514261708085342 -1.1868409734039465 -0.30940970818464542 -0.12717684432424306 -0.10795299102168492 -0.25166016546914172 -0.32132350507721391 0.089541729228521202 -0.18750722335557723 -0.14639129117067468 -0.15907724070712032 1.870210115426538 -0.06376831850751484 0.036887547208131935 -1.4268781963038586 0.5073485429706116 -0.61289280926638401 0.52517923288822344 -5.3629228337115365e-06 -0.17026088124473981 -0.33285362236841054
leaf_weight=40659 4552 119955 63212 28995 1520 1205 11466 652 52008 4086 750 3997 905 1484 613 13228 175030 38033 5589 48472 11972 1065 37557 1101 25557 704 55406 10516 1112 697
leaf_count=40659 4552 119955 63212 28995 1520 1205 11466 652 52008 4086 750 3997 905 1484 613 13228 175030 38033 5589 48472 11972 1065 37557 1101 25557 704 55406 10516 1112 697
internal_value=0.000649034 0.00172546 -0.00135851 -0.00335005 -0.000241519 -0.00164047 -0.00882527 0.00301211 0.00165567 -0.0097198 -0.00639322 -0.00132047 -0.0166556 -0.00224767 -0.0145653 0.000621013 0.000155401 0.000445303 -0.000921999 -0.00191405 0.00225775 0.0007341 -0.000448142 -0.0130245 0.00138457 -0.00396282 0.0018022 0.00206942 -0.00197874 -0.0133956
internal_weight=762098 496096 266002 95582 170420 101169 16018 229146 109191 5488 4836 99059 2110 79564 2097 266950 226291 213063 95062 77467 103703 51695 39723 2166 31850 6293 69251 67731 12325 1809
internal_count=762098 496096 266002 95582 170420 101169 16018 229146 109191 5488 4836 99059 2110 79564 2097 266950 226291 213063 95062 77467 103703 51695 39723 2166 31850 6293 69251 67731 12325 1809
is_linear=0
shrinkage=0.06


Tree=38
num_leaves=31
num_cat=11
split_feature=110 104 114 129 132 114 130 104 104 137 132 132 104 104 25 104 102 104 132 132 98 104 114 104 110 104 125 104 137 102
split_gain=400.545 264.216 210.873 162.443 237.931 153.051 139.373 137.006 130.601 123.47 116.294 339.046 216.286 180.344 131.935 108.191 107.172 99.4077 98.8687 92.8606 83.8231 94.1399 80.4664 102.686 72.8366 72.3394 71.3426 71.102 68.0021 67.8495
threshold=20.450000000000003 0 1.20371378932179 193.50000000000003 0.61490419508004501 0.75335822858660961 -0.37940952255126059 1 2 0.042730530857558173 -0.13291928626387098 -0.098749067963353782 3 4 0.94847200471257598 5 61.500000000000007 6 0.66766646831012755 -0.99688467374059531 -0.80860773948975517 7 -1.4970379956922566 8 25.850000000000005 9 0.2569833333333334 10 0.44064828010201723 59.500000000000007
decision_type=2 1 2 2 2 2 2 1 1 2 2 2 1 1 10 1 2 1 2 2 2 1 2 1 2 1 2 1 2 2
left_child=1 -1 17 4 5 7 8 -2 18 19 12 13 16 -12 15 -13 28 -3 29 -9 21 -19 23 24 -8 -20 -21 -7 -4 -5
right_child=3 2 10 6 -6 27 22 9 -10 -11 11 14 -14 -15 -16 -17 -18 20 25 26 -22 -23 -24 -25 -26 -27 -28 -29 -30 -31
leaf_value=0.68969635635357851 -0.11812435414853803 -0.095468162095850115 -0.11164800410257238 -0.18312620674120447 -0.21788444383204775 -0.19431396135802281 2.1387368394306767 -0.26724840636792885 0.038461492476054952 -0.17420539781485922 -1.4698970374855775 -0.86454805435891868 0.60831603456653827 -0.67755458776840838 0.14165372231386961 -0.15539894797050144 -0.95269329950956916 -0.97813066508276669 -0.16461942044471509 -0.63989357208476771 0.95116130901570806 -0.01329351395428253 0.36156387120589395 -0.10117090014427563 -1.0085796042236972 -0.60045703624967328 -0.066522912316633237 0.045454742958694394 -1.0029423419998607 -0.60934652660630151
leaf_weight=176037 20682 26086 33549 38066 906 18216 181 5232 57416 7995 2152 9361 53924 2591 30151 48332 2950 987 867 6895 100301 9550 64800 1789 501 867 889 37464 566 3505
leaf_count=176037 20682 26086 33549 38066 906 18216 181 5232 57416 7995 2152 9361 53924 2591 30151 48332 2950 987 867 6895 100301 9550 64800 1789 501 867 889 37464 566 3505
internal_value=0.000639778 0.00164661 0.000620759 -0.00123773 -0.00317527 -0.00289032 -0.000104218 -0.00563923 -0.00151659 -0.00905023 -0.000708389 -0.00220545 0.000814969 -0.0178293 -0.00136167 -0.00304264 -0.00271308 0.0024028 -0.00400383 -0.0126591 0.00318693 -0.0019034 0.00201044 -0.00861408 -0.0282078 -0.018038 -0.0168139 -0.000831881 -0.00176486 -0.00341898
internal_weight=762808 496537 320500 266271 98279 97373 167992 41693 100721 21011 183576 92587 90989 4743 87844 57693 37065 136924 43305 13016 110838 10537 67271 2471 682 1734 7784 55680 34115 41571
internal_count=762808 496537 320500 266271 98279 97373 167992 41693 100721 21011 183576 92587 90989 4743 87844 57693 37065 136924 43305 13016 110838 10537 67271 2471 682 1734 7784 55680 34115 41571
cat_boundaries=0 2 4 7 9 11 12 14 16 19 22 24
cat_threshold=2367167748 3894417827 88905174 1564638457 1723885635 393921562 1 1610662082 340059160 1619157578 273187932 545398808 545292288 34136064 2162688 512 357335221 228596068 1 603979779 340411402 1 3766487209 423969250
is_linear=0
shrinkage=0.06


Tree=39
num_leaves=31
num_cat=8
split_feature=129 111 132 104 104 104 99 112 101 99 139 109 130 130 129 120 132 126 127 104 104 104 133 99 104 104 112 114 133 132
split_gain=371.154 278.361 218.33 228.456 208.042 201.738 167.638 134.249 130.565 142.356 119.358 116.617 107.841 95.541 111.482 94.6102 98.9407 91.7061 197.704 139.758 87.7746 82.3809 81.745 95.7646 82.246 77.7701 75.3449 74.9299 84.6435 142.365
threshold=178.50000000000003 49.500000000000007 0.61490419508004501 0 1 2 0.97062204580664158 3.9450000000000007 0.6830127018922193 0.98486764554468398 63.500000000000007 822.50000000000011 -0.78656609248549303 -0.91597561503675329 94.500000000000014 11.500000000000002 0.42471264173135381 237.20000000000002 7.4394851282643115 3 4 5 0.74298546529340237 0.7487283477006671 6 7 2.2050000000000005 2.000591617489675 0.99138911339924218 -0.081617596240696269
decision_type=2 2 2 1 1 1 2 2 2 2 2 2 2 2 2 2 2 2 2 1 1 1 2 2 1 1 2 2 2 2
left_child=2 6 3 -1 10 26 17 -8 12 -10 22 -7 -6 14 -5 -15 25 18 19 -2 -19 -16 23 -3 -24 -17 -4 -26 -29 -30
right_child=1 4 5 13 8 11 7 -9 9 -11 -12 -13 -14 15 21 16 -18 20 -20 -21 -22 -23 24 -25 27 -27 -28 28 29 -31
leaf_value=-0.27110214727142401 -1.0856976133708711 -0.073991047125147799 0.033613379763117783 -0.061570611603531056 -0.29032495470638647 -0.04330306121020884 -0.25146877923406991 -0.57343154404228602 1.6830127525545331 0.26617254037703048 -0.82906739133963925 -0.18901552720963352 0.40766959230263694 0.19527614677958699 -0.66427100329338606 -0.29584537669745969 0.36159187854893104 -0.12194428168417236 -0.017428571909872872 -0.25160611482546891 0.24600405979055495 -0.28180296463848736 -0.50257446463267674 -0.72043319859111576 0.43086172467075523 -0.025536173121353884 -0.69417682886459386 0.080751656530543392 -0.84343120882985112 0.14691080831568451
leaf_weight=63231 2258 44381 204 12844 15910 2825 7493 1018 151750 66071 3869 477 45286 65057 2263 15763 22452 33416 11907 3111 43567 2858 14466 2355 83963 19891 1429 17584 2193 2288
leaf_count=63231 2258 44381 204 12844 15910 2825 7493 1018 151750 66071 3869 477 45286 65057 2263 15763 22452 33416 11907 3111 43567 2858 14466 2355 83963 19891 1429 17584 2193 2288
internal_value=0.000636148 0.00145078 -0.00151583 -0.00121465 0.00209407 -0.013985 -0.00136673 -0.00943069 0.00310414 0.00379221 0.000446695 -0.00537519 0.000655523 0.000128299 -0.00395914 0.000724546 -0.00103506 -0.00063851 -0.00458899 -0.0141464 0.000248078 -0.0114436 0.000687791 -0.0014422 0.00151396 -0.00299975 -0.0311569 0.00209289 -0.00101831 -0.00837885
internal_weight=762180 552886 209294 204359 450116 4935 102770 8511 279017 217821 171099 3302 61196 141128 17965 123163 58106 94259 17276 5369 76983 5121 167230 46736 120494 35654 1633 106028 22065 4481
internal_count=762180 552886 209294 204359 450116 4935 102770 8511 279017 217821 171099 3302 61196 141128 17965 123163 58106 94259 17276 5369 76983 5121 167230 46736 120494 35654 1633 106028 22065 4481
cat_boundaries=0 3 5 7 10 12 14 16 18
cat_threshold=1654860329 1147460 1 1652613322 350151704 357040565 260053283 2549296391 9439023 1 1690616002 1064813592 72353030 1893993739 545259520 16384 2572178496 3802923280
is_linear=0
shrinkage=0.06


Tree=40
num_leaves=31
num_cat=0
split_feature=19 109 135 133 109 132 112 133 132 130 125 132 132 132 132 130 25 132 132 112 127 122 130 28 130 133 132 132 130 25
split_gain=342.108 177.335 138.809 126.309 116.976 94.1788 127.95 93.564 93.0666 92.0159 85.0014 84.3887 280.038 103.924 243.654 120.875 87.6481 87.5731 196.499 143.325 82.3091 79.8667 75.3055 73.0629 71.5718 77.8436 75.1665 68.7221 67.1808 74.6823
threshold=155.30486111111114 47.500000000000007 1.0000000180025095e-35 0.94066717844141279 72.500000000000014 0.61490419508004501 3.9450000000000007 0.85561368268953431 -0.80860773948975517 0.91597561503675362 0.0094000000000000108 -0.13291928626387098 -0.098749067963353782 0.025799818015934263 0.042991213741508195 0.37940952255126054 0.95725974118589308 -0.76624641395159687 -0.77718486915728335 2.6050000000000004 0.36115311521097199 0.12908475948795017 -0.91597561503675329 202.23263888888889 -0.91597561503675329 0.92519182738459482 0.5009122898073749 0.23014236637527921 0.37940952255126054 0.96784987164734015
decision_type=10 2 2 2 2 2 2 2 2 2 2 2 2 2 2 2 10 2 2 2 2 2 2 10 2 2 2 2 2 10
left_child=1 7 3 5 8 20 9 10 -2 -7 -1 17 16 -14 15 -15 22 18 -6 -20 -3 27 -13 -17 25 -22 28 -5 -26 -30
right_child=4 2 -4 21 11 6 -8 -9 -10 -11 -12 12 13 14 -16 23 -18 -19 19 -21 24 -23 -24 -25 26 -27 -28 -29 29 -31
leaf_value=-0.30141986720417213 -0.12940577603897593 -0.31577531578106127 0.14675091279243471 -0.21035518300316083 0.049644837976102939 -0.15534818589741359 -0.20772796965479448 0.78824620185484462 1.4909814256096197 -0.73271744567047847 0.12047241510265934 -1.5278368278870569 1.8179974422230856 -0.39230663456369641 0.026432723243657676 0.83093153789084806 -0.94428097387411891 0.76799179397863993 0.1005774056714424 -0.58193405300788081 -0.20315959470030559 0.13867155779462478 -0.46545820039328561 -1.5264765528941229 -0.051023066962443527 -0.92448726449659313 0.2624565683965972 -0.40556669438091236 -0.23655481523854763 -0.62594891611326542
leaf_weight=13985 16632 22570 54243 5447 20788 14828 297 49883 134401 1402 75124 366 13615 1497 40014 214 880 68166 519 873 27115 55481 3421 1481 88854 1723 18392 841 26176 3124
leaf_count=13985 16632 22570 54243 5447 20788 14828 297 49883 134401 1402 75124 366 13615 1497 40014 214 880 68166 519 873 27115 55481 3421 1481 88854 1723 18392 841 26176 3124
internal_value=0.000628229 -0.00040369 -0.00117993 -0.00174354 0.00219377 -0.0024618 -0.00680409 0.0013862 0.00337605 -0.00608835 0.000221457 0.00101771 -0.000696905 0.000463659 -0.000976786 -0.016927 -0.0148239 0.00218464 -0.00109012 -0.022906 -0.00207994 0.000634192 -0.0108548 -0.027895 -0.00161608 -0.00433205 -0.00104245 -0.00577389 -0.00159787 -0.00408928
internal_weight=762352 459485 320493 266250 302867 204481 16527 138992 151033 16230 89109 151834 61488 56821 43206 3192 4667 90346 22180 1392 187954 61769 3787 1695 165384 28838 136546 6288 118154 29300
internal_count=762352 459485 320493 266250 302867 204481 16527 138992 151033 16230 89109 151834 61488 56821 43206 3192 4667 90346 22180 1392 187954 61769 3787 1695 165384 28838 136546 6288 118154 29300
is_linear=0
shrinkage=0.06


Tree=41
num_leaves=31
num_cat=7
split_feature=0 140 104 129 130 104 96 132 91 132 134 122 132 139 104 114 132 104 109 137 119 120 112 139 110 104 109 104 135 121
split_gain=314.979 203.556 166.854 123.003 111.341 110.551 107.006 94.7648 78.0821 84.6822 76.1455 83.4223 72.6243 72.5351 117.625 74.7265 71.1348 68.028 68.0435 65.0054 61.1754 59.4322 69.7556 54.3053 54.2995 53.7807 51.4946 50.3859 50.1276 49.829
threshold=128.01500000000001 7.5000000000000009 0 28.500000000000004 -0.91597561503675329 1 -0.37940952255126059 0.66766646831012755 2 0.025799818015934263 1.0000000180025095e-35 0.63829563182084248 -0.76624641395159687 60.500000000000007 3 1.3847229852640108 -0.99359783145257141 4 37.500000000000007 0.0080707547752903383 83.500000000000014 5.5000000000000009 2.4850000000000008 30.500000000000004 17.050000000000004 5 37.500000000000007 6 1.0000000180025095e-35 992.95000000000016
decision_type=2 2 1 2 2 1 2 2 1 2 2 2 2 2 1 2 2 1 2 2 2 2 2 2 2 1 2 1 2 2
left_child=3 -2 7 5 20 10 24 13 9 12 11 16 21 26 -15 -16 19 -8 -19 -1 -4 -6 -23 -22 25 -5 -3 -9 -20 -17
right_child=1 2 4 6 8 -7 17 27 -10 -11 -12 -13 -14 14 15 29 -18 18 28 -21 23 22 -24 -25 -26 -27 -28 -29 -30 -31
leaf_value=-0.19000543961377453 1.5632640284434429 0.68515186560148744 0.022769634134595061 -0.07341207290310614 0.35489713887383179 -0.053158129624128685 -0.24495155426405546 -0.40079497864161595 0.135745705897059 -0.79038906075580906 -0.66983883476599249 -0.78008157407735768 1.7597406227301191 -0.088726032665768464 -0.46637949110964133 -1.1227646034619583 -0.035858488160888165 0.26407698290951515 -0.10620476421943525 -0.44029709650072452 -0.42537262232368622 -0.30003580123436441 -0.5887745592713679 -0.58488953730271409 0.0011119929102461675 0.43037953834481624 -0.12470509661657535 -0.98022705409743793 0.17078940827562392 0.011599049424348635
leaf_weight=5023 91701 21863 16138 15525 7383 28255 41919 593 58624 1416 3141 1604 84138 3795 929 1097 10225 30330 95876 1977 5801 1440 332 158 90117 55398 69582 686 17001 202
leaf_count=5023 91701 21863 16138 15525 7383 28255 41919 593 58624 1416 3141 1604 84138 3795 929 1097 10225 30330 95876 1977 5801 1440 332 158 90117 55398 69582 686 17001 202
internal_value=0.000627329 0.00189682 0.00107836 -0.000544446 0.00218877 -0.0033192 -0.00014185 -0.000894489 0.00276271 0.00382785 -0.00651017 -0.00506989 0.00404933 -0.00068157 -0.00705876 -0.0179598 -0.00385057 -0.00112574 -0.000503274 -0.00851021 -0.00179283 -0.00102556 -0.01089 -0.00698758 0.000989189 0.00223109 -0.000261466 -0.0171141 -0.00118126 -0.0273277
internal_weight=762269 365878 274177 396391 175430 50225 346166 98747 153333 94709 21970 18829 93293 97468 6023 2228 17225 185126 143207 7000 22097 9155 1772 5959 161040 70923 91445 1279 112877 1299
internal_count=762269 365878 274177 396391 175430 50225 346166 98747 153333 94709 21970 18829 93293 97468 6023 2228 17225 185126 143207 7000 22097 9155 1772 5959 161040 70923 91445 1279 112877 1299
cat_boundaries=0 3 6 7 10 12 14 17
cat_threshold=1656808130 526378008 1 4069670568 1111032646 1 24 574661248 186449920 1 1621207041 2114050 545431696 581696 536871424 101646336 1
is_linear=0
shrinkage=0.06


Tree=42
num_leaves=31
num_cat=0
split_feature=6 110 111 113 132 132 132 130 25 129 98 137 137 110 120 137 132 132 127 139 5 127 132 132 130 111 130 6 129 107
split_gain=303.937 152.308 119.384 106.567 94.62 249.821 133.75 122.032 103.487 87.0684 109.343 86.4391 180.609 115.04 115.603 72.8335 71.3922 70.5362 131.112 68.7779 85.5202 68.3378 110.658 120.996 124.457 70.0502 74.158 66.5169 68.9594 64.2822
threshold=328.96500000000009 20.450000000000003 44.500000000000007 271.50000000000006 -0.13291928626387098 -0.098749067963353782 -0.81860753270059983 -0.91597561503675329 0.95725974118589308 37.500000000000007 0.40907743338811486 0.01126364564421809 0.0057829484964584546 23.150000000000002 70.500000000000014 0.01126364564421809 0.61490419508004501 -0.13291928626387098 6.1930462972585465 63.500000000000007 0.95150000000000012 1.1346085087035709 0.025799818015934263 0.042991213741508195 0.37940952255126054 58.500000000000007 1.0000000180025095e-35 204.06500000000003 163.50000000000003 28.613550000000004
decision_type=10 2 2 2 2 2 2 2 10 2 2 2 2 2 2 2 2 2 2 2 10 2 2 2 2 2 2 10 2 2
left_child=1 3 -2 -1 6 7 15 -6 -9 10 -5 12 17 -14 -15 -4 19 -3 -19 -11 -21 22 -7 24 -24 26 -25 -18 29 -29
right_child=2 11 4 9 5 21 -8 8 -10 16 -12 -13 13 14 -16 -17 27 18 -20 20 -22 -23 23 25 -26 -27 -28 28 -30 -31
leaf_value=0.43540007210351195 -0.091504520406913342 -0.038669556937786079 -0.6093584406315059 -0.38559163720339179 -1.4754673310976203 1.4664019229970147 1.700408847746625 -0.37491370720454126 -1.0086839531305234 0.074812791482781749 0.048902993907922507 -0.02752425606752865 -0.15107049382920656 -0.60482759520356766 -0.027795357785794832 0.14268352651447933 0.0078245652240077276 -0.28258397282443243 -0.024180477466202256 -0.12332990873053518 -0.95761048865868892 0.62923717589819794 -0.35821768848012181 -0.5610848852557222 -1.3010209318960604 0.047828600952364013 0.48926784096263926 -0.1096845948236862 -0.35491795446831842 -0.75573017957935174
leaf_weight=75760 38322 52954 3161 9763 741 13617 135177 4472 979 167773 10191 88473 7225 6714 1971 26397 7832 8838 11087 3507 1482 59893 2194 852 1598 13519 463 268 6532 477
leaf_count=75760 38322 52954 3161 9763 741 13617 135177 4472 979 167773 10191 88473 7225 6714 1971 26397 7832 8838 11087 3507 1482 59893 2194 852 1598 13519 463 268 6532 477
internal_value=0.000642339 -0.000326567 0.00212389 0.000535817 0.00257967 0.00110677 0.00345881 -0.0105584 -0.00744938 -0.000166437 -0.00393465 -0.00170621 -0.00302879 -0.00882031 -0.0134734 -0.0001973 0.000233808 -0.00176435 -0.00480729 0.000579708 -0.00636192 0.00189084 -0.000336248 -0.0033416 -0.0129048 -0.000896259 -0.0141109 -0.00372111 -0.00785078 -0.025134
internal_weight=762232 460847 301385 283585 263063 98328 164735 6192 5451 207825 19954 177262 88789 15910 8685 29558 187871 72879 19925 172762 4989 92136 32243 18626 3792 14834 1315 15109 7277 745
internal_count=762232 460847 301385 283585 263063 98328 164735 6192 5451 207825 19954 177262 88789 15910 8685 29558 187871 72879 19925 172762 4989 92136 32243 18626 3792 14834 1315 15109 7277 745
is_linear=0
shrinkage=0.06


Tree=43
num_leaves=31
num_cat=6
split_feature=104 123 104 104 101 25 130 123 122 129 119 114 129 129 104 104 122 119 123 127 139 104 115 0 114 137 129 4 127 123
split_gain=293.889 191.508 147.547 140.049 108.887 100.026 99.9133 100.875 84.2107 75.2644 74.9987 74.9668 87.5782 142.027 89.8399 88.631 77.8822 122.947 137.58 119.592 76.2269 204.608 91.8739 87.945 130.291 69.1757 64.2907 61.7981 55.9095 55.0151
threshold=0 0.91052814484341871 1 2 0.6830127018922193 0.47240462517324672 -0.91597561503675329 0.28472528698716154 0.385638667498923 178.50000000000003 83.500000000000014 -1.4970379956922566 154.50000000000003 121.50000000000001 3 4 0.12226669061696131 100.50000000000001 0.61034526796818567 3.7408845531985349 51.500000000000007 5 -1.4929470552410062 77.312500000000014 1.3847229852640108 0.00010591839637328131 12.500000000000002 18.713211315610092 1.0000000180025095e-35 0.53862780848908887
decision_type=1 2 1 1 2 10 2 2 2 2 2 2 2 2 1 1 2 2 2 2 2 1 2 2 2 2 2 8 2 2
left_child=6 3 5 -2 28 27 10 8 -8 -9 -1 -6 13 14 -13 -15 -14 18 19 -18 22 23 -20 -22 -25 -4 29 -3 -5 -12
right_child=1 2 25 4 11 -7 7 9 -10 -11 26 12 16 15 -16 -17 17 -19 20 -21 21 -23 -24 24 -26 -27 -28 -29 -30 -31
leaf_value=0.19944210880790816 -0.42068973366763013 -0.47280237964489275 1.1608525730992363 -0.28746385438498423 0.69137393470777997 0.04431111496346609 0.039295214795110667 0.12514206969245847 -0.5028553744073746 1.4003654747636285 -0.1102716007146427 0.16136910825490489 -0.17134605106038558 -0.32262582424122638 -0.36088597229798564 -0.9183304530531472 -0.99214836547596807 0.36829452850023414 0.46485917568981355 0.14247809528157135 -0.098152678072528601 -0.058281692707551347 -0.10164614528996523 0.12829619012632407 -0.9714259343071362 0.09370458850119609 -0.22625160905389208 -0.33148501332043184 -0.10296552641218355 -0.63045531576986291
leaf_weight=17851 26985 2801 64626 6754 20904 22321 43666 40397 231 111489 328 14563 27794 2059 14981 1973 1956 70627 36927 1397 1013 10145 60563 448 1361 30364 9469 4772 111919 428
leaf_count=17851 26985 2801 64626 6754 20904 22321 43666 40397 231 111489 328 14563 27794 2059 14981 1973 1956 70627 36927 1397 1013 10145 60563 448 1361 30364 9469 4772 111919 428
internal_value=0.00061593 -0.000145146 0.00191331 -0.000768547 -0.000475865 -0.00176278 0.00244237 0.0029225 0.00038913 0.00365466 -0.000904797 0.000196864 -9.64897e-05 -0.0029438 -0.00150198 -0.0135056 0.000353981 0.000800172 -0.00042017 -0.0123918 -5.66548e-05 -0.00437832 0.000518202 -0.0186333 -0.0266221 0.00307007 -0.00500196 -0.00772141 -0.00198782 -0.0218283
internal_weight=761112 537253 124884 412369 385384 29894 223859 195783 43897 151886 28076 266711 245807 33576 29544 4032 212231 184437 113810 3353 110457 12967 97490 2822 1809 94990 10225 7573 118673 756
internal_count=761112 537253 124884 412369 385384 29894 223859 195783 43897 151886 28076 266711 245807 33576 29544 4032 212231 184437 113810 3353 110457 12967 97490 2822 1809 94990 10225 7573 118673 756
cat_boundaries=0 2 4 5 8 10 12
cat_threshold=2367165716 3221232033 547454976 844288 1619001344 268454082 500048922 1 38175363 218768458 16450 339739672
is_linear=0
shrinkage=0.06


Tree=44
num_leaves=31
num_cat=8
split_feature=19 110 104 104 104 109 130 129 133 132 127 111 109 115 104 104 104 110 111 129 134 104 126 104 110 98 112 110 124 132
split_gain=260.303 173.491 170.268 134.821 119.238 105.65 102.099 101.294 93.0024 81.9835 73.8115 66.8211 66.5607 65.485 77.4069 67.6318 64.6212 64.1824 63.2896 68.8117 77.4539 114.057 64.6001 76.417 59.4781 58.5203 58.5227 56.543 60.469 54.9233
threshold=191.91597222222222 17.050000000000004 0 1 2 37.500000000000007 -0.91597561503675329 61.500000000000007 0.99024581825578073 0.61490419508004501 0.49718561527731503 44.500000000000007 82.500000000000014 -2.898863277960396 3 4 5 7.7500000000000009 48.500000000000007 25.500000000000004 1.0000000180025095e-35 6 69.700000000000017 7 7.2500000000000009 -0.21756855694718769 3.9450000000000007 24.250000000000004 0.95833333333333337 0.025799818015934263
decision_type=10 2 1 1 1 2 2 2 2 2 2 2 2 2 1 1 1 2 2 2 2 1 2 1 2 2 2 2 2 2
left_child=1 2 7 6 -2 -4 -3 17 -9 13 -8 -6 -11 14 -7 -15 -14 -1 25 20 22 -22 23 -20 -10 -5 -27 28 -21 -13
right_child=4 3 5 18 11 9 10 8 24 12 -12 29 16 15 -16 -17 -18 -19 19 27 21 -23 -24 -25 -26 26 -28 -29 -30 -31
leaf_value=-1.3559329661925104 -0.089505711661297768 -0.47196961427385486 1.0777148138167716 -0.07575149053491545 0.015335176464985337 -0.54509055032805553 -0.40448423379783993 0.062532982436356646 -1.3911138057857708 0.0024030285421373751 -0.08467479114994525 1.8121617792529832 -0.52964390366399572 0.026521021674899305 0.01766941743277502 0.46031133215164816 -0.16702550989861945 -0.558069488620345 0.044171839294546877 0.15922002138186175 0.1636401277346872 -0.87945620951620629 -0.026718327011171456 -0.74354171197308672 -0.56082118449722906 -0.12793989883807177 -0.39877589770696387 -0.085166954089390914 -0.24434718867038543 0.12963869563942418
leaf_weight=951 35896 16084 57976 46221 20740 566 9644 43277 860 5185 57732 111720 1474 69114 767 69068 2385 6688 974 106561 724 852 23737 1164 10274 8533 1118 33251 192 19121
leaf_count=951 35896 16084 57976 46221 20740 566 9644 43277 860 5185 57732 111720 1474 69114 767 69068 2385 6688 974 106561 724 852 23737 1164 10274 8533 1118 33251 192 19121
internal_value=0.000639358 6.69501e-06 0.0011202 -0.000968154 0.00258101 0.00194819 -0.00302548 -0.00163581 -0.00072767 0.00110053 -0.00200044 0.00331723 -0.00443516 0.0014594 -0.0117706 0.00158711 -0.0104005 -0.0081055 -0.000199151 0.00038428 -0.00236245 -0.015272 -0.00157559 -0.0115624 -0.00561796 -0.00194777 -0.00619706 0.000922853 0.0015958 0.003819
internal_weight=762849 575372 268585 306787 187477 206535 83460 62050 54411 148559 67376 151581 9044 139515 1333 138182 3859 7639 223327 167455 27451 1576 25875 2138 11134 55872 9651 140004 106753 130841
internal_count=762849 575372 268585 306787 187477 206535 83460 62050 54411 148559 67376 151581 9044 139515 1333 138182 3859 7639 223327 167455 27451 1576 25875 2138 11134 55872 9651 140004 106753 130841
cat_boundaries=0 2 5 7 9 11 13 15 17
cat_threshold=578986008 536928320 1688283137 1110508034 1 1652613314 491709464 3495183456 3224633399 1409565283 315556892 285999524 457185581 2164805714 2572071960 168333462 960656648
is_linear=0
shrinkage=0.06


Tree=45
num_leaves=31
num_cat=8
split_feature=0 140 123 122 104 104 135 89 110 104 132 131 123 25 104 0 140 132 130 111 129 69 104 139 110 115 104 139 104 139
split_gain=243.844 150.058 124.503 131.614 114.151 108.203 80.9486 89.1701 71.7725 71.3611 66.4025 65.887 51.8045 50.9216 49.6501 49.2536 54.8819 46.1668 71.949 45.943 64.4228 45.5448 48.7968 45.3731 48.3746 44.3564 47.976 44.3386 84.6698 44.2646
threshold=159.01000000000002 7.5000000000000009 0.94532124365709502 0.72839698425199251 0 1 1.0000000180025095e-35 2 24.450000000000003 3 0.025799818015934263 0.37940952255126048 0.92198117898971532 0.38296369048215595 4 44.621250000000011 2.5000000000000004 0.042991213741508195 0.37940952255126054 71.500000000000014 10.500000000000002 8.3500000000000032 5 39.500000000000007 27.350000000000005 1.2750493012478665 6 60.500000000000007 7 46.500000000000007
decision_type=2 2 2 2 1 1 2 1 2 1 2 2 2 8 1 2 2 2 2 2 2 2 1 2 2 2 1 2 1 2
left_child=2 -2 3 5 8 13 7 11 10 -4 -3 15 27 -1 -8 16 -7 18 -12 20 -19 -9 23 -23 -25 26 -5 29 -29 -6
right_child=1 4 9 25 12 6 14 21 -10 -11 17 -13 -14 -15 -16 -17 -18 19 -20 -21 -22 22 -24 24 -26 -27 -28 28 -30 -31
leaf_value=-0.47516635042238536 2.1984647923325618 1.231172307111563 -0.13143267603674919 -0.012114982555563772 -0.17187430203174286 -0.33553638000344227 -0.052104091058223702 -0.0053659417834334075 -0.2121700119519673 0.80101405318476393 0.09350054833089394 0.25247717773525813 0.92078475351205347 -0.18083264879668073 0.30977321551415032 0.0095696109722923188 -0.070499745928120264 -0.60552993440152347 -1.0344298658735653 0.44209323553615049 -0.094852645087805165 -0.15973985437251972 -0.074483633292698151 -0.36306917843056136 -0.63857088602365131 -1.5067758120598582 -0.86738590283350414 -0.90634195456491851 -0.2655975659994399 0.69640096691783338
leaf_weight=10295 67316 81438 7878 438 50120 3263 18914 58909 10780 37103 843 56395 15716 21728 37502 107431 10891 315 642 18171 9634 47156 67554 7036 316 135 677 1329 2952 9759
leaf_count=10295 67316 81438 7878 438 50120 3263 18914 58909 10780 37103 843 56395 15716 21728 37502 107431 10891 315 642 18171 9634 47156 67554 7036 316 135 677 1329 2952 9759
internal_value=0.000623935 0.00207724 -0.000168092 -0.000469819 0.00125857 -0.000415475 -0.000156334 -0.000488405 0.00241425 0.00284127 0.00286821 0.000465192 -0.000504262 -0.00377543 0.00195643 -0.000321007 -0.0036479 0.000434709 -0.00987214 0.000979339 -0.00229809 -0.00142619 -0.00208751 -0.00342288 -0.00780743 -0.0199041 -0.0159409 -0.00126058 -0.0071588 -0.000838777
internal_weight=762636 269015 493621 448640 201699 447390 415367 358951 121823 44981 111043 177980 79876 32023 56416 121585 14154 29605 1485 28120 9949 180971 122062 54508 7352 1250 1115 64160 4281 59879
internal_count=762636 269015 493621 448640 201699 447390 415367 358951 121823 44981 111043 177980 79876 32023 56416 121585 14154 29605 1485 28120 9949 180971 122062 54508 7352 1250 1115 64160 4281 59879
cat_boundaries=0 2 3 4 6 8 11 13 15
cat_threshold=2635865405 3768588771 1619003392 56 547454976 57856 304325176 34292356 100687979 1383957530 1 1958781114 273286248 1082146882 340182040
is_linear=0
shrinkage=0.06


Tree=46
num_leaves=31
num_cat=6
split_feature=110 104 104 132 132 130 114 114 104 113 111 120 124 132 111 130 109 130 57 104 111 104 132 104 102 137 132 113 67 127
split_gain=234.146 222.419 134.063 119.356 125.267 147.716 114.525 112.287 116.194 89.6384 122.916 111.349 101.264 95.1138 88.073 87.8725 121.957 79.0052 69.7519 66.8524 66.8088 110.11 61.2964 77.7342 61.5159 63.6504 61.6704 59.156 69.6324 58.4963
threshold=17.050000000000004 0 1 0.025799818015934263 0.042991213741508195 0.12940952255126045 1.1025412482507799 1.1435674044193884 2 300.50000000000006 75.500000000000014 87.500000000000014 0.37833333333333335 0.61490419508004501 57.500000000000007 0.25881904510252091 172.50000000000003 -0.37940952255126059 165.96500484161461 3 81.500000000000014 4 0.57340843044527534 5 59.500000000000007 0.0041436636651481012 -0.8378775142878907 317.50000000000006 157.50000000000003 16.492726634944734
decision_type=2 1 1 2 2 2 2 2 1 2 2 2 2 2 2 2 2 2 10 1 2 1 2 1 2 2 2 2 2 2
left_child=1 7 -2 -3 5 -5 -6 8 -1 -8 11 14 13 -12 15 16 -11 22 -9 -7 -19 -22 24 -24 25 -4 29 28 -15 -27
right_child=2 3 17 4 6 19 9 18 -10 10 12 -13 -14 27 -16 -17 -18 20 -20 -21 21 -23 23 -25 -26 26 -28 -29 -30 -31
leaf_value=-0.38718647611214391 0.062855899522287262 2.1041153413188933 -0.060811253947206191 0.15393109086336093 1.2365653988666894 -0.87147393123109251 0.28052563181103718 -0.44411843215345437 0.66911793664661012 0.10455299841154016 0.51970451857744349 -0.57405154906053957 -0.72466563068868284 -0.70833154056574243 0.055534940070347101 0.74103934938320926 -0.63271193319394736 0.078723198949768702 -0.059776932825292811 -0.98450852383341669 -0.45781530801077591 -0.030512518598679896 -0.49448388990062336 -0.086990772961686127 -0.56448198123901583 -0.22168018146330593 -0.51251318130768575 0.15291384056159638 -0.49770189478125348 0.28203102289255905
leaf_weight=11505 175997 107575 64287 1194 43249 571 27084 14923 52659 507 16103 2357 3248 557 4449 545 930 68706 80792 670 7802 22081 3542 5027 5663 28553 3486 1595 1333 5281
leaf_count=11505 175997 107575 64287 1194 43249 571 27084 14923 52659 507 16103 2357 3248 557 4449 545 930 68706 80792 670 7802 22081 3542 5027 5663 28553 3486 1595 1333 5281
internal_value=0.00060617 0.00168369 -0.000420079 0.00295805 0.00151286 -0.0119335 0.00183411 -6.04143e-06 0.00193601 0.000108127 -0.00206153 -0.00809102 0.000259054 0.00188616 -0.00400093 -0.0145174 -0.0222935 -0.00142731 -0.00130793 -0.0264203 -0.000178983 -0.00254725 -0.00248987 -0.00737293 -0.00209973 -0.00176047 -0.00373141 -0.00709983 -0.0142782 -0.00294831
internal_weight=762271 371846 390425 211967 104392 2435 101957 159879 64164 58708 31624 8788 22836 19588 6431 1982 1437 214428 95715 1241 98589 29883 115839 8569 107270 101607 37320 3485 1890 33834
internal_count=762271 371846 390425 211967 104392 2435 101957 159879 64164 58708 31624 8788 22836 19588 6431 1982 1437 214428 95715 1241 98589 29883 115839 8569 107270 101607 37320 3485 1890 33834
cat_boundaries=0 2 4 6 8 11 13
cat_threshold=1652744794 282059868 2568901980 2692790769 536903680 57344 2567443584 253759619 539043840 590340 1 1119887360 1534329856
is_linear=0
shrinkage=0.06


Tree=47
num_leaves=31
num_cat=6
split_feature=123 104 104 133 119 130 130 111 104 120 134 133 111 110 121 113 128 126 104 104 139 115 129 132 131 115 140 128 104 110
split_gain=219.896 182.371 178.295 125.889 134.178 89.0694 89.071 82.2416 79.3516 79.2706 93.4646 66.8701 93.742 65.2251 63.3775 62.0689 61.509 79.5117 68.9815 60.5762 60.0238 59.0089 57.8111 63.9992 57.2723 86.1958 73.3832 61.0931 55.3638 99.5973
threshold=0.88804712484655568 0 1 0.74298546529340237 83.500000000000014 0.91597561503675362 -0.37940952255126059 66.500000000000014 2 6.5000000000000009 1.0000000180025095e-35 0.99024581825578073 92.500000000000014 20.250000000000004 985.55000000000007 103.50000000000001 0.00024856191100669506 2073.3250000000003 3 4 60.500000000000007 1.8859116222410479 60.500000000000007 0.60124882823926262 0.91597561503675351 0.80422572730527941 2.5000000000000004 0.0031862363564564293 5 7.2500000000000009
decision_type=2 1 1 2 2 2 2 2 1 2 2 2 2 2 2 2 2 2 1 1 2 2 2 2 2 2 2 2 1 2
left_child=1 14 -2 4 9 6 7 8 20 -4 15 22 -13 -9 -1 -11 17 18 -8 -6 -3 -10 -7 -24 25 27 -27 -17 -14 -30
right_child=2 5 3 -5 19 11 16 13 21 10 -12 12 28 -15 -16 24 -18 -19 -20 -21 -22 -23 23 -25 -26 26 -28 -29 29 -31
leaf_value=-0.10762222525218797 -0.098658237051360106 -0.24868713930465902 0.43242563488225605 1.3308434899146606 -0.59667488440917027 -0.40072529466300633 -0.63875244532690489 0.37535379154129506 -0.068581611402100853 0.10398147763551421 0.69547323875841049 -1.3513879988765842 0.18136752673737794 -0.17068509736416526 0.20868188595358561 -0.71855752586239618 0.074479445340706218 -0.70555167871338109 0.065821707040068456 -0.20380861039777096 -0.73127680687960406 -0.67387527422815441 -0.0424074392032944 -0.54322818767926728 -0.05418986116597934 -0.11848658647953868 -1.4249092944237485 0.76870466392172088 -1.260631052471868 -0.43989389312402011
leaf_weight=19906 52451 32940 48935 118067 1034 5613 8140 20291 72634 5829 5728 1099 1819 10745 148151 4216 153517 1517 16074 1613 1765 1380 20088 1721 3081 226 470 1278 559 1237
leaf_count=19906 52451 32940 48935 118067 1034 5613 8140 20291 72634 5829 5728 1099 1819 10745 148151 4216 153517 1517 16074 1613 1765 1380 20088 1721 3081 226 470 1278 559 1237
internal_value=0.000618513 -7.86289e-05 0.00210847 0.00296135 0.000991838 -0.000856574 -0.000553291 -0.00168873 -0.00246639 0.00149501 -0.00160507 -0.00386732 -0.0104679 0.00103541 0.00154677 -0.00408052 0.000331985 -0.00238279 -0.00154764 -0.0122651 -0.00483322 -0.0013557 -0.0027323 -0.00133453 -0.0071305 -0.0104571 -0.0303357 -0.00793376 -0.00579923 -0.0132286
internal_weight=762124 519196 242928 190477 72410 351139 319003 139755 108719 69763 20828 32136 4714 31036 168057 15100 179248 25731 24214 2647 34705 74014 27422 21809 9271 6190 696 5494 3615 1796
internal_count=762124 519196 242928 190477 72410 351139 319003 139755 108719 69763 20828 32136 4714 31036 168057 15100 179248 25731 24214 2647 34705 74014 27422 21809 9271 6190 696 5494 3615 1796
cat_boundaries=0 2 4 6 9 12 14
cat_threshold=2302219540 2147498913 581140480 909824 1690314755 307232770 536881704 45301824 1 2369784067 274727211 1 1614856386 491160670
is_linear=0
shrinkage=0.06


Tree=48
num_leaves=31
num_cat=0
split_feature=19 111 129 133 114 99 132 139 111 139 133 132 115 99 114 131 123 139 25 140 112 121 132 114 127 124 127 122 115 124
split_gain=208.215 130.911 141.333 104.378 124.432 103.159 81.1506 78.0803 90.6051 150.117 78.4492 122.78 75.4819 71.8387 70.0832 66.157 110.51 72.5713 109.439 83.9152 64.9381 106.893 97.3414 84.1374 65.8117 64.6568 77.9282 63.6824 62.0893 106.232
threshold=191.91597222222222 52.500000000000007 31.500000000000004 0.74298546529340237 1.0430709343817244 0.7487283477006671 -0.38142733947913604 46.500000000000007 51.500000000000007 45.500000000000007 0.99138911339924218 -0.11585131824808122 -0.85481887137269374 0.99958851518450398 2.1038233142931611 -0.37940952255126015 0.64970915577886978 60.500000000000007 0.94847200471257598 15.000000000000002 1.885 994.25000000000011 0.61490419508004501 1.9956580870215597 1.3231830843984487 0.29166666666666669 1.5369951120216292 0.63829563182084248 1.2750493012478665 0.56500000000000006
decision_type=10 2 2 2 2 2 2 2 2 2 2 2 2 2 2 2 2 2 10 2 2 2 2 2 2 2 2 2 2 2
left_child=1 6 27 5 -5 28 -1 8 9 10 -2 -12 -8 15 -11 -6 25 20 -19 -20 21 -18 -22 -24 -23 26 -17 -3 -4 -30
right_child=7 2 3 4 13 -7 12 -9 -10 14 11 -13 -14 -15 -16 16 17 18 19 -21 22 24 23 -25 -26 -27 -28 -29 29 -31
leaf_value=-0.049550205457560857 0.041578695292963021 -0.10308123989295437 0.026990829049742444 0.7014569804891797 0.2871536257250864 -0.53858608451063961 -0.24681998103992442 1.5152392940262072 0.48852843585568906 -0.34107638978352112 -0.76024358014161819 -0.19728035981516334 0.0087152701718679216 -0.80304854845191498 -0.55157769660010136 -0.66504512459372678 0.021347445798819462 -0.1060711151058544 -0.061941409757618852 -0.89495029641347879 0.21918817685518263 -0.30468693288032139 -0.10425930715378078 -0.58739249086228962 -1.0338736492088283 0.022786121879617809 -0.4058835334232061 -0.48634992821480277 -0.32159546782352477 -1.4091229224761557
leaf_weight=74251 16700 57385 126855 104625 48225 4909 24618 60144 107606 585 673 1336 10298 2576 698 685 11895 3788 712 1104 72740 2164 3402 1339 1978 2046 2970 5439 11030 175
leaf_count=74251 16700 57385 126855 104625 48225 4909 24618 60144 107606 585 673 1336 10298 2576 698 685 11895 3788 712 1104 72740 2164 3402 1339 1978 2046 2970 5439 11030 175
internal_value=0.000618212 5.1936e-05 0.000490024 0.000902458 0.00161796 -0.000399986 -0.00181828 0.00235317 0.00151308 -0.00219617 -0.000834099 -0.0120328 -0.0042038 0.000542227 -0.0220421 0.000709498 -0.000136629 0.00033062 -0.0063008 -0.0184062 0.000728066 -0.0027471 0.00144738 -0.00688191 -0.0110471 -0.00825921 -0.0130388 -0.00215704 -9.60443e-05 -0.00437712
internal_weight=762951 575209 466042 403218 260249 142969 109167 187742 127598 19992 18709 2009 34916 155624 1283 153048 104823 99122 5604 1816 93518 16037 77481 4741 4142 5701 3655 62824 138060 11205
internal_count=762951 575209 466042 403218 260249 142969 109167 187742 127598 19992 18709 2009 34916 155624 1283 153048 104823 99122 5604 1816 93518 16037 77481 4741 4142 5701 3655 62824 138060 11205
is_linear=0
shrinkage=0.06


Tree=49
num_leaves=31
num_cat=9
split_feature=104 130 126 129 104 104 91 137 137 104 114 132 124 132 132 110 104 133 99 104 131 44 104 133 132 104 131 111 110 134
split_gain=201.537 114.62 105.042 121.561 111.225 87.8909 83.8357 74.103 130.928 121.805 84.9354 66.3911 66.0972 100.988 92.1804 80.6329 108.924 65.9516 78.6999 176.101 106.792 89.6481 77.751 75.5623 249.932 145.107 113.535 68.1655 64.7121 69.0561
threshold=0 -0.91597561503675329 63.725000000000001 25.500000000000004 1 2 3 0.0057829484964584546 0.01126364564421809 4 1.3463698478002637 -0.86491625635379854 0.37833333333333335 0.025799818015934263 0.042991213741508195 11.250000000000002 5 0.70747208174348741 0.84199059757024453 6 -0.37940952255126015 0.0033085541345448713 7 0.99024581825578073 -0.098749067963353782 8 0.60355339059327384 69.500000000000014 20.550000000000004 1.0000000180025095e-35
decision_type=1 2 2 2 1 1 1 2 2 1 2 2 2 2 2 2 1 2 2 1 2 2 1 2 2 1 2 2 2 2
left_child=1 -1 3 -2 -5 -4 -3 10 9 -9 12 -10 -7 -14 -15 16 -16 -12 19 20 -19 -22 -23 27 25 -25 -27 -20 -17 -30
right_child=2 6 5 4 -6 7 -8 8 11 -11 17 -13 13 14 15 28 -18 18 23 -21 21 22 -24 24 -26 26 -28 -29 29 -31
leaf_value=-0.11498805280114018 -0.78057580602520571 1.4845686456283333 -0.34941733202854491 -0.07759701490350078 0.71013595766830062 0.3845833428915163 0.1489236443668939 -0.025646408901490149 -0.090945114425120072 -0.4948492327469336 0.17272740757548491 0.70720777936716561 0.26416830696400995 -1.4028390475109178 0.21446593172501807 0.18347205150944645 -1.3946113977960231 -0.078674403204077092 -0.069570302310029558 -0.0071627402860192637 -0.38783732275583949 -0.92238283261476595 -0.83907770874525478 -0.33760259640228923 -0.0036636154289200816 -1.0779062575890519 -0.38370951739677206 0.28513714110134214 -0.16366004136254272 -0.56484471259642799
leaf_weight=27963 3655 87993 28158 33043 70006 67245 107969 5411 59188 7271 40266 9586 27950 294 1733 11532 2640 7471 54330 26197 7471 1200 1722 2500 20638 2381 815 41659 2970 917
leaf_count=27963 3655 87993 28158 33043 70006 67245 107969 5411 59188 7271 40266 9586 27950 294 1733 11532 2640 7471 54330 26197 7471 1200 1722 2500 20638 2381 815 41659 2970 917
internal_value=0.000611702 0.00212431 -1.76232e-05 0.001668 0.00204943 -0.000434415 0.00263719 -0.000208127 -0.00182482 -0.00742632 0.000200931 -0.000791799 0.00150575 -0.0001941 -0.00343924 -0.00294286 -0.0101331 -0.000526975 -0.00105428 -0.0032285 -0.00781964 -0.011757 -0.0206664 -0.000271099 -0.00311813 -0.0142433 -0.0226829 0.000509991 -0.000903113 -0.00759722
internal_weight=762174 223925 538249 106704 103049 431545 195962 403387 81456 12682 321931 68774 115281 48036 20086 19792 4373 206650 166384 44061 17864 10393 2922 122323 26334 5696 3196 95989 15419 3887
internal_count=762174 223925 538249 106704 103049 431545 195962 403387 81456 12682 321931 68774 115281 48036 20086 19792 4373 206650 166384 44061 17864 10393 2922 122323 26334 5696 3196 95989 15419 3887
cat_boundaries=0 2 4 5 6 8 10 12 14 17
cat_threshold=2300056852 3221232035 581011456 1040896 1619001344 24 4620291 499672136 4243650 493257752 4341954 491553816 4325504 151289856 335579265 799498240 1
is_linear=0
shrinkage=0.06


Tree=50
num_leaves=31
num_cat=1
split_feature=61 140 89 111 130 128 111 109 109 135 122 109 131 109 122 110 99 132 132 132 115 120 131 115 123 128 131 109 136 110
split_gain=191.215 151.655 102.488 102.2 79.1133 102.339 65.3815 70.086 64.0387 59.6623 54.2678 52.0539 62.3502 51.3914 122.641 51.95 80.4569 55.7995 53.7327 211.821 67.2367 118.541 48.3015 46.237 43.9097 99.9345 43.2071 50.2615 49.1185 42.0797
threshold=5.0752363113279033 4.5000000000000009 0 62.500000000000007 -0.91597561503675329 0.0064864101872926802 51.500000000000007 172.50000000000003 22.500000000000004 1.0000000180025095e-35 0.72839698425199251 37.500000000000007 0.25881904510252057 512.50000000000011 0.385638667498923 19.850000000000005 0.99024581825578073 0.40907743338811486 -0.76624641395159687 -0.77718486915728335 -0.44377614286536882 1.0000000180025095e-35 0.91597561503675351 2.0018158224955824 0.58788115498927562 0.00022617098771215985 -0.9159756150367534 502.50000000000006 1.0000000180025095e-35 15.850000000000003
decision_type=2 2 1 2 2 2 2 2 2 2 2 2 2 2 2 2 2 2 2 2 2 2 2 2 2 2 2 2 2 2
left_child=2 -2 -1 4 5 6 -3 23 -4 10 22 -5 -13 -6 15 16 17 -15 19 20 -17 -22 26 -8 25 -14 27 -10 -28 -9
right_child=1 3 8 11 13 -7 7 29 9 -11 -12 12 24 14 -16 18 -18 -19 -20 -21 21 -23 -24 -25 -26 -27 28 -29 -30 -31
leaf_value=0.096359545564706134 2.6384022197421446 -0.77912479141691249 0.25004872413942486 1.5320880061226441 0.67026224801038237 0.12654830340528406 -0.16786900161664264 -0.5507516435207549 0.34330150624809569 0.090922460491748694 -0.75587439519664013 0.71641027309484706 -1.1421734812041391 -0.46328578663708875 -0.46094662065242054 0.44193634960979 0.024830051500016992 0.42059262353664384 0.18370666424153115 -0.58027373271396243 -0.61496018888879789 -0.24053495547729442 0.090548895063528811 -0.95977150944157019 0.061605002305373371 -0.23910127706444712 -0.16109555846888682 -0.080955061962275893 0.0080218392992189129 -0.53766376375004665
leaf_weight=160170 50664 3705 28724 46185 20202 9076 6169 300 16456 46210 901 40137 526 1521 259 5161 2638 418 25785 568 386 1615 32746 127 50554 2181 144875 31068 32625 804
leaf_count=160170 50664 3705 28724 46185 20202 9076 6169 300 16456 46210 901 40137 526 1521 259 5161 2638 418 25785 568 386 1615 32746 127 50554 2181 144875 31068 32625 804
internal_value=0.000577033 0.00186416 -0.000124125 0.00117783 -0.000550657 -0.00379021 -0.00765262 -0.004394 -0.000723077 -0.00097826 -0.00133302 0.00215281 0.001338 0.000565939 -0.000724186 -0.000443861 -0.00643906 -0.0157144 0.000375045 -0.00401242 -0.0012129 -0.0105465 -0.0012816 -0.00194759 -7.77267e-06 -0.00745126 -0.00159492 1.18677e-05 -0.00202512 -0.0183312
internal_weight=762756 268981 493775 218317 78734 20181 11105 7400 333605 304881 258671 139583 93398 58553 38351 38092 4577 1939 33515 7730 7162 2001 257770 6296 53261 2707 225024 47524 177500 1104
internal_count=762756 268981 493775 218317 78734 20181 11105 7400 333605 304881 258671 139583 93398 58553 38351 38092 4577 1939 33515 7730 7162 2001 257770 6296 53261 2707 225024 47524 177500 1104
cat_boundaries=0 1
cat_threshold=48
is_linear=0
shrinkage=0.06


Tree=51
num_leaves=31
num_cat=9
split_feature=104 109 104 110 135 133 133 132 104 132 130 104 114 132 127 104 58 104 133 134 132 114 111 132 133 132 104 104 130 104
split_gain=177.31 125.926 125.593 93.8256 86.3899 79.6937 115.311 254.884 121.473 90.8641 108.788 185.993 109.28 79.6376 77.5744 91.6287 74.3494 74.2647 73.1535 71.5078 67.3646 94.1043 94.4936 64.85 63.9067 85.0846 87.0032 63.362 74.6386 93.467
threshold=0 32.500000000000007 1 18.650000000000002 1.0000000180025095e-35 0.94066717844141279 0.99024581825578073 -0.098749067963353782 2 0.025799818015934263 0.37940952255126054 3 1.4419071038483893 0.077330756371236084 12.474900563030047 4 4149.4550000000008 5 0.74298546529340237 1.0000000180025095e-35 0.025799818015934263 0.99850110263328529 51.500000000000007 0.042991213741508195 0.99024581825578073 -0.098749067963353782 6 7 -0.91597561503675329 8
decision_type=1 2 1 2 2 2 2 2 1 2 2 1 2 2 2 1 2 1 2 2 2 2 2 2 2 2 1 1 2 1
left_child=3 2 -2 20 5 14 -7 8 -8 -9 13 -12 19 -11 16 -16 27 -18 -4 -13 -1 23 -23 -22 -6 26 -26 -3 29 -29
right_child=1 4 18 -5 24 6 7 9 -10 10 11 12 -14 -15 15 -17 17 -19 -20 -21 21 22 -24 -25 25 -27 -28 28 -30 -31
leaf_value=2.271103532471622 -0.17036620673385255 -0.026989539862162217 0.075189877209430503 0.047911997566732867 0.23961998160205844 0.21745739259815736 -0.44829703345053162 0.58952998660910372 -1.0922889190227774 -0.35393627301867808 0.31132904477681511 -1.4655518418219591 -0.62990982870907986 0.50353781876959935 -0.17780968518517123 0.21856173442019011 -0.78760450266400539 -0.15754583950871173 1.4310955562339627 -0.12713060922947764 -0.97875663032003823 -0.35517913368302295 0.0081738569202048205 1.5153419499482692 -1.6901606896259787 -0.12519177976634524 -0.35979971012713663 -0.72673321482869047 -0.13208156280497368 -0.17750536081724877
leaf_weight=62592 24227 66759 27633 93335 60761 66303 2935 15802 2946 6313 2528 1457 2300 9764 28969 56268 3735 4101 51243 281 285 924 32325 22903 454 7310 659 5813 90397 11198
leaf_count=62592 24227 66759 27633 93335 60761 66303 2935 15802 2946 6313 2528 1457 2300 9764 28969 56268 3735 4101 51243 281 285 924 32325 22903 454 7310 659 5813 90397 11198
internal_value=0.000564496 -3.96948e-06 0.00188623 0.00203708 -0.000439906 -0.000796798 0.00055748 -0.00181163 -0.0134434 -3.19927e-05 -0.00246873 -0.00897579 -0.0169405 0.000189203 -0.00135743 0.000136348 -0.002057 -0.00777389 0.00304659 -0.0283335 0.00315394 0.0016507 -0.000395368 0.00458442 0.00150934 -0.00338818 -0.0188348 -0.00179974 -0.00270187 -0.00634811
internal_weight=762520 550156 103103 212364 447053 377869 110629 44326 5881 38445 22643 6566 4038 16077 267240 85237 182003 7836 78876 1738 119029 56437 33249 23188 69184 8423 1113 174167 107408 17011
internal_count=762520 550156 103103 212364 447053 377869 110629 44326 5881 38445 22643 6566 4038 16077 267240 85237 182003 7836 78876 1738 119029 56437 33249 23188 69184 8423 1113 174167 107408 17011
cat_boundaries=0 2 4 7 9 11 14 16 18 21
cat_threshold=2300056852 3221232033 547454976 385536 340035745 800546818 1 1610662082 490775580 1610662082 348914712 1344350408 599212560 1 1893950056 9470480 271041120 143467024 79702017 1048582 1
is_linear=0
shrinkage=0.06


Tree=52
num_leaves=31
num_cat=9
split_feature=110 104 114 132 104 115 132 104 104 98 104 122 119 25 132 104 132 111 139 127 113 139 110 47 104 122 104 127 115 104
split_gain=171.502 206.89 115.541 87.4878 85.4815 77.0052 79.7961 77.7387 77.6922 73.2101 102.94 67.5486 67.0564 62.93 58.2654 79.1355 51.4021 49.9094 83.9716 52.2588 64.6628 79.645 52.8595 52.0721 49.1081 48.466 51.0582 47.2944 54.5498 49.2443
threshold=17.050000000000004 0 1.1641377625028664 -0.8283650867723894 1 -2.898863277960396 0.61490419508004501 2 3 0.61490419508004501 4 0.11380464663798617 218.50000000000003 0.54689927750155387 -0.13291928626387098 5 -0.13291928626387098 46.500000000000007 41.500000000000007 2.409225394845 79.500000000000014 30.500000000000004 22.050000000000004 1016.3395833333334 6 0.05952177246924658 7 0.64737851753876108 -2.1456469844133648 8
decision_type=2 1 2 2 1 2 2 1 1 2 1 2 2 10 2 1 2 2 2 2 2 2 2 10 1 2 1 2 2 1
left_child=1 13 3 24 12 7 8 -4 -7 10 -8 -10 -2 14 15 -1 -13 19 23 20 21 -6 25 -19 -3 26 -21 28 -5 -30
right_child=4 2 5 27 17 6 9 -9 11 -11 -12 16 -14 -15 -16 -17 -18 18 -20 22 -22 -23 -24 -25 -26 -27 -28 -29 29 -31
leaf_value=0.47287466957736912 -0.25108533448406956 0.041975413013298685 0.062498378653064943 -0.500810061082265 0.57962782872882801 0.035886955702063128 -0.74144222461021125 -0.50339924175778006 -0.37113840512873558 -0.094140354954023231 -0.28370865496175118 2.2269707638935978 -0.014670945464811366 0.039718758004489332 -0.52753517654577431 -0.4796057545063267 0.17681698626179138 0.055875813989441227 0.87828352237291907 -0.090411849569271618 -0.17761982304411944 -0.41644239375405889 0.026936380569838894 -0.13882121729369162 -0.99939593330409682 -0.1652516727131132 -0.44422884818632824 1.5026824211556573 -0.75661516468522805 1.2182600195439184
leaf_weight=10456 55102 423 444 1186 320 66147 496 515 270 8427 1304 39624 52782 72801 17002 8068 38690 167388 22035 662 5553 757 47626 25010 544 13192 550 82287 4355 18543
leaf_count=10456 55102 423 444 1186 320 66147 496 515 270 8427 1304 39624 52782 72801 17002 8068 38690 167388 22035 662 5553 757 47626 25010 544 13192 550 82287 4355 18543
internal_value=0.000583894 0.00150688 0.00241501 0.00393005 -0.00029331 0.00137214 0.00147709 -0.0155687 0.00183903 -0.0036447 -0.0146252 0.00311424 -0.00173035 -0.000700197 -0.0027704 -0.000442429 0.00321808 0.000254387 0.000705196 -0.00115349 -0.00621626 -0.0196642 -0.000612274 0.00030337 -0.0140269 -0.00379701 -0.0152745 0.00409343 0.00175479 0.00240482
internal_weight=762559 371582 263255 107338 390977 155917 154958 959 144731 10227 1800 78584 107884 108327 35526 18524 78314 283093 214433 68660 6630 1077 62030 192398 967 14404 1212 106371 24084 22898
internal_count=762559 371582 263255 107338 390977 155917 154958 959 144731 10227 1800 78584 107884 108327 35526 18524 78314 283093 214433 68660 6630 1077 62030 192398 967 14404 1212 106371 24084 22898
cat_boundaries=0 2 5 8 10 12 14 17 19 21
cat_threshold=1652727832 273604676 1625368577 37306882 1 203489447 260050824 1 275071715 2759919128 84410628 33560867 42082328 294980 272910530 126944282 1 303449800 1975918992 545 194052096
is_linear=0
shrinkage=0.06


Tree=53
num_leaves=31
num_cat=6
split_feature=19 109 127 59 122 111 104 104 104 104 130 133 104 133 104 129 133 115 132 132 28 132 98 127 98 130 130 119 119 115
split_gain=168.126 134.686 116.847 123.71 99.9095 100.074 110.62 100.037 93.8077 89.9236 79.4263 70.0446 68.3694 66.3922 63.2274 61.5564 109.942 60.4112 59.9455 67.0341 58.1041 57.9309 69.9494 64.7242 57.5721 57.3796 56.0518 55.5068 57.8856 53.1581
threshold=242.65972222222223 22.500000000000004 9.4296058358007553 3278.8600000000001 0.72839698425199251 66.500000000000014 0 1 2 3 0.91597561503675362 0.85561368268953431 4 0.99024581825578073 5 88.500000000000014 0.99024581825578073 1.2750493012478665 0.025799818015934263 -0.098749067963353782 229.23645833333339 0.025799818015934263 0.025799818015934263 1.2623093044020852 -0.13291928626387098 -1.0000000180025095e-35 0.37940952255126054 121.50000000000001 97.500000000000014 -0.90306589761982814
decision_type=10 2 2 10 2 2 1 1 1 1 2 2 1 2 1 2 2 2 2 2 10 2 2 2 2 2 2 2 2 2
left_child=1 12 3 4 5 7 15 -3 -4 -5 25 27 -1 -13 21 26 -17 -6 19 -18 -20 -15 -23 -24 -16 -9 -7 28 -8 -25
right_child=-2 2 8 9 17 6 11 10 -10 -11 -12 13 -14 14 24 16 18 -19 20 -21 -22 22 23 29 -26 -27 -28 -29 -30 -31
leaf_value=-0.076597943830873025 0.92125298758597574 0.016148367075795849 -0.064191027396777775 -0.92616059341153489 -0.69375927483238475 -0.11474341260687942 -0.061139031681136873 -0.2244037696543999 0.29064682178806056 -0.20130370781961851 -0.71796134483797325 0.42584586324687129 0.81401422912111487 0.23345056745303727 -0.51253484496231594 0.16900933188048731 -1.1907659180720682 -1.5339476985018428 -0.76710863576033717 0.51964391331581317 -1.6903014963085854 -1.1970000661731901 -0.17724896194940445 -1.1066902496618396 0.27949556380812135 -0.040275568899432589 -0.53600245179034989 0.14463357287648546 -0.54891580684169416 0.94127948820261065
leaf_weight=13513 91059 69185 56158 3927 1116 8717 64290 63073 122363 7874 404 75674 51440 4428 909 27517 913 181 3162 3703 1148 901 4457 858 17498 32010 8553 24307 2187 324
leaf_count=13513 91059 69185 56158 3927 1116 8717 64290 63073 122363 7874 404 75674 51440 4428 909 27517 913 181 3162 3703 1148 901 4457 858 17498 32010 8553 24307 2187 324
internal_value=0.000568923 0.000240522 -3.78614e-05 -0.000576443 -0.000404389 -0.000352306 0.000405279 -0.00150035 0.00125131 -0.00663396 -0.00275899 0.00106686 0.00283705 0.00212179 -0.000299224 -0.00200659 -0.00060866 -0.0170247 -0.00639453 -0.00164262 -0.0114823 -0.00390309 -0.00749427 -0.0050117 0.00184939 -0.00264631 -0.00495744 -0.000153726 -0.00105084 -0.0174877
internal_weight=761849 670790 605837 427316 415515 414218 249546 164672 178521 11801 95487 195833 64953 105049 29375 53713 36443 1297 8926 4616 4310 10968 6540 5639 18407 95083 17270 90784 66477 1182
internal_count=761849 670790 605837 427316 415515 414218 249546 164672 178521 11801 95487 195833 64953 105049 29375 53713 36443 1297 8926 4616 4310 10968 6540 5639 18407 95083 17270 90784 66477 1182
cat_boundaries=0 2 5 7 10 12 15
cat_threshold=578953736 34193472 2587563084 2357836416 1 1619050690 374121488 1378958336 3266642688 1 547454984 385536 342163761 3767534115 1
is_linear=0
shrinkage=0.06


Tree=54
num_leaves=31
num_cat=9
split_feature=109 104 104 132 135 133 133 132 104 130 104 113 121 119 127 104 132 104 134 91 129 133 104 109 126 110 104 25 110 110
split_gain=158.256 133.638 127.408 91.2053 78.6795 78.3139 85.8354 202.088 93.9324 76.891 128.484 127.85 67.1847 66.1746 64.885 66.4592 61.0931 94.3554 59.9776 55.3901 54.4013 61.2042 59.3034 54.3249 87.5666 73.8137 51.943 47.6561 45.9681 45.512
threshold=37.500000000000007 0 1 -0.76624641395159687 1.0000000180025095e-35 0.94066717844141279 0.99024581825578073 -0.098749067963353782 2 0.37940952255126054 3 311.50000000000006 985.75000000000011 83.500000000000014 10.175298815609001 4 0.66766646831012755 5 1.0000000180025095e-35 6 67.500000000000014 0.99024581825578073 7 512.50000000000011 245.85000000000005 19.050000000000004 8 0.53126245019920326 7.2500000000000009 12.050000000000002
decision_type=2 1 1 2 2 2 2 2 1 2 1 2 2 2 2 1 2 1 2 1 2 2 1 2 2 2 1 10 2 2
left_child=1 27 12 13 5 14 23 8 -8 -9 11 28 -2 18 16 -16 -4 -18 -3 -14 26 -22 -23 -7 -25 -26 -6 -1 -11 -30
right_child=2 3 4 -5 20 6 7 9 -10 10 -12 -13 19 -15 15 -17 17 -19 -20 -21 21 22 -24 24 25 -27 -28 -29 29 -31
leaf_value=-0.22589407004824499 -0.095199373970229373 -0.051957893404322032 -0.1405187265367627 1.3847889064149088 0.12253790543821252 0.40018158102043516 -1.158311911123 0.17983721570397992 -0.46956360344418069 -1.0337932254230586 0.089065624303911323 -1.5878834345122876 0.60390019307024723 -0.40956749588190172 0.21411540408017035 -0.12858300502328687 -0.80458176479026144 -0.18389149063922619 0.74266887155066375 0.058361924807225275 0.48003266226319946 -0.81099547751437595 0.16369376249657391 -0.47521407702601981 -0.27992372241352359 0.17945257694655062 -0.26686009328082638 0.14279623778069764 -0.2705667679921015 -1.7778554730715352
leaf_weight=17619 26746 26224 142639 92665 5049 47310 1669 25360 3511 446 4649 730 78433 1279 38095 41903 1372 3956 11184 93440 43422 2877 4458 460 2338 8004 6043 28596 1754 68
leaf_count=17619 26746 26224 142639 92665 5049 47310 1669 25360 3511 446 4649 730 78433 1279 38095 41903 1372 3956 11184 93440 43422 2877 4458 460 2338 8004 6043 28596 1754 68
internal_value=0.000561897 0.00213069 8.54957e-05 0.0031069 -0.000549725 -0.0009238 0.000510841 -0.00169891 -0.0127157 3.03565e-05 -0.00524294 -0.0148993 0.00132031 0.000660205 -0.00152983 -0.000153152 -0.00227413 -0.00858172 0.0011192 0.00175569 0.00141138 0.00224323 -0.00282579 0.00196293 -0.00187615 -0.00073557 -0.00239502 -0.000644442 -0.00791186 -0.00367965
internal_weight=762299 177567 584732 131352 386113 324264 96299 38187 5180 33007 7647 2998 198619 38687 227965 79998 147967 5328 37408 171873 61849 50757 7335 58112 10802 10342 11092 46215 2268 1822
internal_count=762299 177567 584732 131352 386113 324264 96299 38187 5180 33007 7647 2998 198619 38687 227965 79998 147967 5328 37408 171873 61849 50757 7335 58112 10802 10342 11092 46215 2268 1822
cat_boundaries=0 2 4 6 8 10 12 13 16 18
cat_threshold=585334784 1040960 2569606420 2147498915 1619026506 557140 110504488 12140544 106045993 1622622276 1120018440 1225785344 24 584458792 10043392 1 4456579 2145797128
is_linear=0
shrinkage=0.06


Tree=55
num_leaves=31
num_cat=6
split_feature=109 130 104 104 91 132 126 132 132 125 139 104 120 91 139 115 109 119 130 126 110 133 127 115 104 115 132 126 119 126
split_gain=152.796 120.468 163.807 150.413 119.01 121.779 92.5515 89.38 89.192 80.4882 75.5207 65.294 63.5959 102.386 100.35 71.7277 70.6007 58.0425 57.1284 61.707 55.1442 50.9114 50.6138 103.629 59.2958 50.4219 47.9717 66.2799 45.2069 62.4767
threshold=22.500000000000004 -0.91597561503675329 0 1 2 -0.81860753270059983 1793.8000000000002 -0.8378775142878907 0.025799818015934263 0.49398333333333339 60.500000000000007 3 1.5000000000000002 4 35.500000000000007 -1.588449753489164 132.50000000000003 43.500000000000007 0.91597561503675362 1695.3000000000002 23.850000000000005 0.73136292505298039 6.5801916373033995 -2.6818009626635004 5 -2.1456469844133648 0.48595098096596934 265.02500000000003 47.500000000000007 286.22500000000008
decision_type=2 2 1 1 1 2 2 2 2 2 2 1 2 1 2 2 2 2 2 2 2 2 2 2 1 2 2 2 2 2
left_child=11 3 4 10 5 7 8 -3 -7 22 12 -1 14 26 15 -2 17 -17 19 -4 -11 -13 23 24 -6 -9 -14 -28 -19 -30
right_child=1 2 18 -5 9 6 -8 25 -10 20 -12 21 13 -15 -16 16 -18 28 -20 -21 -22 -23 -24 -25 -26 -27 27 -29 29 -31
leaf_value=-0.012895001538368403 -0.28861286204699937 0.77197393637016221 0.038258986357326656 0.024356535490486747 -0.54893849776155379 1.746313346863354 -0.02749644390934524 2.2760271103274019 -0.54952246652469683 -0.56107649753836863 -0.82689156778458395 0.23012068357407023 0.088303075922834026 -0.53235803498596723 0.013294045927232332 -0.25944595273863913 -0.35735284659420757 -1.1416533500863171 -0.22626520954587945 -0.10258229195917418 -1.5066948167618939 2.562970640381308 0.2290418062482219 0.005608887420048247 -0.26288677814501427 -0.60654977966726986 -0.85147957452527112 2.0791268377990217 -0.69721628982921557 -1.4492997528429949
leaf_weight=17162 4368 3439 206399 53148 382 100950 20032 643 1000 730 1680 20751 13787 2853 5760 982 3637 922 42466 51956 226 38812 53954 107570 928 3896 522 389 2943 290
leaf_count=17162 4368 3439 206399 53148 382 100950 20032 643 1000 730 1680 20751 13787 2853 5760 982 3637 922 42466 51956 226 38812 53954 107570 928 3896 522 389 2943 290
internal_value=0.000562542 0.000278474 0.000590048 -0.00175099 0.00159783 0.00295358 0.00342353 -0.0042276 0.00415611 0.000521975 -0.00462568 0.00310182 -0.00405338 -0.00145248 -0.00646818 -0.00936225 -0.0124896 -0.0170179 -0.000394087 -5.8872e-05 -0.0168276 0.00404099 0.000623969 -0.000120682 -0.0168879 -0.00975463 0.000570263 -0.0127566 -0.0201179 -0.0167662
internal_weight=762577 685852 594571 91281 293750 129960 121982 7978 101950 163790 38133 76725 36453 17551 18902 13142 8774 5137 300821 258355 956 59563 162834 108880 1310 4539 14698 911 4155 3233
internal_count=762577 685852 594571 91281 293750 129960 121982 7978 101950 163790 38133 76725 36453 17551 18902 13142 8774 5137 300821 258355 956 59563 162834 108880 1310 4539 14698 911 4155 3233
cat_boundaries=0 3 6 7 9 10 12
cat_threshold=2642222357 1613765543 1 938552577 844104487 1 24 547454984 1565248 21 2438202368 1074790400
is_linear=0
shrinkage=0.06


Tree=56
num_leaves=31
num_cat=10
split_feature=109 127 133 113 132 132 104 104 133 130 104 111 122 104 122 104 104 122 122 104 115 112 104 132 104 111 112 122 134 104
split_gain=147.228 117.82 122.197 175.645 111.245 110.199 104.556 103.185 101.208 151.455 211.34 96.2198 156.223 126.224 90.621 85.5881 82.7006 113.363 79.0362 75.5658 74.7347 72.0745 91.4535 68.9047 66.5515 64.4892 68.698 130.476 85.2541 85.1078
threshold=22.500000000000004 13.015076718927093 0.74298546529340237 275.50000000000006 -0.8378775142878907 0.51572537064332258 0 1 0.99932962452255414 0.12940952255126045 2 50.500000000000007 0.38201412391009831 3 0.038136718240524781 4 5 0.2453159742998621 0.72839698425199251 6 1.2750493012478665 3.1750000000000003 7 0.17963823861099873 8 49.500000000000007 3.1350000000000002 0.10430584105161063 1.0000000180025095e-35 9
decision_type=2 2 2 2 2 2 1 1 2 2 1 2 2 1 2 1 1 2 2 1 2 2 1 2 1 2 2 2 2 1
left_child=-1 2 4 5 18 24 -3 -6 11 -10 -11 12 14 -14 21 -13 17 -7 19 -2 -20 -5 -23 -16 -4 26 27 28 29 -8
right_child=1 6 3 8 7 16 25 -9 9 10 -12 15 13 -15 23 -17 -18 -19 20 -21 -22 22 -24 -25 -26 -27 -28 -29 -30 -31
leaf_value=0.56442192037929906 0.073254957587602296 -0.021022774682138652 0.22115551044157411 0.049106465485064206 -0.54996813598617733 -1.0319768158112961 -0.18622778320386063 -0.155337357924898 -0.051106270422739325 -0.058887881753154375 -1.6449064095990464 -0.090001603564225971 -0.8804747018216087 -0.26932949997725419 0.082515668054907607 0.18135134565821914 0.1120694329596289 -0.49938733688453535 -0.49980096803112789 -0.11305106540216318 -1.4410578101090845 -0.8935196899669402 -0.43273221359602404 -0.15864841913961755 1.4555835151338352 0.93061051376091142 0.64908478787694135 0.012304499195927292 1.8613031737229795 -0.63782743681489507
leaf_weight=76562 52720 67207 33338 880 8447 606 809 13937 5535 1432 1710 89092 3014 4110 28960 126401 5291 3028 1167 78673 208 442 963 7890 46814 73446 12171 16182 714 897
leaf_count=76562 52720 67207 33338 880 8447 606 809 13937 5535 1432 1710 89092 3014 4110 28960 126401 5291 3028 1167 78673 208 442 963 7890 46814 73446 12171 16182 714 897
internal_value=0.000545254 0.000266766 -0.000187021 0.000420343 -0.00159435 0.00273111 0.00162913 -0.00550708 -0.000340813 -0.0067156 -0.0172345 -0.000129465 -0.00261232 -0.010784 -0.00112454 0.000403529 -0.00359287 -0.0105449 -0.000934646 -0.00078483 -0.0152398 -0.0127165 -0.0211451 -0.000405416 0.00343533 0.0028189 0.000513356 -0.00177971 -0.0147708 -0.0220527
internal_weight=762646 686084 514658 359506 155152 89077 171426 22384 270429 8677 3142 261752 46259 7124 39135 215493 8925 3634 132768 131393 1375 2285 1405 36850 80152 104219 30773 18602 2420 1706
internal_count=762646 686084 514658 359506 155152 89077 171426 22384 270429 8677 3142 261752 46259 7124 39135 215493 8925 3634 132768 131393 1375 2285 1405 36850 80152 104219 30773 18602 2420 1706
cat_boundaries=0 3 5 7 10 12 15 17 19 21 23
cat_threshold=1619052738 533701656 1 3532814536 1261732368 4178068674 880063710 905121027 307234751 1 1724047963 809559132 16230185 1647395365 1 1221515092 1678030868 192494644 3150370 1619059289 195027028 35862040 537936516
is_linear=0
shrinkage=0.06


Tree=57
num_leaves=31
num_cat=7
split_feature=61 140 89 104 130 104 61 140 140 24 122 54 111 47 99 129 109 122 119 104 99 129 134 43 28 137 54 104 104 104
split_gain=147.166 93.1381 77.1338 74.1825 65.2311 95.1589 63.5205 89.2039 66.3517 147.454 70.3025 52.6472 48.446 56.4812 48.8286 46.1554 46.9036 93.4443 49.6146 45.6383 51.7912 44.903 50.9421 42.6968 42.2278 41.6261 50.4981 40.267 40.1811 37.5982
threshold=5.2933676348495675 27.000000000000004 0 1 -0.91597561503675329 2 4.66822713802443 4.5000000000000009 7.5000000000000009 -24.965624999999992 0.53052440665823664 2.7813134507778128 51.500000000000007 1289.166666666667 0.97461712852231652 31.500000000000004 502.50000000000006 0.385638667498923 144.50000000000003 3 0.84199059757024453 31.500000000000004 1.0000000180025095e-35 28.975657491368715 142.9666666666667 3.7785321675720799e-06 14.60112683938315 4 5 6
decision_type=2 2 1 1 2 1 2 2 2 8 2 10 2 10 2 2 2 2 2 1 2 2 2 2 10 2 10 1 1 1
left_child=2 -2 21 -3 5 11 8 -8 9 10 23 -4 14 -14 -5 29 18 28 19 20 25 22 -1 -6 -22 26 -17 -24 -18 -9
right_child=1 3 4 12 6 -7 7 15 -10 -11 -12 -13 13 -15 -16 16 17 -19 -20 -21 24 -23 27 -25 -26 -27 -28 -29 -30 -31
leaf_value=-0.016506202508973705 1.2046449756454434 -0.27761240402039672 -0.09597935027373776 -0.033190128029345373 -0.38421245694469158 0.0023935209538723974 0.58272674212274844 -0.031761481870114704 -0.016125476033408335 -0.040394771876316335 -1.0410354086133036 -0.47489289706760063 0.58355264651133043 -0.6791103545129541 -0.41898705837477818 -0.36391295580446514 -0.18933887915847775 -0.30614415916312387 0.54072555551664359 0.2051649858745199 0.58226187520348061 0.13907878473492599 -0.57868111528160848 -0.088389313968686836 -0.20913524523592528 -0.30554694458422532 -0.89437752663467918 -0.12310366379370757 0.010059339616420858 -0.51271195120239632
leaf_weight=14055 89302 19287 7070 13785 6079 23009 41404 4991 123243 32155 2861 13028 54270 1150 1191 2258 11419 285 20642 57492 7549 158214 1401 4045 14515 10712 1015 1553 18957 4744
leaf_count=14055 89302 19287 7070 13785 6079 23009 41404 4991 123243 32155 2861 13028 54270 1150 1191 2258 11419 285 20642 57492 7549 158214 1401 4045 14515 10712 1015 1553 18957 4744
internal_value=0.000553625 0.00205843 9.13959e-05 0.000692632 -0.000361295 -0.00256839 -0.000100184 0.000634123 -0.000954853 -0.00292284 -0.00831896 -0.00558317 0.00159581 0.00241425 -0.0014318 -2.83734e-05 0.000240423 -0.00184313 0.00079992 0.000212375 -0.00146106 0.00114406 -0.00178518 -0.00597096 0.00034915 -0.00431789 -0.0102389 -0.00894619 -0.00152168 -0.00402732
internal_weight=761681 178985 582696 89683 407473 43107 364366 195983 168383 45140 12985 20098 70396 55420 14976 154579 144844 30661 114183 93541 36049 175223 17009 10124 22064 13985 3273 2954 30376 9735
internal_count=761681 178985 582696 89683 407473 43107 364366 195983 168383 45140 12985 20098 70396 55420 14976 154579 144844 30661 114183 93541 36049 175223 17009 10124 22064 13985 3273 2954 30376 9735
cat_boundaries=0 1 4 7 9 11 13 15
cat_threshold=48 1652736066 491709464 1 2817867013 1651639079 1 1655160906 349103120 3136795905 3828351815 1158433395 326437936 252449686 491683243
is_linear=0
shrinkage=0.06


Tree=58
num_leaves=31
num_cat=9
split_feature=110 104 114 132 104 134 129 104 124 139 102 139 120 104 130 111 104 120 104 127 58 25 132 129 104 104 19 112 123 104
split_gain=130.954 170.368 100.767 113.958 133.005 86.7667 198.288 146.546 113.464 112.613 109.317 108.277 147.066 133.273 101.093 101.209 139.963 92.7404 128.144 88.633 67.8886 65.171 62.3347 151.762 162.051 59.0888 58.9878 57.5675 106.791 94.2052
threshold=17.250000000000004 0 1.1025412482507799 -0.13291928626387098 1 1.0000000180025095e-35 19.500000000000004 2 0.92833333333333345 46.500000000000007 61.500000000000007 35.500000000000007 5.5000000000000009 3 -0.78656609248549303 51.500000000000007 4 2.5000000000000004 5 94.12546632628893 4149.4550000000008 0.54689927750155387 -0.99359783145257141 79.500000000000014 6 7 26.964236111111116 2.9350000000000005 0.21626939077267673 8
decision_type=2 1 2 2 1 2 2 1 2 2 2 2 2 1 2 2 1 2 1 2 2 10 2 2 1 1 8 2 2 1
left_child=1 21 20 4 -4 9 7 -7 10 11 26 14 27 -14 15 16 -2 18 -12 -15 -3 -1 23 25 -25 -16 -8 28 29 -13
right_child=5 2 3 -5 -6 6 8 -9 -10 -11 17 12 13 19 22 -17 -18 -19 -20 -21 -22 -23 -24 24 -26 -27 -28 -29 -30 -31
leaf_value=-0.24982185738412596 -0.84187176672383024 1.1862841964996778 -0.39489480280003031 -0.024020110045864209 1.5924124323077364 -0.84125357648369159 -0.24733308458826556 -0.093335991256529499 -0.29585555199531915 0.30846204701453234 -1.3414595497826913 0.0033727736873383645 -0.86537961493153026 -0.18503076974639862 -0.15071089920366801 -0.14442360141955018 -0.15355673998822603 -0.06683768224758338 -0.13333172294515891 -0.6767612952349874 -0.57877553609037091 0.060739585371798077 0.032036683105747976 0.096014547379141765 -0.91273923936290613 0.054774421618485669 0.18235760539721529 0.22592235537413743 -0.23076550743404792 -0.69747449117344273
leaf_weight=43186 3826 91634 8305 75532 57647 1146 865 1168 650 37707 656 314 5106 6133 5629 49760 5642 2829 866 308 780 102609 131647 540 827 7884 100305 8342 10157 475
leaf_count=43186 3826 91634 8305 75532 57647 1146 865 1168 650 37707 656 314 5106 6133 5629 49760 5642 2829 866 308 780 102609 131647 540 827 7884 100305 8342 10157 475
internal_value=0.000530023 0.00131953 0.0023229 0.00131649 0.00313878 -0.000253114 0.00118329 -0.0161883 0.00156205 -0.000821216 0.0017161 -0.00130656 -0.00462219 -0.00997731 -0.000809648 -0.00290148 -0.00858718 -0.00759513 -0.0195325 -0.00421172 0.00386392 -0.000290317 3.59114e-05 -0.00364492 -0.0226886 -0.00171689 0.00211661 -0.00141594 -0.00427734 -0.0255266
internal_weight=762475 379693 233898 141484 65952 382782 108485 2314 106171 274297 105521 236590 30835 11547 205755 59228 9468 4351 1522 6441 92414 145795 146527 14880 1367 13513 101170 19288 10946 789
internal_count=762475 379693 233898 141484 65952 382782 108485 2314 106171 274297 105521 236590 30835 11547 205755 59228 9468 4351 1522 6441 92414 145795 146527 14880 1367 13513 101170 19288 10946 789
cat_boundaries=0 2 4 6 9 12 15 17 19 21
cat_threshold=1652744280 491708500 130 536871944 410496932 1689340519 3635506272 3417637652 1 2280865029 571474727 1 536821261 1184294 1 1954595270 269020380 3926949736 3793715217 1635938906 537642012
is_linear=0
shrinkage=0.06


Tree=59
num_leaves=31
num_cat=9
split_feature=104 111 129 132 104 129 104 110 130 104 139 104 132 132 126 110 132 104 132 113 99 104 130 132 104 134 133 133 114 104
split_gain=127.703 107.822 79.7249 150.027 73.1639 66.988 79.5192 85.8052 67.2413 91.8088 86.6278 74.6153 59.2291 123.861 77.3865 61.0323 52.3463 62.2368 50.3517 74.6173 104.627 65.0495 56.1157 58.164 54.7853 45.0765 72.4571 74.5778 44.7247 49.2924
threshold=0 60.500000000000007 178.50000000000003 0.61490419508004501 1 46.500000000000007 2 12.250000000000002 -0.91597561503675329 3 60.500000000000007 4 -0.13291928626387098 -0.11585131824808122 61.375000000000007 24.450000000000003 0.66766646831012755 5 -0.76624641395159687 271.50000000000006 0.99958851518450398 6 -0.37940952255126059 0.042991213741508195 7 1.0000000180025095e-35 0.94066717844141279 0.93158198870884079 0.84636942609825105 8
decision_type=1 2 2 2 1 2 1 2 2 1 2 1 2 2 2 2 2 1 2 2 2 1 2 2 1 2 2 2 2 1
left_child=1 12 3 -3 -5 6 7 -2 9 -7 25 -10 15 -14 -15 -1 18 -18 24 -20 -21 22 -22 -24 -13 26 27 -11 -4 -30
right_child=5 2 28 4 -6 8 -8 -9 11 10 -12 16 13 14 -16 -17 17 -19 19 20 21 -23 23 -25 -26 -27 -28 -29 29 -31
leaf_value=0.33713128415848725 -0.84052150141518289 0.068533413108681315 1.5892390694687273 -0.26723886690361026 -0.81409078066117646 0.054147438205809799 0.00020186290091386949 -0.17910315902270316 -0.18690742972601776 -0.43279305565792087 -0.8107030914833856 -0.15613962934862563 -0.75032337772909408 -1.024919952329153 -0.059333449426130641 -0.087041628772169519 -0.68471984408557374 -0.0057862115436916814 0.59188877930191086 0.087142932422101388 -0.065728694419635483 -0.15775090969090844 -1.733649620519462 -0.5874366740311846 0.079537173388395638 0.028568087137939263 0.014065583141675624 -1.3096576408545419 -0.052940215604923187 0.58154006574664563
leaf_weight=37920 4228 60027 56791 526 520 25906 31189 20677 36378 11083 1377 32661 799 607 23637 27212 3079 5798 68128 167106 496 2478 805 442 52434 7592 6350 648 18798 56636
leaf_count=37920 4228 60027 56791 526 520 25906 31189 20677 36378 11083 1377 32661 799 607 23637 27212 3079 5798 68128 167106 496 2478 805 442 52434 7592 6350 648 18798 56636
internal_value=0.000529913 0.0015392 0.00233849 0.000545535 -0.0219713 -6.7597e-05 -0.00201579 -0.00454286 0.000190902 -0.00180871 -0.00425261 0.00047725 -0.000173993 -0.00265381 -0.00188723 0.000779513 0.000758768 -0.00378666 0.000883128 0.00132864 0.000660733 -0.00866746 -0.017504 -0.0243894 -0.000370522 -0.0034674 -0.00509645 -0.00789073 0.00316662 0.00220911
internal_weight=762328 283473 193298 61073 1046 478855 56094 24905 422761 52956 27050 369805 90175 25043 24244 65132 333427 8877 324550 239455 171327 4221 1743 1247 85095 25673 18081 11731 132225 75434
internal_count=762328 283473 193298 61073 1046 478855 56094 24905 422761 52956 27050 369805 90175 25043 24244 65132 333427 8877 324550 239455 171327 4221 1743 1247 85095 25673 18081 11731 132225 75434
cat_boundaries=0 2 4 6 8 10 12 15 17 19
cat_threshold=2300335382 3758102955 2148815874 3758096520 914532905 34668612 1073775336 229237840 1610612736 49152 48374408 150995984 113418792 9110016 1 35719296 316737088 16402 2684354568
is_linear=0
shrinkage=0.06


Tree=60
num_leaves=31
num_cat=9
split_feature=109 104 137 135 137 131 114 137 139 104 139 104 84 139 124 98 125 104 104 37 98 111 104 104 114 104 129 110 104 110
split_gain=124.626 142.996 98.9344 96.2399 80.9528 77.4197 89.823 82.751 122.455 85.4913 75.5781 140.974 67.8831 66.0206 110.34 146.199 65.7577 64.3094 63.8878 61.1351 60.2483 136.542 58.2468 58.1623 57.5109 58.1978 83.0442 54.0614 51.4128 51.3162
threshold=47.500000000000007 0 0.0057829484964584546 1.0000000180025095e-35 0.015719683812837577 -0.9159756150367534 -1.5952980467773936 0.0010922578834471623 45.500000000000007 1 60.500000000000007 2 1.8239583333333338 46.500000000000007 0.83500000000000008 -0.931957157303682 0.16478333333333334 3 4 0.2450653255997636 0.48595098096596934 76.500000000000014 5 6 -1.4970379956922566 7 18.500000000000004 20.450000000000003 8 18.850000000000005
decision_type=2 1 2 2 2 2 2 2 2 1 2 1 10 2 2 2 2 1 1 2 2 2 1 1 2 1 2 2 1 2
left_child=1 -1 20 5 27 7 -7 -2 24 -10 13 12 -12 14 22 -16 29 -5 -15 -17 -3 28 -8 -21 25 26 -9 -4 -22 -6
right_child=3 2 4 17 16 6 10 8 9 -11 11 -13 -14 18 15 19 -18 -19 -20 23 21 -23 -24 -25 -26 -27 -28 -29 -30 -31
leaf_value=-0.10382274753893873 0.25595688407768852 1.00527413884104 -0.2288032232173326 -0.034367601617436204 -1.4286056936827995 0.26907459976732762 0.0072730620035333701 0.081477319227178921 -0.036464753467170395 -0.61246428811398557 -0.94807376686072242 -0.10491531386050082 -0.5007571623232937 -0.18245301313890452 0.02415285398451858 -0.28644102239102104 0.28091564117670259 0.32173478944910605 1.0383116393189726 -0.23117355748563884 -0.87771696396912746 0.37517865636581516 -0.12270486191799906 -0.57716056417830264 0.0059670578746774811 -0.071613466841890308 -0.84225641334582035 -0.90496246265303015 -0.42309606359059587 -0.15338714230425551
leaf_weight=60058 67961 117926 2931 32105 964 28418 100732 543 310 408 1688 8026 2805 7330 1161 328 31958 55632 15728 220 1060 16842 170266 585 23242 2079 858 840 1537 8361
leaf_count=60058 67961 117926 2931 32105 964 28418 100732 543 310 408 1688 8026 2805 7330 1161 328 31958 55632 15728 220 1060 16842 170266 585 23242 2079 858 840 1537 8361
internal_value=0.000544725 0.0016682 0.00250416 2.12713e-05 6.44548e-05 -0.000346142 -0.000772983 0.00116293 -0.00161802 -0.0260529 -0.00106998 -0.00563626 -0.0141301 -0.000877068 -0.0011372 -0.0142379 0.000833204 0.00183321 0.00220599 -0.0295608 0.00330453 0.000209568 -0.00102625 -0.0384491 -0.000960521 -0.00815283 -0.0175453 -0.00834942 -0.0125935 -0.00359961
internal_weight=762902 242477 182419 520425 45054 432688 337287 95401 27440 718 308869 12519 4493 296350 273292 2294 41283 87737 23058 1133 137365 19439 270998 805 26722 3480 1401 3771 2597 9325
internal_count=762902 242477 182419 520425 45054 432688 337287 95401 27440 718 308869 12519 4493 296350 273292 2294 41283 87737 23058 1133 137365 19439 270998 805 26722 3480 1401 3771 2597 9325
cat_boundaries=0 2 4 7 10 13 15 17 19 22
cat_threshold=581140488 68018688 1627648730 810370076 3304079555 374481944 1 850633272 34587140 1 1619017954 499680280 1 405472822 218676872 545292290 1349517324 1062244789 2409631841 2152744896 1611662737 1
is_linear=0
shrinkage=0.06


Tree=61
num_leaves=31
num_cat=8
split_feature=109 104 104 133 135 139 139 110 133 133 132 104 104 132 28 133 104 109 122 110 132 129 133 104 139 104 84 139 104 131
split_gain=122.914 124.916 109.388 95.5138 59.5628 50.0673 72.8171 91.5099 49.4877 79.2452 163.221 82.4506 72.1967 61.2201 79.1512 59.5344 61.5108 48.4877 88.9967 53.6049 49.858 45.3043 56.1698 52.8803 43.9417 120.515 66.3797 53.7092 50.0366 43.5641
threshold=32.500000000000007 0 1 0.73136292505298039 1.0000000180025095e-35 46.500000000000007 45.500000000000007 24.450000000000003 0.93769647993491489 0.99024581825578073 -0.098749067963353782 2 3 0.025799818015934263 289.10052083333341 0.91511078773075516 4 512.50000000000011 0.385638667498923 19.050000000000004 0.23014236637527921 67.500000000000014 0.9863035000474919 5 60.500000000000007 6 1.8777083333333338 46.500000000000007 7 0.60355339059327384
decision_type=2 1 1 2 2 2 2 2 2 2 2 1 1 2 10 2 1 2 2 2 2 2 2 1 2 1 10 2 1 2
left_child=1 -1 5 -3 8 6 -2 -8 15 17 11 29 13 -12 -15 24 -17 20 19 -19 -10 -6 -23 -24 27 26 -26 -4 -29 -11
right_child=2 3 4 -5 21 -7 7 -9 9 10 12 -13 -14 14 -16 16 -18 18 -20 -21 -22 22 23 -25 25 -27 -28 28 -30 -31
leaf_value=-0.10871559468271044 0.08425320680451262 0.064650092065422035 -0.073526854421165494 1.613506463021035 -0.11156606547847539 0.95526551730100628 -0.45696264725345681 -0.63136950351476995 0.1506791378117103 -1.1200325651769283 0.17098654174454439 -0.26273732203091404 0.13298467136287706 -0.5865646698370639 -1.3862552683147682 -0.42052383547530209 -0.17186508965560257 -0.23945648695177524 -0.53447991214541635 0.11167502610844579 0.88379021330168483 0.43222105447224807 -0.71782174916811492 0.21670326078360211 -0.78151849190698153 -0.056836093656761802 -0.40627745255738418 1.038977993240414 -0.068591798949374685 -0.77274730072568698
leaf_weight=35323 180546 35897 175311 72501 11009 28245 934 475 36193 1880 3658 2817 26287 4622 670 6857 14188 2384 417 8465 15577 43128 3776 5422 1989 10675 2696 13859 16106 680
leaf_count=35323 180546 35897 175311 72501 11009 28245 934 475 36193 1880 3658 2817 26287 4622 670 6857 14188 2384 417 8465 15577 43128 3776 5422 1989 10675 2696 13859 16106 680
internal_value=0.000516743 0.00209742 0.000149654 0.00310701 -0.000422446 0.00126188 0.000897085 -0.0126851 -0.000732669 0.000364107 -0.00170272 -0.0114388 -0.000216754 -0.00486776 -0.0089983 -0.00120304 -0.00425211 0.00169577 -0.00187131 -0.000824516 0.00247204 0.00126895 0.00200501 -0.00225155 -0.000912195 -0.00400755 -0.0120166 -0.000680563 0.00166689 -0.0192065
internal_weight=762587 143721 618866 108398 408666 210200 181955 1409 345331 103650 40614 5377 35237 8950 5292 241681 21045 63036 11266 10849 51770 63335 52326 9198 220636 15360 4685 205276 29965 2560
internal_count=762587 143721 618866 108398 408666 210200 181955 1409 345331 103650 40614 5377 35237 8950 5292 241681 21045 63036 11266 10849 51770 63335 52326 9198 220636 15360 4685 205276 29965 2560
cat_boundaries=0 2 4 7 9 11 14 16 18
cat_threshold=820215808 516612 2302219540 2147498915 1623614026 1074298972 1 1619403304 8404992 1619017794 810550300 851583529 1116815360 1 1082147010 339870744 105261577 1647525956
is_linear=0
shrinkage=0.06


Tree=62
num_leaves=31
num_cat=10
split_feature=19 131 135 128 59 115 104 104 104 104 104 133 115 133 104 133 104 115 104 104 123 129 133 111 132 111 122 104 122 109
split_gain=123.446 94.9073 86.5362 80.9453 75.8142 70.0035 97.3677 63.2282 63.1658 61.0512 60.0692 55.6381 110.886 94.4532 64.7601 55.1642 53.5378 64.9968 52.1887 51.7043 50.3428 50.1987 47.0893 45.2782 44.6749 67.3199 131.681 87.6206 77.241 56.606
threshold=247.16527777777779 0.91597561503675351 1.0000000180025095e-35 0.0041042742866754809 3278.8600000000001 -2.898863277960396 0 1 2 3 4 0.86004965528756494 -0.048352351519276394 0.84658398682345093 5 0.93769647993491489 6 1.356335740385908 7 8 0.58788115498927562 67.500000000000014 0.99024581825578073 47.500000000000007 -0.38142733947913604 57.500000000000007 0.32935525293566148 9 0.43883055453560055 42.500000000000007
decision_type=10 2 2 2 10 2 1 1 1 1 1 2 2 2 1 2 1 2 1 1 2 2 2 2 2 2 2 1 2 2
left_child=1 2 3 4 5 6 -1 -4 -3 -6 15 13 14 19 21 -5 17 -15 -2 -7 -9 -13 -23 -20 -16 26 -26 28 -28 -30
right_child=18 8 7 10 9 11 -8 20 -10 -11 -12 12 -14 16 24 -17 -18 -19 23 -21 -22 22 -24 -25 25 -27 27 -29 29 -31
leaf_value=-0.5744621106626745 -1.1233377585920232 -0.27756306096485428 -0.069939598187214458 -0.11066565059814604 -0.79541872215568898 0.0065584528564691874 -0.049689033213089165 -0.041510937555136171 0.36827277900719901 -0.13702342036012388 0.18734171361108901 -0.58216376056688823 0.61016528024624062 -0.61540340086240763 0.32851094761151889 0.35479924567532717 -0.33287569419157959 -1.040969907407493 -0.022961623741126969 -0.13372112944037692 0.52557540914871359 -0.039686091550657561 -0.58574041354487993 1.3561817146760062 -0.011259476004568966 0.051334307206390123 -0.72967570991665553 -0.24340200676816362 -1.8104467155051023 0.71982137878595553
leaf_weight=681 1022 8243 27558 52754 4059 62173 1150 11781 76944 5472 103325 4340 35367 1691 17523 12638 4663 1130 14538 74982 50494 18400 9026 69244 19334 65400 1851 5986 123 717
leaf_count=681 1022 8243 27558 52754 4059 62173 1150 11781 76944 5472 103325 4340 35367 1691 17523 12638 4663 1130 14538 74982 50494 18400 9026 69244 19334 65400 1851 5986 123 717
internal_value=0.000517924 0.000247903 -2.12816e-05 -0.000327754 -0.000868778 -0.00071387 -0.0124094 0.00169399 0.00212051 -0.00614289 0.000743501 -0.000647473 6.25718e-05 -0.00152161 -0.000682826 -0.000679602 -0.00808497 -0.0145953 0.00267607 -0.00116342 0.00275263 -0.0030709 -0.00212287 0.00284071 1.29816e-06 -0.000520211 -0.00298136 -0.00912169 -0.0180955 -0.00306778
internal_weight=762609 677805 592618 502785 334068 324537 1831 89833 85187 9531 168717 322706 178067 144639 142700 65392 7484 2821 84804 137155 62275 31766 27426 83782 110934 93411 28011 8677 2691 840
internal_count=762609 677805 592618 502785 334068 324537 1831 89833 85187 9531 168717 322706 178067 144639 142700 65392 7484 2821 84804 137155 62275 31766 27426 83782 110934 93411 28011 8677 2691 840
cat_boundaries=0 2 4 6 9 12 14 17 19 22 25
cat_threshold=3554416944 3761246311 847422008 516164 536903808 67117120 3534846980 3803253506 1 1686423618 911115288 1 1690476560 2684403776 2432139652 1175521060 1 536887360 786448 3261978196 1678097040 1 286329093 1108349223 1
is_linear=0
shrinkage=0.06


Tree=63
num_leaves=31
num_cat=11
split_feature=123 127 133 115 133 104 104 139 129 110 104 133 111 104 104 104 122 115 99 104 111 137 137 126 104 104 104 104 110 112
split_gain=116.342 98.4301 91.5785 156.385 118.445 98.7097 90.3676 84.714 82.8509 91.3111 119.919 76.4278 75.8903 74.7678 71.9651 65.2894 64.2117 75.8277 62.5296 97.4709 60.4938 81.9974 124.782 103.871 56.7967 54.5304 53.7468 53.7315 53.13 55.6289
threshold=0.94532124365709502 13.015076718927093 0.74298546529340237 -0.048352351519276394 0.99932962452255414 0 1 39.500000000000007 66.500000000000014 20.250000000000004 2 0.99981043035926087 88.500000000000014 3 4 5 0.72839698425199251 1.2750493012478665 0.7487283477006671 6 55.500000000000007 6.5078511944142929e-10 4.6630791453528717e-10 75.750000000000014 7 8 9 10 22.550000000000004 3.1350000000000002
decision_type=2 2 2 2 2 1 1 2 2 2 1 2 2 1 1 1 2 2 2 1 2 2 2 2 1 1 1 1 2 2
left_child=1 2 7 4 14 11 -3 16 9 27 -11 12 -6 -2 -4 -9 18 -18 24 -20 21 22 23 -16 -1 -24 -10 -5 -8 -30
right_child=13 6 3 8 5 -7 28 15 26 10 -12 -13 -14 -15 20 -17 17 -19 19 -21 -22 -23 25 -25 -26 -27 -28 -29 29 -31
leaf_value=0.035494067937968797 -0.020579584906864453 -0.014441550890801768 -0.087652895657355984 -0.43016849847098393 -0.77868782483030985 -0.15137123649334747 0.77366678217735718 -0.041285840478176038 0.27708452630575625 0.096257954833933124 -0.68406806504221185 0.50631682076321205 -1.6411298511770227 0.89972444137187246 -1.3873394829302892 -0.68709586182742011 -0.46096613105325218 -1.432069449990184 -0.89068691445405146 -0.24399847745665829 0.20126114735052042 0.1293402901385465 -0.9153962201032273 -0.099594736973604131 -0.10860341021211102 -0.87591669691715668 1.4919867511406808 0.51627592459611171 -0.087202866635584686 0.65302357310563119
leaf_weight=69597 22933 70389 136562 4496 1364 5558 70054 3687 24421 646 696 734 1051 53703 435 5428 1178 195 778 5631 104430 22845 335 12137 68615 471 34959 8217 19663 11372
leaf_count=69597 22933 70389 136562 4496 1364 5558 70054 3687 24421 646 696 734 1051 53703 435 5428 1178 195 778 5631 104430 22845 335 12137 68615 471 34959 8217 19663 11372
internal_value=0.000479635 0.00023192 -0.000183032 0.000342895 -0.000291435 -0.00718167 0.00147685 -0.0014015 0.00281265 -0.00132968 -0.0162085 -0.0156475 -0.0208485 0.00269682 -7.49954e-05 -0.00701294 -0.0010511 -0.0139607 -0.000928448 -0.00672168 0.000877538 -0.00123515 -0.00496539 -0.00349702 -0.000659764 -0.0278364 0.00379313 0.000242096 0.00262605 0.000559673
internal_weight=762580 685944 514466 359357 285922 8707 171478 155109 73435 14055 1342 3149 2415 76636 277215 9115 145994 1373 144621 6409 140653 36223 13378 12572 138212 806 59380 12713 101089 31035
internal_count=762580 685944 514466 359357 285922 8707 171478 155109 73435 14055 1342 3149 2415 76636 277215 9115 145994 1373 144621 6409 140653 36223 13378 12572 138212 806 59380 12713 101089 31035
cat_boundaries=0 3 6 9 11 13 15 17 19 21 24 27
cat_threshold=83075868 3364571136 1 1621412034 533693464 1 1695043675 2672737432 1 585211912 1565508 1993794163 843506772 608600859 491320393 1115693064 1224736768 1255069268 1983970581 524424 227084554 1619304985 467394628 1 543351368 188596304 1
is_linear=0
shrinkage=0.06


Tree=64
num_leaves=31
num_cat=5
split_feature=0 140 70 104 132 132 132 113 131 109 25 111 111 139 111 104 139 132 110 114 110 104 127 104 25 110 104 131 127 124
split_gain=110.952 100.044 82.9554 64.8877 66.2543 78.3261 100.483 58.3243 51.8857 54.8261 51.4195 83.1243 47.8346 46.4258 46.2513 46.2773 41.8495 40.4528 108.72 57.7429 50.8132 40.2091 39.8084 39.4037 36.9332 44.6323 63.3164 36.0306 35.7804 35.688
threshold=198.01250000000002 4.5000000000000009 63.500000000000007 0 -0.76624641395159687 -0.13291928626387098 -0.098749067963353782 291.50000000000006 0.37940952255126048 197.50000000000003 0.57412824066594681 66.500000000000014 49.500000000000007 64.500000000000014 47.500000000000007 1 62.500000000000007 -0.77718486915728335 23.450000000000003 0.75335822858660961 15.850000000000003 2 1.1978360483152102 3 0.97214740111337428 7.2500000000000009 4 -0.9159756150367534 0.49718561527731503 0.83500000000000008
decision_type=2 2 2 1 2 2 2 2 2 2 10 2 2 2 2 1 2 2 2 2 2 1 2 1 10 2 1 2 2 2
left_child=2 -2 14 -3 17 12 8 -8 9 -7 23 16 13 -6 -1 -16 27 19 -19 20 -5 -18 -9 -4 25 26 -13 -12 -25 -29
right_child=1 3 10 4 5 6 7 22 -10 -11 11 24 -14 -15 15 -17 21 18 -20 -21 -22 -23 -24 28 -26 -27 -28 29 -30 -31
leaf_value=-0.044934849366889858 3.222881481933372 -0.22697767505288141 -0.23935231320465752 -0.97938200346808479 0.21429638838529855 -1.351444199324511 0.68511102406308588 -0.35006922483537894 0.21156426388004826 -0.41199018781548075 0.092061071738476719 -1.0646328665539344 1.950459288889633 -0.66275771106109915 -0.0099252784635817191 0.18915262498638305 -0.8120345383582136 0.60895224799118486 -0.57749924058758217 0.55082070659952709 -0.34447069282230114 -0.25281124135174032 0.04924987158457754 -0.20467753461147276 0.29921482919951442 0.067554298198016546 -0.039851783356447401 -0.10694539360244157 -0.024758241233810319 -0.37323144255388396
leaf_weight=47593 33606 23795 32958 131 14065 681 17755 5622 990 1218 17136 1615 50560 915 56251 137378 688 1024 558 9445 6935 1519 11891 17951 39000 86005 3036 44761 96530 901
leaf_count=47593 33606 23795 32958 131 14065 681 17755 5622 990 1218 17136 1615 50560 915 56251 137378 688 1024 558 9445 6935 1519 11891 17951 39000 86005 3036 44761 96530 901
internal_value=0.00049528 0.00180112 9.41367e-05 0.00111996 0.00167979 0.00226448 0.000103308 0.000984661 -0.0106526 -0.0164558 -0.000506692 0.000133493 0.00352268 0.00054469 0.000946228 0.00135813 -0.00161754 -0.00167028 -0.0108326 -0.000791788 -0.00489373 -0.00973641 -0.00147208 -0.00135191 0.00101141 0.000347199 -0.00537704 -0.00133206 -0.000825333 -0.00221247
internal_weight=762513 179191 583322 145585 121790 103697 38157 35268 2889 1899 342100 194661 65540 14980 241222 193629 65005 18093 1582 16511 7066 2207 17513 147439 129656 90656 4651 62798 114481 45662
internal_count=762513 179191 583322 145585 121790 103697 38157 35268 2889 1899 342100 194661 65540 14980 241222 193629 65005 18093 1582 16511 7066 2207 17513 147439 129656 90656 4651 62798 114481 45662
cat_boundaries=0 2 5 7 9 12
cat_threshold=1619050562 424665104 581009536 613311040 1 2147549314 272647176 1652566034 272778254 851716653 3791667520 1
is_linear=0
shrinkage=0.06


Tree=65
num_leaves=31
num_cat=8
split_feature=19 131 135 133 133 111 132 120 132 119 104 122 119 104 130 104 104 114 104 133 104 104 120 133 130 109 133 70 109 104
split_gain=107.693 88.6847 86.4187 60.034 105.34 93.2362 164.221 139.165 100.554 80.9524 120.856 71.353 79.0821 69.3753 64.0331 91.1404 63.3301 65.9141 58.9221 58.3139 53.773 51.1904 48.3674 47.1949 61.9905 55.1945 46.2667 44.7616 44.5116 43.9314
threshold=257.23541666666671 0.91597561503675351 1.0000000180025095e-35 0.94066717844141279 0.95691861501572195 57.500000000000007 0.28003368959032676 1.0000000180025095e-35 -0.13291928626387098 97.500000000000014 0 0.15925546827317141 611.50000000000011 1 -0.91597561503675329 2 3 0.74182104746079536 4 0.93158198870884079 5 6 6.5000000000000009 0.97263757644091875 0.37940952255126054 197.50000000000003 0.9863035000474919 54.500000000000007 217.50000000000003 7
decision_type=10 2 2 2 2 2 2 2 2 2 1 2 2 1 2 1 1 2 1 2 1 1 2 2 2 2 2 2 2 1
left_child=1 2 3 13 -5 6 7 8 -6 10 -10 12 29 22 15 19 23 -18 -3 -15 26 -14 -1 -7 -25 -26 -4 -23 -22 -11
right_child=-2 18 20 4 5 16 -8 -9 9 11 -12 -13 21 14 -16 -17 17 -19 -20 -21 28 27 -24 24 25 -27 -28 -29 -30 -31
leaf_value=0.1056940099059773 0.8827236992979719 -0.274982905481157 0.084115421429992066 1.2206197766826088 0.15562852157744544 0.43268850989329594 -0.51874292899347096 0.17022346971936883 -0.29313728586655413 -0.34174160149540883 -1.3095047527825374 0.028625270306425206 -0.13325529051995794 -0.44326254540992355 -0.067416253251269487 -0.1210833281450007 1.1123193750718685 0.042005639861545221 0.35076431489060494 -1.3737946502599532 0.53179107773187961 -0.27856681408375206 -0.08245973706331268 -0.04266593484139538 -0.74588240687407115 -1.7071739268491599 -0.49959234486661569 -0.55924448818129413 -0.039959525512304604 -0.063026613565523443
leaf_weight=82503 72360 8308 32605 22672 4128 3060 726 14478 1107 1768 1196 3085 321 9226 194303 29799 25876 49217 78054 334 43889 148 51610 7854 5421 280 5353 481 9321 2107
leaf_count=82503 72360 8308 32605 22672 4128 3060 726 14478 1107 1768 1196 3085 321 9226 194303 29799 25876 49217 78054 334 43889 148 51610 7854 5421 280 5353 481 9321 2107
internal_value=0.000485379 0.000254197 -3.4035e-06 -0.000306624 0.000732252 3.03332e-05 -0.0029009 -0.00219035 -0.00637944 -0.00957333 -0.0194714 -0.00668942 -0.0112453 -0.000713178 -0.00133746 -0.00354436 0.000974692 0.00171626 0.00205241 -0.0086386 0.00169847 -0.0267508 0.000374564 -0.0023764 -0.00389717 -0.00865907 -2.71798e-05 -0.0364781 0.00292892 -0.00743808
internal_weight=761590 689230 602868 511700 143925 121253 29545 28819 14341 10213 2303 7910 4825 367775 233662 39359 91708 75093 86362 9560 91168 950 134113 16615 13555 5701 37958 629 53210 3875
internal_count=761590 689230 602868 511700 143925 121253 29545 28819 14341 10213 2303 7910 4825 367775 233662 39359 91708 75093 86362 9560 91168 950 134113 16615 13555 5701 37958 629 53210 3875
cat_boundaries=0 2 4 7 9 11 14 17 19
cat_threshold=1846039290 1036772440 2283698172 8403088 79693825 1048835 1 537141784 159408128 536903808 67117120 849584696 34595524 1 549773794 9487389 1 3709353781 3442546866
is_linear=0
shrinkage=0.06


Tree=66
num_leaves=31
num_cat=6
split_feature=109 104 130 104 122 133 132 132 109 124 104 134 101 139 110 104 114 132 132 104 111 114 132 104 139 111 139 124 132 109
split_gain=103.486 82.7727 74.7143 69.3028 54.8464 53.0378 52.6594 90.7279 73.0299 73.8993 67.3979 65.2798 64.4439 55.7552 46.4953 95.2866 66.4788 59.6791 57.2131 84.3338 127.306 47.7906 98.3398 91.7167 45.9628 51.9405 98.5253 46.2664 44.8475 44.6402
threshold=22.500000000000004 0 -0.91597561503675329 1 0.71383121345663281 0.73136292505298039 0.37744852145085445 0.21336913576298863 512.50000000000011 0.53500000000000014 2 1.0000000180025095e-35 0.93301270189221952 46.500000000000007 7.2500000000000009 3 1.8518132797612668 0.094468741652255758 0.025799818015934263 4 88.500000000000014 3.5443923638628787 -0.13291928626387098 5 46.500000000000007 42.500000000000007 45.500000000000007 0.79500000000000015 -0.73208386245364632 782.50000000000011
decision_type=2 1 2 1 2 2 2 2 2 2 1 2 2 2 2 1 2 2 2 1 2 2 2 1 2 2 2 2 2 2
left_child=3 2 -2 -1 24 -5 7 11 -9 -10 -8 13 -13 14 15 -3 -17 18 21 20 -20 -16 -23 -24 25 26 27 -4 -15 -11
right_child=1 6 4 5 -6 -7 10 8 9 29 -12 12 -14 28 17 16 -18 -19 19 -21 -22 22 23 -25 -26 -27 -28 -29 -30 -31
leaf_value=-0.028060883060906296 -0.11362733543179937 0.21784255179004658 -0.062785579576056016 0.13612896356779119 -1.1139988068700191 2.2600573563036384 0.027513783973161673 0.64730252976480795 -0.0047052980580396747 -0.54945769364224195 -0.23661265817829247 0.014147771500572991 0.58993314413053721 1.0943471824343458 -0.068332827675125038 -1.1687934019875217 0.49133793816996429 0.27057189047750968 -0.32800244860329025 -0.094845853772010089 -1.3666047934919969 -0.12706918642313109 -0.37997991543621384 -1.1001840670182137 1.2628805362562525 0.15609438475192319 -0.6486242884411284 -0.54209929302866111 0.0053828283159626997 0.31033373453277552
leaf_weight=21756 29935 2805 10060 19106 650 35802 35338 29890 3668 715 46401 74875 26394 11586 169334 2563 524 13757 1797 4455 1255 4097 709 677 26764 154213 462 350 32445 232
leaf_count=21756 29935 2805 10060 19106 650 35802 35338 29890 3668 715 46401 74875 26394 11586 169334 2563 524 13757 1797 4455 1255 4097 709 677 26764 154213 462 350 32445 232
internal_value=0.000474302 0.000240638 0.00119204 0.00256498 0.00162574 0.00370014 -0.000215948 7.99627e-05 0.00301426 -0.00400997 -0.00159807 -0.000211596 0.00107054 -0.000739399 -0.00116115 -0.00641235 -0.0136598 -0.00100332 -0.00129086 -0.00641955 -0.0140803 -0.00107059 -0.00658315 -0.0203922 0.00168472 0.00131077 -0.00269732 -0.00149265 0.00119518 -0.018943
internal_weight=762615 685951 222434 76664 192499 54908 463517 381778 34505 4615 81739 347273 101269 246004 201973 5892 3087 196081 182324 7507 3052 174817 5483 1386 191849 165085 10872 10410 44031 947
internal_count=762615 685951 222434 76664 192499 54908 463517 381778 34505 4615 81739 347273 101269 246004 201973 5892 3087 196081 182324 7507 3052 174817 5483 1386 191849 165085 10872 10410 44031 947
cat_boundaries=0 2 4 6 8 11 13
cat_threshold=2302219540 536885667 849575944 1565504 268716162 2496546328 1610662082 343376988 545696296 2157134336 1 914653313 260964932
is_linear=0
shrinkage=0.06


Tree=67
num_leaves=31
num_cat=0
split_feature=109 101 130 98 127 135 131 114 115 132 109 132 107 119 140 0 23 133 132 129 112 59 0 132 110 115 120 111 111 109
split_gain=98.1936 90.8327 66.4806 75.6552 65.6507 65.3715 70.4276 76.7681 58.5937 58.2654 58.1827 57.9329 57.6394 57.5985 51.4812 78.5598 54.8835 48.086 110.601 66.2497 44.1172 58.7381 43.0397 53.2634 62.9237 40.7592 100.938 40.4143 39.4441 38.9414
threshold=47.500000000000007 0.6830127018922193 -0.78656609248549303 0.57340843044527534 13.519894785944876 1.0000000180025095e-35 -0.9159756150367534 -1.5952980467773936 -1.2455002352697104 0.51572537064332258 502.50000000000006 -0.79836866623954783 28.460400000000003 83.500000000000014 4.5000000000000009 95.112500000000026 -7.6424999999999974 0.99024581825578073 -0.098749067963353782 67.500000000000014 0.95500000000000007 3081.9300000000007 72.903750000000016 0.61490419508004501 11.250000000000002 1.2750493012478665 31.500000000000004 52.500000000000007 90.500000000000014 27.500000000000004
decision_type=2 2 2 2 2 2 2 2 2 2 2 2 2 2 2 2 8 2 2 2 2 10 2 2 2 2 2 2 2 2
left_child=1 2 3 13 -5 6 10 8 -8 11 -2 -3 -13 -1 15 16 -9 19 -19 -7 21 -4 -16 25 -25 -24 27 -27 -23 -14
right_child=5 9 20 4 -6 17 7 14 -10 -11 -12 12 29 -15 22 -17 -18 18 -20 -21 -22 28 23 24 -26 26 -28 -29 -30 -31
leaf_value=0.032349858182902848 0.41518754933818264 -0.35225715233422694 -0.077677304873104855 -0.87316952432042727 -0.2170328258420553 -0.064983201906735802 -0.31505358547757178 -0.22080483546401899 0.35421018871438276 -1.1403359743157755 -0.0025755339315266554 -0.059908262303485789 1.5078859534881788 -0.33708505112102627 0.0093072369560565707 0.48122178365429646 0.061996421970378725 -0.95912335807880822 0.027806573384464163 0.44976131705812206 0.17441279108677252 -0.40145706236203821 -0.10774437929026878 -0.71146509386517365 -0.19367650864816968 -0.15953318358753374 -0.049423250593007631 -0.74142140396770684 -1.407516778823755 0.45202513398876087
leaf_weight=15852 37026 4423 7733 2291 2388 16869 1399 12547 26941 2035 58202 17261 61493 3068 53424 28695 11795 1524 8954 60361 49339 583 185343 648 6629 1105 5484 2569 773 75571
leaf_count=15852 37026 4423 7733 2291 2388 16869 1399 12547 26941 2035 58202 17261 61493 3068 53424 28695 11795 1524 8954 60361 49339 583 185343 648 6629 1105 5484 2569 773 75571
internal_value=0.000466061 0.00146213 -0.000162603 -0.00285025 -0.00968077 5.19938e-07 -0.000302815 -0.000710398 0.00227797 0.00229101 0.00113776 0.00242035 0.0026144 -0.00116061 -0.000985161 0.000715751 -0.0017914 0.00149389 -0.00232007 0.00201137 0.000922967 -0.00291815 -0.00133865 -0.00173959 -0.00677906 -0.00155101 -0.00545824 -0.0131527 -0.0144318 0.00302589
internal_weight=762325 242810 82027 23599 4679 519515 431807 336579 28340 160783 95228 158748 154325 18920 308239 53037 24342 87708 10478 77230 58428 9089 255202 201778 7277 194501 9158 3674 1356 137064
internal_count=762325 242810 82027 23599 4679 519515 431807 336579 28340 160783 95228 158748 154325 18920 308239 53037 24342 87708 10478 77230 58428 9089 255202 201778 7277 194501 9158 3674 1356 137064
is_linear=0
shrinkage=0.06


Tree=68
num_leaves=31
num_cat=6
split_feature=0 89 140 130 104 0 140 120 132 104 140 23 122 126 129 104 139 104 41 22 113 111 132 126 132 129 111 110 127 104
split_gain=101.236 62.5547 55.9479 46.3538 77.8905 59.3061 93.759 47.3069 48.8303 45.8423 44.7878 68.1594 48.3431 43.9549 52.497 47.6109 60.6808 50.9813 42.9195 42.6973 40.15 37.2882 46.1007 33.7728 33.5971 32.9595 31.8985 44.7882 35.1957 31.7369
threshold=233.75500000000002 0 4.5000000000000009 -0.91597561503675329 1 114.11750000000001 4.5000000000000009 2.5000000000000004 0.48595098096596934 2 10.500000000000002 -39.774999999999991 0.52105357315761036 65.475000000000009 58.500000000000007 3 64.500000000000014 4 1.3830770212640651 2.318333333333332 311.50000000000006 57.500000000000007 -0.13291928626387098 73.550000000000026 -0.11585131824808122 178.50000000000003 57.500000000000007 22.250000000000004 11.40984261462452 5
decision_type=2 1 2 2 1 2 2 2 2 1 2 8 2 2 2 1 2 1 2 8 2 2 2 2 2 2 2 2 2 1
left_child=1 25 -2 4 7 10 -7 20 -9 -4 11 12 18 14 -8 16 -15 -18 -5 -14 26 22 -11 -24 -25 -1 27 -3 -28 -12
right_child=2 3 9 5 -6 6 13 8 -10 21 29 -13 19 15 -16 -17 17 -19 -20 -21 -22 -23 23 24 -26 -27 28 -29 -30 -31
leaf_value=-0.0091345374228608521 4.0035608660357633 -0.81251561345727941 -0.12343669009000675 -0.34265121312147828 0.0059378877509234287 0.63927074947729223 -1.0745068099594932 0.0046483788770969826 -0.44812307034399229 0.20312723934590635 -0.063129431398227936 -0.045326221930062166 -1.0600132076491589 -0.14630053153308101 0.55051564052745594 0.026636681875510132 -0.83700222144585279 -0.62647492120395087 -0.040148006076473342 -0.14505904012819051 -0.2158906229740688 0.90085085590362179 -1.5335987925260059 -0.66495426163469629 -0.17655441855219692 0.17263151179434702 -0.067561343740262167 -0.29067235327171809 -0.79144724970446012 0.073577464124717426
leaf_weight=51728 22607 2808 23325 5098 27927 46254 1409 8357 1783 20460 70874 46251 2724 37795 35863 97990 344 448 7441 1554 3762 50745 130 378 2838 130387 1684 1751 245 57848
leaf_count=51728 22607 2808 23325 5098 27927 46254 1409 8357 1783 20460 70874 46251 2724 37795 35863 97990 344 448 7441 1554 3762 50745 130 378 2838 130387 1684 1751 245 57848
internal_value=0.000468857 0.000169494 0.00206482 -0.000202989 -0.00196113 3.24863e-06 0.000675308 -0.00477918 -0.00187555 0.0014434 -0.000768023 -0.00207791 -0.00534891 3.6549e-05 0.0018628 -0.000461846 -0.0022467 -0.0186734 -0.00346938 -0.0108558 -0.00765584 0.00216955 0.000210695 -0.0063173 -0.00509916 0.00111071 -0.010515 -0.0132513 -0.00404456 -0.000126224
internal_weight=762808 642325 120483 460210 48317 411893 220103 20390 10140 97876 191790 63068 16817 173849 37272 136577 38587 792 12539 4278 10250 74551 23806 3346 3216 182115 6488 4559 1929 128722
internal_count=762808 642325 120483 460210 48317 411893 220103 20390 10140 97876 191790 63068 16817 173849 37272 136577 38587 792 12539 4278 10250 74551 23806 3346 3216 182115 6488 4559 1929 128722
cat_boundaries=0 1 4 7 9 11 13
cat_threshold=48 3052682501 1645347623 1 1619050690 526378012 1 1619018354 2998977560 1073758274 272663576 1654892682 275375822
is_linear=0
shrinkage=0.06


Tree=69
num_leaves=31
num_cat=5
split_feature=104 126 133 134 115 127 110 125 98 104 127 104 19 135 130 104 122 29 130 133 113 130 120 139 126 115 126 99 130 104
split_gain=94.8254 106.226 105.625 58.7236 59.5288 92.4829 65.2381 52.6254 92.0345 46.4869 41.2861 45.8383 41.1698 39.8595 39.3325 46.5698 37.2351 37.0436 34.9056 42.1125 46.6817 34.8105 35.0209 35.5326 34.5605 34.2663 76.4834 52.765 82.2166 72.6991
threshold=0 116.52500000000002 0.73136292505298039 1.0000000180025095e-35 0.45748186522764456 4.5847508079289883 15.850000000000003 0.36966666666666675 0.14569472580964501 1 0.49718561527731503 2 116.40802083333334 1.0000000180025095e-35 -0.91597561503675329 3 0.43290291644084405 74.843610199386504 0.12940952255126045 0.99932962452255414 288.50000000000006 0.91597561503675362 91.500000000000014 35.500000000000007 96.100000000000009 -0.098994949366116636 119.80000000000003 0.99958851518450398 0.37940952255126054 4
decision_type=1 2 2 2 2 2 2 2 2 1 2 1 10 2 2 1 2 8 2 2 2 2 2 2 2 2 2 2 2 1
left_child=1 2 3 4 -1 6 12 13 -9 17 11 18 -6 25 15 -12 -4 -2 -11 -20 -21 -16 -23 -24 -8 27 -27 -3 -29 -30
right_child=9 7 16 -5 5 -7 24 8 -10 10 14 -13 -14 -15 21 -17 -18 -19 19 20 -22 22 23 -25 -26 26 -28 28 29 -31
leaf_value=0.0021607830615651045 -0.028637393439860527 -0.012705954748457518 -0.45556340333428313 0.39774524588508714 0.25113026010527328 -1.3847960809588848 0.057162748693011682 -0.17565537074310708 -1.1937391168709104 -0.12735680919841941 -0.37869972481377889 -0.010052751353583373 -0.94711953169983154 0.22778659275383906 0.082279903835018833 -0.036866794276600355 1.1553314620186079 -0.45418897804976505 -0.51286007579903847 -1.2119182029202993 -1.1548539698190632 -0.028489669074699416 -0.4601420954968804 -1.5320268942218092 -0.43863972285179725 -0.99133079332950558 0.20132302856650189 -0.12324008119783732 0.062732486822799555 -1.0958631075621872
leaf_weight=28723 31742 140376 1399 16880 86 764 3865 807 283 8255 6514 29886 208 30650 235091 33608 83566 27339 7603 729 444 33366 5412 348 803 279 31181 1904 204 355
leaf_count=28723 31742 140376 1399 16880 86 764 3865 807 283 8255 6514 29886 208 30650 235091 33608 83566 27339 7603 729 444 33366 5412 348 803 279 31181 1904 204 355
internal_value=0.000447008 0.00118833 0.00248787 0.000338866 -0.00108174 -0.00666736 -0.00367278 0.000328742 -0.0128139 -0.00015677 9.84205e-05 -0.00156183 -0.0310373 0.000398702 0.00034623 -0.00140837 0.0037861 -0.00171688 -0.00404495 -0.00668155 -0.0172589 0.000602958 -0.00105411 -0.00537407 -0.00194303 4.78143e-05 0.00184037 -0.000347003 -0.00905114 -0.0292607
internal_weight=762670 342333 136294 51329 34449 5726 4962 206039 1090 420337 361256 46917 294 204949 314339 40122 84965 59081 17031 8776 1173 274217 39126 5760 4668 174299 31460 142839 2463 559
internal_count=762670 342333 136294 51329 34449 5726 4962 206039 1090 420337 361256 46917 294 204949 314339 40122 84965 59081 17031 8776 1173 274217 39126 5760 4668 174299 31460 142839 2463 559
cat_boundaries=0 2 4 7 10 12
cat_threshold=2300337494 3760201147 1619034112 16384 139816 43188224 1 71303169 1048576 1 17317954 2102424
is_linear=0
shrinkage=0.06


Tree=70
num_leaves=31
num_cat=6
split_feature=0 131 111 70 104 104 104 135 132 132 104 131 54 111 25 139 132 132 111 104 114 114 104 111 98 123 120 136 111 25
split_gain=92.1751 59.0636 56.2719 49.7584 47.5023 45.6962 45.643 39.5539 39.2356 39.1129 39.0886 36.9491 36.5962 47.4121 40.9152 36.2386 42.0983 63.4167 64.5059 47.6041 47.5604 34.509 34.9125 48.1016 39.4092 30.7266 29.8138 29.1537 27.9782 60.3102
threshold=217.52500000000003 0.91597561503675351 62.500000000000007 54.500000000000007 0 1 2 1.0000000180025095e-35 -0.13291928626387098 -0.098749067963353782 3 -0.9159756150367534 2.7813134507778128 90.500000000000014 0.85798629067421095 64.500000000000014 -0.76624641395159687 -0.77718486915728335 41.500000000000007 4 0.49507832435277777 1.8518132797612668 5 89.500000000000014 0.61490419508004501 0.28472528698716154 1.0000000180025095e-35 1.0000000180025095e-35 97.500000000000014 0.85798629067421095
decision_type=2 2 2 2 1 1 1 2 2 2 1 2 10 2 10 2 2 2 2 1 2 2 1 2 2 2 2 2 2 10
left_child=1 3 8 -1 -3 21 28 11 15 10 -10 25 -13 -14 -15 16 17 20 19 -19 26 -4 23 -23 -24 -8 27 -2 -5 -30
right_child=2 4 5 6 -6 -7 7 -9 9 -11 -12 12 13 14 -16 -17 -18 18 -20 -21 -22 22 24 -25 -26 -27 -28 -29 29 -31
leaf_value=0.074425955042518754 -0.59330383139373966 -0.17051957220471969 0.43409402254550217 -0.095960981737537657 0.29990921522841252 1.1866532363372357 -0.002154144263750238 0.15492832206470816 -1.1475615203043519 -0.11979228135959431 -0.34333501073137696 0.032528450670676487 -0.12222506755235424 -0.067329280562752822 0.72982386590651838 -0.65724588273085283 0.56289590391459721 -0.61975201955136794 5.8881200124365529 -0.52189114644976853 0.40393528447622229 -1.0718895697394224 -0.046300301986366886 0.068853031530056397 -1.0897082435517504 0.39738984247243336 -0.30358097243705995 0.12811964338429144 -0.86429948971874071 1.4190413201852032
leaf_weight=137594 437 11510 14267 128020 65835 75516 22438 43611 456 8021 736 70849 93608 14298 8839 1476 28652 229 297 362 7401 586 2982 412 146 16452 1666 157 3719 1780
leaf_count=137594 437 11510 14267 128020 65835 75516 22438 43611 456 8021 736 70849 93608 14298 8839 1476 28652 229 297 362 7401 586 2982 412 146 16452 1666 157 3719 1780
internal_value=0.000463345 0.000145239 0.00183167 -7.64065e-05 0.00169614 0.00269677 -0.000412313 3.63193e-05 0.000203243 -0.0033321 -0.0134686 -0.000282297 -0.000631232 -0.00128407 0.00114798 0.00100403 0.00135161 -0.00188872 -0.0172238 -0.0286723 -0.000477541 1.40189e-05 -0.00481803 -0.0145213 -0.00166677 0.00140084 -0.00809376 -0.0196235 -0.00131975 -0.00551018
internal_weight=762352 618553 143799 541208 77345 93909 403614 270095 49890 9213 1192 226484 187594 116745 23137 40677 39201 10549 888 591 9661 18393 4126 998 3128 38890 2260 594 133519 5499
internal_count=762352 618553 143799 541208 77345 93909 403614 270095 49890 9213 1192 226484 187594 116745 23137 40677 39201 10549 888 591 9661 18393 4126 998 3128 38890 2260 594 133519 5499
cat_boundaries=0 2 4 6 8 10 12
cat_threshold=536905856 67183680 1619058882 424666132 1721117225 1107542020 3501350756 3221229697 336331060 150997027 1610629186 272663568
is_linear=0
shrinkage=0.06


Tree=71
num_leaves=31
num_cat=9
split_feature=104 111 91 121 25 132 133 133 132 104 104 133 104 130 111 113 127 115 104 104 126 98 123 132 132 28 112 132 104 104
split_gain=86.4415 78.0776 101.522 73.7519 58.1736 57.6232 57.4327 118.577 171.265 88.2256 84.6719 66.1697 67.165 61.6738 57.0812 56.4768 56.2228 58.8282 64.703 55.1788 58.4416 62.7694 55.1277 50.1231 49.6877 68.1408 48.6921 48.6339 65.0924 52.7419
threshold=0 49.500000000000007 1 984.75000000000011 0.97214740111337428 0.025799818015934263 0.93769647993491489 0.99024581825578073 -0.098749067963353782 2 3 0.91511078773075516 4 0.78656609248549325 62.500000000000007 305.50000000000006 0.49718561527731503 1.4834269745646169 5 6 151.85000000000002 0.16269055358644466 0.28472528698716154 0.21336913576298863 0.025799818015934263 289.10052083333341 2.3450000000000002 0.66766646831012755 7 8
decision_type=1 2 1 2 10 2 2 2 2 1 1 2 1 2 2 2 2 2 1 1 2 2 2 2 2 10 2 2 1 1
left_child=1 4 3 -3 -1 -5 11 19 9 13 24 16 26 14 -9 -6 17 -2 -19 20 21 -8 -21 -24 -10 -26 -13 29 -29 -18
right_child=6 2 -4 5 15 -7 7 8 10 -11 -12 12 -14 -15 -16 -17 27 18 -20 22 -22 -23 23 -25 25 -27 -28 28 -30 -31
leaf_value=-0.055933072870982078 -0.08483817347579814 -0.35508998880647763 0.066243909389335942 1.8392879649337679 -0.044549940275967113 -0.6324303205631131 -0.67362766851721179 -1.1735181706007995 -0.040069229454133888 -0.21573103661030374 0.14508888588444555 0.086129235937577403 -0.06878382390063599 -1.2754068283952578 -0.29220738545901614 -0.32512003762558461 0.098897253672616842 -0.65490868273812974 -0.12406441037095189 -0.062912004749959963 0.13700032685176453 1.1318586545740572 0.31050292530790968 0.96294201915844524 -0.60367209742617434 -1.3262398607380947 -0.41875739102919141 -0.45015991665328203 -0.017316528300982258 -0.036686623935151853
leaf_weight=29080 32985 2334 101519 65328 770 843 692 1683 6129 4562 46214 2260 18371 923 1279 866 148714 3100 4432 12981 1073 403 60346 28476 5304 739 8716 4652 8023 159437
leaf_count=29080 32985 2334 101519 65328 770 843 692 1683 6129 4562 46214 2260 18371 923 1279 866 148714 3100 4432 12981 1073 403 60346 28476 5304 739 8716 4652 8023 159437
internal_value=0.000427302 0.00149588 0.00199891 0.0037835 -0.00128802 0.00415381 4.52429e-05 0.000962993 -0.0010088 -0.00899361 0.00014654 -0.000355984 -0.00309588 -0.0156237 -0.0114371 -0.0122932 -0.000133452 -0.00223945 -0.0070235 0.00223047 -0.00721983 -0.0169982 0.00243226 0.00296626 -0.00430337 -0.00816711 -0.00680659 0.00013252 -0.00350978 0.000282348
internal_weight=762234 200740 170024 68505 30716 66171 561494 170804 66833 8447 58386 390690 29347 3885 2962 1636 361343 40517 7532 103971 2168 1095 101803 88822 12172 6043 10976 320826 12675 308151
internal_count=762234 200740 170024 68505 30716 66171 561494 170804 66833 8447 58386 390690 29347 3885 2962 1636 361343 40517 7532 103971 2168 1095 101803 88822 12172 6043 10976 320826 12675 308151
cat_boundaries=0 2 3 5 7 9 12 14 16 18
cat_threshold=2300056852 6563 24 1894212168 3221783124 545399304 8478720 847396930 810845212 274981032 1085735424 1 0 8192 1120101064 1229193232 306602601 3954188304
is_linear=0
shrinkage=0.06


Tree=72
num_leaves=31
num_cat=9
split_feature=123 122 115 104 127 47 104 115 101 132 104 127 104 125 104 98 112 122 104 104 129 119 19 104 132 104 121 139 122 131
split_gain=88.0288 72.6136 80.5442 68.959 66.3849 82.1523 78.7847 62.3786 99.6254 66.1363 64.3168 58.8656 64.2983 57.6123 56.7563 47.7875 47.1376 124.948 102.54 45.7218 68.4067 45.5744 89.4624 52.8864 42.9958 45.8515 53.351 42.8589 41.9355 51.1508
threshold=0.94532124365709502 0.72839698425199251 1.2750493012478665 0 13.015076718927093 1188.2458333333336 1 -0.048352351519276394 0.6830127018922193 0.51572537064332258 2 0.99990069615205213 3 0.0094000000000000108 4 -0.8378775142878907 2.9350000000000005 0.10430584105161063 5 6 1.0000000180025095e-35 578.50000000000011 119.83750000000002 7 -0.88965196910377931 8 988.05000000000007 45.500000000000007 0.53709063244523925 -0.37940952255126015
decision_type=2 2 2 1 2 10 1 2 2 2 1 2 1 2 1 2 2 2 1 1 2 2 10 1 2 1 2 2 2 2
left_child=1 4 -3 -2 5 7 -6 10 21 14 -1 12 -7 16 -10 24 17 18 27 -11 -21 23 -23 -9 -5 -26 -27 -8 -19 -30
right_child=3 2 -4 15 6 11 13 8 9 19 -12 -13 -14 -15 -16 -17 -18 28 -20 20 -22 22 -24 -25 25 26 -28 -29 29 -31
leaf_value=-0.096240085857573682 -0.007063499788756704 -0.40362660342233625 -1.3422807766228986 0.28909524937111702 -0.047040957868498441 -0.087466365602431498 -0.68892276883658321 -0.17142230714752862 0.10303689030362556 0.13612444750969113 0.026926213347930984 -0.092776370452459095 -0.47335700687362298 0.98216389423952111 1.0942237878663112 1.9140734834700213 0.4500228199705259 0.14451007902544111 -0.12251555925082254 -0.014710980006932405 -0.75950542732165138 -0.094887065098647042 -0.86827329453872593 0.11002089200496878 0.14541182755173829 -0.69732454377844177 -1.6978314897296265 -0.77673309023740245 1.0269378235733146 -0.71361876813728353
leaf_weight=152257 27605 1246 212 11878 57754 3253 355 15327 24676 1752 218222 21067 4441 53658 42875 35038 21635 30946 1292 880 912 3725 1227 22610 1018 982 176 433 1872 3084
leaf_count=152257 27605 1246 212 11878 57754 3253 355 15327 24676 1752 218222 21067 4441 53658 42875 35038 21635 30946 1292 880 912 3725 1227 22610 1018 982 176 433 1872 3084
internal_value=0.000418893 0.000203272 -0.0131679 0.00234663 0.000231783 -0.000109379 0.00125553 7.55848e-05 0.00130301 0.00268074 -0.000302057 -0.00322488 -0.00771618 0.00217494 0.00309992 0.00369533 0.000891375 -0.00038196 -0.0146756 -0.00530776 -0.0120067 -0.000980788 -0.0063937 -0.000274079 0.000740235 -0.00701148 -0.0151001 -0.0315544 0.000446537 -0.00467702
internal_weight=762408 685711 1458 76697 684253 513224 171029 484463 113984 71095 370479 28761 7694 113275 67551 49092 59617 37982 2080 3544 1792 42889 4952 37937 14054 2176 1158 788 35902 4956
internal_count=762408 685711 1458 76697 684253 513224 171029 484463 113984 71095 370479 28761 7694 113275 67551 49092 59617 37982 2080 3544 1792 42889 4952 37937 14054 2176 1158 788 35902 4956
cat_boundaries=0 3 6 8 10 13 15 17 20 22
cat_threshold=853778568 1565508 1 1619052738 399279128 1 1725046843 960906318 609190579 399406090 1610785288 1136648260 1 2483815717 2283805027 4152381651 2423176602 540241864 2192917009 1 1158170707 339743802
is_linear=0
shrinkage=0.06


Tree=73
num_leaves=31
num_cat=3
split_feature=19 104 123 131 135 113 132 110 119 104 131 96 104 47 140 123 132 123 131 123 112 114 129 125 110 139 123 112 84 132
split_gain=82.0499 78.6421 62.2078 48.5262 49.6944 45.6479 73.1144 43.5258 48.146 41.999 40.6363 45.6299 40.3974 40.0183 39.6817 38.729 37.7266 58.7703 45.4195 51.9373 39.2295 36.6504 36.6502 36.2454 35.746 52.1509 143.255 37.7031 70.73 60.5957
threshold=198.79722222222225 0 0.83424306947480398 0.91597561503675351 1.0000000180025095e-35 279.50000000000006 -0.13291928626387098 18.650000000000002 56.500000000000007 1 -0.9159756150367534 -0.37940952255126059 2 1334.7635416666669 21.000000000000004 0.33496458509586696 -0.098749067963353782 0.72707149129435711 0.25881904510252057 0.68302045652119336 3.8950000000000005 -1.2984543603845724 9.5000000000000018 0.36966666666666675 24.650000000000002 53.500000000000007 0.057485044027736881 3.2650000000000001 2.4722916666666674 -0.76624641395159687
decision_type=10 1 2 2 2 2 2 2 2 1 2 2 1 10 2 2 2 2 2 2 2 2 2 2 2 2 2 2 10 2
left_child=3 14 5 4 10 -3 24 13 -9 -6 15 -12 -5 -4 -2 -1 17 20 -18 22 -8 -13 -20 -21 -7 27 -27 28 -26 -30
right_child=1 2 7 12 9 6 16 8 -10 -11 11 21 -14 -15 -16 -17 18 -19 19 23 -22 -23 -24 -25 25 26 -28 -29 29 -31
leaf_value=0.007788613541486967 0.30453702305747199 0.78200178381211682 2.177578886184186 -0.19325614754234441 -0.025315161217830343 0.63506923414518013 0.047043033438873436 0.25789798021933258 -0.51886581800515608 0.25251408267246189 0.010754500000584932 0.10403297310755955 0.25149987642356642 -0.57431757141256135 -0.29948156458626213 0.41054390148703429 0.004827443064733831 -1.2813032752397848 0.85572062512540015 -0.12680346401136233 -0.5721804122893932 -0.10754076739020317 -0.78751589299972335 -1.3989880458210642 0.59135871394406192 1.6467126954243869 -0.80060966872391559 0.85192894494668991 -0.593068514748193 1.35854170790414
leaf_weight=54393 16592 17806 55969 9732 34304 24544 1017 11498 1636 44541 157235 24435 64657 497 21405 19639 6452 417 145 1929 586 184416 619 81 1875 656 495 3773 1076 380
leaf_count=54393 16592 17806 55969 9732 34304 24544 1017 11498 1636 44541 157235 24435 64657 497 21405 19639 6452 417 145 1929 586 184416 619 81 1875 656 495 3773 1076 380
internal_value=0.000434189 0.00159864 0.00229348 0.000101646 -0.000103787 0.000909041 -0.000127367 0.00352409 0.000412943 0.00128339 -0.000352295 -0.000611559 0.0015348 0.00424772 -0.000805567 0.000929748 -0.00430195 -0.0117269 -0.00267519 -0.00909405 -0.00649751 -0.00119278 -0.0224 -0.00402785 0.00130409 -0.00211119 -0.0139531 -0.000190851 -0.00484214 -0.0147591
internal_weight=762800 169448 131451 593352 518963 61851 44045 69600 13134 78845 440118 366086 74389 56466 37997 74032 11246 2020 9226 2774 1603 208851 764 2010 32799 8255 1151 7104 3331 1456
internal_count=762800 169448 131451 593352 518963 61851 44045 69600 13134 78845 440118 366086 74389 56466 37997 74032 11246 2020 9226 2774 1603 208851 764 2010 32799 8255 1151 7104 3331 1456
cat_boundaries=0 2 5 8
cat_threshold=1654775874 492824092 849586744 5234884 1 536905856 67117120 1
is_linear=0
shrinkage=0.06


Tree=74
num_leaves=31
num_cat=0
split_feature=0 140 70 132 132 113 132 111 25 111 25 110 115 139 5 127 124 109 16 110 99 115 109 127 139 84 132 134 111 132
split_gain=82.4901 57.7925 52.2423 47.0053 49.9426 62.3901 44.5527 41.2572 36.7205 72.3572 56.5168 43.9674 42.0536 34.3501 43.6413 32.6347 32.1661 32.0269 31.9321 30.9024 30.7676 39.079 47.8342 44.1865 29.6437 29.324 27.8862 26.9022 30.3255 45.0051
threshold=233.75500000000002 4.5000000000000009 63.500000000000007 -0.76624641395159687 -0.13291928626387098 275.50000000000006 -0.098749067963353782 47.500000000000007 0.57928051719865759 82.500000000000014 0.94847200471257598 6.3500000000000005 -1.4593802439143577 60.500000000000007 1.2115000000000002 1.1978360483152102 0.3050000000000001 527.50000000000011 99.406031799316438 7.2500000000000009 0.99748108949426018 -0.70723229592808234 132.50000000000003 1.2623093044020852 64.500000000000014 2.1239583333333338 0.66766646831012755 1.0000000180025095e-35 35.500000000000007 -0.77718486915728335
decision_type=2 2 2 2 2 2 2 2 10 2 10 2 2 2 10 2 2 2 10 2 2 2 2 2 2 10 2 2 2 2
left_child=2 -2 7 27 24 -6 -7 -1 19 13 11 12 -11 -10 -15 -8 17 25 -9 -4 -13 22 23 -22 -5 -16 -17 28 29 -3
right_child=1 3 8 4 5 6 15 18 9 10 -12 20 -14 14 16 26 -18 -19 -20 -21 21 -23 -24 -25 -26 -27 -28 -29 -30 -31
leaf_value=-0.045466029871762202 3.5754209117261833 -0.24080312981239357 -0.54251199035100672 1.0699068257695028 0.64156515881174236 -0.78189109904297927 -0.38226841476805179 0.0013293619101496248 -0.035683199861354792 0.39605989548579112 0.45525857218821875 0.11208853700005897 -0.72463178641131698 -0.15486519482015337 -0.80491333968884904 0.13073784474146222 -0.25550071406533331 -0.01893451397953275 0.19910142883045717 -0.064692661267562915 -0.10332213928518381 0.16789105867997703 -0.8124366124868263 -1.3201791481871548 -0.42733000059095749 -0.11936809428428458 -0.67117630961557717 0.37144088778257572 -0.30086477323012195 -0.54908422435612581
leaf_weight=50851 22682 466 3673 52467 13826 1973 4560 59135 119967 796 40125 51327 1419 3781 713 8378 682 268 144985 156363 2395 4117 694 461 1898 188 578 4423 8920 333
leaf_count=50851 22682 466 3673 52467 13826 1973 4560 59135 119967 796 40125 51327 1419 3781 713 8378 682 268 144985 156363 2395 4117 694 461 1898 188 578 4423 8920 333
internal_value=0.000415458 0.00185589 0.00014506 0.00122315 0.00176384 -0.000232296 -0.00284739 0.000811878 -0.000294302 0.000196524 0.00138929 0.000242019 -0.00805505 -0.000765812 -0.00534493 -0.00161752 -0.0128909 -0.0189282 0.00119282 -0.000990296 0.000553674 -0.00299139 -0.00760349 -0.00416661 0.00284019 -0.0243392 0.000486324 -0.0019761 -0.00374136 -0.0149325
internal_weight=762444 120504 641940 97822 83680 29315 15489 254971 386969 226933 101334 61209 2215 125599 5632 13516 1851 1169 204120 160036 58994 7667 3550 2856 54365 901 8956 14142 9719 799
internal_count=762444 120504 641940 97822 83680 29315 15489 254971 386969 226933 101334 61209 2215 125599 5632 13516 1851 1169 204120 160036 58994 7667 3550 2856 54365 901 8956 14142 9719 799
is_linear=0
shrinkage=0.06


Tree=75
num_leaves=31
num_cat=8
split_feature=109 104 133 104 130 130 132 104 130 139 132 129 104 132 110 110 133 111 128 104 111 104 104 129 111 110 111 104 69 133
split_gain=78.4836 113.755 82.1098 66.7312 58.1158 45.2998 66.3692 61.4548 41.157 40.3829 38.1743 37.2834 54.1429 42.7808 37.1308 36.8352 36.2798 83.3579 70.4277 53.5591 59.284 45.277 40.4188 36.7421 35.603 57.0259 34.5864 47.0969 35.3464 65.2733
threshold=32.500000000000007 0 0.73136292505298039 1 -0.91597561503675329 -0.78656609248549303 0.48595098096596934 2 0.91597561503675362 64.500000000000014 0.66766646831012755 60.500000000000007 3 -0.98913498983514925 21.250000000000004 14.050000000000002 0.97263757644091875 92.500000000000014 0.0048850822219122523 4 91.500000000000014 5 6 136.50000000000003 67.500000000000014 12.450000000000001 43.500000000000007 7 10.950000000000001 0.99138911339924218
decision_type=2 1 2 1 2 2 2 1 2 2 2 2 1 2 2 2 2 2 2 1 2 1 1 2 2 2 2 1 2 2
left_child=1 5 -3 4 9 6 -1 -8 26 -2 -4 12 13 -10 -11 -9 19 -18 22 20 23 -20 -19 -13 25 -25 27 -5 -28 -30
right_child=3 2 10 8 -6 -7 7 15 11 14 -12 16 -14 -15 -16 -17 17 18 21 -21 -22 -23 -24 24 -26 -27 28 -29 29 -31
leaf_value=-0.26224336819474164 -0.083771808796724176 0.038707452876525085 1.4268078843205758 -0.23588340263101082 0.13650042055164563 0.04188536780013976 -0.29293194167838066 -0.45682370981193193 -0.029482140812474571 -0.26408010234408014 -0.76760915950606912 0.25248853201802646 -0.080330548277894334 -0.8619800238932408 -1.005490076537058 -1.5735175866219777 -0.95430370242174867 0.51424644255906227 0.03559721081928989 0.29346843218603347 0.34482175069415394 -1.5418420177056595 -0.46691947940035949 -1.1693436788269871 -0.38826515137738793 -0.25866063053544786 0.066499311649202947 0.00073461502908949957 -0.016920637586312341 -0.40242476137800565
leaf_weight=12288 26035 32845 66504 21071 165070 30397 649 197 945 240 216 1521 4427 2361 186 451 1287 4457 327 18046 3810 650 4457 624 6288 584 174867 29080 143309 9624
leaf_count=12288 26035 32845 66504 21071 165070 30397 649 197 945 240 216 1521 4427 2361 186 451 1287 4457 327 18046 3810 650 4457 624 6288 584 174867 29080 143309 9624
internal_value=0.000406047 0.00167012 0.00279254 0.000113031 0.00104377 -0.000871229 -0.00375166 -0.0166549 -0.000303755 -0.00156655 0.00400174 -0.0019254 -0.00575407 -0.0115478 -0.0198689 -0.0295174 -0.0012212 -0.00414992 -0.00228002 -0.000160718 -0.00312338 -0.0175644 -0.000603028 -0.00577711 -0.0075022 -0.016933 -9.01541e-05 -0.00155754 0.00013435 -0.000531876
internal_weight=762813 143547 99565 619266 191531 43982 13585 1297 427735 26461 66720 49784 7733 3306 426 648 42051 11178 9891 30873 12827 977 8914 9017 7496 1208 377951 50151 327800 152933
internal_count=762813 143547 99565 619266 191531 43982 13585 1297 427735 26461 66720 49784 7733 3306 426 648 42051 11178 9891 30873 12827 977 8914 9017 7496 1208 377951 50151 327800 152933
cat_boundaries=0 2 4 6 9 11 13 16 18
cat_threshold=853770240 1041220 2288588052 15267 536903680 1040448 1385572360 3257466948 1 1610629186 885965912 1644208266 343868488 1083228866 3024389212 1 1166280865 1064501248
is_linear=0
shrinkage=0.06


Tree=76
num_leaves=31
num_cat=10
split_feature=123 104 127 47 104 123 91 130 112 139 104 130 104 104 123 113 104 52 99 104 21 130 125 54 113 104 112 54 104 112
split_gain=78.5027 66.5393 65.9067 83.435 70.3182 62.842 85.8698 69.541 77.5014 62.6719 60.3965 54.7271 73.19 69.7074 53.359 49.9089 49.7959 45.0951 41.5187 44.4543 40.0312 40.0018 50.8446 45.7039 45.8598 39.9351 38.2829 128.538 85.2399 50.9398
threshold=0.94532124365709502 0 9.4296058358007553 1188.2458333333336 1 0.17486684701380334 2 -0.91597561503675329 2.0150000000000001 64.500000000000014 3 -1.0000000180025095e-35 4 5 0.83424306947480398 321.50000000000006 6 9.6017998389707682 0.83730377313544024 7 212.55000000000004 -0.78656609248549303 0.49398333333333339 2.8548029733320539 287.50000000000006 8 3.2650000000000001 24.100720283970933 9 2.2550000000000003
decision_type=2 1 2 10 1 2 1 2 2 2 1 2 1 1 2 2 1 2 2 1 10 2 2 10 2 1 2 10 1 2
left_child=2 -2 3 9 -4 6 15 8 18 16 -5 12 -11 -13 20 -6 21 -12 19 -7 -14 22 23 -1 -25 -16 27 -8 29 -29
right_child=1 -3 4 10 5 7 26 -9 -10 11 17 13 14 -15 25 -17 -18 -19 -20 -21 -22 -23 -24 24 -26 -27 -28 28 -30 -31
leaf_value=0.12340781080204224 0.039233372727136381 0.91232037032908408 -0.015858810117843607 -0.022900966376884775 -0.15576114248999129 -0.72659739343954188 0.21197499457327612 0.90012152133775336 0.14438070083220286 -0.1823932775970287 -0.26385183709711357 -0.55426073174017343 -0.28908613251098064 0.58642920405481425 0.69691987205985217 -0.32779693783518737 -0.036000807502540116 -0.69459707052463804 0.64770113595542878 -0.20904841223289633 -1.1245948985982097 0.10198996017516521 -1.519917058912073 0.056429188596221903 -0.26310143040052519 -1.6787546458602323 0.24849569668715446 -0.18961668844031168 -0.089442894355728719 -0.63585789640427604
leaf_weight=16804 35738 41001 90568 12883 420 1670 9336 81614 13918 1354 11592 1101 186 2642 337 492 256556 2402 745 1641 477 141940 127 9117 14202 373 10228 352 1633 1265
leaf_count=16804 35738 41001 90568 12883 420 1670 9336 81614 13918 1354 11592 1101 186 2642 337 492 256556 2402 745 1641 477 141940 127 9117 14202 373 10228 352 1633 1265
internal_value=0.000405163 0.0022251 0.000201567 -0.000194287 0.00107532 0.00200757 -0.000767227 0.00266885 -0.000709652 1.69827e-06 -0.00344066 -0.00585999 -0.0123233 -0.00114904 -0.0220101 -0.0187086 8.81513e-05 -0.00616751 -0.0080069 -0.0108859 -0.0344006 0.000846648 -0.000822836 -0.000702372 -0.00242135 -0.0107173 -4.10074e-05 -0.00225661 -0.0125315 -0.0222346
internal_weight=762714 76739 685975 472093 213882 123314 23726 99588 17974 445216 26877 6470 2727 3743 1373 912 438746 13994 4056 3311 663 182190 40250 40123 23319 710 22814 12586 3250 1617
internal_count=762714 76739 685975 472093 213882 123314 23726 99588 17974 445216 26877 6470 2727 3743 1373 912 438746 13994 4056 3311 663 182190 40250 40123 23319 710 22814 12586 3250 1617
cat_boundaries=0 3 6 7 10 12 15 17 19 22 24
cat_threshold=1927523976 35645252 1 1621213378 500098588 1 1 67617499 1070523928 1 1611317880 4021275856 3767025730 373566488 1 2301449668 1145061297 2671783425 1647314946 184827136 295 1 353110309 35658083
is_linear=0
shrinkage=0.06


Tree=77
num_leaves=31
num_cat=12
split_feature=19 127 69 114 133 104 139 133 104 54 111 91 104 104 104 133 104 104 104 133 120 104 109 99 129 104 133 104 139 126
split_gain=81.5783 50.4441 61.6682 71.9588 63.1524 61.5503 54.0447 53.4291 51.3275 48.451 48.2495 56.7417 48.0956 46.3605 42.9192 42.3795 40.0331 39.8004 36.9428 35.952 35.7011 62.4192 57.2302 34.5148 40.0967 47.6573 55.0458 34.3508 33.6941 33.1871
threshold=257.23541666666671 13.015076718927093 11.050000000000002 -0.55079406824129407 0.99138911339924218 0 64.500000000000014 0.99981043035926087 1 39.595182781483771 51.500000000000007 2 3 4 5 0.97263757644091875 6 7 8 0.94066717844141279 98.500000000000014 9 47.500000000000007 0.99748108949426018 66.500000000000014 10 0.90070004940655357 11 43.500000000000007 1638.7500000000002
decision_type=10 2 2 2 2 1 2 2 1 10 2 1 1 1 1 2 1 1 1 2 2 1 2 2 2 1 2 1 2 2
left_child=1 2 3 18 9 19 8 12 23 15 11 16 -6 -11 -8 27 -7 -2 -1 -3 -12 22 -22 24 25 26 -5 -4 -29 -19
right_child=17 5 4 6 7 10 14 -9 -10 13 20 -13 -14 -15 -16 -17 -18 29 -20 -21 21 -23 -24 -25 -26 -27 -28 28 -30 -31
leaf_value=-0.055802451289162572 -0.42470877271241869 -0.14072351286846341 0.036919564424162964 -0.45013608941348016 -1.0766526513102563 -0.012365418658650998 -0.60557002728777531 0.49191424057659838 0.06925750031796854 -0.82592651965212638 0.46979476495456612 0.02878038998112694 -0.2826843179613468 -0.14930226965238805 -0.046093035556821378 0.58321291504626949 -0.30583720030339301 1.2316814715950153 0.96422676209731606 0.61719178899880012 0.27553067715096746 0.4295816736184761 -1.9571292658290258 -0.59394369425472826 -0.0040031295724842365 -0.18982789526984908 -1.2578633488752942 -0.088328925603168781 0.49739094946500723 -0.082600979050789794
leaf_weight=7773 5224 35262 70851 539 1871 604 3011 2772 151011 1345 83267 33493 9449 2751 3403 11935 740 57760 28455 5694 284 1394 410 7232 65378 6816 483 143560 10060 9412
leaf_count=7773 5224 35262 70851 539 1871 604 3011 2772 151011 1345 83267 33493 9449 2751 3403 11935 740 57760 28455 5694 284 1394 410 7232 65378 6816 483 143560 10060 9412
internal_value=0.000390893 0.000189808 -9.34561e-05 0.000531065 -0.000765828 0.00111914 0.000151669 -0.00466955 0.00030223 -0.000537074 0.00180355 -7.8018e-05 -0.00649766 -0.0070061 -0.00528075 -0.000424962 -0.0121151 0.00230695 0.00302211 -0.000889594 0.0025717 -0.00517568 -0.0197106 -0.000921861 -0.000531352 -0.0045863 -0.0166002 -0.000610205 -0.00111423 0.00269908
internal_weight=762239 689843 528695 274101 254594 161148 237873 14092 231459 240502 120192 34837 11320 4096 6414 236406 1344 72396 36228 40956 85355 2088 694 80448 73216 7838 1022 224471 153620 67172
internal_count=762239 689843 528695 274101 254594 161148 237873 14092 231459 240502 120192 34837 11320 4096 6414 236406 1344 72396 36228 40956 85355 2088 694 80448 73216 7838 1022 224471 153620 67172
cat_boundaries=0 2 4 5 7 9 12 15 17 19 21 23 25
cat_threshold=1619050688 348946448 1992700697 537280580 1 1619141144 8388608 3660665924 3794864786 3053273286 373696024 1 2154244618 2147706508 1 572645440 9388564 536904193 43638784 269223989 1124212772 545259520 64 1212990036 612775953
is_linear=0
shrinkage=0.06


Tree=78
num_leaves=31
num_cat=7
split_feature=35 104 111 132 132 131 133 133 124 122 104 112 110 122 111 121 47 119 114 119 104 104 99 104 127 112 133 104 104 132
split_gain=71.5776 76.5433 75.7995 79.398 79.6184 98.8387 70.7687 87.7904 73.1097 73.6658 63.3182 55.413 64.916 55.2712 50.8871 50.7072 49.9237 46.6727 45.6513 43.8688 43.42 43.3137 44.8881 66.8923 70.981 50.1403 45.1006 40.1546 39.3142 37.4796
threshold=359.63500000000005 0 48.500000000000007 -0.13291928626387098 -0.098749067963353782 0.1294095225512602 0.94066717844141279 0.96407344085605606 0.83500000000000008 0.41867363808798025 1 1.885 11.250000000000002 0.38201412391009831 51.500000000000007 994.25000000000011 1188.2458333333336 611.50000000000011 3.5443923638628787 584.50000000000011 2 3 0.91159213926341531 4 1.5369951120216292 2.3250000000000006 0.88917497572200743 5 6 -0.28415946097701883
decision_type=10 1 2 2 2 2 2 2 2 2 1 2 2 2 2 2 10 2 2 2 1 1 2 1 2 2 2 1 1 2
left_child=6 -2 -3 16 5 13 21 8 20 -10 11 12 15 -5 17 -9 -4 -12 -16 -11 29 -1 26 24 -24 -25 -23 -15 -28 -8
right_child=1 2 3 4 -6 -7 7 10 9 19 14 -13 -14 27 18 -17 -18 -19 -20 -21 -22 22 23 25 -26 -27 28 -29 -30 -31
leaf_value=0.11720279909421487 -0.082371916301428441 -0.076112002564074424 1.5406570468994016 -0.33925380028700625 0.18729711335295007 0.13062964537718991 -0.84086775430759664 -0.507972451387944 -0.46439759759212351 1.0924726833621419 -0.090186586178573266 -0.022017225656612145 -0.059468039078233809 -0.59127829915315788 0.18879710530137842 -1.2094992732749767 -0.24736498064750082 -0.3261731884569784 -0.67077442594263925 -1.1308361403741671 1.1812878873837296 -0.037687118242368423 -1.0025923907279559 0.31553650746917516 -0.62617143482547755 -0.18473961628300878 -0.36753186559019818 -1.4777745244484337 0.3412168097846866 -0.003038229572250323
leaf_weight=43035 47462 25674 73217 859 32695 2192 245 3105 672 924 5631 21091 4572 212 74480 1987 2298 715 495 73 35786 319391 998 8715 4076 25055 4291 606 21141 420
leaf_count=43035 47462 25674 73217 859 32695 2192 245 3105 672 924 5631 21091 4572 212 74480 1987 2298 715 495 73 35786 319391 998 8715 4076 25055 4291 606 21141 420
internal_value=0.000372094 0.00139831 0.00211418 0.00278796 0.000492931 -0.00764496 4.26212e-05 0.00116271 0.00364996 -0.00862635 0.000316711 -0.00200188 -0.00576472 -0.0186043 0.0011937 -0.0104237 0.00389917 -0.00396471 0.00163052 0.00172545 0.00421228 -0.000351645 -0.000554105 -0.00248773 -0.00890383 -0.00152038 -0.000336293 -0.0297582 0.00209539 -0.0108728
internal_weight=762113 185215 137753 112079 36564 3869 576898 150196 38120 1669 112076 30755 9664 1677 81321 5092 75515 6346 74975 997 36451 426702 383667 38844 5074 33770 344823 818 25432 665
internal_count=762113 185215 137753 112079 36564 3869 576898 150196 38120 1669 112076 30755 9664 1677 81321 5092 75515 6346 74975 997 36451 426702 383667 38844 5074 33770 344823 818 25432 665
cat_boundaries=0 2 4 6 8 10 12 14
cat_threshold=1658904770 500098588 889465401 41967712 0 8192 134742036 14464 583008256 537919552 134742577 572522496 545292288 604160064
is_linear=0
shrinkage=0.06


Tree=79
num_leaves=31
num_cat=10
split_feature=123 135 126 115 113 114 104 129 104 104 91 129 111 132 111 104 122 104 139 104 21 139 139 104 132 139 104 19 139 104
split_gain=70.4869 61.4829 81.7653 80.8448 76.4822 65.5386 57.8753 52.6804 52.5714 50.3012 62.0761 66.1251 59.7948 66.9516 57.1688 46.5233 46.0551 45.3366 42.4382 78.2597 65.9391 36.3165 40.933 78.2129 60.9885 41.4922 49.8609 40.9911 37.5032 37.3815
threshold=0.94532124365709502 1.0000000180025095e-35 33.225000000000001 1.2750493012478665 328.50000000000006 0.091550726655096962 0 67.500000000000014 1 2 3 154.50000000000003 48.500000000000007 0.025799818015934263 84.500000000000014 4 0.39521488093263935 5 60.500000000000007 6 177.40500000000003 54.500000000000007 51.500000000000007 7 -0.68351797142826876 46.500000000000007 8 87.859722222222231 39.500000000000007 9
decision_type=2 2 2 2 2 2 1 2 1 1 1 2 2 2 2 1 2 1 2 1 10 2 2 1 2 2 1 10 2 1
left_child=1 2 3 4 -1 -6 -2 17 -7 10 11 14 16 -14 -4 -9 -13 -3 21 20 -20 22 25 24 27 28 -27 -24 -11 -30
right_child=6 7 9 -5 5 8 -8 15 -10 18 -12 12 13 -15 -16 -17 -18 -19 19 -21 -22 -23 23 -25 -26 26 -28 -29 29 -31
leaf_value=-0.13821028331466992 0.036790517867353573 -0.21912595518842537 -0.10331732523447273 -1.2097635710643859 -0.14739296132107263 -1.6861145495579788 0.81030817863414195 0.076947876171426843 -0.71865402277283386 -0.022115011081911905 -0.011840418835679803 0.1001643000852748 0.84138122758226752 -0.5419299118597396 -0.81808841524935649 0.5242166333271282 -0.38861916193607404 0.090229720891471452 -0.0069030294467072864 -0.011095875250976439 -0.75188848342874892 0.53970153050392466 -0.16279750372768143 -0.090415251885556186 0.40258714714866228 -0.49039634933551751 0.71908524364644688 -1.8834542119334934 -0.42062476123911746 -0.038537929965686418
leaf_weight=5096 35686 8251 5173 203 783 424 40963 36458 442 271841 134515 25808 69814 1095 895 45577 4770 8751 2039 9269 3930 11015 361 4930 479 2665 11676 951 8862 9896
leaf_count=5096 35686 8251 5173 203 783 424 40963 36458 442 271841 134515 25808 69814 1095 895 45577 4770 8751 2039 9269 3930 11015 361 4930 479 2665 11676 951 8862 9896
internal_value=0.00037527 0.000182448 -5.0888e-05 -0.00652065 -0.00539431 -0.0166218 0.0021009 0.00156528 -0.0279862 2.66285e-05 0.000686795 0.00176124 0.0021252 0.00308157 -0.00432229 0.00219526 -9.26124e-05 -0.00147433 -0.0004463 -0.00354039 -0.00889064 -0.000300189 -0.000419858 -0.00505117 -0.0157458 -0.000317766 0.00283266 -0.0225194 -0.000473248 -0.00306797
internal_weight=762618 685969 586932 6948 6745 1649 76649 99037 866 579984 242070 107555 101487 70909 6068 82035 30578 17002 337914 15238 5969 322676 311661 6721 1791 304940 14341 1312 290599 18758
internal_count=762618 685969 586932 6948 6745 1649 76649 99037 866 579984 242070 107555 101487 70909 6068 82035 30578 17002 337914 15238 5969 322676 311661 6721 1791 304940 14341 1312 290599 18758
cat_boundaries=0 3 6 8 9 11 14 16 18 20 23
cat_threshold=1927523976 35644356 1 293555748 3374389858 1 2571058972 15265 24 849588792 1391452676 3618860648 2298577876 1 1082147010 340935704 1082146880 218629136 536903808 76152832 1610645634 4066444362 1
is_linear=0
shrinkage=0.06


Tree=80
num_leaves=31
num_cat=0
split_feature=127 58 115 133 99 132 132 132 130 111 110 119 127 129 19 130 126 110 19 133 119 103 28 132 132 122 129 113 132 133
split_gain=65.8489 66.349 80.8481 92.8477 80.4983 67.4747 62.1258 59.3468 65.5809 75.5961 76.9552 53.5214 52.9991 52.5638 83.3822 54.1998 115.008 48.3918 53.305 47.6088 47.1305 47.0417 45.8311 77.9381 87.3752 63.6644 54.5533 43.7555 50.0052 43.4767
threshold=13.015076718927093 3119.6300000000006 -0.098994949366116636 0.86004965528756494 0.99958851518450398 0.025799818015934263 0.042991213741508195 0.61490419508004501 -0.91597561503675329 57.500000000000007 15.450000000000001 591.50000000000011 0.49718561527731503 166.50000000000003 98.82309027777778 -0.78656609248549303 182.87500000000003 20.550000000000004 140.70833333333334 0.87709077819680659 552.50000000000011 0.61497421480319081 248.74995370370371 -0.13291928626387098 -0.098749067963353782 0.03240571907466306 46.500000000000007 286.50000000000006 -0.8378775142878907 0.98174098242282837
decision_type=2 2 2 2 2 2 2 2 2 2 2 2 2 2 10 2 2 2 8 2 2 2 10 2 2 2 2 2 2 2
left_child=1 2 4 12 7 -6 -7 8 9 10 29 27 20 14 -9 16 -15 18 21 -11 -4 -2 -10 25 -25 -24 -26 28 -3 -1
right_child=17 11 3 -5 5 6 -8 13 22 19 -12 -13 -14 15 -16 -17 -18 -19 -20 -21 -22 -23 23 24 26 -27 -28 -29 -30 -31
leaf_value=-0.062441413326303249 0.06643763969328724 0.065685206707157273 -0.10948962043168857 0.572383266659104 0.56253853956302224 -0.71420405642586948 -0.13484278504006555 -0.035078537638758317 -0.012247449333137336 -0.12860650213611557 -0.27394838079281436 -0.54264598165542521 0.084406950998614436 -0.77142199369029296 -0.48526849604594008 -0.012293255894903113 0.024956752002350414 0.010183965978496913 1.0712640398191065 0.23756826504326767 -0.49800510738736403 -0.97812116684797801 -1.1816987952075075 -0.65863588305876253 -0.34912992031744788 0.41547250240926736 0.15635222128606072 -0.92313961934670807 -0.32457579941264064 -0.50101494574333361
leaf_weight=295 47824 12191 18839 73785 2805 3955 2917 1112 205043 14472 21429 1166 45442 2412 921 15246 3074 72048 68484 13889 1799 237 412 4629 6312 91225 20738 1170 8048 572
leaf_count=295 47824 12191 18839 73785 2805 3955 2917 1112 205043 14472 21429 1166 45442 2412 921 15246 3074 72048 68484 13889 1799 237 412 4629 6312 91225 20738 1170 8048 572
internal_value=0.00037032 5.06851e-05 0.000181233 0.00142744 -0.000242386 -0.00564972 -0.00885028 -0.000112135 6.6583e-05 -0.00194279 -0.00455685 -0.0031374 -0.00020611 -0.0030875 -0.012292 -0.00218434 -0.00729798 0.00134298 0.00209866 0.000112334 -0.00272746 0.000566893 0.000376581 0.00129063 -0.00127481 0.0021775 2.88346e-05 -0.00245521 -0.00180267 -0.0220714
internal_weight=762491 573898 551323 139865 411458 9677 6872 401781 379016 50657 22296 22575 66080 22765 2033 20732 5486 188593 116545 28361 20638 48061 328359 123316 31679 91637 27050 21409 20239 867
internal_count=762491 573898 551323 139865 411458 9677 6872 401781 379016 50657 22296 22575 66080 22765 2033 20732 5486 188593 116545 28361 20638 48061 328359 123316 31679 91637 27050 21409 20239 867
is_linear=0
shrinkage=0.06


Tree=81
num_leaves=31
num_cat=8
split_feature=104 126 137 139 132 132 109 109 104 134 110 104 114 104 104 124 110 139 104 132 132 111 104 132 111 104 101 19 120 84
split_gain=65.2696 74.4089 62.7536 56.1317 42.2899 77.9829 108.238 65.8113 57.9358 52.0658 70.3459 58.5709 56.6464 47.3727 46.3189 41.7028 40.9413 37.8363 52.2928 42.3527 46.6517 92.6972 98.1145 37.4956 63.7278 37.8968 37.119 37.0773 35.6131 35.3779
threshold=0 116.52500000000002 0.0057829484964584546 11.500000000000002 0.34537287020513602 0.21336913576298863 512.50000000000011 782.50000000000011 1 1.0000000180025095e-35 7.2500000000000009 2 1.8518132797612668 3 4 0.53500000000000014 15.850000000000003 46.500000000000007 5 0.094468741652255758 0.025799818015934263 88.500000000000014 6 0.66766646831012755 73.500000000000014 7 0.93301270189221952 26.964236111111116 99.500000000000014 1.9156250000000001
decision_type=1 2 2 2 2 2 2 2 1 2 2 1 2 1 1 2 2 2 1 2 2 2 1 2 2 1 2 8 2 10
left_child=1 2 23 -4 5 9 -7 14 -6 10 11 -2 -13 27 -8 -16 -5 19 -19 20 -12 -22 -23 -1 -25 -26 -15 -11 -10 -17
right_child=4 -3 3 16 8 6 7 -9 28 13 17 12 -14 26 15 29 -18 18 -20 -21 21 22 -24 24 25 -27 -28 -29 -30 -31
leaf_value=0.74727323269716472 0.0064068369398101749 0.019962305483415481 -0.97805980341486454 -0.58448656697309509 0.053149316775917332 0.79816539422137966 -0.50656729890522301 0.34617156292523332 -0.15216020631886026 -0.34758670986581464 -0.060767119465909632 -0.90742780421557412 0.38635440371018376 0.072301744031264645 -0.028063762429768394 -0.75643869494191007 0.032532523682948289 -0.21238411440647723 0.44015442329482429 0.23102443227194577 0.0030290395205616258 -0.13983662473670164 -1.1594470134433894 -1.1092693668303117 -0.56286104815608717 0.71108016065819113 0.72290622553733352 -0.14904534341155512 -0.6859708662273446 -0.034234756228728611
leaf_weight=79886 2440 171330 282 246 34730 25118 574 1150 49886 480 180471 2850 554 69448 1125 240 29068 17022 32579 12787 4091 1275 1578 256 760 1583 26176 9548 4399 204
leaf_count=79886 2440 171330 282 246 34730 25118 574 1150 49886 480 180471 2850 554 69448 1125 240 29068 17022 32579 12787 4091 1275 1578 256 760 1583 26176 9548 4399 204
internal_value=0.000368643 0.00109027 0.0022923 -7.78455e-05 -5.85916e-05 0.000210926 0.00323758 -0.00698907 -0.00123854 -2.70853e-05 -0.000490119 -0.00699675 -0.0120632 0.00109332 -0.0132006 -0.00767468 0.000178885 -0.000337873 0.00114564 -0.000705424 -0.000933378 -0.00575896 -0.0140582 0.00314272 -0.00394846 -0.00083703 0.00150472 -0.00282817 -0.00246261 -0.0232719
internal_weight=762136 283411 112081 29596 478725 389710 28411 3293 89015 361299 255647 5844 3404 105652 2143 1569 29314 249803 49601 200202 187415 6944 2853 82485 2599 2343 95624 10028 54285 444
internal_count=762136 283411 112081 29596 478725 389710 28411 3293 89015 361299 255647 5844 3404 105652 2143 1569 29314 249803 49601 200202 187415 6944 2853 82485 2599 2343 95624 10028 54285 444
cat_boundaries=0 2 4 6 8 10 12 15 17
cat_threshold=2300335446 536878507 1342179456 2498715648 1612742784 343375956 536870912 139328 1174612488 3221234176 8421504 491700288 1346371745 524329044 1 541778 1032
is_linear=0
shrinkage=0.06


Tree=82
num_leaves=31
num_cat=8
split_feature=35 104 111 132 113 131 131 109 5 122 104 114 140 0 113 0 132 139 104 119 104 134 112 104 110 104 119 132 91 104
split_gain=65.3213 71.3344 70.7491 60.8919 47.7692 40.0814 42.1918 59.7561 63.3033 106.707 57.5511 50.8893 53.8558 89.241 60.3511 54.5285 52.6054 53.8646 62.3428 56.2496 51.6716 44.1328 43.3347 51.9633 42.6501 50.2851 38.8227 38.5675 38.4255 50.6995
threshold=357.46500000000009 0 54.500000000000007 -0.13291928626387098 279.50000000000006 0.91597561503675351 -0.37940952255126015 432.50000000000006 1.0945000000000003 0.36861317187069437 1 -1.2031441247424079 4.5000000000000009 95.112500000000026 332.50000000000006 83.27500000000002 0.61490419508004501 60.500000000000007 2 83.500000000000014 3 1.0000000180025095e-35 2.0950000000000002 4 19.050000000000004 5 607.50000000000011 -0.81860753270059983 6 7
decision_type=10 1 2 2 2 2 2 2 10 2 1 2 2 2 2 2 2 2 1 2 1 2 2 1 2 1 2 2 1 1
left_child=5 -2 -3 27 -5 6 7 -1 10 24 -9 28 13 -13 15 -14 17 19 -19 21 -21 -17 -18 -24 25 26 -10 -4 29 -8
right_child=1 2 3 4 -6 -7 11 8 9 -11 -12 12 14 -15 -16 16 22 18 -20 20 -22 -23 23 -25 -26 -27 -28 -29 -30 -31
leaf_value=0.16510648330422872 -0.086053405937832284 -0.022134074591542239 0.044830089936880944 0.8844411095573701 -0.11017418937679034 0.14851843004742535 -0.48894941864436153 -0.097511028148781417 -0.30265215568768677 -0.56451321357126893 0.06955227992316261 -0.12934065862786592 -0.01822758112466941 0.4652982185346603 0.15262591025590419 -0.23449934490612268 -0.22185254383716965 -0.7185718988570563 -0.40358551499602724 -0.38392057350145048 -0.1298220732068002 0.052180567516482493 -0.68166326253626153 -0.40773329958277799 -0.062123920347187674 -0.09995588076989935 -0.42942956557852874 2.0310312663598102 -0.050500748329327161 1.1130801531186603
leaf_weight=89982 47531 39485 10171 15169 20421 71365 1974 41087 853 728 62849 19396 57267 27455 25539 67796 2895 1540 2653 5264 5347 26822 1178 1731 15219 2648 414 58833 18429 20169
leaf_count=89982 47531 39485 10171 15169 20421 71365 1974 41087 853 728 62849 19396 57267 27455 25539 67796 2895 1540 2653 5264 5347 26822 1178 1731 15219 2648 414 58833 18429 20169
internal_value=0.000339119 0.00129763 0.00196248 0.00277952 0.000763676 1.72452e-05 -0.000172884 0.000464494 -0.00039073 -0.00349434 0.000202392 -0.000650223 -0.000976307 0.000853027 -0.0014091 -0.00181213 -0.00256419 -0.00226888 -0.00893705 -0.0020031 -0.00614531 -0.00153851 -0.00813023 -0.013301 -0.0026358 -0.00822012 -0.0179953 0.0038192 0.00131792 0.00300163
internal_weight=762210 191610 144079 104594 35590 570600 499235 213780 123798 19862 103936 285455 244883 46851 198032 172493 115226 109422 4193 105229 10611 94618 5804 2909 19134 3915 1267 69004 40572 22143
internal_count=762210 191610 144079 104594 35590 570600 499235 213780 123798 19862 103936 285455 244883 46851 198032 172493 115226 109422 4193 105229 10611 94618 5804 2909 19134 3915 1267 69004 40572 22143
cat_boundaries=0 2 4 7 10 12 14 15 17
cat_threshold=1654776002 500098076 1703158385 3409133681 1084309570 273810456 1 401969029 1613765479 1 1108485534 1533808395 3742375445 2835888550 17 536870912 34119680
is_linear=0
shrinkage=0.06


Tree=83
num_leaves=31
num_cat=7
split_feature=104 109 133 132 132 109 104 110 109 104 104 110 127 129 104 127 127 111 126 119 132 104 137 113 123 127 129 104 137 118
split_gain=61.5014 69.6777 52.6717 36.9429 89.9796 62.7433 55.0023 43.0596 40.6274 38.9224 37.4119 35.1878 37.1236 52.9107 35.1646 33.6617 32.3902 31.8848 50.9154 44.3157 47.4015 40.083 32.1084 46.2006 61.1391 61.7912 53.1799 49.8712 42.6605 43.2662
threshold=0 47.500000000000007 0.73136292505298039 0.34537287020513602 0.21336913576298863 512.50000000000011 1 7.2500000000000009 782.50000000000011 2 3 5.5500000000000007 7.0013150472807721 25.500000000000004 4 15.117826142688434 27.678840420691404 49.500000000000007 237.20000000000002 125.50000000000001 0.61490419508004501 5 0.0057829484964584546 275.50000000000006 0.6416383390248328 1.7873219135996194 28.500000000000004 6 0.01126364564421809 0.75000000000000011
decision_type=1 2 2 2 2 2 1 2 2 1 1 2 2 2 1 2 2 2 2 2 2 1 2 2 2 2 2 1 2 2
left_child=1 2 -1 4 10 -6 7 14 9 -7 -2 -12 -13 -14 -5 -11 17 18 21 20 22 -3 23 -19 25 26 -25 -28 29 -24
right_child=3 16 -4 6 5 8 -8 -9 -10 15 11 12 13 -15 -16 -17 -18 19 -20 -21 -22 -23 28 24 -26 -27 27 -29 -30 -31
leaf_value=0.047715599724043642 -0.080939337171928555 -0.74136934336413896 0.89279273908036383 -1.3619352775451585 0.77728715787106306 -0.4866050086252654 -0.0047969355996253212 -0.23435419893927073 0.3452574333510276 -0.030170143577478461 -0.77977387931633613 -0.015928809146893957 -1.3026877671539041 0.18286235436413578 -0.46660058548753375 -0.78248297952670276 0.27518363138418717 0.42509969608381343 -0.057693186930961905 0.12010392934935478 -0.37309965968419662 -0.18807910451796786 -0.36783864457632293 -0.20364767551615581 0.020316412170050507 0.082696919448043804 -0.35520023450000932 -0.69529238928433001 -0.051175171474422125 0.034987113058407349
leaf_weight=36808 121218 827 64739 343 23491 478 52156 29288 1144 1275 920 132470 359 80093 733 204 27536 17996 30128 63498 2132 1642 3241 1906 48343 2301 769 761 14055 1378
leaf_count=36808 121218 827 64739 343 23491 478 52156 29288 1144 1275 920 132470 359 80093 733 204 27536 17996 30128 63498 2132 1642 3241 1906 48343 2301 769 761 14055 1378
internal_value=0.000351011 0.000987893 0.00228465 -0.000105065 0.000156316 0.00351566 -0.00125059 -0.0032802 -0.00450484 -0.00975383 -0.000110308 0.000367037 0.000417672 0.00143428 -0.0150641 -0.00479597 0.000379735 9.95991e-05 -0.0016074 0.000455426 -0.000379703 -0.00988907 -0.000171899 0.00040257 -0.000473734 -0.00632938 -0.0114239 -0.0197518 -0.00238908 -0.00739091
internal_weight=762232 318060 101547 444172 361652 26592 82520 30364 3101 1957 335060 213842 212922 80452 1076 1479 216513 188977 32597 156380 92882 2469 90750 72076 54080 5737 3436 1530 18674 4619
internal_count=762232 318060 101547 444172 361652 26592 82520 30364 3101 1957 335060 213842 212922 80452 1076 1479 216513 188977 32597 156380 92882 2469 90750 72076 54080 5737 3436 1530 18674 4619
cat_boundaries=0 2 5 7 9 11 13 15
cat_threshold=2568771414 3758102955 650256392 33587284 1 1176707080 17310208 1610645632 349134848 545259520 68 2433745156 291 269242946 4234
is_linear=0
shrinkage=0.06


Tree=84
num_leaves=31
num_cat=5
split_feature=35 111 130 104 104 132 132 132 126 120 133 91 126 123 114 126 104 110 119 47 25 110 134 111 132 98 123 107 127 104
split_gain=59.5737 75.2595 85.7604 97.8396 80.4238 78.237 74.3993 67.9469 56.4742 55.8228 98.1941 81.3126 61.5879 52.8251 52.1509 51.5994 48.6548 40.814 65.5678 40.6027 40.0484 50.169 49.1683 107.212 55.1077 66.8991 49.8153 48.5043 41.3324 43.7731
threshold=274.85000000000008 62.500000000000007 -0.91597561503675329 0 1 0.025799818015934263 0.094468741652255758 -0.81860753270059983 424.92500000000007 5.5000000000000009 0.79773375822167203 2 61.375000000000007 0.28472528698716154 0.044485562806502378 245.85000000000005 3 10.050000000000002 104.50000000000001 879.18750000000011 0.91891403504799463 5.5500000000000007 1.0000000180025095e-35 75.500000000000014 0.61490419508004501 0.61490419508004501 0.573366317555705 28.610200000000003 0.99990069615205213 4
decision_type=10 2 2 1 1 2 2 2 2 2 2 1 2 2 2 2 1 2 2 10 10 2 2 2 2 2 2 2 2 1
left_child=-1 2 3 9 -3 7 -7 19 -5 10 14 -11 -12 15 -2 -4 -17 18 -9 -6 21 -8 -23 26 -25 27 -24 -26 29 -28
right_child=1 4 13 8 5 6 20 17 -10 11 12 -13 -14 -15 -16 16 -18 -19 -20 -21 -22 22 23 24 25 -27 28 -29 -30 -31
leaf_value=-0.02388699319831266 -0.67319417947391635 0.017858482144547841 -0.34472314825737888 0.059882387506360005 0.24511442495282479 -0.46397309846197349 -0.88809060402285722 0.37092189620147054 -0.29889326788785303 0.26727150706600133 -1.8740666019918926 -0.47117969815861144 -0.60792235625501168 0.30747448232517699 0.066686453250077868 -0.1354688553781932 0.074419809161592437 1.5949138132100853 -1.3654918312197266 -0.3841157268492057 0.54190742992864283 0.23429682544740973 -0.14905267552692125 0.24489319003481513 -0.11064789118607785 0.24675230359157363 -0.30933767486387365 -0.56501048362469519 -0.25781522089961778 -0.54675173318599757
leaf_weight=269631 1796 129778 1086 22168 22931 6908 1222 12105 1611 4719 384 1433 7118 48019 4720 43050 42145 78677 340 3680 19823 27538 1389 6975 263 811 371 415 951 748
leaf_count=269631 1796 129778 1086 22168 22931 6908 1222 12105 1611 4719 384 1433 7118 48019 4720 43050 42145 78677 340 3680 19823 27538 1389 6975 263 811 371 415 951 748
internal_value=0.00033795 0.000730013 -0.000255181 -0.00255577 0.00128764 0.00209033 0.000460491 0.00302375 5.27114e-05 -0.00562807 -0.00772181 -0.000865919 -0.0124014 0.000497688 -0.00233298 -0.000390046 -0.000224306 0.00380268 0.000609835 0.000356456 0.00113402 5.64843e-05 0.000427399 -0.00279118 0.000846309 -0.00962819 -0.0116896 -0.0235228 -0.0175857 -0.0253982
internal_weight=762805 493174 178249 43949 314925 185147 67414 117733 23779 20170 14018 6152 7502 134300 6516 86281 85195 91122 12445 26611 60506 40683 39461 11923 8464 1489 3459 678 2070 1119
internal_count=762805 493174 178249 43949 314925 185147 67414 117733 23779 20170 14018 6152 7502 134300 6516 86281 85195 91122 12445 26611 60506 40683 39461 11923 8464 1489 3459 678 2070 1119
cat_boundaries=0 3 5 6 9 12
cat_threshold=3891506433 307495719 1 1652613338 3184518228 21 1426885425 3748861985 1 69603873 1107296896 1
is_linear=0
shrinkage=0.06


Tree=85
num_leaves=31
num_cat=6
split_feature=104 129 111 129 58 134 129 104 102 139 25 133 104 84 107 139 104 133 133 137 104 104 130 115 121 114 111 20 8 140
split_gain=63.4022 64.9155 74.4769 48.4373 130.817 46.972 105.861 89.6516 51.1369 46.0599 44.8133 45.9924 44.4804 50.9279 44.0127 42.7232 53.5146 44.1401 64.3065 94.9609 81.8053 56.6645 62.9731 42.2722 40.6059 39.9885 49.6681 43.4543 37.2034 67.9185
threshold=0 181.50000000000003 56.500000000000007 157.50000000000003 376.9500000000001 1.0000000180025095e-35 31.500000000000004 1 61.500000000000007 39.500000000000007 0.97214740111337428 0.95691861501572195 2 1.837291666666667 28.613550000000004 46.500000000000007 3 0.94066717844141279 0.99024581825578073 3.3412422113289955e-10 4 5 0.12940952255126045 -0.098994949366116636 995.05000000000007 -1.0393208789485404 37.500000000000007 9.5202852843142001 72.27500000000002 4.5000000000000009
decision_type=1 2 2 2 2 2 2 1 2 2 10 2 1 10 2 2 1 2 2 2 1 1 2 2 2 2 2 10 10 2
left_child=1 3 10 9 14 15 7 -7 25 -1 -3 -12 -10 -14 -5 17 -17 24 -19 21 23 22 -20 -21 28 26 -8 -28 -2 -30
right_child=5 2 -4 4 -6 6 8 -9 12 -11 11 -13 13 -15 -16 16 -18 18 19 20 -22 -23 -24 -25 -26 -27 27 -29 29 -31
leaf_value=0.033487235421853404 -0.0086034286582773317 0.03566566466368834 0.58534175261968524 -0.32040215277157746 -0.035357480112264965 0.029191734924856851 -0.20835794796724863 -0.47016454694465426 0.097913298695583198 -0.30299974350366626 -0.081626517500027126 -0.28644373232132325 -0.74167349867546073 -0.17246651974898514 -0.53624262185584781 -0.13774591332732503 0.42438614146437992 0.16199054233393434 0.13350080024985556 -0.97530811633643333 -0.090781021864955527 0.10487637188067644 -0.76006273108664235 0.18213528705258669 0.2316994063170241 0.085817849908162644 -0.23387718256514733 1.2128380327834538 0.09865661711483692 -0.20413977716589948
leaf_weight=46465 74230 36614 95838 324 3121 4567 269 4505 4244 2675 1754 1192 1514 2848 702 23149 36218 68179 4831 3392 4577 33134 4735 595 15508 123872 495 22890 26451 113696
leaf_count=46465 74230 36614 95838 324 3121 4567 269 4505 4244 2675 1754 1192 1514 2848 702 23149 36218 68179 4831 3392 4577 33134 4735 595 15508 123872 495 22890 26451 113696
internal_value=0.000358969 0.00131306 0.0020113 -0.000460854 -0.00668708 4.52582e-05 0.000899029 -0.00540152 0.00126515 6.4712e-05 -0.000178964 -0.00729691 -0.00323039 -0.00747496 -0.0252619 -0.000299856 0.00118822 -0.000552751 0.000382924 -0.00122259 -0.00698844 -6.60404e-05 -0.00413115 -0.0132561 -0.00103891 0.00152742 0.00378795 0.00408321 -0.00125338 -0.00182862
internal_weight=762584 188685 135398 53287 4147 573899 165204 9072 156132 49140 39560 2946 8606 4362 1026 408695 59367 349328 119443 51264 8564 42700 9566 3987 229885 147526 23654 23385 214377 140147
internal_count=762584 188685 135398 53287 4147 573899 165204 9072 156132 49140 39560 2946 8606 4362 1026 408695 59367 349328 119443 51264 8564 42700 9566 3987 229885 147526 23654 23385 214377 140147
cat_boundaries=0 2 5 7 9 11 13
cat_threshold=2300055828 6563 1140878026 349103132 1 33730088 4021108804 545292418 500089928 1894213192 3222012500 612377096 9650176
is_linear=0
shrinkage=0.06


Tree=86
num_leaves=31
num_cat=12
split_feature=104 91 111 133 133 133 104 112 104 98 104 109 104 99 104 132 136 104 104 127 104 130 120 104 98 115 104 121 98 109
split_gain=56.1761 51.3427 44.3772 41.6418 107.563 55.0295 67.0371 53.9705 50.203 42.9654 56.7318 62.0438 41.8771 41.862 69.7575 39.7577 60.2853 92.8744 46.0969 40.8717 45.3903 39.852 39.7522 39.4349 38.9078 38.6127 59.1557 36.8245 36.346 34.9605
threshold=0 1 46.500000000000007 0.94066717844141279 0.96407344085605606 0.91511078773075516 2 2.3250000000000006 3 -0.26762560548918296 4 157.50000000000003 5 0.92191100909954782 6 0.66766646831012755 1.0000000180025095e-35 7 8 0.45239313645560386 9 -0.91597561503675329 5.5000000000000009 10 -0.3169700421330815 1.4834269745646169 11 989.85000000000002 0.66766646831012755 72.500000000000014
decision_type=1 1 2 2 2 2 1 2 1 2 1 2 1 2 1 2 2 1 1 2 1 2 2 1 2 2 1 2 2 2
left_child=1 2 -1 5 12 13 7 -7 -6 10 11 -10 24 15 -15 19 18 28 -17 25 29 23 -23 -22 -5 -2 -27 -24 -18 -21
right_child=3 -3 -4 4 8 6 -8 -9 9 -11 -12 -13 -14 14 -16 16 17 -19 -20 20 21 22 27 -25 -26 26 -28 -29 -30 -31
leaf_value=-0.045626508017196289 -0.049278217495089538 0.030385907876922424 1.1638195308234867 -0.95586450229464937 -0.10628156229012924 0.13065558169246361 -0.045764581263564072 -0.41588153619178897 -1.0859580206526098 0.1279926549776815 0.082334677113832022 0.11778034293051551 0.852625292525519 -0.87748525358096729 0.045239655942356467 -0.31118034881268014 -1.2880883936927245 -0.076295840436459747 0.093216448776594046 -0.13607811492967559 -0.33828907512694983 0.18909943779220612 -0.096550612579314368 -0.010379901985404862 -0.06934409603099867 0.078818976684385825 -0.46727340648761984 0.1968857335337075 -0.66817558700119162 0.032497814419613746
leaf_weight=12115 33727 71576 46184 206 67392 3047 24186 10056 750 75003 2027 476 41454 1103 1561 5138 262 1135 7567 75439 4103 114027 30044 19427 575 2686 5338 21082 649 84687
leaf_count=12115 33727 71576 46184 206 67392 3047 24186 10056 750 75003 2027 476 41454 1103 1561 5138 262 1135 7567 75439 4103 114027 30044 19427 575 2686 5338 21082 649 84687
internal_value=0.000354737 0.00149138 0.00281314 0.000121553 0.000870633 -0.000194527 -0.0024008 -0.00585496 9.75498e-05 0.0011312 -0.00561832 -0.0157348 0.00353656 7.133e-06 -0.00748818 5.6416e-05 -0.00300122 -0.0125569 -0.00146151 0.000171907 0.000384261 0.00101475 0.00134395 -0.00129531 -0.0101439 -0.00160217 -0.0053428 -4.62376e-05 -0.0266746 -0.000358718
internal_weight=763022 129875 58299 633147 187883 445264 37289 13103 145648 78256 3253 1226 42235 407975 2664 405311 14751 2046 12705 390560 348809 188683 165153 23530 781 41751 8024 51126 911 160126
internal_count=763022 129875 58299 633147 187883 445264 37289 13103 145648 78256 3253 1226 42235 407975 2664 405311 14751 2046 12705 390560 348809 188683 165153 23530 781 41751 8024 51126 911 160126
cat_boundaries=0 2 3 6 8 10 12 14 17 19 22 24 26
cat_threshold=134742292 6307 24 1673674818 809763868 1 1721120297 1267818500 16578 339772440 0 8192 2733749288 3759243840 2196989128 609486608 1 1120039656 1529118736 1688307842 344966732 1 20971521 1048832 3758096963 457712716
is_linear=0
shrinkage=0.06


Tree=87
num_leaves=31
num_cat=8
split_feature=0 140 89 109 132 132 104 132 104 130 129 109 104 133 132 104 104 113 111 104 125 104 0 111 110 133 110 111 113 110
split_gain=56.0188 60.5471 44.5926 34.9714 31.3549 43.5574 45.4491 43.0124 30.4557 28.6214 35.693 47.3676 41.5712 39.317 90.9187 41.2432 39.6949 38.1486 31.053 43.9677 36.3223 32.5423 30.8367 30.0543 28.8572 28.7891 28.4113 27.1887 30.3701 53.351
threshold=237.53500000000003 4.5000000000000009 0 22.500000000000004 0.025799818015934263 -0.76624641395159687 1 0.042991213741508195 2 0.91597561503675362 60.500000000000007 27.500000000000004 3 0.97648852793709995 0.19653276579064646 4 5 29.500000000000004 82.500000000000014 6 0.5172500000000001 7 99.706666666666678 91.500000000000014 12.850000000000003 0.75438814418115718 23.350000000000005 57.500000000000007 325.50000000000006 25.250000000000004
decision_type=2 2 1 2 2 2 1 2 1 2 2 2 1 2 2 1 1 2 2 1 2 1 2 2 2 2 2 2 2 2
left_child=2 -2 -1 8 5 -3 -7 -6 -4 18 11 -11 24 15 16 23 17 -15 20 -20 21 -5 -16 -12 -13 -21 -17 28 -8 -30
right_child=1 4 3 9 7 6 27 -9 -10 10 13 12 -14 14 22 26 -18 -19 19 25 -22 -23 -24 -25 -26 -27 -28 -29 29 -31
leaf_value=-0.043790832184750557 3.216563851236959 -0.19415368911367029 0.047056991566051046 -0.057214982216201124 -0.59897182663449056 -0.36764350174061622 0.27307359389440128 -0.065460530583638987 0.68243101421858698 -1.3664048139059433 -0.26875839416564906 -0.73119686163197595 -0.0053810701492021454 -1.7972561391775737 -0.38706815482917356 0.49522115671044248 0.10824401320323983 -0.49449488110927903 -0.047639173747160417 0.023834454790043931 -1.2724616311817825 0.04759886395552617 -1.1218644865815228 0.1863489563999729 -0.13036730063279403 0.55495263223016134 -0.49322035050447827 1.562164804136241 -0.2544315036041227 -0.72778280009637308
leaf_weight=225184 21498 13485 20440 83033 1123 6096 17394 13139 21157 490 10980 1657 5372 84 279 18537 5245 4294 24490 16111 234 164428 224 6265 1776 37653 250 39811 1760 233
leaf_count=225184 21498 13485 20440 83033 1123 6096 17394 13139 21157 490 10980 1657 5372 84 279 18537 5245 4294 24490 16111 234 164428 224 6265 1776 37653 250 39811 1760 233
internal_value=0.000338278 0.0015615 0.000122123 0.000485223 0.000898369 0.00136702 0.00200818 -0.00169025 0.00213717 0.000305063 -0.000955062 -0.00434703 -0.00333523 -0.000271929 -0.003575 0.000656399 -0.00227369 -0.00648257 0.000519448 0.00156136 0.000190274 0.000212663 -0.0284167 -0.0014621 -0.00847909 0.00252095 0.00260038 0.00251597 0.000673716 -0.00634002
internal_weight=762722 114539 648183 422999 93041 78779 65294 14262 41597 381402 55453 9295 8805 46158 10126 36032 9623 4378 325949 78254 247695 247461 503 17245 3433 53764 18787 59198 19387 1993
internal_count=762722 114539 648183 422999 93041 78779 65294 14262 41597 381402 55453 9295 8805 46158 10126 36032 9623 4378 325949 78254 247695 247461 503 17245 3433 53764 18787 59198 19387 1993
cat_boundaries=0 1 3 6 9 11 14 17 19
cat_threshold=133 1619050562 274121756 853781640 102754244 1 3600170568 3256942676 1 1646391362 1036969560 931543357 2880978977 1 847391288 42590272 1 1707114881 1970290947
is_linear=0
shrinkage=0.06


Tree=88
num_leaves=31
num_cat=0
split_feature=19 132 114 132 130 132 133 112 133 120 132 109 125 99 114 132 110 115 110 96 19 120 132 5 110 133 119 125 114 125
split_gain=52.6698 63.5039 39.6544 55.8848 45.3571 70.0292 68.994 84.1405 82.2507 73.3473 66.967 112.32 89.7855 73.6274 63.0563 56.105 82.9367 101.006 55.736 54.2907 50.984 50.4469 54.6783 46.4424 67.3283 68.2903 46.3272 45.7318 45.613 42.7027
threshold=257.23541666666671 0.025799818015934263 -1.5952980467773936 -0.63171705389255084 -0.37940952255126059 0.16269055358644466 0.99024581825578073 3.8050000000000002 0.93469109537144635 28.500000000000004 0.2965049369093406 167.50000000000003 0.22115000000000001 0.96177147954086928 2.000591617489675 0.21336913576298863 5.5500000000000007 -1.4110001600851947 15.450000000000001 1.0000000180025095e-35 139.2621527777778 74.500000000000014 0.077330756371236084 0.28950000000000004 7.2500000000000009 0.99932962452255414 614.50000000000011 0.30343333333333344 1.8518132797612668 0.30678333333333341
decision_type=8 2 2 2 2 2 2 2 2 2 2 2 2 2 2 2 2 2 2 2 10 2 2 10 2 2 2 2 2 2
left_child=2 -2 3 -1 5 21 8 23 9 20 11 12 14 -13 -7 16 17 -10 -15 -14 -6 22 -4 24 -8 27 28 -26 -20 -12
right_child=1 -3 4 -5 6 10 7 -9 15 -11 29 13 19 18 -16 -17 -18 -19 26 -21 -22 -23 -24 -25 25 -27 -28 -29 -30 -31
leaf_value=-0.071726683916853828 0.60067439001700262 -0.36902627723283182 -0.0477347422932764 0.57187993847986052 0.0035509898782335541 0.31446840021556283 -0.52469797255793993 -0.78917128837047712 0.3070192410698952 -0.10984190489770813 -0.04638074985445096 -0.60769028512304524 -0.18852168096170913 -0.4561343355780984 -0.29825722678246297 0.95370778242987142 0.2044683112901797 -1.0966501140997118 -0.24322784581932999 -0.61332724764268742 0.39960032923715227 0.30471039061901201 0.74108192306014642 0.1498693455037928 0.10329002453497273 -0.73691851623655702 -0.32994452407515673 -0.64176013697714906 -0.080590619135275834 -0.76112317770909776
leaf_weight=14226 71793 3183 139516 42611 128515 6177 3161 1149 1013 71473 46428 260 709 587 991 28015 42451 946 2874 405 82294 18446 10037 12627 18692 4003 398 4258 3475 2150
leaf_count=14226 71793 3183 139516 42611 128515 6177 3161 1149 1013 71473 46428 260 709 587 991 28015 42451 946 2874 405 82294 18446 10037 12627 18692 4003 398 4258 3475 2150
internal_value=0.000323751 0.00183384 0.000159157 0.00167708 2.2439e-05 -0.000643663 0.000410895 -0.00183318 0.000688572 0.000225774 -0.00232497 -0.00570788 -0.000875045 -0.0109777 0.00158851 0.00249234 0.00116593 -0.010901 -0.00986176 -0.0167139 0.000788929 1.39308e-06 -0.000363761 -0.00140223 -0.00268292 -0.00171114 -0.00831624 -0.000449653 -0.00706866 -0.00121929
internal_weight=762863 74976 687887 56837 631050 232453 398597 43890 354707 282282 64454 15876 8282 7594 7168 72425 44410 1959 7334 1114 210809 167999 149553 42741 30114 26953 6747 22950 6349 48578
internal_count=762863 74976 687887 56837 631050 232453 398597 43890 354707 282282 64454 15876 8282 7594 7168 72425 44410 1959 7334 1114 210809 167999 149553 42741 30114 26953 6747 22950 6349 48578
is_linear=0
shrinkage=0.06


Tree=89
num_leaves=31
num_cat=11
split_feature=126 104 133 129 127 104 139 130 104 111 111 104 133 114 104 119 104 111 114 124 104 69 104 6 132 104 132 104 140 104
split_gain=52.0986 93.7392 61.5792 48.5395 47.3878 87.6269 52.4436 47.1566 51.0215 41.3045 39.1705 51.593 37.618 69.2338 94.4129 60.8137 69.3723 84.4313 71.5452 76.3733 81.2803 59.4767 59.7756 78.4659 58.7741 51.4871 49.1265 42.1897 41.578 41.4723
threshold=63.725000000000001 0 0.73136292505298039 60.500000000000007 29.158130997591666 1 51.500000000000007 0.60355339059327384 2 58.500000000000007 32.500000000000007 3 0.74298546529340237 0.99850110263328529 4 135.50000000000003 5 84.500000000000014 3.745678740201448 0.37833333333333335 6 9.0500000000000025 7 304.96500000000009 0.025799818015934263 8 -0.38142733947913604 9 21.000000000000004 10
decision_type=2 1 2 2 2 1 2 2 1 2 2 1 2 2 1 2 1 2 2 2 1 2 1 10 2 1 2 1 2 1
left_child=1 9 -3 7 10 6 -6 -4 -9 -1 11 -2 25 14 -14 16 -15 21 19 -19 -21 26 23 -23 -22 -12 -18 -28 -25 -17
right_child=4 2 3 -5 5 -7 -8 8 -10 -11 12 -13 13 15 -16 29 17 18 -20 20 24 22 -24 28 -26 -27 27 -29 -30 -31
leaf_value=-0.65878901681108726 -0.76992286961031497 0.05320106194684527 0.35414356398454239 1.3393365054489381 -0.038033036493850939 0.45724061308003622 -0.64648274475392631 0.041487531385486776 -1.4951917831910309 -0.014342020003459063 -0.13066689359746803 -0.031950923135976333 -0.050658822902029436 0.03754437322976191 0.54649739117998541 -0.062851403214297247 0.066664948162849749 0.17788997030466816 -0.57778777686822591 0.26297316998332526 0.63599974242661361 -0.17808959790465043 -0.27251330919577504 -0.4053415168910327 -0.72014669502400652 0.011527940789534126 -0.4459435666523805 -0.094495187064388031 -0.83399910664233978 0.10953301918621479
leaf_weight=3728 1376 35983 1585 55175 22314 55507 3023 436 508 54157 71545 2396 52535 73053 68368 30069 13836 32399 353 3200 1355 4190 12513 1607 4531 76695 7770 9557 3904 59430
leaf_count=3728 1376 35983 1585 55175 22314 55507 3023 436 508 54157 71545 2396 52535 73053 68368 30069 13836 32399 353 3200 1355 4190 12513 1607 4531 76695 7770 9557 3904 59430
internal_value=0.000329981 0.00132578 0.00249847 0.00371344 8.31625e-05 0.00143638 -0.00148722 -0.00441344 -0.0150222 -0.000572578 -0.000122988 -0.00621468 -7.9368e-05 0.000237832 0.00142243 -0.000317797 -0.000989915 -0.0020569 -3.90064e-05 0.000190185 -0.00467085 -0.00363891 -0.00601107 -0.00954427 -0.00884585 -0.000889632 -0.00194782 -0.00407652 -0.0142587 0.000945855
internal_weight=763098 151572 93687 57704 611526 80844 25337 2529 944 57885 530682 3772 526910 378670 120903 257767 168268 95215 41838 41485 9086 53377 22214 9701 5886 148240 31163 17327 5511 89499
internal_count=763098 151572 93687 57704 611526 80844 25337 2529 944 57885 530682 3772 526910 378670 120903 257767 168268 95215 41838 41485 9086 53377 22214 9701 5886 148240 31163 17327 5511 89499
cat_boundaries=0 2 5 7 9 12 14 16 18 20 23 25
cat_threshold=853650440 35644228 1610664130 499713048 1 1225408706 348128409 364665593 67239988 1619452514 1392173148 1 135048748 264206466 1077952706 272663580 1625374786 272631324 3138403240 3384738247 2446332161 3758096737 1 1686152817 3842459648
is_linear=0
shrinkage=0.06


Tree=90
num_leaves=31
num_cat=1
split_feature=127 58 119 115 133 120 139 130 99 129 107 132 119 110 61 136 130 134 119 114 91 120 126 127 115 31 110 115 120 115
split_gain=47.3223 54.561 58.2887 56.9201 63.0801 49.7604 47.8073 54.1451 47.4327 44.35 41.3292 38.6938 38.1561 35.9058 46.6412 35.5994 35.3225 57.5141 47.241 44.0504 45.6879 62.3699 50.1926 42.2335 38.102 36.3745 38.685 84.5524 61.3984 41.7439
threshold=9.7941064765031047 3119.6300000000006 611.50000000000011 -0.048352351519276394 0.86004965528756494 2.5000000000000004 64.500000000000014 -1.0000000180025095e-35 0.99958851518450398 25.500000000000004 28.483150000000006 0.025799818015934263 719.50000000000011 21.250000000000004 4.9942518112578513 1.0000000180025095e-35 -0.37940952255126059 1.0000000180025095e-35 41.500000000000007 2.5956164594599929 0 7.5000000000000009 79.90000000000002 108.20926979741948 1.6956777853009961 87.377521728016376 6.3500000000000005 -1.4593802439143577 21.500000000000004 -1.3510277758933749
decision_type=2 2 2 2 2 2 2 2 2 2 2 2 2 2 2 2 2 2 2 2 1 2 2 2 2 8 2 2 2 2
left_child=1 3 13 6 5 -5 8 15 -1 -2 -6 -10 -7 14 -3 -8 17 18 -11 20 -20 22 -22 -23 25 -18 27 -27 -29 -30
right_child=9 2 -4 4 10 12 7 -9 11 16 -12 -13 -14 -15 -16 -17 24 -19 19 -21 21 23 -24 -25 -26 26 -28 28 29 -31
leaf_value=-0.0029860683230257291 -0.83158455704657153 -0.17225822591206746 -0.57680510908802884 0.35759994962944003 -0.12263457706693366 -0.07557220489359219 -0.8331474485907594 -0.051595657422323395 0.45458455824650346 0.15055808227492035 0.67744971428229395 -0.43303061923360364 -0.48652237902466161 0.033635361179151169 -0.62079618823892502 -0.21264082657296224 0.01112906999210329 0.25065971781357199 -0.0045222358539584381 0.13477817995063771 -0.75362399954451831 -0.38182730044086577 -0.15507691066419038 -0.62419468451080773 -0.48870548446357093 1.4987938652664974 0.64206919256015671 -1.0868034954961963 -1.3054633008555938 -0.15115070185870189
leaf_weight=365361 947 8152 938 17926 9584 43176 1880 3816 2782 27058 58541 6991 405 9073 3186 915 32466 29931 11748 6789 2029 2751 15381 202 2355 1802 95328 321 276 876
leaf_count=365361 947 8152 938 17926 9584 43176 1880 3816 2782 27058 58541 6991 405 9073 3186 915 32466 29931 11748 6789 2029 2751 15381 202 2355 1802 95328 321 276 876
internal_value=0.000314443 3.78453e-06 -0.00296796 0.000127855 0.00121414 -0.000178806 -0.000241024 -0.00529855 -0.000151881 0.00103318 0.00247174 -0.00427686 -0.00127332 -0.00229541 -0.00454643 -0.0116416 0.00108671 0.000208301 -0.000781576 -0.00212077 -0.00304914 -0.00476696 -0.0034013 -0.0128307 0.001718 0.00185393 0.00242747 -0.00398352 -0.0146418 -0.00815958
internal_weight=762986 532726 21349 511377 129632 61507 381745 6611 375134 230260 68125 9773 43581 20411 11338 2795 229313 95889 65958 38900 32111 20363 17410 2953 133424 131069 98603 3275 1473 1152
internal_count=762986 532726 21349 511377 129632 61507 381745 6611 375134 230260 68125 9773 43581 20411 11338 2795 229313 95889 65958 38900 32111 20363 17410 2953 133424 131069 98603 3275 1473 1152
cat_boundaries=0 1
cat_threshold=21
is_linear=0
shrinkage=0.06


Tree=91
num_leaves=31
num_cat=13
split_feature=0 89 135 0 104 133 132 104 104 114 110 104 132 136 104 126 129 104 104 126 104 121 104 139 104 6 67 104 104 115
split_gain=49.8883 40.7998 31.1753 30.3098 28.7678 27.8257 54.6929 58.3832 31.1681 27.3593 32.6726 38.2516 28.4385 58.071 54.419 39.3406 30.1195 72.5457 32.7464 27.1319 44.1113 40.9892 26.6477 29.9402 42.2237 34.6028 26.1541 25.5999 24.4561 26.9983
threshold=277.04666666666668 0 1.0000000180025095e-35 68.71250000000002 1 0.99024581825578073 -0.098749067963353782 2 3 -1.5952980467773936 20.950000000000003 4 0.61490419508004501 1.0000000180025095e-35 5 91.425000000000011 166.50000000000003 6 7 1005.8750000000001 8 987.35000000000002 9 60.500000000000007 10 289.23000000000008 166.50000000000003 11 12 -0.14225703661530895
decision_type=2 1 2 2 1 2 2 1 1 2 2 1 2 2 1 2 2 1 1 2 1 2 1 2 1 10 2 1 1 2
left_child=1 -1 9 -4 -2 27 7 -7 -8 10 11 -3 22 16 26 -16 17 -14 -18 -13 21 -21 23 -11 25 -25 -15 -5 29 -12
right_child=4 2 3 5 -6 6 8 -9 -10 12 28 19 13 14 15 -17 18 -19 -20 20 -22 -23 -24 24 -26 -27 -28 -29 -30 -31
leaf_value=0.074890568819678482 -0.1261427647257751 -0.23805334666588027 -0.089179376198416857 0.066635069362668969 0.62710569841087338 0.17107433745227943 -0.44599638396304858 -1.0537003795240263 0.31495479010143501 -0.060839204399747202 -0.37108765615076639 1.2411812813331646 -0.52041549245128771 -0.93425874852208568 -0.88244072327477197 -0.37590905301488392 -0.21435648133054394 0.03119480271616051 0.057058699729557905 -0.926882624884936 0.53131735090014565 -0.28585820656781719 0.0055119282177138098 -0.1745850523871752 -0.068203444644527766 -1.0226056906507499 0.26450121680671207 0.40266445536549511 0.025524968506069782 -0.14717318491188702
leaf_weight=186225 12750 5133 9795 22947 60774 434 2399 580 4570 138449 1190 17063 421 157 806 729 7134 703 11238 396 2979 1343 225961 1349 3668 1831 894 31989 6476 2128
leaf_count=186225 12750 5133 9795 22947 60774 434 2399 580 4570 138449 1190 17063 421 157 806 729 7134 703 11238 396 2979 1343 225961 1349 3668 1831 894 31989 6476 2128
internal_value=0.000315701 0.000157161 -0.000123849 0.00102515 0.00180135 0.00150849 -0.00180135 -0.0148138 9.38309e-05 -0.000318131 0.00124841 0.00232822 -0.00046433 -0.00255617 -0.0110027 -0.0181436 -0.0014353 -0.0109653 -0.000851684 0.00342539 -0.000600127 -0.00816343 -0.000339903 -0.00097378 -0.00484625 -0.00989032 -0.00038983 0.00198948 -0.00171884 -0.00589727
internal_weight=762511 688987 502762 72714 73524 62919 7983 1014 6969 430048 36708 26914 393340 22082 2586 1535 19496 1124 18372 21781 4718 1739 371258 145297 6848 3180 1051 54936 9794 3318
internal_count=762511 688987 502762 72714 73524 62919 7983 1014 6969 430048 36708 26914 393340 22082 2586 1535 19496 1124 18372 21781 4718 1739 371258 145297 6848 3180 1051 54936 9794 3318
cat_boundaries=0 1 3 6 9 11 13 15 17 20 22 24 26 28
cat_threshold=48 1610727490 501203992 235702417 526872896 1 935604793 578896001 1 537034752 34398276 1023978033 42727526 743184661 453646627 1121809528 1260683792 1358979650 1506804760 1 1686374531 4142089320 8388738 339887112 2963450401 2607784452 259003433 2335838208
is_linear=0
shrinkage=0.06


Tree=92
num_leaves=31
num_cat=7
split_feature=35 104 111 132 132 131 104 109 137 133 133 109 132 104 34 104 112 104 132 84 120 1 127 119 104 111 133 104 99 133
split_gain=46.9065 59.685 58.7537 63.1142 83.3108 84.6129 64.7954 54.0445 48.143 39.4945 77.4617 66.6387 151.697 128.858 89.9649 56.2452 54.2517 51.8119 48.593 48.7543 45.6365 44.8279 44.5367 41.1077 44.6435 39.8752 39.4692 70.3522 43.6576 54.333
threshold=359.63500000000005 0 48.500000000000007 -0.13291928626387098 -0.098749067963353782 0.37940952255126048 1 192.50000000000003 0.0057829484964584546 0.94066717844141279 0.95691861501572195 512.50000000000011 0.23014236637527921 2 2.3735000000000004 3 1.885 4 0.025799818015934263 1.6689583333333335 96.500000000000014 62.550000000000004 1.7873219135996194 78.500000000000014 5 42.500000000000007 0.91511078773075516 6 0.92191100909954782 0.88917497572200743
decision_type=10 1 2 2 2 2 1 2 2 2 2 2 2 1 8 1 2 1 2 10 2 10 2 2 1 2 2 1 2 2
left_child=9 -2 -3 8 5 6 -5 -8 -4 26 15 14 17 -14 -12 -11 18 -13 -16 22 21 -15 -20 24 -21 -17 28 -28 29 -1
right_child=1 2 3 4 -6 -7 7 -9 -10 10 11 12 13 20 16 25 -18 -19 19 23 -22 -23 -24 -25 -26 -27 27 -29 -30 -31
leaf_value=-0.017170699230099763 -0.19605579304163528 -0.087049224899737182 1.2957952185244015 -0.2851599307051933 0.13740153497526972 0.37475144038346708 -1.4625532410750315 -0.4892246452734178 -0.036737332806846199 -0.92984563302810996 0.27005815903014124 -0.30301090040075879 -0.058364238936922219 0.023588910352166186 -0.039107777505445564 -0.47893854631799548 0.05880837416358118 0.025338771377049665 -0.6174359835920028 -0.6996378893443882 0.25646775365351387 -0.47841746271004304 -1.3299515941870743 0.35786010240097521 -0.021137176618062473 1.2845990720136407 -0.3275133484496876 0.00096163894505315207 -0.53268591749778749 0.26922407555937605
leaf_weight=355553 24546 29950 74835 1171 38953 1955 706 703 12545 817 47487 2782 1012 98 11605 413 38224 12206 1197 3756 125 859 855 2672 2466 23705 15554 23019 2299 30640
leaf_count=355553 24546 29950 74835 1171 38953 1955 706 703 12545 817 47487 2782 1012 98 11605 413 38224 12206 1197 3756 125 859 855 2672 2466 23705 15554 23019 2299 30640
internal_value=0.000296795 0.0011272 0.00154778 0.00209651 0.000228748 -0.00746693 -0.014599 -0.0232014 0.00302606 3.01798e-05 0.000866742 0.000259157 -0.00322356 -0.0183465 0.000808698 0.00392084 -0.000720185 -0.00110961 -0.00305401 -0.00592162 -0.0325965 -0.0373466 -0.0142562 -0.0039973 -0.00667009 0.0044456 -0.000264198 -0.00209473 -8.24414e-05 -3.33561e-05
internal_weight=762708 185364 160818 130868 43488 4535 2580 1409 87380 577344 150279 125344 17082 2094 108262 24935 60775 14988 22551 10946 1082 957 2052 8894 6222 24118 427065 38573 388492 386193
internal_count=762708 185364 160818 130868 43488 4535 2580 1409 87380 577344 150279 125344 17082 2094 108262 24935 60775 14988 22551 10946 1082 957 2052 8894 6222 24118 427065 38573 388492 386193
cat_boundaries=0 2 5 8 10 12 15 18
cat_threshold=1652572354 357098520 202014749 715262244 1 818200995 452314207 1 32768 8192 1073767505 4194324 3081714493 579485985 1 1925333314 877921373 1
is_linear=0
shrinkage=0.06


Tree=93
num_leaves=31
num_cat=11
split_feature=109 133 104 104 120 135 126 115 104 132 104 104 114 104 137 132 132 104 104 110 104 139 139 132 134 137 139 104 129 104
split_gain=45.9658 71.4992 55.2343 44.103 42.0865 41.7024 65.4711 61.962 40.0141 48.0472 43.1285 39.0575 36.8071 47.2747 54.9012 39.1815 99.3492 85.6099 80.8799 64.8131 62.8697 46.3141 42.2968 40.4354 38.8781 52.8966 162.803 61.641 51.7879 52.1215
threshold=22.500000000000004 0.73136292505298039 0 1 11.500000000000002 1.0000000180025095e-35 33.225000000000001 1.2750493012478665 2 -0.11585131824808122 3 4 -1.7549121587522174 5 0.0021274278612003691 -0.13291928626387098 -0.098749067963353782 6 7 15.450000000000001 8 64.500000000000014 60.500000000000007 -0.33323705862247266 1.0000000180025095e-35 0.042730530857558173 30.500000000000004 9 100.50000000000001 10
decision_type=2 2 1 1 2 2 2 2 1 2 1 1 2 1 2 2 2 1 1 2 1 2 2 2 2 2 2 1 2 1
left_child=1 3 -3 4 -1 6 7 8 -2 -10 -11 -7 13 -8 -15 18 17 -17 22 -20 -18 23 -14 24 -21 -26 28 -28 29 -27
right_child=5 2 -4 -5 -6 11 12 -9 9 10 -12 -13 15 14 -16 16 20 -19 19 21 -22 -23 -24 -25 25 26 27 -29 -30 -31
leaf_value=-0.15354657200318933 0.020603018859198421 -0.032766052148374143 1.3457126664921379 0.1016645664162287 -0.69088578746873464 0.30202686879758489 -0.20787379295754654 -1.0880776431433414 -0.36217127046010894 -0.085408227606859344 -1.5868434166661016 0.038316194200286646 -0.033211128319122429 0.8228415456187671 -0.10830693018087875 -1.0040095526454369 -0.10709746895766852 -0.14958375108032998 0.79581795239538589 -0.029151130076778598 0.033631808365771627 -0.46239413825978898 -0.30794869139537134 1.0372292381596464 0.40954286579539939 -0.43225139238224536 -0.14439959079110026 -0.49749786982141569 0.68792920320369855 0.051963905596568376
leaf_weight=7876 3008 13363 36563 16501 2406 36845 8710 199 3228 231 317 62057 138791 28071 6513 3251 97873 5101 44593 84490 101925 2634 11845 12682 23865 910 482 621 5956 1345
leaf_count=7876 3008 13363 36563 16501 2406 36845 8710 199 3228 231 317 62057 138791 28071 6513 3251 97873 5101 44593 84490 101925 2634 11845 12682 23865 910 482 621 5956 1345
internal_value=0.000309047 0.00170192 0.00304356 -0.000799059 -0.00388108 0.00015319 -3.89571e-05 -0.00581357 -0.00484245 -0.00894217 -0.025377 0.0012929 3.06182e-05 0.00171345 0.00270802 -0.000105219 -0.000749167 -0.00716006 0.000303167 0.00117061 -0.000481143 0.000506896 -0.000719457 0.000666089 0.000319147 0.00205949 -0.0017752 -0.0234076 0.00113322 -0.00660904
internal_weight=762252 76709 49926 26783 10282 685543 586641 6983 6784 3776 548 98902 579658 43294 34584 536364 208150 8352 328214 177578 199798 132985 150636 130351 117669 33179 9314 1103 8211 2255
internal_count=762252 76709 49926 26783 10282 685543 586641 6983 6784 3776 548 98902 579658 43294 34584 536364 208150 8352 328214 177578 199798 132985 150636 130351 117669 33179 9314 1103 8211 2255
cat_boundaries=0 3 5 7 9 11 14 16 19 21 23 25
cat_threshold=583049736 68608320 1 4201716744 1112082316 1113608626 880731357 671810624 1082196480 206327238 603987259 537034752 51175492 1 4042733448 2148008645 1610729667 1056949274 1 1876834109 3357559137 49426440 8772 2152727808 3238007265
is_linear=0
shrinkage=0.06


Tree=94
num_leaves=31
num_cat=8
split_feature=16 109 132 132 104 104 110 131 122 25 104 110 133 0 132 132 104 130 104 130 104 139 110 102 104 113 5 104 130 115
split_gain=46.623 47.0042 40.1765 151.914 99.1374 60.9585 62.1449 53.6582 53.572 37.1325 42.8635 38.2969 33.1848 32.6344 32.2256 66.7509 57.9183 53.2691 31.6558 30.7319 37.4534 40.7114 35.2697 31.589 29.9269 29.6634 45.9547 35.0678 39.8571 43.7995
threshold=131.30750000000003 32.500000000000007 -0.13291928626387098 -0.098749067963353782 0 1 19.250000000000004 0.60355339059327384 0.34340671842458809 0.63971826104179053 2 10.450000000000001 0.73136292505298039 83.27500000000002 0.025799818015934263 0.042991213741508195 3 0.12940952255126045 4 -0.78656609248549303 5 52.500000000000007 24.650000000000002 61.500000000000007 6 298.50000000000006 1.0155000000000003 7 1.0000000180025095e-35 -1.9516307964286037
decision_type=10 2 2 2 1 1 2 2 2 10 1 2 2 2 2 2 1 2 1 2 1 2 2 2 1 2 10 1 2 2
left_child=9 12 5 4 7 -3 -7 8 -4 10 -1 -11 -2 -10 -5 16 17 -16 -14 20 21 -8 -21 -24 -17 -13 -27 28 29 -28
right_child=1 2 3 14 -6 6 19 -9 13 11 -12 25 18 -15 15 24 -18 -19 -20 22 -22 -23 23 -25 -26 26 27 -29 -30 -31
leaf_value=-0.12759790314892255 -0.051216894046602325 -0.074152859260240608 -0.49320599910132495 0.61727315333786059 -0.18617096971514605 0.96469875104843927 -0.19230105944428375 -0.31575612252703467 -0.78355988816523381 0.28336055453237213 -0.0030863921804059895 0.071754328548918153 0.064899507414783508 -1.4298365022205317 -0.29200092149751777 0.096423645256109705 -0.16983420075633116 -1.2166791557022036 1.3353004416940835 0.49818842590970597 0.077451924402293079 -0.66754983999190698 -0.059123447923234207 -0.69822353637993273 -0.057626549866988147 0.02211816405050358 -0.11979733093398741 -0.08484482288430148 0.041312225205523294 -0.30482999577196401
leaf_weight=81089 14277 50060 1366 17999 5239 55242 5533 728 297 34837 151767 77433 13871 786 623 39307 3456 617 39956 26847 9048 1678 14788 324 50345 41660 1485 17099 1766 2535
leaf_count=81089 14277 50060 1366 17999 5239 55242 5533 728 297 34837 151767 77433 13871 786 623 39307 3456 617 39956 26847 9048 1678 14788 324 50345 41660 1485 17099 1766 2535
internal_value=0.000287206 0.000793222 0.000454046 -0.000375956 -0.00815065 0.00106702 0.00183642 -0.0164925 -0.0207943 -0.000148055 -0.000645821 0.000507477 0.002209 -0.0307583 0.000206519 -0.000237331 -0.00720971 -0.0182734 0.0028911 0.000468713 -0.00174576 -0.00496732 0.00132684 -0.000991729 0.00012796 7.00669e-05 -0.000879837 -0.00303985 -0.00707331 -0.0103855
internal_weight=762058 352387 284283 120763 8416 163520 113460 3177 2449 409671 232856 176815 68104 1083 112347 94348 4696 1240 53827 58218 16259 7211 41959 15112 89652 141978 64545 22885 5786 4020
internal_count=762058 352387 284283 120763 8416 163520 113460 3177 2449 409671 232856 176815 68104 1083 112347 94348 4696 1240 53827 58218 16259 7211 41959 15112 89652 141978 64545 22885 5786 4020
cat_boundaries=0 2 5 7 10 13 15 18 20
cat_threshold=3774297856 3221750469 1610662083 1071637528 1 1688275122 2183284426 75538708 2424457505 1 583180297 68673856 1 133369088 803 2289150090 2760351370 1 3476102789 3944758176
is_linear=0
shrinkage=0.06


Tree=95
num_leaves=31
num_cat=5
split_feature=35 104 111 127 133 133 109 122 113 104 20 119 112 110 104 109 114 109 104 122 98 133 104 119 111 5 84 132 58 119
split_gain=43.1585 57.1255 54.2904 52.106 38.2845 76.4708 59.2935 80.8267 68.901 58.2524 48.537 43.1164 41.0933 68.9815 38.4616 35.1506 47.8295 34.653 34.5905 34.4459 49.1063 33.6801 44.9068 36.9081 68.9777 33.4211 31.7536 30.5322 34.0664 29.2913
threshold=359.63500000000005 0 54.500000000000007 4.8090070642102569 0.94066717844141279 0.96407344085605606 472.50000000000006 0.31425366410104638 327.50000000000006 1 1.8119958951666788 611.50000000000011 1.885 11.450000000000001 2 512.50000000000011 -1.2031441247424079 37.500000000000007 3 0.52390143676451129 -0.16693218438255733 0.93158198870884079 4 297.50000000000006 70.500000000000014 0.84050000000000014 1.7985416666666671 0.025799818015934263 4149.4550000000008 611.50000000000011
decision_type=10 1 2 2 2 2 2 2 2 1 10 2 2 2 1 2 2 2 1 2 2 2 1 2 2 10 10 2 2 2
left_child=4 -2 19 27 21 6 10 8 -8 12 -6 -12 13 17 -9 -11 -17 -7 -10 -3 -21 -1 23 24 -23 -18 -16 28 -4 -14
right_child=1 2 3 -5 5 9 7 14 18 15 11 -13 29 -15 26 16 25 -19 -20 20 -22 22 -24 -25 -26 -27 -28 -29 -30 -31
leaf_value=-0.0096882068184978715 -0.069174624162515588 0.022665581504685867 0.67497099777073444 1.352941141652787 -0.88471650698043536 -0.21856355948278916 0.39398865465472893 -0.65159367322883366 -0.87503967896233859 0.20520105141793205 1.298750365644227 -1.1506944835571116 0.0016273302928311087 0.039875302255808334 -0.44340681722623621 -1.0969036413397786 0.10952093321390592 -0.7378580230379953 -0.17258893911388171 -0.40457334697787578 -1.7011420957543963 -0.91809795696071295 -0.055469612129142566 0.066117961320327809 -0.16268705245900225 -0.14627379228628709 0.0077969465094023986 -0.12354741480636627 -0.43659779323042308 -0.22184820726339174
leaf_weight=412134 54603 33652 33740 49054 150 2431 3862 305 228 54362 32586 128 32855 7042 127 155 4564 6109 493 1941 200 2061 9346 1370 1888 3891 322 10754 1166 1035
leaf_count=412134 54603 33652 33740 49054 150 2431 3862 305 228 54362 32586 128 32855 7042 127 155 4564 6109 493 1941 200 2061 9346 1370 1888 3891 322 10754 1166 1035
internal_value=0.000300915 0.00109815 0.00177985 0.00253227 4.53448e-05 0.000867663 0.0031869 -0.00267853 0.000318063 7.97192e-05 0.00413948 0.00429601 -0.00146087 -0.00401129 -0.0208689 0.00129006 -0.00227151 -0.00763611 -0.0166953 -0.000210705 -0.00758823 -0.000244906 -0.00307037 -0.00746454 -0.0104218 -0.00166391 -0.00888261 0.00107356 0.00193474 -0.000288572
internal_weight=762554 185110 130507 94714 577444 150645 38201 5337 4583 112444 32864 32714 49472 15582 754 62972 8610 8540 721 35793 2141 426799 14665 5319 3949 8455 449 45660 34906 33890
internal_count=762554 185110 130507 94714 577444 150645 38201 5337 4583 112444 32864 32714 49472 15582 754 62972 8610 8540 721 35793 2141 426799 14665 5319 3949 8455 449 45660 34906 33890
cat_boundaries=0 3 5 7 9 12
cat_threshold=1658904771 500164124 1 1057898301 2744152160 1594505276 1644312864 3390047780 843067776 1927364930 4564505 1
is_linear=0
shrinkage=0.06


Tree=96
num_leaves=31
num_cat=8
split_feature=104 91 110 104 114 129 110 21 125 140 134 129 104 104 114 133 133 131 104 98 104 19 114 139 134 120 104 133 129 112
split_gain=42.353 51.63 45.7978 40.666 67.9457 60.3022 44.2232 38.1072 43.7383 45.4189 35.8212 67.6052 59.5397 32.9829 30.7987 26.3209 40.8395 44.1908 31.469 25.9279 53.6801 27.0429 51.6281 23.7878 42.6176 31.9008 36.6031 30.2042 49.7608 51.4368
threshold=0 1 18.650000000000002 2 1.3847229852640108 142.50000000000003 15.850000000000003 192.53750000000002 0.060066666666666692 27.000000000000004 1.0000000180025095e-35 34.500000000000007 3 4 -1.6921341644564472 0.99138911339924218 0.99530134160901229 0.37940952255126048 5 0.62837760187664593 6 178.96045138888891 1.4948148763204303 64.500000000000014 1.0000000180025095e-35 2.5000000000000004 7 0.64248926378905724 239.50000000000003 2.6050000000000004
decision_type=1 1 2 1 2 2 2 10 2 2 2 2 1 1 2 2 2 2 1 2 1 10 2 2 2 2 1 2 2 2
left_child=1 2 3 4 -1 6 -5 -6 -9 -10 19 12 -12 -13 -15 -7 17 18 -17 -2 21 -21 -23 24 27 26 -25 28 -4 -30
right_child=10 -3 23 5 7 15 -8 8 9 -11 11 13 -14 14 -16 16 -18 -19 -20 20 -22 22 -24 25 -26 -27 -28 -29 29 -31
leaf_value=0.82667804985408933 -0.020883257093138041 0.010947661592607967 -0.099564414887179334 -0.60430799674439695 -0.10636833099186568 1.5932808173262372 -0.29010441021216921 -0.036460831523506612 -0.13886507778307097 -0.74142919459922663 -0.46957154047472649 -0.049231208925085694 -0.03329115440940366 1.6600240922365574 0.11465382763258097 -0.21737594129814233 0.79141756307678957 0.63658642781605657 -1.1401509473095304 -0.38383602284416357 -0.0084277207809791352 0.50172832434864667 -1.0100921373605123 -0.042268146150810322 0.61911504595288536 -0.048349204607360793 -1.1281241068537087 0.04209166629446634 -0.34934208520037269 -0.5898012202701427
leaf_weight=5983 343987 143009 5594 176 5626 46654 1158 769 358 618 3042 31354 5758 8631 96290 482 9647 1109 579 4415 9097 163 305 227 10408 984 234 24739 484 455
leaf_count=5983 343987 143009 5594 176 5626 46654 1158 769 358 618 3042 31354 5758 8631 96290 482 9647 1109 579 4415 9097 163 305 227 10408 984 234 24739 484 455
internal_value=0.000313838 0.000936731 0.00187561 0.00278997 -0.000204714 0.00345811 -0.00915056 -0.0040605 -0.0118041 -0.0202293 -7.2515e-06 0.00078807 -0.0043086 0.00111722 0.0016274 0.00374651 0.00121696 -0.00621833 -0.0149661 -0.000329577 -0.00286246 -0.00792848 -0.0216461 0.000324862 0.000587318 -0.00724066 -0.0202468 -0.000519553 -0.00414784 -0.0169213
internal_weight=762335 259293 116284 73159 13354 59805 1334 7371 1745 976 503042 145075 8800 136275 104921 58471 11817 2170 1061 357967 13980 4883 468 43125 41680 1445 461 31272 6533 939
internal_count=762335 259293 116284 73159 13354 59805 1334 7371 1745 976 503042 145075 8800 136275 104921 58471 11817 2170 1061 357967 13980 4883 468 43125 41680 1445 461 31272 6533 939
cat_boundaries=0 2 3 5 7 9 11 13 15
cat_threshold=2300335446 6579 24 16450 16 817924097 3778084928 536870912 283353152 134742036 6432 46277256 1496318464 2281718098 2193
is_linear=0
shrinkage=0.06


Tree=97
num_leaves=31
num_cat=10
split_feature=139 104 134 129 104 114 111 103 110 104 111 139 104 121 104 111 104 129 129 121 119 124 104 132 104 132 109 104 104 120
split_gain=40.7344 101.269 60.6406 137.067 85.7215 58.9372 78.7256 63.818 86.2617 69.1112 53.1719 108.167 156.907 53.694 60.6955 51.5662 49.6904 48.0459 85.0582 50.8538 75.3765 55.3874 44.6707 44.3254 44.0053 43.5628 42.9257 42.0028 41.5239 36.4803
threshold=46.500000000000007 0 1.0000000180025095e-35 34.500000000000007 1 -1.0393208789485404 38.500000000000007 1.229174317522145e-10 10.450000000000001 2 35.500000000000007 45.500000000000007 3 986.55000000000007 4 76.500000000000014 5 157.50000000000003 166.50000000000003 994.85000000000002 230.50000000000003 0.83500000000000008 6 -0.53402660245708555 7 -0.60467950862903008 1062.5000000000002 8 9 12.500000000000002
decision_type=2 1 2 2 1 2 2 2 2 1 2 2 1 2 1 2 1 2 2 2 2 2 1 2 1 2 2 1 1 2
left_child=2 25 10 4 -4 6 -5 8 -7 17 11 -1 -13 16 -15 24 -12 28 22 21 -21 -20 -19 -3 -6 -2 -25 -9 -10 -17
right_child=1 23 3 5 15 7 -8 27 9 -11 13 12 -14 14 -16 29 -18 18 19 20 -22 -23 -24 26 -26 -27 -28 -29 -30 -31
leaf_value=-0.12420404329063922 0.085983603721257545 0.98656422110672493 0.06303557228521546 -0.24253889771588236 -0.56474840604734111 0.27227765626698003 1.0336659757388462 0.034364040619373752 -0.49323285778541442 -0.0070264816081945496 -0.25015515263615701 -0.52280390376668295 -0.01392280897244106 -0.059668717488636155 0.084682674999027235 -1.2882681173273085 -0.051694137515404068 -0.1099298208943994 -0.12250099321065558 -1.0401628420813385 -0.16640458341238756 -0.60379331907628631 -0.43119953593812432 -0.062299504092413471 -0.23596179634615239 -0.25986064389214686 -1.252255510100603 0.36021860751137114 0.49350213610944993 -0.049877861382545567
leaf_weight=7749 32815 56050 5347 378 1750 15389 30389 41379 1240 19716 16471 673 739 164245 202006 449 72102 244 6967 1017 1313 292 582 6114 2916 17653 171 51352 2443 2890
leaf_count=7749 32815 56050 5347 378 1750 15389 30389 41379 1240 19716 16471 673 739 164245 202006 449 72102 244 6967 1017 1313 292 582 6114 2916 17653 171 51352 2443 2890
internal_value=0.00030825 0.00136075 0.000125605 0.00104076 -0.004816 0.00149359 0.00387422 0.000977518 -0.000769084 -0.00246388 -0.000241365 -0.00476686 -0.020034 -0.000150203 0.000170391 -0.00873877 -0.00147585 -0.00566957 -0.00775634 -0.00616329 -0.0138739 -0.00368678 -0.0262201 0.00297806 -0.0128228 -0.000637334 -0.00179924 0.00190426 0.000216613 -0.00305569
internal_weight=762841 112803 650038 186053 13352 172701 30767 141934 49203 33814 463985 9161 1412 454824 366251 8005 88573 14098 10415 9589 2330 7259 826 62335 4666 50468 6285 92731 3683 3339
internal_count=762841 112803 650038 186053 13352 172701 30767 141934 49203 33814 463985 9161 1412 454824 366251 8005 88573 14098 10415 9589 2330 7259 826 62335 4666 50468 6285 92731 3683 3339
cat_boundaries=0 3 6 8 11 14 16 18 20 22 24
cat_threshold=1891680451 500098392 1 1174954706 349103132 1 361509173 316938599 390860213 1335892451 1 1724064378 2719606292 1 185669920 3224897830 8400928 2359364 2312144128 3221227841 3760556162 3119769288 8396833 272891972
is_linear=0
shrinkage=0.06


Tree=98
num_leaves=31
num_cat=11
split_feature=104 111 91 134 129 104 132 104 113 111 113 104 121 0 104 104 104 111 139 132 104 104 111 104 139 131 123 119 115 115
split_gain=39.2706 50.1947 49.7521 40.3945 71.6136 61.6788 40.5551 49.773 35.3447 43.0517 64.1901 60.1236 35.2426 33.145 31.7888 30.6607 30.4964 29.0766 28.9734 45.3038 41.7364 29.1057 29.0804 42.4721 29.4666 28.5161 34.3185 42.5505 33.8847 27.953
threshold=0 54.500000000000007 1 1.0000000180025095e-35 34.500000000000007 2 0.66766646831012755 3 277.50000000000006 41.500000000000007 62.500000000000007 4 984.75000000000011 111.01250000000002 5 6 7 57.500000000000007 46.500000000000007 -0.73208386245364632 8 9 36.500000000000007 10 45.500000000000007 -0.37940952255126015 0.86612116321110799 83.500000000000014 2.0018158224955824 1.8859116222410479
decision_type=1 2 1 2 2 1 2 1 2 2 2 1 2 2 1 1 1 2 2 2 1 1 2 1 2 2 2 2 2 2
left_child=1 -1 12 6 5 -5 18 13 9 10 -6 -12 -3 -8 -10 -11 -7 -15 22 21 -21 -20 23 24 -2 -4 -27 28 -28 -18
right_child=3 2 25 4 8 16 7 -9 14 15 11 -13 -14 17 -16 -17 29 -19 19 20 -22 -23 -24 -25 -26 26 27 -29 -30 -31
leaf_value=-0.051917888534409366 -0.33814613113718783 -0.37451386043354429 0.18340393910394234 -0.68493016553446373 0.029462064027171393 0.16921569861338387 -0.30330258166833224 -0.034660645103309927 0.12054595589936862 -0.017602568397060262 -0.055318146870292018 -0.45023759449609668 0.8838313503915205 -0.11167746202839282 -0.03334318793874818 0.61348878841802124 -0.12988032955195811 -0.88716268999437797 -0.65197609949703716 -0.24419306374339156 0.20272881186759231 1.2219442549696122 -0.023571958836850062 -0.048291793265369996 -0.37257214280386058 -0.08741055834239983 0.29743574641130699 -0.34801605874649566 -1.2894473383567491 -0.77120354006674774
leaf_weight=39631 2109 1291 24702 1629 1393 3043 2613 5239 49623 10649 339 310 52166 284 54934 41282 4896 578 1298 16281 31166 11689 339089 5767 348 27332 30740 1182 125 697
leaf_count=39631 2109 1291 24702 1629 1393 3043 2613 5239 49623 10649 339 310 52166 284 54934 41282 4896 578 1298 16281 31166 11689 339089 5767 348 27332 30740 1182 125 697
internal_value=0.000304043 0.00108666 0.00162883 6.71081e-05 0.00085008 -0.00400643 -0.000250236 -0.00430017 0.00116457 0.00241149 -0.00613216 -0.0217015 0.00305981 -0.0098537 0.000520879 0.00274755 -0.0019734 -0.0200788 -0.000163674 0.0010488 0.000189302 0.00418864 -0.000374652 -0.00389982 -0.0104854 0.00071857 5.96183e-06 0.00133806 0.00176602 -0.00460064
internal_weight=762425 177169 137538 585256 168795 10265 416461 8714 158530 53973 2042 649 53457 3475 104557 51931 8636 862 407747 60434 47447 12987 347313 8224 2457 84081 59379 32047 30865 5593
internal_count=762425 177169 137538 585256 168795 10265 416461 8714 158530 53973 2042 649 53457 3475 104557 51931 8636 862 407747 60434 47447 12987 347313 8224 2457 84081 59379 32047 30865 5593
cat_boundaries=0 2 3 5 7 9 11 13 15 17 19 21
cat_threshold=2299003158 6563 24 282100736 1073741888 1123247752 2034237440 1658857544 537624668 376651304 3239600644 537036800 254016 1140867648 273589272 276856833 341754956 536903808 150994944 1443109537 572522504
is_linear=0
shrinkage=0.06


Tree=99
num_leaves=31
num_cat=0
split_feature=126 110 98 107 127 67 130 113 111 115 139 6 139 131 109 139 139 19 110 140 0 24 0 122 111 124 53 34 125 122
split_gain=41.2455 52.2561 85.4112 52.6183 43.1345 36.1027 54.139 36.6892 35.703 57.4159 41.639 51.5155 53.7808 33.1642 36.3913 41.942 65.0546 62.3493 31.3825 30.2052 111.991 63.8445 58.4905 41.1477 39.6236 96.1002 43.9279 35.5656 46.373 41.5088
threshold=58.625000000000007 16.250000000000004 -0.14994792132438914 28.445900000000005 29.158130997591666 145.50000000000003 0.91597561503675362 324.50000000000006 35.500000000000007 -1.9889672520608153 45.500000000000007 317.25500000000005 46.500000000000007 -0.9159756150367534 502.50000000000006 54.500000000000007 35.500000000000007 233.70729166666669 15.250000000000002 4.5000000000000009 98.511250000000018 -41.941319444444431 80.305000000000021 0.48921561390457075 85.500000000000014 0.37833333333333335 6.9749896123024024 0.40950000000000009 0.23338333333333336 0.54057176476787805
decision_type=2 2 2 2 2 2 2 2 2 2 2 10 2 2 2 2 2 10 2 2 2 8 2 2 2 2 10 10 2 2
left_child=1 3 -3 -1 13 6 18 -8 9 -6 -11 -12 -13 14 -2 16 -16 -18 -5 20 21 23 -21 -15 26 -26 27 -24 -29 -30
right_child=4 2 -4 5 8 -7 7 -9 -10 10 11 12 -14 19 15 -17 17 -19 -20 22 -22 -23 24 -25 25 -27 -28 28 29 -31
leaf_value=-0.31129450647617529 0.27736291804251523 0.035558471635902894 -0.79583942708264044 0.6937246296852505 0.06583689682390774 0.98389930770435263 -0.53397807158922439 -1.5961889275805083 0.25742184524333095 -0.24421211338332932 0.055294299807700946 -0.47627757359684919 -0.085849147087076513 -0.19830968730596407 -0.026707074002451071 0.65175999684914909 -0.37156516292371394 -0.76359293576886111 -1.2030268744104449 0.039828186547046819 0.42003238356142653 -0.0093047208564292477 -0.0060789420833350155 -0.66361632971843332 0.14801599164023668 -0.29662163181161089 -0.18789215454158736 -0.096897208279083658 -0.56751147574780736 -0.43258974873432365
leaf_weight=6949 36433 62891 2206 7208 10298 56817 1776 246 67670 2175 459 743 326 8233 37194 7805 1202 271 502 94728 51201 24969 78193 2544 67871 27635 68209 33357 577 1820
leaf_count=6949 36433 62891 2206 7208 10298 56817 1776 246 67670 2175 459 743 326 8233 37194 7805 1202 271 502 94728 51201 24969 78193 2544 67871 27635 68209 33357 577 1820
internal_value=0.000283889 0.00122017 -1.77883e-05 0.0023166 7.59049e-05 0.00283537 -0.000541251 -0.00927731 0.00136137 -0.00139651 -0.00780292 -0.0153905 -0.0226037 -0.000117711 0.00098678 -0.000126267 -0.000936123 -0.0132985 0.00175075 -0.00031706 0.000689861 -0.00188726 -0.000552161 -0.00574671 -0.000991374 -1.50752e-06 -0.00151037 -0.000789465 -0.00235704 -0.0104162
internal_weight=762508 138595 65097 73498 623913 66549 9732 2022 81671 14001 3703 1528 1069 542242 82905 46472 38667 1473 7710 459337 86947 35746 372390 10777 277662 95506 182156 113947 35754 2397
internal_count=762508 138595 65097 73498 623913 66549 9732 2022 81671 14001 3703 1528 1069 542242 82905 46472 38667 1473 7710 459337 86947 35746 372390 10777 277662 95506 182156 113947 35754 2397
is_linear=0
shrinkage=0.06


Tree=100
num_leaves=31
num_cat=10
split_feature=104 134 129 104 114 20 69 133 113 131 104 104 102 103 110 34 104 104 110 125 121 104 104 109 104 113 104 127 113 110
split_gain=40.4991 39.2083 88.641 69.9879 47.1415 62.5793 43.7194 45.9978 58.9898 49.5032 42.8006 36.4893 36.0196 38.8317 59.733 55.909 47.3426 44.9765 43.6164 40.3187 66.5027 38.0141 37.2141 35.614 35.4492 34.9994 34.7155 36.2425 33.7343 28.493
threshold=0 1.0000000180025095e-35 34.500000000000007 1 -1.0393208789485404 9.5202852843142001 11.15 0.99138911339924218 271.50000000000006 -0.37940952255126015 2 3 61.500000000000007 1.229174317522145e-10 10.250000000000002 2.4345000000000003 4 5 18.850000000000005 0.17611666666666673 995.1500000000002 6 7 1612.5000000000002 8 282.50000000000006 9 0.45239313645560386 299.50000000000006 25.650000000000002
decision_type=1 2 2 1 2 10 2 2 2 2 1 1 2 2 2 10 1 1 2 2 2 1 1 2 1 2 1 2 2 2
left_child=-1 6 3 -3 5 -4 -2 9 -9 26 25 -11 13 14 24 16 19 29 -17 -16 21 -21 -14 -7 -6 -10 27 -8 -24 -15
right_child=1 2 4 -5 12 23 7 8 10 11 -12 -13 22 17 15 18 -18 -19 -20 20 -22 -23 28 -25 -26 -27 -28 -29 -30 -31
leaf_value=0.15077266771435976 0.033916106512707531 -0.38440727030465671 -0.39142314020713026 -0.015972944067547387 -1.1145135070391516 0.94269339679480457 -0.20713713528882233 0.20657172053753531 -0.8157449959388785 -0.18220915444374206 -0.23683564142001423 -0.040817776200196138 0.094986061603894917 0.61158135130552649 -0.11498466517327391 -0.18874640277095764 0.024454110517721138 0.037229594055829825 -0.77039032397368801 -1.6341804402042075 -1.3900738714042666 -0.25521258783744466 0.046763620024033462 -0.16331203539839786 0.3025461942073861 -0.73441215237486634 0.15748951652604057 0.0022512829549232922 -0.65090580863205239 0.014995451776555306
leaf_weight=82466 267738 4980 514 6913 478 27479 4811 4327 404 55239 4825 73277 4748 36957 11541 335 16376 54221 297 409 368 1302 1779 393 12959 3187 39060 31289 3640 10382
leaf_count=82466 267738 4980 514 6913 478 27479 4811 4327 404 55239 4825 73277 4748 36957 11541 335 16376 54221 297 409 368 1302 1779 393 12959 3187 39060 31289 3640 10382
internal_value=0.000276158 0.00012391 0.000839722 -0.00418043 0.00116391 0.00341269 -0.000165975 -0.000800138 -0.00429708 -0.000581332 -0.00722395 -0.00129667 0.000754155 0.000995221 -0.000492216 -0.0019554 -0.00158296 0.00164059 -0.0196019 -0.00419485 -0.0118875 -0.0069007 -0.00269847 0.0037955 0.00284283 -0.0121749 0.000641822 -0.00069951 -0.0060895 0.00299164
internal_weight=762694 680228 196071 11893 184178 28386 484157 216419 12743 203676 8416 128516 155792 145625 44065 30628 29996 101560 632 13620 2079 1711 10167 27872 13437 3591 75160 36100 5419 47339
internal_count=762694 680228 196071 11893 184178 28386 484157 216419 12743 203676 8416 128516 155792 145625 44065 30628 29996 101560 632 13620 2079 1711 10167 27872 13437 3591 75160 36100 5419 47339
cat_boundaries=0 2 4 6 9 11 13 15 17 18 20
cat_threshold=134742020 6304 2983494913 3375432515 3774298904 3230269953 1387478154 1074276110 1 361134897 316932423 401815417 1107558663 335806512 64 1109569336 3987292244 570425344 1694515811 3547841566
is_linear=0
shrinkage=0.06


Tree=101
num_leaves=31
num_cat=7
split_feature=131 104 135 104 114 104 111 123 19 132 103 131 114 111 104 114 104 140 0 0 24 45 86 132 132 123 104 111 104 115
split_gain=37.2982 55.266 37.0192 39.5347 33.7862 55.5336 40.8048 32.3201 31.7667 34.3076 31.5414 30.7404 38.8357 46.9225 39.5448 37.3167 32.545 29.0199 103.804 63.1386 50.5143 38.7381 35.0783 34.9991 38.3697 62.9094 45.8433 32.7335 54.1417 39.3967
threshold=0.91597561503675351 0 1.0000000180025095e-35 1 1.20371378932179 2 69.500000000000014 0.58788115498927562 297.24895833333341 0.025799818015934263 0.61497421480319081 -0.9159756150367534 -1.0959077254156819 40.500000000000007 3 2.5956164594599929 4 4.5000000000000009 119.51500000000001 83.27500000000002 -34.179722222222225 159.85000000000002 119.50000000000001 0.61490419508004501 0.62837760187664593 0.76434924379676961 5 43.500000000000007 6 -1.5512966824453474
decision_type=2 1 2 1 2 1 2 2 10 2 2 2 2 2 1 2 1 2 2 2 8 2 10 2 2 2 1 2 1 2
left_child=2 4 8 -4 -2 6 -6 -5 11 -10 -7 16 13 -13 -15 17 -1 18 20 -19 21 22 -14 27 25 -25 -26 28 -21 -29
right_child=1 -3 3 7 5 10 -8 -9 9 -11 -12 12 15 14 -16 -17 -18 19 -20 23 -22 -23 -24 24 26 -27 -28 29 -30 -31
leaf_value=-0.044470747576361103 0.12242929985778289 0.29147697762087527 -0.031913327510647446 -0.042304582581805826 -2.1952990765380487 -0.1540095359281847 -0.82362736947529824 0.36511732373874567 0.74027173443059169 -0.52555100850214831 -0.8741313551995179 -0.22403825836210042 -0.97845376300360365 -0.07416476014627453 0.27038861424237298 0.064351613343361744 0.12775464521849014 0.024421560627986748 0.7250245134899963 -0.40905306598791374 0.0018476159766145747 -0.15364813123274618 -0.47250305071400911 -0.018043375349622047 0.10699432393308632 -0.7319180053368034 -0.41989952682842507 0.011416857932797588 -0.092102021541059523 -0.16124380160423155
leaf_weight=35754 9585 76470 38683 11168 256 8657 519 51026 25898 747 161 310 990 23939 36560 40270 54942 79261 27465 6570 21286 10921 1711 475 3057 532 3753 57790 14327 119168
leaf_count=35754 9585 76470 38683 11168 256 8657 519 51026 25898 747 161 310 990 23939 36560 40270 54942 79261 27465 6570 21286 10921 1711 475 3057 532 3753 57790 14327 119168
internal_value=0.000301404 0.0014094 0.000142421 0.00120127 -0.00147022 -0.00398812 -0.0192748 0.00213783 -4.63896e-05 0.00197591 -0.00261774 -0.000146349 -0.000350122 0.0010596 0.00117907 -0.000571303 0.000861065 -0.000771778 0.000400456 -0.00102839 -0.00177066 -0.00462365 -0.0110563 -0.00158284 -0.00552034 -0.0164464 -0.00390251 -0.00142725 -0.00367298 -0.00116203
internal_weight=762251 95648 666603 100877 19178 9593 775 62194 565726 26645 8818 539081 448385 60809 60499 387576 90696 347306 62373 284933 34908 13622 2701 205672 7817 1007 6810 197855 20897 176958
internal_count=762251 95648 666603 100877 19178 9593 775 62194 565726 26645 8818 539081 448385 60809 60499 387576 90696 347306 62373 284933 34908 13622 2701 205672 7817 1007 6810 197855 20897 176958
cat_boundaries=0 2 4 5 8 10 12 14
cat_threshold=536920202 67183704 3014894136 254660 128 1050904064 3406619140 1 1695318576 3690154080 1023445509 76265575 1166805285 1596983587
is_linear=0
shrinkage=0.06


Tree=102
num_leaves=31
num_cat=0
split_feature=35 128 59 113 99 132 129 133 112 99 132 131 130 58 107 129 126 133 130 112 125 109 109 132 109 19 18 47 132 107
split_gain=37.2028 40.1821 38.6202 61.175 46.331 40.3938 58.8704 39.5935 39.2239 51.1886 48.5135 43.4182 39.8309 71.6533 38.8256 35.5347 47.7887 35.162 59.1081 50.3997 48.8868 126.692 35.1104 62.6804 44.6112 54.8958 34.369 31.3976 39.3438 39.3392
threshold=274.85000000000008 0.0037128328918042412 1866.7650000000001 269.50000000000006 0.99958851518450398 0.61490419508004501 166.50000000000003 0.99981043035926087 3.7250000000000005 0.98174098242282837 -0.42860198635012398 -0.9159756150367534 -0.78656609248549303 132.57500000000002 28.654150000000005 34.500000000000007 30.225000000000005 0.93769647993491489 -0.91597561503675329 1.9550000000000003 0.36966666666666675 57.500000000000007 502.50000000000006 0.19653276579064646 782.50000000000011 173.07295314470932 161.42569444444447 305.03229166666671 0.17963823861099873 28.654150000000005
decision_type=10 2 10 2 2 2 2 2 2 2 2 2 2 2 2 2 2 2 2 2 2 2 2 2 2 10 10 10 2 2
left_child=-1 2 3 -2 5 8 14 -6 12 10 11 26 13 -5 -7 16 -14 18 19 -3 22 -22 -19 -24 25 -25 -10 28 -15 -30
right_child=1 17 -4 4 7 6 -8 -9 9 -11 -12 -13 15 27 -16 -17 -18 20 -20 -21 21 -23 23 24 -26 -27 -28 -29 29 -31
leaf_value=-0.017153379933222367 0.29594614620863607 -0.42288155928711446 -0.16767750735505657 0.30911836383470276 -0.43962081265577663 -0.25853836817250792 -0.10357066413313659 1.7516039404084272 -0.29257185757428011 -0.36707536468059004 0.073162371408798665 -0.11657303453623961 -1.7053358937741903 -0.41531492235125966 -0.49324384213747074 0.14443761303357136 -0.12868069896075499 0.81003698618852127 0.18509641944370345 -0.053966510033133859 2.5832282097446249 -0.89473325675697146 0.8318984089429724 -0.13885109363659753 0.08892116699171973 -0.52411346912325252 -0.81665766291754416 -0.14272946535574532 -0.21789663883416935 -0.53842693236834327
leaf_weight=269771 79688 4326 28946 13109 7141 358 5682 1862 195 2807 6830 496 276 5230 261 113993 9080 36572 131886 15553 903 516 2675 908 718 500 260 21218 548 265
leaf_count=269771 79688 4326 28946 13109 7141 358 5682 1862 195 2807 6830 496 276 5230 261 113993 9080 36572 131886 15553 903 516 2675 908 718 500 260 21218 548 265
internal_value=0.00028776 0.000597829 0.000160237 0.000384085 -0.000202171 7.24239e-06 -0.00471184 -0.00440271 0.000177858 -0.00336122 -0.00085505 -0.0135441 0.000406756 -0.0012291 -0.0222677 0.000942149 -0.00261238 0.00126863 0.000840307 -0.00220956 0.00278765 -0.00815915 0.00316329 -0.00166056 -0.00934838 -0.0155515 -0.0269079 -0.00298195 -0.00679715 -0.0190688
internal_weight=762573 492802 298245 269299 189611 180608 6301 9003 174307 10588 7781 951 163719 40370 619 123349 9356 194557 151765 19879 42792 1419 41373 4801 2126 1408 455 27261 6043 813
internal_count=762573 492802 298245 269299 189611 180608 6301 9003 174307 10588 7781 951 163719 40370 619 123349 9356 194557 151765 19879 42792 1419 41373 4801 2126 1408 455 27261 6043 813
is_linear=0
shrinkage=0.06


Tree=103
num_leaves=31
num_cat=7
split_feature=104 126 111 133 129 110 133 128 111 115 104 128 133 114 133 104 90 114 104 126 113 128 104 104 132 120 115 111 19 104
split_gain=39.1308 55.0176 53.6896 50.3243 44.3702 40.306 38.8645 38.2746 37.6998 59.3415 33.9582 33.2587 32.2033 57.4581 57.33 84.0827 40.5771 36.9389 36.933 32.875 32.02 38.2339 31.8008 31.3911 30.7095 29.9877 29.7082 40.3286 55.6626 29.6428
threshold=0 63.725000000000001 62.500000000000007 0.99349222267034787 58.500000000000007 11.450000000000001 0.73136292505298039 0.012930954492237802 35.500000000000007 -1.9889672520608153 1 0.00063095551600039778 0.78724360164103002 0.84636942609825105 0.78192542922038288 2 5.5000000000000009 1.742304706028208 3 1546.4000000000003 18.500000000000004 0.0054696029410688527 4 5 -0.77718486915728335 62.500000000000007 -1.7038474458750019 41.500000000000007 200.99531250000004 6
decision_type=1 2 2 2 2 2 2 2 2 2 1 2 2 2 2 1 2 2 1 2 2 2 1 1 2 2 2 2 10 1
left_child=-1 2 3 -2 5 10 20 12 9 -9 11 -4 14 18 26 16 17 -16 19 -14 21 29 24 -5 -11 -21 27 28 -3 -6
right_child=1 7 4 23 6 -7 -8 8 -10 22 -12 -13 13 -15 15 -17 -18 -19 -20 25 -22 -23 -24 -25 -26 -27 -28 -29 -30 -31
leaf_value=-0.015082811321822459 -0.10577110372114215 0.021915764717517994 -2.2835169029479694 0.59198364939585868 -1.2705348654309314 -0.0086816789980695298 1.4798256795148077 0.071969646647542254 0.36745810172201182 -0.85661189393346049 -0.30205714359103142 -0.40016769180298489 0.13747626463020837 -0.0091701837594449429 -0.22246771489073161 -0.042885934208424202 -0.12009412283498616 -0.47477864266983788 0.79388275871364955 -0.6185571917860303 0.21428618753518694 0.10506549896507884 -0.12978100873168738 -1.6295427922830856 -0.47904047990284165 -0.10487302223253538 -0.0074249630921439918 -0.12430331565559456 -0.7916855772022352 -0.49269836350388929
leaf_weight=350314 8182 197 178 108 395 4931 44473 5438 41803 485 637 144 19418 139244 124 1992 309 606 29253 802 20653 1118 997 296 396 1270 76203 12387 210 432
leaf_count=350314 8182 197 178 108 395 4931 44473 5438 41803 485 637 144 19418 139244 124 1992 309 606 29253 802 20653 1118 997 296 396 1270 76203 12387 210 432
internal_value=0.000289346 0.000685223 0.00208125 -0.00240643 0.00260939 -0.0023833 0.00304786 0.000341444 0.00188709 -0.0020861 -0.0136312 -0.0291532 7.22302e-05 0.000518465 -0.000848993 -0.0089624 -0.0226914 -0.0306156 0.00224693 0.000357193 0.00102164 -0.00633607 -0.0112783 -0.0230519 -0.0195 -0.00682489 -0.000572574 -0.00324783 -0.0218088 -0.0161087
internal_weight=762995 412681 81547 8586 72961 5890 67071 331134 49119 7316 959 322 282015 189987 92028 3031 1039 730 50743 21490 22598 1945 1878 404 881 2072 88997 12794 407 827
internal_count=762995 412681 81547 8586 72961 5890 67071 331134 49119 7316 959 322 282015 189987 92028 3031 1039 730 50743 21490 22598 1945 1878 404 881 2072 88997 12794 407 827
cat_boundaries=0 3 5 7 9 11 13 15
cat_threshold=1654759595 1190126148 1 269877780 150999330 84410644 134224161 268584528 2567963672 2500594948 2684356897 16464 2282751000 2287076864 536871042
is_linear=0
shrinkage=0.06


Tree=104
num_leaves=31
num_cat=10
split_feature=134 139 104 101 123 104 104 127 122 111 139 104 121 104 104 104 69 104 113 139 98 119 123 111 119 104 104 133 113 111
split_gain=38.7282 54.2853 63.9788 52.7761 65.6214 62.4875 50.5048 53.7686 53.2036 43.5376 87.2211 149.059 50.0309 50.4117 40.788 39.3953 39.375 37.017 34.6919 82.9738 85.1566 39.6719 42.1533 46.2115 43.0064 41.0542 34.7041 33.4928 33.2546 64.5006
threshold=1.0000000180025095e-35 46.500000000000007 0 0.93301270189221952 0.72707149129435711 1 2 9.4296058358007553 0.038136718240524781 35.500000000000007 45.500000000000007 3 986.55000000000007 4 5 6 18.450000000000003 7 79.500000000000014 30.500000000000004 0.24684749415872467 144.50000000000003 0.573366317555705 73.500000000000014 135.50000000000003 8 9 0.6811602155975035 323.50000000000006 91.500000000000014
decision_type=2 2 1 2 2 1 1 2 2 2 2 1 2 1 1 1 2 1 2 2 2 2 2 2 2 1 1 2 2 2
left_child=1 9 27 4 6 -5 -2 8 15 10 -1 -12 14 -14 -11 -8 18 -6 19 20 -10 22 -20 25 -25 -24 -21 -3 -7 -30
right_child=3 2 -4 5 17 28 7 -9 16 12 11 -13 13 -15 -16 -17 -18 -19 21 26 -22 -23 23 24 -26 -27 -28 -29 29 -31
leaf_value=-0.11264060397571235 0.040809121605657757 0.67296220241973959 0.5136579667215998 -0.36012033470770061 -0.016127859236210598 0.75709357389571041 -0.0085605127820798134 0.10174538750047063 0.73273151277535631 -0.19477253688393617 -0.49119535576575346 -0.042691793133581485 0.11405588269518659 -0.030399073568170079 -0.031742439747817042 -0.48270098008992801 0.16037470090820635 0.2364728126274426 0.024775017575456363 -0.13823459659462375 -0.65756543455815397 -0.057932168544428064 -0.51689799134308401 -0.019697885448607819 -0.254664617777695 -0.25653187459140914 -0.46705855558061599 -0.16500065941030498 0.67412516995953387 -1.6974847492302247
leaf_weight=7833 27235 7277 44823 3513 36091 40438 347 10539 1130 32102 541 882 121722 243631 56963 687 3829 70969 2087 244 194 14300 1446 2140 335 1639 535 26783 1559 608
leaf_count=7833 27235 7277 44823 3513 36091 40438 347 10539 1130 32102 541 882 121722 243631 56963 687 3829 70969 2087 244 194 14300 1446 2140 335 1639 535 26783 1559 608
internal_value=0.000273958 1.73644e-06 0.0014568 0.000945713 0.00046678 0.00275002 -0.00101065 -0.00238218 -0.00372007 -0.00024581 -0.00431933 -0.0179789 -0.000162827 0.000148016 -0.00143792 -0.0170783 -0.00322403 0.00138706 -0.00412374 -0.0114838 -0.0023366 -0.00341799 -0.00690612 -0.00963496 -0.00352585 -0.0145334 -0.0270077 -0.000503654 0.00338394 -0.00385517
internal_weight=762422 542557 78883 219865 173747 46118 66687 39452 28913 463674 9256 1423 454418 365353 89065 1034 27879 107060 24050 2103 1324 21947 7647 5560 2475 3085 779 34060 42605 2167
internal_count=762422 542557 78883 219865 173747 46118 66687 39452 28913 463674 9256 1423 454418 365353 89065 1034 27879 107060 24050 2103 1324 21947 7647 5560 2475 3085 779 34060 42605 2167
cat_boundaries=0 2 4 7 10 12 14 16 19 21 23
cat_threshold=836804739 501138764 536870912 679936 1378084954 1762972 1 386664757 260053347 1 2299286533 92543403 186194217 3795323831 603979941 522256448 552061059 8619712 1 2295862532 3223329027 549454336 2684682306
is_linear=0
shrinkage=0.06


Tree=105
num_leaves=31
num_cat=8
split_feature=104 91 111 129 110 134 129 104 133 113 130 111 114 128 104 114 28 110 104 130 104 111 120 139 104 113 25 104 111 130
split_gain=34.3014 49.0015 54.2115 57.3562 37.7566 33.5536 48.232 45.2287 30.7162 54.8889 63.0877 54.0734 40.3369 29.0708 28.7265 36.7438 28.659 49.178 44.4323 36.5921 55.3491 47.778 46.8738 109.879 63.1674 54.983 34.9364 36.4311 34.7299 33.1145
threshold=0 1 48.500000000000007 154.50000000000003 15.850000000000003 1.0000000180025095e-35 31.500000000000004 2 0.99138911339924218 328.50000000000006 0.37940952255126054 59.500000000000007 1.9448818666854149 0.0024016150290895326 3 -1.0393208789485404 153.10677083333337 8.4500000000000011 4 -0.91597561503675329 5 59.500000000000007 67.500000000000014 35.500000000000007 6 176.50000000000003 0.98014142581663299 7 92.500000000000014 0.91597561503675362
decision_type=1 1 2 2 2 2 2 1 2 2 2 2 2 2 1 2 8 2 1 2 1 2 2 2 1 2 10 1 2 2
left_child=1 2 -1 4 -4 16 7 -7 -5 12 11 -11 -10 -14 -8 -16 28 26 -19 20 -20 -22 -21 -24 25 -25 27 -18 29 -2
right_child=5 -3 3 8 -6 6 14 -9 9 10 -12 -13 13 -15 15 -17 17 18 19 22 21 -23 23 24 -26 -27 -28 -29 -30 -31
leaf_value=-0.077074139686881218 0.021582141800630249 0.0065953142898204902 -0.52195906347450038 1.3689144084100853 -0.19916591439535161 -0.36384712707083844 -0.12586062399269687 0.010922571486711939 1.3490324183087341 -1.5342735227615389 -1.9379074625022452 1.0811904564375499 -0.5062213264396257 1.7312369006018447 0.76240292838453549 0.064103808873596582 -0.17285175152581131 -0.14228605955563084 0.14640463020165392 0.082655894546030215 -0.42667214734050268 -0.0029826173714214707 -0.10714133314064408 -0.59378982422519455 -0.21764181159548349 -1.8970642761489602 0.36318053211367779 -0.75461815283761779 0.23079961254202874 -0.23157827217626362
leaf_weight=18570 84314 97439 158 46213 3096 3876 15532 5264 7749 149 240 594 1909 836 21636 122395 5312 58991 10842 165705 12329 7478 35756 448 784 450 2433 5297 21045 5838
leaf_count=18570 84314 97439 158 46213 3096 3876 15532 5264 7749 149 240 594 1909 836 21636 122395 5312 58991 10842 165705 12329 7478 35756 448 784 450 2433 5297 21045 5838
internal_value=0.000280129 0.00101217 0.00211737 0.00298243 -0.00476682 5.89517e-05 0.00077294 -0.0034657 0.0034196 0.000641401 -0.0129085 -0.00425 0.00191177 -0.00433722 0.00101576 0.00128009 -0.000229886 -0.000529811 -0.000369221 2.10456e-06 -0.00193037 -0.00381562 0.000293674 -0.00162376 -0.0166061 -0.0273399 -0.00413463 -0.00562168 0.000594993 8.26597e-05
internal_weight=762678 176953 79514 60944 3254 585725 168703 9140 57690 11477 983 743 10494 2745 159563 144031 417022 305825 292783 233792 30649 19807 203143 37438 1682 898 13042 10609 111197 90152
internal_count=762678 176953 79514 60944 3254 585725 168703 9140 57690 11477 983 743 10494 2745 159563 144031 417022 305825 292783 233792 30649 19807 203143 37438 1682 898 13042 10609 111197 90152
cat_boundaries=0 2 3 5 7 9 11 13 15
cat_threshold=2282492180 6563 24 300975112 4012966464 536870912 204864 1619050562 272679964 168 2374180928 275844640 3266314816 544310464 1169662528
is_linear=0
shrinkage=0.06


Tree=106
num_leaves=31
num_cat=5
split_feature=104 111 91 129 132 25 113 131 109 115 28 111 104 111 104 25 114 119 130 125 133 127 25 133 133 114 130 104 19 140
split_gain=35.1272 54.2494 62.869 42.79 39.6301 39.1339 34.8398 29.7053 39.8317 42.0871 28.6858 40.3984 35.1375 48.3846 100.878 36.1721 34.7562 32.9597 32.1718 28.0757 29.0952 30.3394 27.8996 27.8607 80.5604 27.121 26.158 31.7708 25.7583 25.332
threshold=0 54.500000000000007 1 154.50000000000003 0.025799818015934263 0.97214740111337428 128.50000000000003 -0.37940952255126015 57.500000000000007 2.0018158224955824 137.50347222222226 91.500000000000014 2 97.500000000000014 3 0.95725974118589308 1.9448818666854149 52.500000000000007 0.37940952255126054 1.0000000180025095e-35 0.99611390731392835 1.2623093044020852 0.94847200471257598 0.93469109537144635 0.93158198870884079 -0.55079406824129407 -0.91597561503675329 4 153.5434027777778 4.5000000000000009
decision_type=1 2 1 2 2 10 2 2 2 2 8 2 1 2 1 10 2 2 2 2 2 2 10 2 2 2 2 1 10 2
left_child=1 5 3 6 -5 26 -3 -4 9 19 11 18 16 -14 15 -15 -12 22 -2 -9 -21 -22 -18 24 -20 -10 27 -1 -24 -7
right_child=10 2 7 4 -6 29 -8 8 25 -11 12 -13 13 14 -16 -17 17 -19 23 20 21 -23 28 -25 -26 -27 -28 -29 -30 -31
leaf_value=0.0074637183176794429 0.046480422935856809 -0.49314193374175613 0.18229461864513533 1.3129210090804102 -0.64085633897099892 -0.57592890652258333 -0.04165590921281731 -0.24382322474464371 0.14744940812921781 -1.2019736698348422 -0.066114913417863963 0.24301052683672081 0.0091913425977249302 -1.2161103824863317 0.16765514235197659 1.6980718027367481 -0.5427170766874303 -0.093465512824036631 -0.096853639084244506 0.42503621040852341 0.11073144468950988 -1.2020559037654925 -0.22353659585549215 0.41189631404078103 -0.46524827317446127 -0.1341584170451095 0.023170713508109637 -0.3702285262610342 -0.81260699469868647 -0.16735125569969597
leaf_weight=4885 72673 665 27634 56353 747 476 2538 4518 6826 169 41070 25018 372387 4284 5980 626 5118 8045 21775 30102 909 579 584 3137 346 24134 33159 4439 1158 2259
leaf_count=4885 72673 665 27634 56353 747 476 2538 4518 6826 169 41070 25018 372387 4284 5980 626 5118 8045 21775 30102 909 579 584 3137 346 24134 33159 4439 1158 2259
internal_value=0.000240152 0.000922202 0.00145516 0.00296976 0.0033488 -0.000906521 -0.00377715 0.000492043 -0.000188554 0.00116054 -2.9773e-06 0.000807109 -0.000229726 -2.46236e-05 -0.00396658 -0.0103272 -0.0016338 -0.00411579 0.000257383 0.00130073 0.00193346 -0.00625386 -0.00717097 -0.00158724 -0.00233767 -0.00176932 -0.000458572 -0.00326606 -0.0137281 -0.00786184
internal_weight=762593 200392 155174 60303 57100 45218 3203 94871 67237 36277 562201 122949 439252 383277 10890 4910 55975 14905 97931 36108 31590 1488 6860 25258 22121 30960 42483 9324 1742 2735
internal_count=762593 200392 155174 60303 57100 45218 3203 94871 67237 36277 562201 122949 439252 383277 10890 4910 55975 14905 97931 36108 31590 1488 6860 25258 22121 30960 42483 9324 1742 2735
cat_boundaries=0 2 3 5 8 10
cat_threshold=152834324 536877475 24 1619001346 272647176 335546409 196157444 1 135008272 536877184
is_linear=0
shrinkage=0.06


Tree=107
num_leaves=31
num_cat=11
split_feature=114 126 104 104 127 104 132 136 104 129 104 104 109 121 104 127 127 104 111 124 122 125 104 132 122 119 28 109 104 104
split_gain=33.2633 49.6624 47.9801 43.8844 35.8499 50.9641 33.7277 64.0719 63.6233 40.6443 114.471 43.9707 34.4661 37.4991 46.3314 44.7585 37.0042 69.3001 72.5602 59.2741 81.2493 49.573 46.1278 44.511 40.9312 37.9662 54.1107 52.3457 47.419 43.2232
threshold=-1.6921341644564472 672.95000000000016 0 1 7.0013150472807721 2 0.61490419508004501 1.0000000180025095e-35 3 166.50000000000003 4 5 17.500000000000004 984.75000000000011 6 16.492726634944734 9.7941064765031047 7 47.500000000000007 0.071666666666666712 0.096774166111645119 0.16158333333333333 8 0.19653276579064646 0.51842244232170442 135.50000000000003 134.89375000000004 432.50000000000006 9 10
decision_type=2 2 1 1 2 1 2 2 1 2 1 1 2 2 1 2 2 1 2 2 2 2 1 2 2 2 8 2 1 1
left_child=1 3 4 -1 -3 -6 12 9 -9 10 -8 -11 13 14 -2 -16 25 21 19 -19 22 -18 -21 24 -22 26 -14 -27 -28 -29
right_child=6 2 -4 -5 5 -7 7 8 -10 11 -12 -13 16 -15 15 -17 17 18 -20 20 23 -23 -24 -25 -26 27 28 29 -30 -31
leaf_value=-0.14648203744246874 0.20810698022108287 -0.17871544272169651 0.15766376886887409 0.62185874971431376 -1.5599495268576784 -0.21889412543407433 -0.40476651372766853 -0.69534192815742468 -0.10401839969292088 -0.14231617794780307 0.048082764145033291 0.090499732265791291 0.064095618481213631 0.4647404771730807 -0.42267379009757489 -1.2134320886276024 0.036433226400846265 0.20377826741678925 0.48910133766104841 -0.24930501094599639 -0.037678611681110898 -0.31232405151454257 -0.74130690054160819 -0.31523591922684391 -0.56951706395027679 0.19960121280746396 0.00734056880821796 0.066767896056187034 -0.14204065578520114 -0.080778330307764878
leaf_weight=6307 1996 8377 9816 31791 383 567 719 1804 2286 14141 1308 15853 55787 36128 1546 163 46001 17005 90269 585 11913 23564 604 939 843 56746 90336 44836 134501 55591
leaf_count=6307 1996 8377 9816 31791 383 567 719 1804 2286 14141 1308 15853 55787 36128 1546 163 46001 17005 90269 585 11913 23564 604 939 843 56746 90336 44836 134501 55591
internal_value=0.000272543 0.00166357 -0.000829607 0.0029163 -0.00390855 -0.0149527 0.000159674 -0.00162644 -0.00869714 -0.000723065 -0.00894379 -0.000167228 0.000256035 0.00196762 -0.00378036 -0.0109919 0.000147732 0.000842868 0.00170361 -0.000756538 -0.0035214 -0.000668765 -0.0185597 -0.00221451 -0.00128588 -0.000156688 -0.000574845 0.000589907 -0.000989859 -0.000233182
internal_weight=762705 57241 19143 38098 9327 950 705464 36111 4090 32021 2027 29994 669353 39833 3705 1709 629520 191723 122158 31889 14884 69565 1189 13695 12756 437797 280624 157173 224837 100427
internal_count=762705 57241 19143 38098 9327 950 705464 36111 4090 32021 2027 29994 669353 39833 3705 1709 629520 191723 122158 31889 14884 69565 1189 13695 12756 437797 280624 157173 224837 100427
cat_boundaries=0 3 5 8 10 12 14 16 18 21 23 26
cat_threshold=1033003842 2881274909 1 537034760 647232 139776 2727886860 1 2197230988 3914336137 88611221 524294435 3268375544 1261748756 2777345111 991262 1612826818 348972632 316028440 33751172 1 491553316 2400065952 2599618958 545830793 1
is_linear=0
shrinkage=0.06


Tree=108
num_leaves=31
num_cat=10
split_feature=134 114 98 111 104 102 104 110 84 139 104 111 139 104 121 112 104 109 104 104 104 110 133 120 112 104 120 126 130 104
split_gain=33.503 51.2707 51.8396 76.4836 63.7008 53.1793 46.6469 49.7297 46.237 44.8892 60.3458 42.3674 91.1252 150.805 41.1038 40.6217 39.9793 39.333 51.2799 38.9443 38.8558 36.8243 36.1244 34.1332 94.209 52.3428 33.3971 32.8853 32.0554 55.6464
threshold=1.0000000180025095e-35 -1.6921341644564472 -0.012900982721897882 87.500000000000014 0 61.500000000000007 1 25.250000000000004 1.9950000000000001 46.500000000000007 2 35.500000000000007 45.500000000000007 3 986.55000000000007 0.50500000000000012 4 77.500000000000014 5 6 7 13.050000000000002 0.6811602155975035 1.5000000000000002 1.6650000000000003 8 2.5000000000000004 4730.7000000000016 -0.91597561503675329 9
decision_type=2 2 2 2 1 2 1 2 10 2 1 2 2 1 2 2 1 2 1 1 1 2 2 2 2 1 2 2 2 1
left_child=9 -2 5 4 -4 6 7 -3 15 11 22 12 -1 -14 17 -6 -16 18 21 -19 -7 -13 -11 24 25 -9 -10 -21 29 -24
right_child=1 2 3 -5 8 20 -8 23 26 10 -12 14 13 -15 16 -17 -18 19 -20 27 -22 -23 28 -25 -26 -27 -28 -29 -30 -31
leaf_value=-0.10421140856436777 1.1609142392480809 0.70067469255352655 0.011161260821150725 0.29998558008509352 -1.1194205761217046 -0.48011776817717416 0.046471290375987032 -0.039412872863730408 0.0086322308433152174 0.6529118601259255 0.54426913581042435 0.24499569772549629 -0.45733197437015732 -0.035507488520864564 -0.042694683807130894 -0.32803294688150186 0.070289374917640271 0.12586489938283049 -0.11720563152421767 -0.062587099501163701 0.02153466946215846 -0.51913227838651521 -0.79735846854781689 0.16071759824130907 0.03668358509711106 -0.42692624037144533 -0.21830812655244841 -0.38336121191504308 -0.080863480954469949 -0.037250787991572755
leaf_weight=7794 17696 44348 22443 19640 136 4906 66029 489 7719 8079 41094 1335 574 843 183881 5254 182515 18812 33854 27292 6472 7299 1451 7373 4589 919 11748 284 25917 2251
leaf_count=7794 17696 44348 22443 19640 136 4906 66029 489 7719 8079 41094 1335 574 843 183881 5254 182515 18812 33854 27292 6472 7299 1451 7373 4589 919 11748 284 25917 2251
internal_value=0.000246955 0.000872062 0.000600843 -0.000764554 -0.00207141 0.00127725 0.00163818 0.00288396 -0.0041627 -5.90838e-06 0.00131829 -0.000230539 -0.00425901 -0.0182496 -0.000149027 -0.0090818 0.000131759 -0.00130657 -0.00262543 -9.85576e-05 -0.00264804 -0.00675026 -0.000415603 -0.000323087 -0.00368423 -0.0172548 -0.00280244 -0.0015342 -0.00138575 -0.00660762
internal_weight=763036 219761 202065 66940 47300 135125 123747 57718 24857 543275 78792 464483 9211 1417 455272 5390 366396 88876 42488 46388 11378 8634 37698 13370 5997 1408 19467 27576 29619 3702
internal_count=763036 219761 202065 66940 47300 135125 123747 57718 24857 543275 78792 464483 9211 1417 455272 5390 366396 88876 42488 46388 11378 8634 37698 13370 5997 1408 19467 27576 29619 3702
cat_boundaries=0 3 5 8 11 14 16 19 22 24 27
cat_threshold=1109508810 794814104 1 2681878333 33560887 836804739 501139292 1 374081845 262150499 1 1993548378 4078690324 1 36767744 3224390530 820085911 272660040 1 3051160005 38972712 1 310509569 278 299933697 1049344 1
is_linear=0
shrinkage=0.06


Tree=109
num_leaves=31
num_cat=5
split_feature=16 111 104 130 104 139 139 126 133 21 140 114 104 111 6 114 126 109 25 140 110 104 139 125 104 47 115 126 120 133
split_gain=35.3564 41.9707 49.3785 45.3898 63.6017 42.1737 41.7842 34.067 77.545 31.3329 30.3741 35.6627 45.8851 39.7023 38.1267 29.716 29.1255 25.8985 27.7138 36.2217 29.7169 24.4907 23.6258 23.3302 26.0835 22.833 22.664 22.5022 22.4341 36.9561
threshold=131.30750000000003 62.500000000000007 0 -0.91597561503675329 1 41.500000000000007 59.500000000000007 78.02500000000002 0.99349222267034787 272.74499511718756 21.000000000000004 1.5491832711765425 2 90.500000000000014 309.25500000000005 -1.6921341644564472 409.62500000000006 487.50000000000006 0.97475805823593131 7.5000000000000009 17.650000000000002 3 59.500000000000007 0.14683333333333334 4 1140.5177083333335 -1.5012194125844724 75.750000000000014 1.5000000000000002 0.91852788691372023
decision_type=10 2 1 2 1 2 2 2 2 10 2 2 1 2 10 2 2 2 10 2 2 1 2 2 1 10 2 2 2 2
left_child=21 3 10 4 6 15 7 8 27 -8 -3 -12 13 14 -13 -4 -6 -5 -19 20 -20 22 -1 -16 -25 -17 -9 -2 29 -28
right_child=1 2 5 17 16 -7 9 26 -10 -11 11 12 -14 -15 23 25 -18 18 19 -21 -22 -23 -24 24 -26 -27 28 -29 -30 -31
leaf_value=0.03209374983973548 -0.39164832462565852 0.17625097388848304 0.95877244178830801 0.24224541518277137 0.090370973246449049 1.6376813753783177 -0.278050804445786 0.051053294888306858 -1.6885374063520038 -0.71942119752828038 0.038095853476505008 -0.18583366297834056 -0.11091405154740884 0.040650800222926269 -0.57152667855298289 0.16202293435982099 -0.22928256126051744 0.017537627852217477 -0.38112223224542852 -0.029144197545502584 -0.32231856713435825 -0.041850421728198028 -0.19615869675131478 -1.7277746888447485 -0.94573433943511764 -0.17748076995593792 0.059256986608874004 -0.98542705502520711 -0.03584503522033889 -0.61801412233225494
leaf_weight=188069 2157 35175 13206 34188 16160 28407 707 5258 253 974 28177 1768 10962 1569 1378 93359 1056 56849 372 4994 1958 216601 5400 498 397 6402 1107 140 2552 2319
leaf_count=188069 2157 35175 13206 34188 16160 28407 707 5258 253 974 28177 1768 10962 1569 1378 93359 1056 56849 372 4994 1958 216601 5400 498 397 6402 1107 140 2552 2319
internal_value=0.000267981 0.000708775 0.00121269 -0.00014221 -0.00207937 0.00188651 -0.00487001 -0.00378356 -0.0100431 -0.0138014 2.05669e-05 -0.00101645 -0.003225 -0.00763209 -0.0107902 0.00136695 0.000430487 0.000501474 -0.00020915 -0.00368273 -0.00985843 -0.000110761 0.000379853 -0.0159288 -0.023471 0.00101287 -0.0023622 -0.00656136 -0.00488911 -0.00806069
internal_weight=762412 352342 221298 131044 32683 141374 15467 13786 2550 1681 79924 44749 16572 5610 4041 112967 17216 98361 64173 7324 2330 410070 193469 2273 895 99761 11236 2297 5978 3426
internal_count=762412 352342 221298 131044 32683 141374 15467 13786 2550 1681 79924 44749 16572 5610 4041 112967 17216 98361 64173 7324 2330 410070 193469 2273 895 99761 11236 2297 5978 3426
cat_boundaries=0 2 5 7 10 12
cat_threshold=1619193946 500163676 3086159109 35390247 1 1619017794 339739672 273302358 500448573 1 545259520 339738624
is_linear=0
shrinkage=0.06


Tree=110
num_leaves=31
num_cat=11
split_feature=19 132 131 104 132 114 104 135 34 139 104 104 127 132 112 104 89 132 104 104 47 99 104 121 127 123 98 104 123 104
split_gain=30.3176 36.4436 31.3702 49.9922 30.485 29.1637 37.554 28.2184 39.8925 34.8557 34.812 30.0328 26.951 24.3365 28.8792 24.0657 22.0373 21.1223 20.7743 20.7228 19.385 18.4509 26.897 27.1439 35.6263 22.5319 18.8243 37.6022 17.0519 16.7838
threshold=281.55208333333343 0.025799818015934263 0.91597561503675351 0 -0.76624641395159687 1.20371378932179 1 1.0000000180025095e-35 0.86550000000000005 17.500000000000004 2 3 2.409225394845 -0.77718486915728335 2.9050000000000007 4 5 -0.81860753270059983 6 7 260.05833333333339 0.99748108949426018 8 995.05000000000007 0.88505984833433049 0.83424306947480398 0.61490419508004501 9 0.61802246634437907 10
decision_type=10 2 2 1 2 2 1 2 10 2 1 1 2 2 2 1 1 2 1 1 10 2 1 2 2 2 2 1 2 1
left_child=2 4 7 5 13 15 12 16 9 10 -9 -11 -7 19 -15 -4 -1 -14 -6 -2 -8 25 23 -23 -25 26 -5 -28 -10 -18
right_child=1 -3 3 21 18 6 20 8 28 11 -12 -13 17 14 -16 -17 29 -19 -20 -21 -22 22 -24 24 -26 -27 27 -29 -30 -31
leaf_value=-0.054496084821443705 -0.8382285911525037 -0.41368107619893513 -0.15155212397073201 0.051070105972259493 -0.030151203084003961 0.052537099904156524 -0.38259850849768839 -0.2586342272308329 -0.025262169203220764 -0.1159891181131594 0.024995729757562823 0.65309966205078851 0.089892227405488093 -1.4203918523583363 -0.4712461047658974 0.43196268625065321 0.041175511017943561 -1.8154888723177622 1.1434597633749044 0.25253808914932957 -0.1073844948301671 -0.55057414367806201 0.23976394419592986 0.38312728260363815 -1.2624807491255146 0.55003740257010636 -1.0864314483446276 -0.091998791067872204 0.58698739902703956 -0.015606211083535524
leaf_weight=189156 1298 1449 5743 13221 8507 210 1350 13376 3776 7814 30425 19092 86 400 99 9547 127334 387 33596 3137 13473 736 2189 84 160 41870 101 382 20025 213170
leaf_count=189156 1298 1449 5743 13221 8507 210 1350 13376 3776 7814 30425 19092 86 400 99 9547 127334 387 33596 3137 13473 736 2189 84 160 41870 101 382 20025 213170
internal_value=0.000257832 0.00170965 0.0001592 0.00120945 0.00199843 -0.000748661 -0.00258232 8.53637e-06 0.000963591 0.000248374 -0.000795717 0.00194804 -0.0162277 -0.00246322 -0.015012 0.00111046 -0.000161877 -0.0243924 0.00252133 -0.00104824 -0.00194027 0.00223573 -0.0022164 -0.0104137 -0.0278204 0.00249004 0.000378256 -0.0112438 0.00308823 0.000126585
internal_weight=762193 48486 713707 89539 47037 30796 15506 624168 94508 70707 43801 26906 683 4934 499 15290 529660 473 42103 4435 14823 58743 3169 980 244 55574 13704 483 23801 340504
internal_count=762193 48486 713707 89539 47037 30796 15506 624168 94508 70707 43801 26906 683 4934 499 15290 529660 473 42103 4435 14823 58743 3169 980 244 55574 13704 483 23801 340504
cat_boundaries=0 3 4 6 8 11 12 15 17 19 21 23
cat_threshold=571001050 1145381976 1 128 2979164792 196752 539091008 281535060 536872968 67182656 1 133 542343841 1284636676 1 572731392 2684568066 84025861 2694840611 1145307137 184549632 2285523654 348206232
is_linear=0
shrinkage=0.06


Tree=111
num_leaves=31
num_cat=7
split_feature=0 96 140 104 111 126 68 109 25 104 123 104 120 25 111 110 136 126 132 104 127 104 70 140 111 104 104 124 115 17
split_gain=30.0351 32.4338 29.8265 20.4233 18.8588 21.8281 17.4446 22.645 31.4043 31.9847 69.5845 19.3472 18.1174 23.0155 25.3202 20.4179 19.5864 46.8109 27.8085 18.2009 18.0586 17.1537 17.0848 33.3553 17.9757 21.0124 17.0747 17.0416 16.7802 15.725
threshold=285.03750000000008 -0.37940952255126059 4.5000000000000009 0 54.500000000000007 81.475000000000009 8.8500000000000032 572.50000000000011 0.87539159713072767 1 0.19325775385523888 2 1.0000000180025095e-35 0.96331553954898208 97.500000000000014 5.5500000000000007 1.0000000180025095e-35 129.07500000000002 0.17963823861099873 3 14.00387169950749 4 68.500000000000014 4.5000000000000009 41.500000000000007 5 6 0.84833333333333349 -1.1000854253651766 220.05000000000004
decision_type=2 2 2 1 2 2 2 2 10 1 2 1 2 8 2 2 2 2 2 1 2 1 2 2 2 1 1 2 2 10
left_child=1 22 -2 -4 5 -5 7 11 20 10 -10 -3 15 14 -14 28 -17 -18 -19 -16 -9 -20 24 -24 26 -26 -1 -28 -13 -8
right_child=2 6 3 4 -6 -7 29 8 9 -11 -12 12 13 -15 19 16 17 18 21 -21 -22 -23 23 -25 25 -27 27 -29 -30 -31
leaf_value=0.065060210096072296 3.6222206397970282 0.22561030008462279 -0.1500386955428179 -0.60036615262636583 0.6913876137707764 0.022762897684813904 -0.040886778648960238 0.13690777058026912 -0.17890249668345454 -0.08900037319089979 -0.65493069668119996 0.42110475432710809 0.083695827466996206 0.64812706476055615 -1.7127236123504279 -0.0089672522231084417 0.19558397871633496 -0.016247655654340137 -0.20687968563325779 -0.2453535970188418 -0.25310261298714815 -0.58039972916136529 0.26222129760544821 -0.054842241188174247 0.012328907509038476 0.13213688869639117 -0.13564633914734209 -0.31557100778013142 -0.77214510235481271 0.049250689157960305
leaf_weight=8228 12646 20143 14943 695 28698 10566 301345 2875 491 1488 222 113 8316 6409 516 8233 696 187 110 909 96 334 13222 56651 57390 127188 9123 153 326 70536
leaf_count=8228 12646 20143 14943 695 28698 10566 301345 2875 491 1488 222 113 8316 6409 516 8233 696 187 110 909 96 334 13222 56651 57390 127188 9123 153 326 70536
internal_value=0.000243335 0.000125989 0.00145121 0.000846074 0.00155352 -0.000526904 -0.000202458 0.000832877 -0.00293215 -0.0083624 -0.0187044 0.00125358 0.000176376 0.00141911 -0.000418189 -0.0018306 -0.00124882 -0.00801054 -0.0198323 -0.00780505 0.00109219 -0.027991 0.000637272 -0.00017148 0.000916911 0.00109118 -0.000920651 -0.00268375 -0.0144682 -0.000345738
internal_weight=762848 695300 67548 54902 39959 11261 423345 51464 5172 2201 713 46292 26149 16150 9741 9999 9560 1327 631 1425 2971 444 271955 69873 202082 184578 17504 9276 439 371881
internal_count=762848 695300 67548 54902 39959 11261 423345 51464 5172 2201 713 46292 26149 16150 9741 9999 9560 1327 631 1425 2971 444 271955 69873 202082 184578 17504 9276 439 371881
cat_boundaries=0 3 5 7 9 11 14 16
cat_threshold=1612759275 1574954496 1 3476102673 3774884256 1348985026 350170648 67633213 184565764 41943560 33587268 820215944 76309058 1 2863903746 2420602580
is_linear=0
shrinkage=0.06


Tree=112
num_leaves=31
num_cat=9
split_feature=16 111 133 132 131 104 126 132 104 104 132 104 132 132 125 110 104 8 132 112 104 127 109 113 104 104 132 110 104 111
split_gain=28.4045 41.1659 44.6234 118.887 92.6247 97.2521 57.7794 53.6899 50.7389 47.211 38.7633 39.5608 48.8029 45.8047 86.533 74.4236 54.2099 40.5697 38.8228 40.7767 34.6328 34.5227 34.4247 36.7436 31.6222 31.3659 30.9041 32.0742 28.1809 27.6534
threshold=118.40250000000002 47.500000000000007 0.99024581825578073 -0.098749067963353782 0.37940952255126048 0 286.22500000000008 0.34537287020513602 1 2 0.26347957579725428 3 -0.81860753270059983 0.17963823861099873 0.36966666666666675 10.250000000000002 4 102.01000000000001 -0.84714200036676091 2.4650000000000003 5 0.73690340422360623 312.50000000000006 111.50000000000001 6 7 -0.2343252264153072 15.450000000000001 8 63.500000000000007
decision_type=10 2 2 2 2 1 2 2 1 1 2 1 2 2 2 2 1 10 2 2 1 2 2 2 1 1 2 2 1 2
left_child=-1 20 7 4 5 6 -4 10 21 -9 11 26 18 28 15 -15 17 -17 -13 25 -2 -5 -12 -24 29 -20 27 -3 -14 -6
right_child=1 2 3 8 24 -7 -8 9 -10 -11 22 12 13 14 -16 16 -18 -19 19 -21 -22 -23 23 -25 -26 -27 -28 -29 -30 -31
leaf_value=-0.0096937715560606857 0.041508672312751765 -0.4392712720851607 -1.4092222090530513 -0.85140691734325347 -1.6030272036338482 -0.28683170684106279 -0.59449227018733064 -0.248988031510534 0.13851213073506796 0.038185950579908645 1.5005291738122823 0.082654183038607734 1.018707571736136 0.29465225235306963 -0.86826844742745657 -0.051922945172759784 0.027011295305399963 -0.34825094751709029 -0.65037580203146328 1.0631749921876417 -0.16663353402427403 0.025880026561834035 -0.58098154515029066 0.0060364588049289219 0.43548496180879587 -0.098269441412600078 0.25442996498715809 0.039310409139718443 0.33507930218575188 -0.48974247942270166
leaf_weight=360789 28246 12069 807 4138 165 2880 1277 13994 44369 45715 14729 30443 60217 4987 390 803 2001 1366 2059 1307 33423 3764 194 2558 2682 2018 10344 16035 56751 904
leaf_count=360789 28246 12069 807 4138 165 2880 1277 13994 44369 45715 14729 30443 60217 4987 390 803 2001 1366 2059 1307 33423 3764 194 2558 2682 2018 10344 16035 56751 904
internal_value=0.000235485 0.000583248 0.000842666 -0.000627084 -0.0071145 -0.0124906 -0.0223274 0.00116512 0.00045466 -0.000429174 0.00160124 0.0013653 0.0017751 0.0023288 -0.00166716 -0.000486787 -0.00640134 -0.0129385 -0.000179692 -0.00487577 -0.000842646 -0.00397169 0.00431106 -0.00184817 1.59937e-06 -0.00783178 -0.000365376 -0.00139747 0.00265496 -0.00867222
internal_weight=761424 400635 338966 60986 8715 4964 2084 277980 52271 59709 218271 200790 162342 126515 9547 9157 4170 2169 35827 5384 61669 7902 17481 2752 3751 4077 38448 28104 116968 1069
internal_count=761424 400635 338966 60986 8715 4964 2084 277980 52271 59709 218271 200790 162342 126515 9547 9157 4170 2169 35827 5384 61669 7902 17481 2752 3751 4077 38448 28104 116968 1069
cat_boundaries=0 2 4 6 9 11 13 15 17 19
cat_threshold=4057415552 3221752451 645931544 8609792 646070881 272672092 1610645634 80667720 1 2400720933 3407878561 1781757050 2156263132 1920270592 150995669 436812836 3257997474 253501204 1075845283
is_linear=0
shrinkage=0.06


Tree=113
num_leaves=31
num_cat=0
split_feature=139 139 132 19 127 111 133 133 119 133 131 111 28 109 100 114 20 120 84 47 115 68 114 132 112 131 127 111 6 110
split_gain=27.8189 38.4874 42.9808 44.664 77.1251 44.5147 40.1513 109.04 47.1248 45.3431 47.5605 96.5476 44.4869 42.2318 59.0098 57.9879 48.6852 47.5926 39.0667 36.3122 35.111 34.378 34.3211 38.5095 55.097 61.559 54.2963 78.5013 53.5968 42.2353
threshold=64.500000000000014 46.500000000000007 -0.73208386245364632 140.70833333333334 66.286753804372026 71.500000000000014 0.94066717844141279 0.96407344085605606 614.50000000000011 0.93158198870884079 -0.60355339059327384 69.500000000000014 121.55468750000001 502.50000000000006 1.0000000180025095e-35 1.2458205671356957 9.5202852843142001 20.500000000000004 1.7864583333333337 552.35000000000002 -1.3988419431766572 15.250000000000002 3.745678740201448 0.025799818015934263 1.885 0.1294095225512602 0.88505984833433049 94.500000000000014 368.85500000000008 10.050000000000002
decision_type=2 2 2 8 2 2 2 2 2 2 2 2 10 2 2 2 10 2 10 10 2 2 2 2 2 2 2 2 10 2
left_child=1 6 -3 4 -4 -5 9 13 12 -1 -11 -12 -9 16 -15 17 -8 -16 -19 -2 21 -10 23 29 25 -25 -27 -28 -26 -14
right_child=19 2 3 5 -6 -7 7 8 20 10 11 -13 22 14 15 -17 -18 18 -20 -21 -22 -23 -24 24 28 26 27 -29 -30 -31
leaf_value=-0.0074982008549673148 -0.35724586794748608 1.0824398671101771 -0.060287094013868794 0.019095915437925996 -0.46037998419360132 1.3046419077452081 -0.55693847414700648 0.16960171938816077 -0.29235075563702528 0.14708694396662184 -0.61297569883154202 -0.039434143372113387 -0.36211885219241019 0.91702987346859688 -0.095552687856223645 0.62985482668449111 1.1991494431379359 -0.54055181617002845 -0.20271228217057244 0.13512338812906052 0.13204816807511138 -0.26790163566913189 -0.34431527375919807 -0.034349631947790109 0.043218568712969807 -0.26486666172385198 -1.1260730339860905 -0.49323989511710231 -0.23782263217952987 0.18525800088475167
leaf_weight=407378 6864 16867 16668 36771 1283 29811 655 21241 711 4340 5793 6746 14673 3700 1072 1125 42618 387 1098 4470 890 821 2114 9680 37692 5996 1444 2517 4253 73063
leaf_count=407378 6864 16867 16668 36771 1283 29811 655 21241 711 4340 5793 6746 14673 3700 1072 1125 42618 387 1098 4470 890 821 2114 9680 37692 5996 1444 2517 4253 73063
internal_value=0.000231594 0.000276098 0.0013633 0.000811484 -0.00184459 0.0015276 0.000106494 0.000752954 4.36905e-05 -0.000237492 -0.00328472 -0.00515837 0.000160291 0.00320456 -0.000989841 -0.00636655 0.00392009 -0.0113597 -0.0183109 -0.00271866 -0.00826579 -0.0137691 -0.000200405 -9.29015e-05 -0.00124301 -0.00386587 -0.00717795 -0.0126285 -1.50191e-05 0.000714362
internal_weight=762741 751407 101400 84533 17951 66582 650007 225750 175095 424257 16879 12539 172673 50655 7382 3682 43273 2557 1485 11334 2422 1532 151432 149318 61582 19637 9957 3961 41945 87736
internal_count=762741 751407 101400 84533 17951 66582 650007 225750 175095 424257 16879 12539 172673 50655 7382 3682 43273 2557 1485 11334 2422 1532 151432 149318 61582 19637 9957 3961 41945 87736
is_linear=0
shrinkage=0.06


Tree=114
num_leaves=31
num_cat=1
split_feature=127 133 114 106 129 132 111 98 126 99 132 112 131 140 111 99 136 131 127 120 113 107 111 139 5 115 107 111 84 111
split_gain=28.5011 37.3049 61.3363 53.0806 48.8794 48.9726 45.2918 59.1355 48.4754 47.3012 91.6958 56.8004 44.6846 43.9251 38.9594 37.8945 45.9109 37.4707 36.6458 48.7563 43.0109 37.1875 34.0211 111.768 78.7751 61.9852 53.41 33.1782 32.4314 31.1148
threshold=29.158130997591666 0.74298546529340237 1.5034641879826174 0 48.500000000000007 0.51572537064332258 62.500000000000007 -0.21756855694718769 61.375000000000007 0.99748108949426018 0.025799818015934263 3.6250000000000004 -0.37940952255126015 33.000000000000007 77.500000000000014 0.7487283477006671 1.0000000180025095e-35 0.78656609248549303 1.4631550222525631 72.500000000000014 302.50000000000006 28.705150000000003 41.500000000000007 30.500000000000004 0.28950000000000004 -0.14225703661530895 28.613550000000004 84.500000000000014 1.6535416666666667 35.500000000000007
decision_type=2 2 2 1 2 2 2 2 2 2 2 2 2 2 2 2 2 2 2 2 2 2 2 2 10 2 2 2 10 2
left_child=1 15 3 -3 5 -5 7 -6 -9 11 -11 -8 -4 -14 -13 22 -17 -7 19 -12 -20 -21 23 -1 25 26 -25 28 -15 -2
right_child=29 2 12 4 6 17 9 8 -10 10 18 14 13 27 -16 16 -18 -19 20 21 -22 -23 -24 24 -26 -27 -28 -29 -30 -31
leaf_value=0.12639368370994353 -0.073598645446937797 -0.21397537716024731 0.041867947496116394 0.079969706794428261 0.30603248466586042 -0.56243474032792262 0.54810932339742302 -0.83289152021698409 -0.080444992465562942 0.54683741746914238 -0.082483045144583877 -0.080406551216937835 -0.0072547049835185572 -0.49131807088548757 -0.77185250736063904 -0.18257718047961205 -0.80116629681528606 0.46526380926307181 0.43168645056342403 -0.5773608303808595 -1.1220760287179414 -2.5846235337017429 -0.017964205433951774 -0.30385658784243968 -0.047307529362625958 -0.064517431350372134 -0.6791245637499671 -0.027102802780644173 -0.16538004085064817 0.2266528812458958
leaf_weight=4261 14146 12236 89139 15664 27337 6617 137901 1703 23551 17499 5355 820 70025 6680 651 6445 682 1811 545 1103 1291 172 191249 665 1121 415 561 18547 29586 74827
leaf_count=4261 14146 12236 89139 15664 27337 6617 137901 1703 23551 17499 5355 820 70025 6680 651 6445 682 1811 545 1103 1291 172 191249 665 1121 415 561 18547 29586 74827
internal_value=0.000237803 0.000104496 0.000400223 0.0010302 0.00122513 -0.00133931 0.00150869 -2.49846e-05 -0.00211823 0.00199653 -0.000354694 0.00243456 -0.000348344 -0.00108101 -0.0092894 -0.000569649 -0.00486784 -0.00502693 -0.00548057 -0.0034022 -0.0129799 -0.013942 -0.000415124 -0.00451623 -0.0139153 -0.0222862 -0.029066 -0.00235308 -0.00340872 0.00124708
internal_weight=762605 673632 468233 254256 242020 24092 217928 52591 25254 165337 25965 139372 213977 124838 1471 205399 7127 8428 8466 6630 1836 1275 198272 7023 2762 1641 1226 54813 36266 88973
internal_count=762605 673632 468233 254256 242020 24092 217928 52591 25254 165337 25965 139372 213977 124838 1471 205399 7127 8428 8466 6630 1836 1275 198272 7023 2762 1641 1226 54813 36266 88973
cat_boundaries=0 1
cat_threshold=2
is_linear=0
shrinkage=0.06


Tree=115
num_leaves=31
num_cat=10
split_feature=134 129 104 114 111 20 139 98 104 111 34 63 104 104 104 47 104 129 130 104 98 104 98 139 112 130 104 47 104 139
split_gain=33.6589 69.4858 59.5639 41.4691 52.7874 44.7778 32.8942 41.9026 47.7402 46.9174 51.5249 50.9562 41.6592 36.3768 32.1881 31.2028 30.3894 29.7399 36.8884 39.5704 35.6936 35.4432 29.548 50.3635 58.6074 54.972 67.1124 29.1557 30.0855 36.1368
threshold=1.0000000180025095e-35 34.500000000000007 0 -1.0393208789485404 37.500000000000007 9.5202852843142001 64.500000000000014 -0.012900982721897882 1 87.500000000000014 2.5165000000000002 2.6742603904628988 2 3 4 552.35000000000002 5 157.50000000000003 0.78656609248549325 6 0.61490419508004501 7 -0.88965196910377931 30.500000000000004 2.8750000000000004 0.37940952255126054 8 780.89166666666677 9 51.500000000000007
decision_type=2 2 1 2 2 10 2 2 1 2 10 2 1 1 1 10 1 2 2 1 2 1 2 2 2 2 1 10 1 2
left_child=14 2 -2 4 -3 -6 7 8 22 10 12 -12 -9 -8 -1 -15 -7 21 -19 -20 -21 -14 23 24 -5 26 -25 -10 -29 -30
right_child=1 3 -4 6 5 16 13 9 27 -11 11 -13 17 15 -16 -17 -18 18 19 20 -22 -23 -24 25 -26 -27 -28 28 29 -31
leaf_value=0.13144190446815557 -0.33686571895280693 -0.14921084581728686 0.006791294071334851 0.28818525777800336 -0.42515778995715875 0.24089326443258038 0.11724848504966807 0.029813439148282349 0.17712284518949842 0.26876348744308115 -0.23731955179508943 -0.97670402309542514 -0.3370596758093567 -0.54014831954308995 -0.0143782817085938 -0.0076552945870237421 1.1732606920938429 -0.16618972986902075 -0.033807491188956221 -0.43970352823412079 0.071910738846123951 0.44401169873606161 1.0568463921321791 -0.048563246627862836 -0.30591214085201879 2.1191501666262846 -0.43240962277232314 0.13711305878317387 -0.1128302047597203 -0.66380056818777677
leaf_weight=58614 5760 380 7520 14742 505 11608 4731 17011 38879 14008 420 192 1977 4023 484001 2635 18993 12038 324 321 99 3050 33296 581 1363 687 585 8763 14139 1512
leaf_count=58614 5760 380 7520 14742 505 11608 4731 17011 38879 14008 420 192 1977 4023 484001 2635 18993 12038 324 321 99 3050 33296 581 1363 687 585 8763 14139 1512
internal_value=0.000242649 0.000868399 -0.0033386 0.00113849 0.00314339 0.00341518 0.000778529 0.000995085 0.00162519 -0.000464796 -0.00162696 -0.0188711 -0.00132334 -0.00233942 -1.12232e-05 -0.00519298 0.0037078 -0.0033505 -0.00488993 -0.017847 -0.029652 0.000557279 0.00298613 0.001025 0.00210294 -0.00833981 -0.0162674 0.000522526 -0.00110244 -0.00267744
internal_weight=762757 220142 13280 206862 31486 31106 175376 163987 114547 49440 35432 612 34820 11389 542615 6658 30601 17809 12782 744 420 5027 51254 17958 16105 1853 1166 63293 24414 15651
internal_count=762757 220142 13280 206862 31486 31106 175376 163987 114547 49440 35432 612 34820 11389 542615 6658 30601 17809 12782 744 420 5027 51254 17958 16105 1853 1166 63293 24414 15651
cat_boundaries=0 2 4 7 9 11 13 15 17 19 22
cat_threshold=3119813892 1261504963 534394685 33823015 3530671242 3978028688 1 167951994 3985195084 135004164 6272 639871016 3233276480 679879265 76 545268321 272891980 311566377 33816838 2459648 3224396288 1
is_linear=0
shrinkage=0.06


Tree=116
num_leaves=31
num_cat=10
split_feature=134 129 104 114 111 104 98 139 104 111 139 104 132 104 130 133 132 129 104 129 104 111 104 113 113 99 104 111 109 104
split_gain=34.7134 62.7514 52.5929 38.2722 46.9071 40.7449 32.9721 31.1893 55.4161 36.9791 71.4659 136.311 34.7379 35.1745 32.1737 51.5853 87.5086 58.6604 54.2986 52.7895 80.8714 40.664 35.9015 42.3091 35.834 34.642 50.3218 44.0539 40.4408 45.8349
threshold=1.0000000180025095e-35 34.500000000000007 0 -1.0393208789485404 37.500000000000007 1 0.23014236637527921 46.500000000000007 2 35.500000000000007 45.500000000000007 3 -0.73208386245364632 4 0.91597561503675362 0.97648852793709995 0.19653276579064646 60.500000000000007 5 16.500000000000004 6 84.500000000000014 7 24.500000000000004 29.500000000000004 0.78192542922038288 8 50.500000000000007 77.500000000000014 9
decision_type=2 2 1 2 2 1 2 2 1 2 2 1 2 1 2 2 2 2 1 2 1 2 1 2 2 2 1 2 2 1
left_child=7 2 -2 4 -3 6 -6 9 -9 10 -1 -12 13 -10 25 17 18 19 24 -16 -21 -20 23 -19 -17 28 -27 -28 29 -11
right_child=1 3 -4 -5 5 -7 -8 8 12 14 11 -13 -14 -15 15 16 -18 22 21 20 -22 -23 -24 -25 -26 26 27 -29 -30 -31
leaf_value=-0.097361900748110519 -0.35627860133620443 -0.15453729006149688 -0.00038569932969235548 0.058700678236041609 -0.31174757519954804 1.0424667786640309 0.86993250088770446 0.48731216867119564 -0.36165134819182104 0.012077157891573128 -0.40315759907129206 -0.0086852745052814206 -0.15853290263156253 1.1532876819298554 -0.0025674023639991632 -1.9171888672258821 -0.70901858818993702 -0.95201126207966913 -0.60101415673492664 -0.90987400384763539 -0.19428956891980037 0.096289474360557056 0.32520830460883987 -0.066024240002895807 -0.60629014561534755 -0.041511084479851704 -0.092335845990957455 0.21150876906098756 0.0091106865745658079 -0.26804759507711362
leaf_weight=7804 5333 383 7998 174914 5493 22541 3181 37584 2628 24299 595 827 32385 6341 4592 119 686 651 246 1803 3066 5877 20831 14921 5154 107388 17849 123897 89189 34543
leaf_count=7804 5333 383 7998 174914 5493 22541 3181 37584 2628 24299 595 827 32385 6341 4592 119 686 651 246 1803 3066 5877 20831 14921 5154 107388 17849 123897 89189 34543
internal_value=0.000262119 0.000898264 -0.00309136 0.00115582 0.00307757 0.00333387 -0.000163039 4.69397e-06 0.00110729 -0.00018275 -0.00394321 -0.0163092 -0.000408461 0.00289565 -0.00010651 -0.00142723 -0.004915 -0.000508361 -0.00366096 -0.00471718 -0.00906899 0.000188784 0.000585595 -0.00159327 -0.00811544 8.61858e-05 0.000518129 0.0012603 -0.000640767 -0.0018617
internal_weight=763118 219843 13331 206512 31598 31215 8674 543275 78938 464337 9226 1422 41354 8969 455111 57946 12082 45864 11396 9461 4869 6123 36403 15572 5273 397165 249134 141746 148031 58842
internal_count=763118 219843 13331 206512 31598 31215 8674 543275 78938 464337 9226 1422 41354 8969 455111 57946 12082 45864 11396 9461 4869 6123 36403 15572 5273 397165 249134 141746 148031 58842
cat_boundaries=0 2 4 6 9 11 14 17 19 21 24
cat_threshold=3117716740 1260456263 570662952 10215488 2384353116 3793828019 520883509 195041635 1 536903808 227278912 923187513 3417456929 1 2543203896 42043652 1 3794883658 902194716 1726211672 38396444 228090485 189182036 1
is_linear=0
shrinkage=0.06


Tree=117
num_leaves=31
num_cat=1
split_feature=0 89 131 131 140 132 110 132 110 113 121 59 114 35 5 17 111 132 133 132 120 110 103 28 16 111 139 17 111 120
split_gain=25.3985 33.3903 26.8734 25.1297 24.9648 22.0088 22.5332 18.922 18.571 24.647 29.7038 18.883 17.9871 29.2585 15.1685 14.7986 15.5497 20.1355 18.2735 20.9809 17.7962 15.7508 15.3298 15.0127 14.3392 14.0179 13.5753 13.0874 13.8856 13.0654
threshold=291.56792449951178 0 0.91597561503675351 -0.37940952255126015 2.5000000000000004 0.025799818015934263 18.650000000000002 0.2965049369093406 10.050000000000002 326.50000000000006 991.95000000000016 15.300000000000002 2.4492810165617338 415.40500000000003 0.93750000000000011 129.07750000000001 81.500000000000014 0.34537287020513602 0.99611390731392835 0.025799818015934263 88.500000000000014 13.450000000000001 0.083227709543603312 214.16510416666668 254.02500000000003 47.500000000000007 59.500000000000007 53.305000000000007 42.500000000000007 6.5000000000000009
decision_type=2 1 2 2 2 2 2 2 2 2 2 10 2 10 8 8 2 2 2 2 2 2 2 10 10 2 2 10 2 2
left_child=1 3 14 27 -2 6 8 -7 9 11 -11 -6 -4 -14 -3 -5 17 20 -18 -20 22 -21 26 -23 -16 -26 -17 -1 -29 -24
right_child=4 2 12 15 5 7 -8 -9 -10 10 -12 -13 13 -15 24 16 18 -19 19 21 -22 23 29 -25 25 -27 -28 28 -30 -31
leaf_value=-0.079114182844367456 4.6098442366884598 0.059782093646003003 0.21177109595406224 -0.12054228381778685 -1.1127477944223916 -0.34832044434927656 -0.047409117087234248 -0.012874191016591513 1.1997006449496568 -2.7570090915682139 1.0341776423813491 0.13697166000271813 -0.097979713736974949 -3.5292783365263078 -0.0052839020486448382 -0.0043641262760888769 0.097111158330969602 -0.27577129887458324 0.20415628842266759 -0.34717449993823374 0.74645766523284274 1.2329355053595066 -0.18766310188798074 -1.0581589823490423 -0.068622447679896892 0.23919266345754683 -0.35921348089412941 -0.062852200088608562 0.060932867132829832 -0.70306356372751033
leaf_weight=8968 7747 65322 58649 64108 173 1711 19386 3103 26921 94 77 2909 3121 238 275102 24185 35847 6098 2797 1884 2750 80 3028 291 10324 36041 3713 15297 80753 1012
leaf_count=8968 7747 65322 58649 64108 173 1711 19386 3103 26921 94 77 2909 3121 238 275102 24185 35847 6098 2797 1884 2750 80 3028 291 10324 36041 3713 15297 80753 1012
internal_value=0.000240786 0.000137546 0.000447412 -0.000416925 0.00140346 0.000949407 0.00132564 -0.00292336 0.00235109 -0.00193055 -0.0240349 -0.000696724 0.00160699 -0.0026625 0.000261522 -0.000926663 -0.000391132 -0.00122009 0.00043555 -0.00294241 -0.000661074 -0.00724734 -0.0010599 -0.0185323 9.21463e-05 0.00106824 -0.00055959 0.00029069 0.000495362 -0.00451373
internal_weight=761729 699608 448797 250811 62121 54374 49560 4814 30174 3253 171 3082 62008 3359 386789 145793 81685 40786 40899 5052 34688 2255 31938 371 321467 46365 27898 105018 96050 4040
internal_count=761729 699608 448797 250811 62121 54374 49560 4814 30174 3253 171 3082 62008 3359 386789 145793 81685 40786 40899 5052 34688 2255 31938 371 321467 46365 27898 105018 96050 4040
cat_boundaries=0 1
cat_threshold=133
is_linear=0
shrinkage=0.06


Tree=118
num_leaves=31
num_cat=0
split_feature=134 129 114 121 132 102 19 137 137 110 6 111 28 127 123 47 6 123 129 110 133 132 111 25 132 132 114 110 111 126
split_gain=29.7073 56.013 37.0573 31.4562 30.2485 29.0553 33.8268 29.9491 69.7519 93.9183 47.6716 44.8419 43.3751 31.7901 28.7031 31.0906 28.0624 28.009 27.7799 30.9399 26.4196 106.444 58.0625 46.9284 48.9242 67.5927 37.6822 37.0277 33.9022 61.9969
threshold=1.0000000180025095e-35 31.500000000000004 -1.6921341644564472 986.55000000000007 0.66766646831012755 62.500000000000007 217.80208333333334 0.22623637047664433 0.042730530857558173 28.550000000000004 151.67000000000004 73.500000000000014 208.01631944444446 9.1002937973849942 0.82387993562919115 1289.166666666667 285.43000000000006 0.95721192111076803 28.500000000000004 15.250000000000002 0.99024581825578073 -0.098749067963353782 88.500000000000014 0.89761298328108685 0.025799818015934263 0.094468741652255758 1.4948148763204303 7.2500000000000009 82.500000000000014 21.950000000000003
decision_type=2 2 2 2 2 2 10 2 2 2 10 2 10 2 2 10 10 2 2 2 2 2 2 10 2 2 2 2 2 2
left_child=3 18 -3 14 17 6 7 8 -4 13 11 -9 -11 -10 -1 -16 -15 20 19 -2 28 -22 -23 24 -24 26 -26 -27 -5 -30
right_child=1 2 5 4 -6 -7 -8 10 9 12 -12 -13 -14 16 15 -17 -18 -19 -20 -21 21 22 23 -25 25 27 -28 -29 29 -31
leaf_value=0.00035942375867609758 -0.0070583162431769554 1.0629747915662944 0.050076852841646563 -0.0050011425553496752 -0.16222303901595359 -0.17001418158719489 0.67896712101576073 0.40178724426929852 -0.015760732671654835 -0.12531449625387037 0.57408810119612741 -0.62497178287094357 -0.31091847998690864 -0.025408812789080009 -0.12163688924876308 -0.45284868418049157 -0.46801645316989049 0.41618343812512759 -0.38996415484333147 -0.29489537589034637 -0.47618580900559243 0.21187061203799687 0.10493707719436519 0.54915292726084708 -0.88784654568681554 -0.36747886197403495 -0.4304706765076784 0.11413070255851143 -1.1395109585143972 0.15878839476243747
leaf_weight=49273 7169 16890 125522 236114 10679 10576 28347 386 7608 940 15259 488 1133 349 40344 4655 422 24754 682 4101 9090 26049 6554 4178 2327 2708 1500 4065 1840 118366
leaf_count=49273 7169 16890 125522 236114 10679 10576 28347 386 7608 940 15259 488 1133 349 40344 4655 422 24754 682 4101 9090 26049 6554 4178 2327 2708 1500 4065 1840 118366
internal_value=0.000239396 0.000827714 0.00105732 9.51381e-07 0.000210484 0.000819134 0.000998277 0.000643635 0.000353624 -0.0043555 0.00308777 -0.0105326 -0.0157869 -0.00152578 -0.000995279 -0.0020908 -0.0131269 0.00028749 -0.0031664 -0.00245409 0.000169931 -0.00103581 0.00010523 -0.00221572 -0.00360455 -0.00612395 -0.0124969 -0.0025217 0.000361023 0.00118126
internal_weight=762368 219872 207920 542496 448224 191030 180454 152107 135974 10452 16133 874 2073 8379 94272 44999 771 437545 11952 11270 412791 56471 47381 21332 17154 10600 3827 6773 356320 120206
internal_count=762368 219872 207920 542496 448224 191030 180454 152107 135974 10452 16133 874 2073 8379 94272 44999 771 437545 11952 11270 412791 56471 47381 21332 17154 10600 3827 6773 356320 120206
is_linear=0
shrinkage=0.06


Tree=119
num_leaves=31
num_cat=7
split_feature=104 126 104 132 110 127 104 139 136 110 115 139 132 19 132 113 104 133 104 114 104 132 133 139 104 110 114 131 47 110
split_gain=27.5211 36.3021 63.7146 34.5484 35.6334 33.2839 59.6484 48.8173 32.2514 32.2026 34.6986 36.757 78.3771 38.3796 55.3129 35.5822 31.8007 31.0251 29.6612 33.6875 27.9136 43.2293 27.1525 54.5856 99.3169 142.593 49.993 46.1033 55.0846 44.1814
threshold=0 63.725000000000001 1 0.47084587141109652 16.450000000000003 36.862497375969085 2 51.500000000000007 1.0000000180025095e-35 21.550000000000004 -2.0390160846427223 40.500000000000007 -0.76624641395159687 233.70729166666669 -0.77718486915728335 283.50000000000006 3 0.73136292505298039 4 1.742304706028208 5 -0.80860773948975517 0.74298546529340237 53.500000000000007 6 23.350000000000005 1.5034641879826174 -0.37940952255126015 355.07708333333341 5.5500000000000007
decision_type=1 2 1 2 2 2 1 2 2 2 2 2 2 10 2 2 1 2 1 2 1 2 2 2 1 2 2 2 10 2
left_child=-1 2 3 4 -2 22 7 -7 -5 -8 -11 -12 13 20 -15 -14 -10 -4 -9 -20 21 -13 23 -3 25 -25 -24 -28 29 -29
right_child=1 5 17 8 -6 6 9 18 16 10 11 12 15 14 -16 -17 -18 -19 19 -21 -22 -23 26 24 -26 -27 27 28 -30 -31
leaf_value=-0.059348412341416475 0.44216364142882292 -0.034366824690355721 0.076893911873741297 -0.31321950204589777 -0.1742358340419782 -0.029050884690801308 1.6485599678333138 -0.15855204250042168 -0.12255927225314933 0.52112570571114736 0.98388440288032286 -0.47155168108020268 -1.0701998928574203 -0.30179340971745627 -0.39522353718541542 1.2068856090718894 -1.1149089269456247 0.85131866966295566 -0.49639149860344578 -2.353340069283155 -0.064763620152218884 -0.17374438437730769 0.12056319350299814 -0.090619200979905765 0.069304734001606499 -0.84890091637486764 0.040981596185303767 -0.90239547100525908 -0.040611924235386412 -0.23853225444217749
leaf_weight=115310 20318 129767 32232 3867 19592 14552 20966 808 354 9907 3249 535 104 522 513 3578 462 51689 524 436 2271 779 151098 495 1309 545 75874 114 78878 21767
leaf_count=115310 20318 129767 32232 3867 19592 14552 20966 808 354 9907 3249 535 104 522 513 3578 462 51689 524 436 2271 779 151098 495 1309 545 75874 114 78878 21767
internal_value=0.000225428 0.000377599 0.00128035 -0.000552461 1.95437e-05 0.00015389 0.00149875 -0.00158349 -0.00542741 0.0026842 0.00105075 -0.00118369 -0.00330098 -0.00850465 -0.0186776 0.00322889 -0.0162595 0.00225404 -0.010996 -0.0180433 -0.0055633 -0.01248 -1.79144e-05 -0.000744068 -0.00980681 -0.0235205 0.000274816 -0.000410578 -0.00125175 -0.00391527
internal_weight=762415 647105 128514 44593 39910 518591 58744 16320 4683 42424 21458 11551 8302 4620 1035 3682 816 83921 1768 960 3585 1314 459847 132116 2349 1040 327731 176633 100759 21881
internal_count=762415 647105 128514 44593 39910 518591 58744 16320 4683 42424 21458 11551 8302 4620 1035 3682 816 83921 1768 960 3585 1314 459847 132116 2349 1040 327731 176633 100759 21881
cat_boundaries=0 2 4 6 8 10 13 15
cat_threshold=1619034112 745536 308489225 36995844 18626 499385368 8201 36995072 2176 281281536 2366637313 3760193825 1 520882485 1134565795
is_linear=0
shrinkage=0.06


Tree=120
num_leaves=31
num_cat=10
split_feature=134 129 104 113 139 104 139 104 104 104 91 109 126 98 111 139 132 104 130 104 104 104 132 126 126 110 111 127 111 139
split_gain=26.6418 50.1464 45.8534 42.3369 40.6167 43.1592 35.6744 38.4962 38.325 28.5987 34.9844 32.6109 52.4821 27.8311 27.3614 27.2286 50.6054 51.0704 44.753 70.2585 42.5283 32.2042 30.0766 26.9735 32.3656 43.5482 63.2409 33.1508 26.9431 56.6033
threshold=1.0000000180025095e-35 31.500000000000004 0 308.50000000000006 64.500000000000014 1 22.500000000000004 2 3 4 5 347.50000000000006 245.85000000000005 0.28003368959032676 70.500000000000014 46.500000000000007 -0.73208386245364632 6 -0.78656609248549303 7 8 9 -0.69597197703514313 1546.4000000000003 1738.2000000000005 25.250000000000004 37.500000000000007 22.909202682621814 37.500000000000007 45.500000000000007
decision_type=2 2 1 2 2 1 2 1 1 1 1 2 2 2 2 2 2 1 2 1 1 1 2 2 2 2 2 2 2 2
left_child=15 2 -2 9 6 14 7 -5 -8 -3 -11 -12 13 -13 -6 28 20 23 19 22 -17 -20 -19 -18 27 -26 -27 -25 29 -1
right_child=1 3 -4 4 5 -7 8 -9 -10 10 11 12 -14 -15 -16 16 17 18 21 -21 -22 -23 -24 24 25 26 -28 -29 -30 -31
leaf_value=-0.086612462225540574 -0.32038644770924718 0.011532180962681582 0.027643471530957437 -0.21625104483693766 -1.2005454185908284 -0.12524598728128455 -0.14353243802298621 0.019446478363726618 0.53713171708013763 0.72725027596359015 0.18591130483633522 -0.18676757375220202 -0.010966188580206516 -1.1300143478747062 0.22006814518630283 -0.24714438187675786 0.84155462777799483 0.79630066410621925 -0.207517592320872 0.0050214671674024304 1.2992976879503302 0.26673130222998043 -0.72472906394686554 -2.052083279936324 0.33154930402139055 0.7531128501131702 -0.76298669274497999 1.0343814318189741 -0.0077395852647445286 -0.25445930599086258
leaf_weight=10646 5868 38966 6008 10623 1386 3915 7745 17591 17463 30868 61943 413 16439 114 350 3601 20758 388 13726 5038 13220 15247 3782 184 2214 251 219 98 451942 1505
leaf_count=10646 5868 38966 6008 10623 1386 3915 7745 17591 17463 30868 61943 413 16439 114 350 3601 20758 388 13726 5038 13220 15247 3782 184 2214 251 219 98 451942 1505
internal_value=0.000231585 0.000789065 -0.00300278 0.00100577 -0.00035315 -0.00519002 0.000158584 -0.00130696 0.00179888 0.00154546 0.00204104 0.00137068 -0.000959745 -0.0195795 -0.0130303 5.958e-06 0.00103771 0.000244726 -0.00111369 -0.00475752 0.00395589 4.41087e-05 -0.0105047 0.00243034 -0.00292012 -0.000884916 -0.0174522 -0.0222191 -0.000169065 -0.00295704
internal_weight=762511 219692 11876 207816 59073 5651 53422 28214 25208 148743 109777 78909 16966 527 1736 542819 78726 61905 38181 9208 16821 28973 4170 23724 2966 2684 470 282 464093 12151
internal_count=762511 219692 11876 207816 59073 5651 53422 28214 25208 148743 109777 78909 16966 527 1736 542819 78726 61905 38181 9208 16821 28973 4170 23724 2966 2684 470 282 464093 12151
cat_boundaries=0 2 5 7 10 12 13 15 18 21 23
cat_threshold=2564199724 4012968419 3570139141 1391474690 1 2839819556 178526691 116928 218998360 1 545301001 281796672 16 2853966652 3793819809 367233027 1573634 1 2684389504 226758848 1 57408 500098116
is_linear=0
shrinkage=0.06


Tree=121
num_leaves=31
num_cat=10
split_feature=134 129 104 114 20 139 132 130 104 104 104 126 126 127 112 59 104 130 104 120 98 104 104 126 104 121 137 103 104 126
split_gain=25.2489 46.2316 45.6614 35.7569 28.6033 25.7407 47.2205 49.9935 100.032 56.6146 47.3437 32.6223 51.2731 40.2131 30.2667 27.3942 44.7537 29.8459 54.3244 40.689 47.583 32.3885 31.5311 24.5268 42.2364 24.2389 22.9458 70.2594 91.7834 51.8863
threshold=1.0000000180025095e-35 34.500000000000007 0 -1.6921341644564472 9.5202852843142001 46.500000000000007 -0.73208386245364632 -0.91597561503675329 1 2 3 1546.4000000000003 1738.2000000000005 22.909202682621814 2.6650000000000005 159.21500000000006 4 -0.78656609248549303 5 20.500000000000004 0.57340843044527534 6 7 61.375000000000007 8 989.6500000000002 0.22623637047664433 0.16210544303708729 9 554.07500000000016
decision_type=2 2 1 2 10 2 2 2 1 1 1 2 2 2 2 8 1 2 1 2 2 1 1 2 1 2 2 2 1 2
left_child=5 2 -2 4 -3 15 10 8 14 11 -7 -9 13 -13 25 16 -1 18 19 -17 -21 -22 -19 24 -5 -8 27 -25 29 -29
right_child=1 3 -4 23 -6 6 7 9 -10 -11 -12 12 -14 -15 -16 17 -18 22 -20 20 21 -23 -24 26 -26 -27 -28 28 -30 -31
leaf_value=-0.071544289354558491 -0.30193448683984764 -0.40723677925382845 0.019915625584800079 -0.13202300543102463 1.1125172976277062 -0.26667840517673158 -0.33381339037205887 1.2865449568784071 0.024776113753229381 -0.10637618580439513 1.2661206046806937 -1.8538390395228168 0.014394822558724043 0.080179316505303785 0.0021768412517914446 -0.33463985688585446 0.098718217242229456 -0.073299897642374906 -0.00043588030603992261 0.16468422949846565 -0.054040148097096057 -0.79938937811497346 0.0407972669959909 0.029001167109883888 0.549029709385638 -0.89618540113337808 0.43529093689000897 -0.39837158517492577 -0.0064198525165145102 -0.43955645659725906
leaf_weight=52067 5838 266 7485 10242 16525 3880 370 22064 5381 28290 13087 224 3299 153 426 25278 101410 100602 40889 8979 620 608 133892 141605 27037 1575 8281 465 1378 452
leaf_count=52067 5838 266 7485 10242 16525 3880 370 22064 5381 28290 13087 224 3299 153 426 25278 101410 100602 40889 8979 620 608 133892 141605 27037 1575 8281 465 1378 452
internal_value=0.000244966 0.000787904 -0.0026375 0.00100918 0.00366282 2.54543e-05 0.0010285 0.000258518 -0.00424713 0.000905036 0.00383204 0.00294047 -0.002291 -0.0232222 -0.0144811 -0.000144655 0.000511227 -0.000468467 -0.00149861 -0.00321586 -1.93963e-05 -0.0110919 -0.000132949 0.000773985 0.00215327 -0.0177133 0.000436096 0.000259345 -0.0101524 -0.0247177
internal_weight=762668 219574 13323 206251 16791 543094 78749 61782 7752 54030 16967 25740 3676 377 2371 464345 153477 310868 76374 35485 10207 1228 234494 189460 37279 1945 152181 143900 2295 917
internal_count=762668 219574 13323 206251 16791 543094 78749 61782 7752 54030 16967 25740 3676 377 2371 464345 153477 310868 76374 35485 10207 1228 234494 189460 37279 1945 152181 143900 2295 917
cat_boundaries=0 2 5 8 11 14 17 20 22 25 28
cat_threshold=3117849860 1127287235 396962053 269484803 1 2940013340 1647385251 1 2684389504 227283136 1 1736860248 33604692 1 2800983429 3775400835 1 547588101 1091043842 1 4060108394 3408749078 539076624 37380800 1 2634814900 3488618849 1
is_linear=0
shrinkage=0.06


Tree=122
num_leaves=31
num_cat=8
split_feature=104 134 129 104 113 104 104 44 133 104 127 111 46 104 109 127 101 113 111 104 115 109 114 120 91 133 47 120 107 112
split_gain=24.9609 24.8978 27.6669 35.3199 26.4136 33.5106 27.5127 29.5453 26.542 53.5053 29.125 28.6346 26.0853 25.4377 23.936 22.6841 23.6024 48.4247 29.068 24.9869 35.7109 30.6912 29.0767 27.2129 22.6621 30.6944 29.2217 34.0385 22.8082 25.5974
threshold=0 1.0000000180025095e-35 31.500000000000004 1 277.50000000000006 2 3 0.006559235167518101 0.98332250088165762 4 1.3231830843984487 75.500000000000014 1863.4000000000003 5 457.50000000000006 8.2254398743019639 0.93301270189221952 323.50000000000006 88.500000000000014 6 -1.0458475812433148 52.500000000000007 3.0995074354777619 6.5000000000000009 7 0.96633974041180493 420.54062500000009 1.5000000000000002 28.766750000000005 1.885
decision_type=1 2 2 1 2 1 1 2 2 1 2 2 10 1 2 2 2 2 2 1 2 2 2 2 1 2 10 2 2 2
left_child=24 12 3 -3 5 14 7 -6 -7 -10 11 -11 -2 -9 -4 16 18 -18 19 -8 21 23 -22 -21 -1 -26 27 -27 -28 -30
right_child=1 2 4 -5 6 8 15 13 9 10 -12 -13 -14 -15 -16 -17 17 -19 -20 20 22 -23 -24 -25 25 26 28 -29 29 -31
leaf_value=0.41694037315932669 -0.023265421361254479 -0.29975317198153972 0.73917541820962929 0.028587688332339239 -0.010907870441008065 0.14502038447097554 0.036767753502386397 0.039537807749691088 0.37378208265749313 0.30540831479135649 0.38589678582761938 -1.0313538423827242 0.088124760447953157 -0.48768093641053717 -0.056615760200835315 0.24767685267258199 0.51729771190250895 -1.4951191004281794 0.31914651916602732 -0.14361397081595284 0.16054361285493129 -0.16469849781618484 -0.15744121309484055 -0.99313452126740132 0.077200935569785828 -0.2932872914753884 0.0030815901889361579 0.18039185530035312 -1.9150013987728143 -0.33749810401925373
leaf_weight=42257 423610 4449 22939 6018 37993 30223 10211 2462 2550 356 565 1659 52818 4127 3822 31030 10770 586 5954 417 5019 9757 1011 635 42466 1079 6888 663 303 670
leaf_count=42257 423610 4449 22939 6018 37993 30223 10211 2462 2550 356 565 1659 52818 4127 3822 31030 10770 586 5954 417 5019 9757 1011 635 42466 1079 6888 663 303 670
internal_value=0.000246797 0.000117948 0.000693717 -0.00230588 0.000866158 0.00187047 0.000346178 -0.000835288 0.000657109 -0.00333268 -0.00940177 -0.0128125 -0.000114753 -0.00454416 0.00347176 0.00104481 0.000174478 0.00253377 -0.000637358 -0.00147277 -0.00289175 -0.00495708 0.000805837 -0.0146895 0.00116048 0.000322466 -0.00274073 -0.00976936 -0.00118214 -0.00977618
internal_weight=763307 668981 192553 10467 182086 62114 119972 44582 35353 5130 2580 2015 476428 6589 26761 75390 44360 11356 33004 27050 16839 10809 6030 1052 94326 52069 9603 1742 7861 973
internal_count=763307 668981 192553 10467 182086 62114 119972 44582 35353 5130 2580 2015 476428 6589 26761 75390 44360 11356 33004 27050 16839 10809 6030 1052 94326 52069 9603 1742 7861 973
cat_boundaries=0 2 4 6 8 10 12 14 15
cat_threshold=134742036 6304 2163643656 1328611651 3234091458 3175089439 2693021890 350717016 354520065 34505280 2156134528 2490432 1109491720 538468868 24
is_linear=0
shrinkage=0.06


Tree=123
num_leaves=31
num_cat=9
split_feature=104 111 129 133 104 130 5 125 133 133 121 104 133 130 104 139 109 133 98 104 104 104 111 125 126 104 102 104 110 132
split_gain=24.7803 39.9061 67.9649 68.1765 68.9925 61.1115 58.5434 55.2622 63.8683 92.186 46.3822 44.0144 42.4631 40.0353 77.5439 50.782 39.3304 63.5156 57.4645 39.3939 38.8997 38.0592 36.5125 35.1402 41.5764 60.25 63.5939 34.3605 30.3747 57.3049
threshold=0 82.500000000000014 202.50000000000003 0.97648852793709995 1 -1.0000000180025095e-35 0.98750000000000016 0.14683333333333334 0.95936279103287792 0.97648852793709995 990.45000000000016 2 0.74298546529340237 -0.78656609248549303 3 59.500000000000007 487.50000000000006 0.94636490295939868 -0.064461972558210262 4 5 6 95.500000000000014 0.26030000000000009 26.475000000000005 7 30.500000000000004 8 18.650000000000002 0.61490419508004501
decision_type=1 2 2 2 1 2 10 2 2 2 2 1 2 2 1 2 2 2 2 1 1 1 2 2 2 1 2 1 2 2
left_child=-1 6 10 12 -5 -6 13 16 -9 -10 11 -3 23 14 15 28 -8 -18 -19 -20 22 -15 -12 24 25 -4 -27 -26 29 -2
right_child=1 2 3 4 5 -7 7 8 9 -11 20 -13 -14 21 -16 -17 17 18 19 -21 -22 -23 -24 -25 27 26 -28 -29 -30 -31
leaf_value=-0.033648532209262498 0.11716215891574538 0.018525664640890033 0.45420696235128821 0.27570872410742847 0.57104273060248723 -0.36754093595348414 0.028391004661640219 -0.24640744538803594 -0.67623938583065957 -0.097370382612805895 -0.05252334284724345 -0.18681857623419179 0.92380183212477951 0.15698885950176528 0.076267144092731928 -0.4831235091399646 -0.003725658477859379 0.1062477240435262 -0.31148039933810467 -0.14558885535101035 0.30418228723458884 0.0045267278608141365 -0.8965244241425161 0.59603630167738686 0.47763392923511189 0.60130560241889419 -2.0912216147758604 -0.23387216902467348 -0.20226644180099848 -0.49852900680793355
leaf_weight=196640 15916 17405 418 26142 7700 20805 34483 8768 1379 1180 4072 20436 56977 98468 52053 2897 11085 2184 2121 3430 24349 99293 1282 12041 5489 169 330 6811 26026 1370
leaf_count=196640 15916 17405 418 26142 7700 20805 34483 8768 1379 1180 4072 20436 56977 98468 52053 2897 11085 2184 2121 3430 24349 99293 1282 12041 5489 169 330 6811 26026 1370
internal_value=0.000220703 0.000422577 0.0010923 0.0018608 0.00021816 -0.00182319 4.29722e-05 -0.00159304 -0.00539883 -0.0137367 -0.000465112 -0.00185809 0.00295236 0.000400164 -0.000589723 -0.00237832 -0.000784219 -0.00299028 -0.00716262 -0.010406 0.00130952 0.000892012 -0.00331705 0.000904549 -0.0012315 -0.013549 -0.0273059 -0.00031217 -0.00186429 8.53823e-05
internal_weight=761719 565079 204426 136882 54647 28505 360653 64630 11327 2559 67544 37841 82235 296023 98262 46209 53303 18820 7735 5551 29703 197761 5354 25258 13217 917 499 12300 43312 17286
internal_count=761719 565079 204426 136882 54647 28505 360653 64630 11327 2559 67544 37841 82235 296023 98262 46209 53303 18820 7735 5551 29703 197761 5354 25258 13217 917 499 12300 43312 17286
cat_boundaries=0 2 4 6 9 11 14 17 19 21
cat_threshold=1652596744 34594884 2288599238 876617370 69484759 2104494104 2507345281 536871811 1 2367167509 3779074464 84279825 0 1 2557680661 1073746850 1 84429011 2634028090 2371621125 2751469987
is_linear=0
shrinkage=0.06


Tree=124
num_leaves=31
num_cat=12
split_feature=134 129 104 114 126 20 104 98 98 110 34 3 121 130 104 104 126 127 104 104 104 115 104 104 132 129 104 104 115 104
split_gain=23.636 38.4372 36.7058 33.9106 40.008 43.9899 35.9258 34.1424 28.4029 45.3734 49.5318 52.4172 35.247 62.3164 46.8544 34.6449 34.738 37.0888 35.0976 32.5994 31.7866 27.1757 25.4347 25.3494 24.5649 102.627 127.247 40.5545 41.5198 34.8275
threshold=1.0000000180025095e-35 34.500000000000007 0 -1.0393208789485404 1638.7500000000002 16.459480169381287 1 -0.931957157303682 -0.012900982721897882 10.250000000000002 2.4345000000000003 114.01250000000002 994.85000000000002 0.25881904510252091 2 3 3027.9000000000005 9.1002937973849942 4 5 6 -2.5770401415117283 7 8 -0.99359783145257141 79.500000000000014 9 10 -1.299024629217491 11
decision_type=2 2 1 2 2 10 1 2 2 2 10 10 2 2 1 1 2 2 1 1 1 2 1 1 2 2 1 1 2 1
left_child=24 2 -2 4 5 23 7 -6 15 20 12 -12 19 14 -14 -5 -17 18 21 -11 -10 -18 -7 -3 25 27 -27 -1 29 -29
right_child=1 3 -4 8 6 22 -8 -9 9 10 11 -13 13 -15 -16 16 17 -19 -20 -21 -22 -23 -24 -25 -26 26 -28 28 -30 -31
leaf_value=0.086243451660268297 0.034968825952956112 -0.4890837528011141 -0.24925619795761306 0.0089968996923475639 0.43405243006790778 0.31969231295730294 0.10442386881327879 -0.45060042528774291 -1.0583913231054947 -0.13230743010239451 -0.19599180428875951 -0.8767772519953948 -0.64609349961149132 0.088654453097716357 -0.2299295484187987 0.31947585996653505 -0.93398919536212444 0.010369108740126441 -0.12611114914396568 0.044849640436627813 0.2070014141004223 -0.32158359703875705 1.0440564674041186 1.0670943928615437 0.0093211980927569368 0.066810753231273501 -0.67902360268285711 -0.16163409443824497 -0.077383579715890743 -0.55196891226243683
leaf_weight=8349 6244 749 6998 61185 218 10135 816 666 474 11079 466 214 1189 2513 2217 58969 179 4121 779 16701 14509 301 18593 448 522788 659 709 356 9401 403
leaf_count=8349 6244 749 6998 61185 218 10135 816 666 474 11079 466 214 1189 2513 2217 58969 179 4121 779 16701 14509 301 18593 448 522788 659 709 356 9401 403
internal_value=0.000244492 0.000769453 -0.00236412 0.000970386 0.00277841 0.00328711 -0.00617284 -0.0144536 0.000643442 -0.000575897 -0.00177679 -0.0177974 -0.001453 -0.00565642 -0.0109434 0.00112291 0.00209469 -0.00251998 -0.0115286 -0.000557215 0.00217953 -0.0240733 0.00375676 -0.0079783 3.18983e-05 -0.00203833 -0.0178904 -0.000865802 -0.00340969 -0.0169026
internal_weight=762428 219763 13242 206521 31625 29925 1700 884 174896 49362 34379 680 33699 5919 3406 125534 64349 5380 1259 27780 14983 480 28728 1197 542665 19877 1368 18509 10160 759
internal_count=762428 219763 13242 206521 31625 29925 1700 884 174896 49362 34379 680 33699 5919 3406 125534 64349 5380 1259 27780 14983 480 28728 1197 542665 19877 1368 18509 10160 759
cat_boundaries=0 3 5 7 10 12 15 16 18 20 22 25 27
cat_threshold=1193831162 818865688 1 3392369736 3911197328 84678709 190841123 3760310402 2097145432 1 185341472 2164262944 415395925 306452606 1 570425344 654486056 3231694912 2170880 533056 4102080742 424209629 1684383891 283502184 1 673632 1712326673
is_linear=0
shrinkage=0.06


Tree=125
num_leaves=31
num_cat=8
split_feature=114 123 104 25 104 123 133 104 111 137 104 119 104 102 127 104 125 111 122 120 21 122 19 104 104 133 133 123 111 119
split_gain=24.7535 45.6548 58.5086 40.1022 38.8421 37.298 31.016 71.373 47.1456 24.3293 29.9827 24.1742 29.6352 34.5588 23.9084 79.7311 43.628 36.0057 49.5192 36.6725 49.4315 35.8749 34.2036 30.4828 27.5893 24.9713 56.6145 54.2673 52.9791 46.5685
threshold=-1.7549121587522174 0.49970844088117528 0 0.95725974118589308 1 0.23311334863534325 0.99932962452255414 2 88.500000000000014 0.0021274278612003691 3 578.50000000000011 4 29.500000000000004 36.862497375969085 5 0.16158333333333333 48.500000000000007 0.51842244232170442 5.5000000000000009 397.81000000000012 0.49284909376632019 91.432795138888892 6 7 0.94066717844141279 0.95691861501572195 0.92198117898971532 54.500000000000007 614.50000000000011
decision_type=2 2 1 10 1 2 2 1 2 2 1 2 1 2 2 1 2 2 2 2 10 2 10 1 1 2 2 2 2 2
left_child=1 2 3 -1 -3 -5 14 8 -8 -6 -11 -4 -13 -14 25 16 -16 18 19 -17 -21 22 -18 -23 -20 -2 -27 29 -29 -28
right_child=6 4 11 5 9 -7 7 -9 -10 10 -12 12 13 -15 15 17 21 -19 24 20 -22 23 -24 -25 -26 26 27 28 -30 -31
leaf_value=-0.24390034466676186 -0.012951464309261614 -0.11467919214927851 0.29325949368479237 -0.848404601231038 0.93539259371089278 -0.43252762832032654 -0.44117865483313878 -0.049154190542372245 -2.4740781152973996 -0.29703894548591792 0.10286299441586939 0.30167394164795641 -0.1408671784887551 -1.1785634231917537 0.0037931613345589875 0.24675203658352948 -1.1831769312330367 1.358442678024673 0.0072188241931390234 -0.07604685735227594 -0.42681292658280295 -1.2857229461946416 0.38118859671151617 -0.14561773003780393 -0.82105407205561753 0.56647653205728798 -0.0063087355460136147 -1.554629006707857 0.84256085889138055 -0.22340691017244457
leaf_weight=5222 435637 8815 7280 341 24242 996 1348 13439 1329 947 2622 357 193 159 18309 19013 307 24773 225 1281 306 1732 168 4531 322 24569 135174 198 26247 2597
leaf_count=5222 435637 8815 7280 341 24242 996 1348 13439 1329 947 2622 357 193 159 18309 19013 307 24773 225 1281 306 1732 168 4531 322 24569 135174 198 26247 2597
internal_value=0.000227821 0.00150237 -0.00134112 -0.00553516 0.00263183 -0.0148117 0.000136148 -0.00246597 -0.0113906 0.00373108 -0.000892437 0.00210675 -0.00845915 -0.0204628 0.000196457 0.00124002 -0.00148288 0.00272496 0.000907036 0.00138052 -0.00737909 -0.00561092 -0.0214916 -0.00440326 -0.0168942 7.78513e-05 0.000654233 0.000252325 0.00274181 -0.000225546
internal_weight=762679 51174 14548 6559 36626 1337 711505 16116 2677 27811 3569 7989 709 352 695389 70967 25047 45920 21147 20600 1587 6738 475 6263 547 624422 188785 164216 26445 137771
internal_count=762679 51174 14548 6559 36626 1337 711505 16116 2677 27811 3569 7989 709 352 695389 70967 25047 45920 21147 20600 1587 6738 475 6263 547 624422 188785 164216 26445 137771
cat_boundaries=0 3 5 7 9 11 13 15 17
cat_threshold=1493328707 3152839709 1 578978344 34398272 75530776 159580160 135856132 2164332934 2158825480 1073826688 1610664138 500008024 536903808 67174464 151009025 2147512453
is_linear=0
shrinkage=0.06


Tree=126
num_leaves=31
num_cat=11
split_feature=114 123 104 99 104 99 104 132 104 111 37 35 111 126 104 132 104 113 91 119 104 111 104 104 139 123 114 119 104 20
split_gain=24.3876 40.3747 49.5249 38.514 34.6075 34.1803 43.7194 36.633 30.4308 23.3293 22.7811 25.0831 33.3818 35.7266 54.971 55.1794 33.5074 35.1875 44.6899 33.0198 36.498 34.2382 45.1808 33.3185 33.2328 31.8632 30.3012 37.4018 32.1577 29.4252
threshold=-1.7549121587522174 0.51880329836589023 0 0.92843842216862604 1 0.99958851518450398 2 0.025799818015934263 3 59.500000000000007 0.15431945085441576 249.43500000000003 47.500000000000007 237.20000000000002 4 -0.69597197703514313 5 319.50000000000006 6 180.50000000000003 7 82.500000000000014 8 9 41.500000000000007 0.54540291227660698 -1.2984543603845724 698.50000000000011 10 37.137290840948189
decision_type=2 2 1 2 1 2 1 2 1 2 2 8 2 2 1 2 1 2 1 2 1 2 1 1 2 2 2 2 1 10
left_child=1 2 3 -1 -3 10 7 -7 -5 -9 -2 -12 13 14 15 -13 -15 -18 -19 20 24 23 -23 -22 -14 -24 27 28 -21 -25
right_child=5 4 -4 8 -6 6 -8 9 -10 -11 11 12 19 16 -16 -17 17 18 -20 26 21 22 25 29 -26 -27 -28 -29 -30 -31
leaf_value=-0.11096781258366037 0.079594237415944 0.018428179197958947 0.16947594781311226 -0.92813750764114344 0.51989992134559793 -0.33257345307041108 -0.069410447325894867 0.084457584456548246 -0.37488801544316008 -0.97283416538581668 -0.033287271976865915 -0.13569482815312794 0.052342225284558216 0.073567135701114811 0.010642304280491635 -0.68788321222500171 -0.055672083796592386 0.38860518780157738 -0.44978966542505022 -0.39923196319143872 -0.00056516332463337274 -0.20117507909373164 -0.45083794026475488 -0.036872672578250894 0.75970072430056979 0.21360506875069177 0.164754541216591 -0.66368578939394296 0.14894899852439522 -0.38666775060085767
leaf_weight=4317 95981 13328 8166 1124 23052 1344 9621 251 1316 1476 173758 2127 111630 20159 4531 2290 28807 1471 4208 1164 37627 24308 495 15875 27413 50463 69952 180 1917 23979
leaf_count=4317 95981 13328 8166 1124 23052 1344 9621 251 1316 1476 173758 2127 111630 20159 4531 2290 28807 1471 4208 1164 37627 24308 495 15875 27413 50463 69952 180 1917 23979
internal_value=0.00022809 0.00149146 -0.00113656 -0.00493174 0.00256947 0.000136932 -0.00294871 -0.00916742 -0.0109627 -0.0149757 0.000193016 5.62196e-05 0.000302746 -0.000965846 -0.00448005 -0.00923171 -0.00039033 -0.00152605 -0.00584261 0.00052377 0.00023791 -0.000402322 0.000509068 -0.00128771 0.000941203 0.00152422 0.00166304 -0.00398958 -0.00243154 -0.00249632
internal_weight=762330 51303 14923 6757 36380 711027 12692 3071 2440 1727 698335 602354 428596 63593 8948 4417 54645 34486 5679 365003 291790 152747 75266 77481 139043 50958 73213 3261 3081 39854
internal_count=762330 51303 14923 6757 36380 711027 12692 3071 2440 1727 698335 602354 428596 63593 8948 4417 54645 34486 5679 365003 291790 152747 75266 77481 139043 50958 73213 3261 3081 39854
cat_boundaries=0 3 6 9 11 14 17 18 20 22 25 28
cat_threshold=1363305283 3148661789 1 583434792 2719932484 1 578986520 2160263424 1 1073889346 2190230548 4159900685 570559270 1 711159882 8709854 1 22 219032116 3688896934 838865928 516160 303043593 1826881 1 3392229992 3837346304 1
is_linear=0
shrinkage=0.06


Tree=127
num_leaves=31
num_cat=8
split_feature=104 133 132 133 104 104 113 104 110 54 104 104 132 132 110 130 25 119 91 112 127 126 140 104 119 111 0 113 132 132
split_gain=23.1862 28.7761 25.3213 56.7623 54.3617 49.6446 44.5177 107.189 38.637 56.7184 51.8217 38.4853 38.5185 70.4281 32.415 34.158 28.8144 26.5874 26.7123 41.2269 35.5688 30.3553 34.6569 61.743 63.7884 57.555 63.0275 46.1172 47.7377 39.2525
threshold=0 0.98770287048522643 -0.76624641395159687 0.70747208174348741 1 2 275.50000000000006 3 25.250000000000004 21.615111045685968 4 5 -0.13291928626387098 -0.098749067963353782 19.450000000000003 0.25881904510252091 0.58357370037588774 502.50000000000006 6 1.8750000000000002 2.2162782755614643 58.625000000000007 21.000000000000004 7 35.500000000000007 90.500000000000014 68.71250000000002 324.50000000000006 -0.53402660245708555 -0.41299776550820594
decision_type=1 2 2 2 1 1 2 1 2 10 1 1 2 2 2 2 10 2 1 2 2 2 2 1 2 2 2 2 2 2
left_child=1 -1 4 5 -2 -4 7 16 11 -10 -11 12 -8 -14 -9 -16 -5 18 19 20 -13 -20 -23 24 25 26 -24 28 -28 -30
right_child=2 -3 3 6 -6 -7 8 14 9 10 -12 17 13 -15 15 -17 -18 -19 21 -21 -22 22 23 -25 -26 -27 27 -29 29 -31
leaf_value=-0.04525984760688951 -0.086390887774574404 -0.47228553344702556 -0.10865234461295305 -0.22420230022409249 0.039872120506268337 0.90841048847279748 0.26898269954303433 0.61597730751234225 0.6053522313935874 -0.088249972012863678 -0.75113417934391602 -0.014617102847874576 -0.60057622458111948 0.015877294251771871 -0.082816056658367429 0.5540584112643977 0.058158567284604425 0.044069965421797502 0.1174612597145487 0.087781945273415651 -0.38544474580271426 -0.052849354379666987 -0.060640455516366355 -0.19523826901060484 -0.036072604922677429 0.020175516289035824 -0.67330575221759748 -0.042237518388637728 -0.37224710122962995 -0.6106059725853622
leaf_weight=40916 94896 6301 8013 26072 111267 19109 67442 72653 890 665 691 6497 4057 85965 12670 5817 33595 38219 13273 34935 4542 32249 1394 29346 4383 1504 620 622 1014 2521
leaf_count=40916 94896 6301 8013 26072 111267 19109 67442 72653 890 665 691 6497 4057 85965 12670 5817 33595 38219 13273 34935 4542 32249 1394 29346 4383 1504 620 622 1014 2521
internal_value=0.000207348 -0.00108025 0.0002924 0.000519712 -0.000268534 0.00319036 0.000369316 0.00122369 -2.01491e-05 -0.00786115 -0.0155814 3.34711e-05 0.000710361 -0.00010184 0.0025178 0.000274881 -0.000753343 -0.000589411 -0.000990511 0.000179276 -0.00301685 -0.00160903 -0.00208518 -0.00323381 -0.00684663 -0.0101498 -0.0127145 -0.0159895 -0.01827 -0.0155684
internal_weight=762138 47217 714921 508758 206163 27122 481636 150807 330829 2246 1356 328583 157464 90022 91140 18487 59667 171119 132900 45974 11039 86926 73653 41404 12058 7675 6171 4777 4155 3535
internal_count=762138 47217 714921 508758 206163 27122 481636 150807 330829 2246 1356 328583 157464 90022 91140 18487 59667 171119 132900 45974 11039 86926 73653 41404 12058 7675 6171 4777 4155 3535
cat_boundaries=0 2 4 7 10 13 16 17 19
cat_threshold=1619001344 16384 2317426090 3233353635 2147519104 227446868 1 308454952 1111466052 1 2552472714 2966922956 1 405769772 3233356738 1 1 16450 809501720
is_linear=0
shrinkage=0.06


Tree=128
num_leaves=31
num_cat=12
split_feature=131 104 111 104 134 127 104 98 139 104 110 132 104 104 123 137 59 104 104 132 104 104 111 113 131 104 104 132 113 110
split_gain=22.3486 44.9766 24.7899 46.0595 23.9741 27.8893 56.4911 37.3073 35.9254 38.4675 29.4743 47.9668 81.0113 29.4372 27.6702 51.211 65.3323 86.5849 34.3486 29.559 37.4429 32.787 27.0645 25.4344 25.3121 42.7272 37.1598 35.4396 27.5068 37.6947
threshold=0.91597561503675351 0 69.500000000000014 1 1.0000000180025095e-35 7.9412185479710926 2 -0.88965196910377931 30.500000000000004 3 14.250000000000002 -0.78789334285648371 4 5 0.31467010681895352 0.22623637047664433 1036.9350000000002 6 7 0.51572537064332258 8 9 86.500000000000014 41.500000000000007 -0.37940952255126015 10 11 0.66766646831012755 305.50000000000006 6.3500000000000005
decision_type=2 1 2 1 2 2 1 2 2 1 2 2 1 1 2 2 8 1 1 2 1 1 2 2 2 1 1 2 2 2
left_child=4 2 3 -2 24 14 10 8 -8 -10 11 12 -7 -13 15 16 18 -18 -6 21 -21 -16 -15 -20 25 -1 27 28 29 -26
right_child=1 -3 -4 -5 5 6 7 -9 9 -11 -12 13 -14 22 19 -17 17 -19 23 20 -22 -23 -24 -25 26 -27 -28 -29 -30 -31
leaf_value=-0.045229458196022455 -1.8279965566471388 0.18591728529229401 -0.087125754395623797 -0.48153909086639229 -0.19668475423134971 -1.363879441624068 -0.016650376815726141 0.54204904489866523 0.072783874328991222 -0.57276847993777957 0.058052331272764664 -0.92661459630247411 -0.33151165094192026 -0.36080612503187587 -0.027494306619589647 0.47559770944225455 -0.42985518772161863 -0.044814380941371176 -0.23863425004937253 -0.39976891952002219 -0.023911350612036718 0.15539545010485692 0.96003661708023169 0.014520605493842591 -0.68125641936256442 0.082522277841377431 0.012019146561174797 -0.38777891317793584 0.0017105232072634352 -0.15916224143944388
leaf_weight=87675 302 83867 9340 2142 8385 212 2420 37300 208 288 18418 1238 378 2879 38377 4164 547 897 173 2578 8317 50352 2780 12368 1903 115570 146166 2575 47051 73273
leaf_count=87675 302 83867 9340 2142 8385 212 2420 37300 208 288 18418 1238 378 2879 38377 4164 547 897 173 2578 8317 50352 2780 12368 1903 115570 146166 2575 47051 73273
internal_value=0.00022321 0.00108086 -0.00238881 -0.00776932 0.000100124 0.000665249 0.00166338 0.00307048 -0.00346383 -0.0181569 -0.000522071 -0.00369631 -0.0201015 -0.00229023 0.000142107 -0.00157965 -0.00271691 -0.0150561 -0.00186477 0.000600693 -0.00234857 0.000962854 -0.000445502 0.000124761 -0.000129017 0.000377129 -0.000508663 -0.001269 -0.00112231 -0.00183439
internal_weight=762143 95651 11784 2444 666492 192279 66121 40216 2916 496 25905 7487 590 6897 126158 26534 22370 1444 20926 99624 10895 88729 5659 12541 474213 203245 270968 124802 122227 75176
internal_count=762143 95651 11784 2444 666492 192279 66121 40216 2916 496 25905 7487 590 6897 126158 26534 22370 1444 20926 99624 10895 88729 5659 12541 474213 203245 270968 124802 122227 75176
cat_boundaries=0 2 3 6 8 10 12 15 17 19 21 23 26
cat_threshold=536903816 67118144 128 1619640387 919576664 1 305266696 1073760134 1610629186 272629784 536903680 139328 488378772 1152391649 1 3472899162 3376874636 13271300 455088417 2998281265 3793970114 1703207537 2339586108 3002283272 1762575111 1
is_linear=0
shrinkage=0.06


Tree=129
num_leaves=31
num_cat=10
split_feature=139 104 139 104 133 133 104 111 98 104 133 104 119 111 114 114 111 119 104 124 109 98 114 104 104 98 120 104 104 84
split_gain=21.7989 60.6644 47.31 71.1326 31.3764 97.4429 49.0064 43.5062 50.7934 44.4947 42.5022 47.4258 53.4998 76.3889 39.2438 38.7473 40.8163 40.8113 39.702 39.4378 37.7338 52.3254 54.8545 49.9564 42.3397 84.795 36.9291 33.2087 32.9582 32.1899
threshold=60.500000000000007 0 46.500000000000007 1 0.94066717844141279 0.96407344085605606 2 97.500000000000014 0.16269055358644466 3 0.93158198870884079 4 273.50000000000006 70.500000000000014 1.2960201354624097 0.69343217732869034 55.500000000000007 62.500000000000007 5 0.71500000000000019 487.50000000000006 0.23014236637527921 1.2458205671356957 6 7 -0.3006092291086655 18.500000000000004 8 9 2.6479166666666671
decision_type=2 1 2 1 2 2 1 2 2 1 2 1 2 2 2 2 2 2 1 2 2 2 2 1 1 2 2 1 1 10
left_child=2 -2 4 -4 10 20 7 -7 9 -9 -1 -12 13 27 -11 16 17 -8 19 -19 24 -22 23 -23 25 -6 -25 -13 29 -15
right_child=1 -3 3 -5 5 6 15 8 -10 14 11 12 -14 28 -16 -17 -18 18 -20 -21 21 22 -24 26 -26 -27 -28 -29 -30 -31
leaf_value=-0.0048321906496160225 -0.36503217646762742 0.060886930206476945 -0.32382132653945472 0.39684762807431029 -1.1958862470945708 -0.075372033076444342 -1.2886359131413219 -0.16066484569459719 2.0403702705540265 -1.9774574625620476 0.025536074437936401 -0.39041089818572083 0.10017030408279076 -3.2384204610157541 0.29793088385474048 0.002963669252429307 0.61894682563918024 0.014544677532327197 0.72669143692709837 -0.82861530572993203 0.7765512882369473 0.0067558408965915301 0.55979489358343826 -0.023246248209438904 1.0454763455723921 1.3571433675691797 -0.44824046468201184 -1.2212671771190033 -0.086197932800277655 -0.264325860940201
leaf_weight=407104 12039 21773 12100 66794 1613 56588 383 1832 941 2009 8106 1512 2248 94 394 80597 30768 208 1078 198 3768 939 1168 371 38753 3028 1258 1797 3097 78
leaf_count=407104 12039 21773 12100 66794 1613 56588 383 1832 941 2009 8106 1512 2248 94 394 80597 30768 208 1078 198 3768 939 1168 371 38753 3028 1258 1797 3097 78
internal_value=0.000213806 -0.00127549 0.000282899 0.00167037 0.000114474 0.000685646 1.35776e-05 -0.00134579 -0.00661078 -0.00941218 -0.000189804 -0.00313518 -0.00617449 -0.00891199 -0.0147564 0.00075512 0.00249939 -0.00611242 -0.0016 -0.0173237 0.00299629 -0.000932178 -0.00596307 -0.0108649 0.00367563 -0.0017399 -0.0171622 -0.0153372 -0.0024055 -0.0271475
internal_weight=762636 33812 728824 78894 649930 225894 174996 61764 5176 4235 424036 16932 8826 6578 2403 113232 32635 1867 1484 406 50898 7504 3736 2568 43394 4641 1629 3309 3269 172
internal_count=762636 33812 728824 78894 649930 225894 174996 61764 5176 4235 424036 16932 8826 6578 2403 113232 32635 1867 1484 406 50898 7504 3736 2568 43394 4641 1629 3309 3269 172
cat_boundaries=0 2 5 7 9 11 13 15 17 19 21
cat_threshold=4051714242 373484824 8421376 93192256 1 571483705 1269915844 571483648 1073815744 219983529 3485026374 1073791042 273155096 549503203 219137116 536903680 958464 3758248016 173112 536870912 8192
is_linear=0
shrinkage=0.06


Tree=130
num_leaves=31
num_cat=10
split_feature=19 104 89 111 132 43 140 130 101 104 127 104 125 114 123 104 126 104 140 22 104 23 119 87 23 104 104 0 104 114
split_gain=22.0046 27.2483 22.5341 20.0462 19.1092 16.9273 56.4724 23.9684 29.4594 36.0784 23.5057 34.2451 20.5078 22.0768 19.5618 21.9508 18.7128 36.339 38.2883 48.2634 32.6741 31.5299 22.632 20.8491 19.6745 21.1508 17.8906 17.4672 21.4686 23.9897
threshold=297.24895833333341 0 1 28.500000000000004 0.025799818015934263 99.94862722735877 2.5000000000000004 -0.37940952255126059 0.93301270189221952 2 0.9397342495590072 3 0.11025 1.7098991885463912 0.083640245529306476 4 177.20000000000002 5 7.5000000000000009 41.51250000000001 6 -92.924999999999983 558.50000000000011 44.500000000000007 -1.787499999999987 7 8 72.903750000000016 9 1.3058228487602517
decision_type=10 1 1 2 2 2 2 2 2 1 2 1 2 2 2 1 2 1 2 8 1 8 2 10 8 1 1 2 1 2
left_child=2 -2 -1 -3 -5 16 -7 8 14 12 11 -9 -10 -14 -8 -16 17 -4 19 21 -18 26 24 -24 25 -23 -19 -20 -29 -30
right_child=1 3 5 4 -6 6 7 10 9 -11 -12 -13 13 -15 15 -17 20 18 27 -21 -22 22 23 -25 -26 -27 -28 28 29 -31
leaf_value=0.044858478315387675 -0.63238854489628626 -0.4503087637463602 -0.22679209552728372 0.76952572313211898 -0.28030820515761407 1.5485777443722608 0.049765602664076293 -0.81997658620926994 -0.12498363590631302 0.62558957536080162 0.23001163877409983 0.0056891571256905459 -0.31044345753913249 -1.3518671519105643 -0.3887390747752828 -0.12235650631866755 0.10709559891178262 -0.45259737990854926 0.12326642924380926 0.14529479199303116 -0.016595805983473703 -0.41975136626642967 -0.31026540715772427 -1.1344180616951292 -0.086064549131307747 -0.2295870864733062 -1.3460084633211089 0.17066630471235161 0.0048725388412390784 -0.20594127118321798
leaf_weight=272601 1967 102 22678 33032 885 15174 6112 2736 2381 9011 53261 9482 354 224 7899 13957 33492 725 20794 8444 143906 3393 85 75 8366 5134 1039 24078 38408 22716
leaf_count=272601 1967 102 22678 33032 885 15174 6112 2736 2381 9011 53261 9482 354 224 7899 13957 33492 725 20794 8444 143906 3393 85 75 8366 5134 1039 24078 38408 22716
internal_value=0.000235047 0.00168327 0.000163312 0.00208034 0.00216115 -9.56434e-05 0.000513517 2.08885e-05 -0.00113753 0.00135327 0.000727459 -0.00164596 -0.00438586 -0.0145285 -0.00220358 -0.00304269 -0.000316025 -0.000795518 -0.000417489 -0.00242293 0.000105457 -0.00411404 -0.00332368 -0.0257143 -0.0031101 -0.00513813 -0.0117484 9.82672e-05 -0.000282243 -0.000879954
internal_weight=762511 35986 726525 34019 33917 453924 120591 105417 39938 11970 65479 12218 2959 578 27968 21856 333333 155935 133257 27261 177398 18817 17053 160 16893 8527 1764 105996 85202 61124
internal_count=762511 35986 726525 34019 33917 453924 120591 105417 39938 11970 65479 12218 2959 578 27968 21856 333333 155935 133257 27261 177398 18817 17053 160 16893 8527 1764 105996 85202 61124
cat_boundaries=0 3 4 6 8 11 13 16 18 20 22
cat_threshold=572727304 9650688 1 50 1620238402 272942108 536872760 1118945280 888375301 2471496480 1 539033600 533184 274956288 41536 1 2299549270 3835888666 3512609157 268801319 218628389 193992993
is_linear=0
shrinkage=0.06


Tree=131
num_leaves=31
num_cat=0
split_feature=127 139 1 98 132 132 110 132 28 31 112 107 20 113 133 114 107 132 132 110 120 25 127 132 47 21 112 125 123 110
split_gain=20.4484 33.5228 33.806 46.0285 29.5099 41.499 34.2639 48.2839 97.2041 33.3434 28.9546 27.8467 27.1923 25.9044 24.9731 41.473 40.566 39.5664 58.8221 38.9848 45.2877 45.1026 41.6588 41.2436 49.6074 34.1373 34.1008 42.5395 53.18 32.0341
threshold=29.158130997591666 51.500000000000007 164.81250000000003 -0.70822003333690042 -0.76624641395159687 -0.84714200036676091 20.750000000000004 -0.77718486915728335 344.82356878386605 85.503746250852103 2.8050000000000002 28.613550000000004 36.59720411336427 295.50000000000006 0.74298546529340237 1.5034641879826174 28.483150000000006 0.025799818015934263 0.094468741652255758 20.250000000000004 99.500000000000014 0.96784987164734015 19.813682907006392 0.2965049369093406 322.32708333333341 234.05625000000003 2.2350000000000008 0.20130000000000003 0.84473655549730287 9.8500000000000032
decision_type=2 2 8 2 2 2 2 2 10 8 2 2 10 2 2 2 2 2 2 2 2 8 2 2 10 10 2 2 2 2
left_child=14 4 3 -3 5 -2 9 10 -9 -7 12 -10 -8 -14 25 16 -16 29 -19 20 26 22 -22 24 -21 -1 -20 -28 -29 -18
right_child=1 2 -4 -5 -6 6 7 8 11 -11 -12 -13 13 -15 15 -17 17 18 19 23 21 -23 -24 -25 -26 -27 27 28 -30 -31
leaf_value=0.00036951807668505067 0.74195812681803541 -0.50592979332456289 -0.049425296880667074 -0.020673187611744904 0.46931373337835713 -0.26469532252421013 -0.019804262025041982 -0.022457874541399341 -0.087616981078477735 0.78484848543934149 0.034936096139729707 -0.35817618745361995 0.26164269213939195 -0.60868839753200832 -0.10561235129768201 -0.017070328844242373 -0.1834776356720918 -0.3366995025562407 0.49427251732256239 -0.90821406478211686 -0.30149584497897303 0.88742170655624919 -1.1505599515684009 -0.067954883265810784 -0.11060282851362846 -0.16459485821155423 0.076561537857798109 -0.66100875682295357 -0.0051888513747714365 0.49408458130298671
leaf_weight=154737 11566 1021 9227 1117 33751 5287 1864 1305 170 11445 9376 648 428 1480 36978 214003 10874 10904 48280 183 8658 3644 207 8562 774 50902 24199 1144 1684 97932
leaf_count=154737 11566 1021 9227 1117 33751 5287 1864 1305 170 11445 9376 648 428 1480 36978 214003 10874 10904 48280 183 8658 3644 207 8562 774 50902 24199 1144 1684 97932
internal_value=0.000225015 0.00108146 -0.00196111 -0.00875736 0.00152869 0.000496994 -0.000616235 -0.00267116 -0.011065 0.00125931 -0.00131508 -0.0272674 -0.00575351 -0.0107868 0.000112267 0.000354416 0.000872823 0.00118579 0.000373559 0.000841724 0.00123707 -0.00210599 -0.00441575 -0.00280525 -0.0146117 -0.000438854 0.0017924 8.59111e-05 -0.00687593 0.00199377
internal_weight=762350 88685 11365 2138 77320 43569 32003 15271 2123 16732 13148 818 3772 1908 673665 468026 254023 217045 108239 97335 87816 12509 8865 9519 957 205639 75307 27027 2828 108806
internal_count=762350 88685 11365 2138 77320 43569 32003 15271 2123 16732 13148 818 3772 1908 673665 468026 254023 217045 108239 97335 87816 12509 8865 9519 957 205639 75307 27027 2828 108806
is_linear=0
shrinkage=0.06


Tree=132
num_leaves=31
num_cat=9
split_feature=134 129 115 111 115 104 114 104 102 104 104 19 139 98 111 110 115 104 104 104 114 98 127 5 98 119 122 104 104 111
split_gain=22.434 33.5383 31.6654 34.4639 45.4946 53.095 44.5878 40.1706 33.2758 40.1103 30.294 27.2983 41.1949 40.6052 41.5376 31.9681 53.4188 30.7526 29.8389 26.0199 25.9429 25.8769 25.6581 25.4769 28.9597 25.4452 25.1721 36.9994 25.9447 23.4714
threshold=1.0000000180025095e-35 34.500000000000007 -1.0932776015941219 42.500000000000007 -0.44377614286536882 0 -0.34766409821195499 1 62.500000000000007 2 3 128.99199652777779 51.500000000000007 -0.064461972558210262 87.500000000000014 9.0500000000000025 -1.7967972079148671 4 5 6 3.0995074354777619 -0.91893749530330049 7.2335199866578659 1.8545000000000003 -0.70822003333690042 121.50000000000001 0.08754167314931767 7 8 42.500000000000007
decision_type=2 2 2 2 2 1 2 1 2 1 1 10 2 2 2 2 2 1 1 1 2 2 2 8 2 2 2 1 1 2
left_child=-1 10 8 4 -4 -6 -7 -5 11 -10 29 12 19 15 17 16 -13 22 -17 -3 -9 26 25 24 -14 -15 27 -21 -28 -2
right_child=1 2 3 7 5 6 -8 20 9 -11 -12 13 23 14 -16 18 -18 -19 -20 21 -22 -23 -24 -25 -26 -27 28 -29 -30 -31
leaf_value=-0.00021460267376445649 -0.73553495450701356 0.067902402471638632 0.083096784568878035 0.01150957632738988 0.0073574940842267723 -0.41375245260659632 -0.24339324337552329 0.36206393419237698 -1.0308724783717056 -0.096093604535409285 0.01607683825427025 -1.8559667239225273 -0.50299996954322312 -0.49567416961402605 0.33092276207874699 -0.47673509389077523 1.1880022205171072 -0.018292231873078959 0.77687042077325574 0.0089646528216609199 -0.060584177199303445 -0.0088414367046542146 0.033110536712754442 -0.17411281990483837 -0.21302995127802507 -0.11186447577092054 -0.45778205834427826 -0.37691085105962491 -0.043213103143448534 -0.24571760406710633
leaf_weight=542932 121 22792 2318 33405 704 416 422 67086 1399 6901 7332 328 609 1632 3741 3434 432 5011 28629 580 2932 13137 1052 946 564 1271 916 894 4630 5860
leaf_count=542932 121 22792 2318 33405 704 416 422 67086 1399 6901 7332 328 609 1632 3741 3434 432 5011 28629 580 2932 13137 1052 946 564 1271 916 894 4630 5860
internal_value=0.000204421 0.000716299 0.000904764 0.00161868 -0.00394716 -0.01193 -0.0219929 0.00182644 0.000130315 -0.0035056 -0.00220234 0.000463449 -0.000583372 0.00149964 -0.00138008 0.00261449 -0.00954008 -0.00359585 0.00290288 -0.000180349 0.00264302 -0.0017502 -0.0075416 -0.00874811 -0.0146525 -0.010469 -0.00469164 -0.0116583 -0.00283829 -0.00536615
internal_weight=762426 219494 206181 107283 3860 1542 838 103423 98898 8300 13313 90598 45068 45530 12707 32823 760 8966 32063 42949 70018 20157 3955 2119 1173 2903 7020 1474 5546 5981
internal_count=762426 219494 206181 107283 3860 1542 838 103423 98898 8300 13313 90598 45068 45530 12707 32823 760 8966 32063 42949 70018 20157 3955 2119 1173 2903 7020 1474 5546 5981
cat_boundaries=0 2 4 7 9 11 13 16 18 20
cat_threshold=1659087370 843957838 1646699040 279700032 2508718208 10496 1 2296159493 3926989255 1007168805 1248074031 536871040 604438528 1384899294 69132318 1 85198881 423691456 2147483648 153092288
is_linear=0
shrinkage=0.06


Tree=133
num_leaves=31
num_cat=8
split_feature=114 123 25 98 104 104 104 109 104 130 104 104 129 129 127 109 104 91 112 127 119 119 112 110 115 129 133 133 114 111
split_gain=20.0869 43.7852 46.3475 41.5728 49.2751 35.5733 33.7399 37.891 27.8435 24.5502 104.368 46.2565 31.1433 36.4634 31.1212 40.7345 32.0763 36.3447 31.6456 99.2837 41.7032 30.8544 46.107 42.0887 30.7424 29.5482 29.323 47.3339 28.3475 33.1738
threshold=-1.6921341644564472 0.51880329836589023 0.95725974118589308 -0.38142733947913604 0 1 2 617.50000000000011 3 -0.78656609248549303 4 5 61.500000000000007 69.500000000000014 6.5801916373033995 722.50000000000011 6 7 2.9350000000000005 19.813682907006392 558.50000000000011 139.50000000000003 2.9050000000000007 29.150000000000002 2.0018158224955824 61.500000000000007 0.94066717844141279 0.93158198870884079 -1.2031441247424079 58.500000000000007
decision_type=2 2 10 2 1 1 1 2 1 2 1 1 2 2 2 2 1 1 2 2 2 2 2 2 2 2 2 2 2 2
left_child=1 2 8 4 -3 -5 7 -4 -1 10 12 -11 24 -14 21 -16 17 -17 19 -19 -21 -13 28 -24 -2 -12 27 -15 29 -23
right_child=9 3 6 5 -6 -7 -8 -9 -10 11 25 14 13 26 15 16 -18 18 -20 20 -22 22 23 -25 -26 -27 -28 -29 -30 -31
leaf_value=-0.22906096415239832 0.10547314162170135 0.18424796528225668 -0.43700031482366825 -0.0035851947599145105 -0.30301492686473236 0.97618947129567402 0.11176386497777864 -0.81837204598059166 0.14839794146331323 -0.022579246504735417 0.22204797179264443 -0.026215010460238403 -0.83338849326338105 -0.27663542838105415 0.35424072467466788 0.15434414195628976 0.071479411279666727 -0.015105084449337241 -0.11743972800298808 -0.77489501785125448 -0.56120077016411185 -0.32117827190384413 -0.044830724160636201 -0.46114766241063088 -0.76497448882153984 0.0027179450848809949 -0.096327226501590577 -1.1297776160233841 0.23134561534487014 0.0083454602982151044
leaf_weight=6288 5881 4285 959 8097 5077 23477 659 362 7702 231492 16606 111714 372 23792 91873 4125 14971 2008 5534 442 1148 847 17432 191 107 105888 12206 1076 54247 2646
leaf_count=6288 5881 4285 959 8097 5077 23477 659 362 7702 231492 16606 111714 372 23792 91873 4125 14971 2008 5534 442 1148 847 17432 191 107 105888 12206 1076 54247 2646
internal_value=0.000235303 0.00131963 -0.00134494 0.00235914 -0.00115219 0.00340029 -0.00993438 -0.0154009 -0.000128654 0.000147727 -0.000490402 0.000344292 -0.00301706 -0.00366021 0.000826944 0.00158071 -0.000412767 -0.0025609 -0.00467111 -0.00905585 -0.0202514 0.000343076 0.00128122 -0.00140502 0.000999833 0.000405731 -0.00347231 -0.00465447 0.00210111 -0.00313738
internal_weight=761504 56906 15970 40936 9362 31574 1980 1321 13990 704598 165928 538670 43434 37446 307178 120101 28228 13257 9132 3598 1590 187077 75363 17623 5988 122494 37074 24868 57740 3493
internal_count=761504 56906 15970 40936 9362 31574 1980 1321 13990 704598 165928 538670 43434 37446 307178 120101 28228 13257 9132 3598 1590 187077 75363 17623 5988 122494 37074 24868 57740 3493
cat_boundaries=0 3 5 7 10 12 14 16 17
cat_threshold=3489976803 1912005721 1 805601824 37740608 1124299338 2454504476 499262371 2947073029 1 619907329 536871811 1610904186 384287836 84412805 1225791777 20
is_linear=0
shrinkage=0.06


Tree=134
num_leaves=31
num_cat=1
split_feature=111 127 115 27 139 120 134 113 127 132 111 110 129 111 102 102 31 125 122 34 106 130 112 132 5 139 120 6 6 113
split_gain=20.9864 34.0882 27.9379 24.1101 23.7137 30.7223 22.1218 37.6728 45.9561 31.5081 32.6614 38.4065 29.8995 27.5431 23.7175 28.4951 21.9137 30.6848 33.1121 25.9739 25.2439 31.0051 34.4993 23.237 22.0335 21.336 34.0888 46.0461 21.2068 20.2552
threshold=34.500000000000007 36.862497375969085 -1.6853097384528966 325.01333333333338 38.500000000000007 13.500000000000002 1.0000000180025095e-35 303.50000000000006 4.2219333382722484 0.51572537064332258 41.500000000000007 29.550000000000004 239.50000000000003 36.500000000000007 62.500000000000007 19.500000000000004 85.503746250852103 0.16158333333333333 0.49284909376632019 0.30150000000000005 0 -0.78656609248549303 2.3650000000000007 -0.72025851593662871 0.70850000000000002 51.500000000000007 5.5000000000000009 382.17500000000007 151.67000000000004 305.50000000000006
decision_type=2 2 2 10 2 2 2 2 2 2 2 2 2 2 2 2 8 2 2 10 1 2 2 2 10 2 2 10 10 2
left_child=2 6 25 -4 -3 16 29 8 9 10 11 -8 -10 -13 15 -9 17 -6 19 -19 -18 22 -22 -20 -25 26 -1 -28 -17 -2
right_child=1 4 3 -5 5 -7 7 14 12 -11 -12 13 -14 -15 -16 28 20 18 23 -21 21 -23 -24 24 -26 -27 27 -29 -30 -31
leaf_value=0.069850138755893895 -0.028651434431780042 0.79145571952289706 -0.14537819398305982 -0.72898214544134887 0.094888871517709417 -0.33955041858892976 -0.081263016459546741 -0.04244660831354382 0.0026022953132381755 -0.11315203730160552 0.098459365856437539 -0.096772624948851971 0.46125210820140494 -0.40345052775062223 -0.35236650538353709 -0.54261933189205092 -0.34567318235358346 -0.5643138595054451 -0.070036429700395669 -1.0264698728846593 -0.33957216055866335 1.1508126824157818 0.1547907485432744 -0.27008418423365066 -0.49777613065149712 -0.28225708586039883 -0.077323567314486114 -0.34499926772417955 0.39380512669297824 0.038598984327429205
leaf_weight=12701 323038 10329 2742 828 8139 728 1409 44030 12415 9110 63646 218 41775 240 5411 273 4550 169 3188 266 1496 20703 8512 440 392 1933 495 240 12465 171307
leaf_count=12701 323038 10329 2742 828 8139 728 1409 44030 12415 9110 63646 218 41775 240 5411 273 4550 169 3188 266 1496 20703 8512 440 392 1933 495 240 12465 171307
internal_value=0.000216969 0.00026716 -0.00175533 -0.00653598 0.00165213 0.00109703 0.000148105 0.000696528 0.00128199 0.000316226 0.000775987 -0.0070439 0.00261187 -0.0221176 -0.000516339 -0.000154521 0.00128322 -0.000865105 -0.00486759 -0.0205734 0.00205054 0.00266799 -7.3134e-05 -0.00316339 -0.0120864 -0.000644502 0.000203617 -0.0123505 0.00234461 -6.3781e-05
internal_weight=763188 744249 18939 3570 58912 48583 685337 190992 128813 74623 65513 1867 54190 458 62179 56768 47855 12594 4455 435 35261 30711 10008 4020 832 15369 13436 735 12738 494345
internal_count=763188 744249 18939 3570 58912 48583 685337 190992 128813 74623 65513 1867 54190 458 62179 56768 47855 12594 4455 435 35261 30711 10008 4020 832 15369 13436 735 12738 494345
cat_boundaries=0 1
cat_threshold=20
is_linear=0
shrinkage=0.06


Tree=135
num_leaves=31
num_cat=12
split_feature=16 21 104 114 123 25 99 104 104 109 99 125 104 130 129 104 104 109 104 104 128 114 104 128 104 112 130 104 139 104
split_gain=22.5022 19.1872 22.6883 17.4004 37.0464 39.2543 35.9888 36.966 36.3924 29.0973 28.9136 25.1426 31.9344 24.1835 55.3727 70.8331 23.1535 23.0139 22.3331 19.6871 18.702 18.4748 26.67 17.8021 24.4541 17.4581 17.4479 85.6494 52.2409 38.0461
threshold=294.55000000000007 752.87500000000011 0 -1.6921341644564472 0.51880329836589023 0.95725974118589308 0.86869874770991873 1 2 617.50000000000011 0.99958851518450398 0.0069166666666666743 3 0.12940952255126045 15.500000000000002 4 5 732.50000000000011 6 7 0.00022617098771215985 -2.1982204702576751 8 0.010804190521385317 9 1.6950000000000001 -0.78656609248549303 10 55.500000000000007 11
decision_type=10 10 1 2 2 10 2 1 1 2 2 2 1 2 2 1 1 2 1 1 2 2 1 2 1 2 2 1 2 1
left_child=1 3 -3 4 5 13 7 -6 -8 -7 26 16 -13 19 18 -16 -12 -11 20 -1 -15 22 -9 -24 -25 -14 27 28 -5 -28
right_child=-2 2 -4 10 6 9 8 21 -10 17 11 12 25 14 15 -17 -18 -19 -20 -21 -22 -23 23 24 -26 -27 29 -29 -30 -31
leaf_value=-0.19825497227909997 0.19721994475754304 -0.70583363644146135 0.04115145507207315 -0.11246251853968431 0.24368500463800657 -0.31075911292249148 -0.18149922642995256 0.023552602735867696 1.0014505336389401 -0.80944494827821956 -1.6837678848005844 -0.090159282677710326 -0.40924953235987077 -1.3987969593631882 -0.7033727402188914 -0.06767237929968771 -0.0080115522345047541 -0.23958575000049881 0.2398962592567897 0.37482431341312072 -0.3857143868186973 -0.047635326413734233 -0.32931450045164884 0.028803342690572463 -2.3450473338441515 -0.80287676391123097 -0.020373754037695851 0.060636173012306609 -0.48019798075847647 0.064572735026852207
leaf_weight=2355 59827 4534 4260 59940 5369 1464 3861 1140 20319 306 301 1573 798 69 1026 1481 5974 187 2667 5479 307 5518 1438 112 206 954 222068 82408 4781 261595
leaf_count=2355 59827 4534 4260 59940 5369 1464 3861 1140 20319 306 301 1573 798 69 1026 1481 5974 187 2667 5479 307 5518 1438 112 206 954 222068 82408 4781 261595
internal_value=0.000208472 0.00011334 -0.00267152 0.000148647 0.00119021 -0.00129801 0.00219571 -0.000251161 0.00359042 -0.00923289 6.19497e-05 -0.00320592 -0.00742333 -0.000137168 -0.003167 -0.00976794 -0.000970363 -0.0218259 0.00227267 0.00200944 -0.0112248 -0.00273187 -0.00661512 -0.011219 -0.0241129 -0.0129597 0.000111688 -0.00046045 -0.00209377 0.000285732
internal_weight=762317 702490 8794 693696 53304 15341 37963 13783 24180 1957 640392 9600 3325 13384 5550 2507 6275 493 3043 7834 376 8414 2896 1756 318 1752 630792 147129 64721 483663
internal_count=762317 702490 8794 693696 53304 15341 37963 13783 24180 1957 640392 9600 3325 13384 5550 2507 6275 493 3043 7834 376 8414 2896 1756 318 1752 630792 147129 64721 483663
cat_boundaries=0 3 5 7 9 12 14 16 19 21 23 26 28
cat_threshold=704782344 646924292 1 3288355783 1357030521 536904192 3727424 3707766179 2904413391 492308277 2930776097 1 16 196608 8396872 2148040720 361267330 185517124 1 19728400 68508416 172040 150994944 2817756549 1610619811 1 1895880826 1457898588
is_linear=0
shrinkage=0.06


Tree=136
num_leaves=31
num_cat=11
split_feature=114 104 133 104 121 99 104 131 130 104 139 104 129 111 133 110 125 112 120 104 104 123 110 119 104 129 120 104 104 104
split_gain=22.8078 33.7432 35.3851 26.4924 27.3636 23.4868 27.1027 31.0592 22.6718 85.8318 57.9624 43.0213 38.4341 35.6722 43.2743 48.7921 64.6395 40.2306 33.1506 38.8816 30.9818 46.2167 58.3869 47.4865 30.675 30.0621 29.939 29.1851 28.6104 28.0726
threshold=-1.7549121587522174 0 0.75438814418115718 1 990.95000000000016 0.99958851518450398 2 0.78656609248549303 -0.78656609248549303 3 59.500000000000007 4 175.50000000000003 35.500000000000007 0.97648852793709995 6.3500000000000005 0.36966666666666675 2.9850000000000008 99.500000000000014 5 6 0.31467010681895352 19.850000000000005 614.50000000000011 7 61.500000000000007 88.500000000000014 8 9 10
decision_type=2 1 2 1 2 2 1 2 2 1 2 1 2 2 2 2 2 2 2 1 1 2 2 2 1 2 2 1 1 1
left_child=1 -1 3 4 -3 8 7 -7 9 10 26 -10 29 17 20 16 18 28 -16 -20 -15 22 23 -22 -17 -11 -2 -19 -14 -13
right_child=5 2 -4 -5 -6 6 -8 -9 11 25 -12 12 13 14 15 24 -18 27 19 -21 21 -23 -24 -25 -26 -27 -28 -29 -30 -31
leaf_value=-0.070023427351263337 -0.19193595815662523 -0.17961432678004308 0.62084994321282472 0.056301670272656694 -1.1802668117273436 -0.46011184716465509 -0.074721050265541655 -1.5458500194277054 -0.019256824482557163 0.23064104968740873 -0.56154853740162836 0.046542557205092337 -0.068934123719994675 0.08622378811603576 0.10180267108168482 -0.35221251750158994 -0.75486242884124732 0.23813691712348206 -0.91877394889052588 -0.023135254406815669 -0.085274147874719847 0.70145689555437152 0.074088446956010384 -0.71341288371591138 0.11585162739391371 0.0030548235078609828 0.26752428846277099 -0.23145697936464196 -1.1172997595050158 -0.076358494142943711
leaf_weight=18748 40690 2103 25639 4536 156 1765 10376 512 221763 15792 2715 42482 877 55624 1578 9039 423 3247 715 697 686 83791 23783 402 40548 99938 4265 5631 810 43261
leaf_count=18748 40690 2103 25639 4536 156 1765 10376 512 221763 15792 2715 42482 877 55624 1578 9039 423 3247 715 697 686 83791 23783 402 40548 99938 4265 5631 810 43261
internal_value=0.000214101 0.00143743 0.00260823 -0.00124044 -0.00653128 0.000126088 -0.00243575 -0.00834703 0.000172481 -0.000446141 -0.00258845 0.000361295 0.000813584 0.00122108 0.00138663 -0.000104149 -0.00704218 -0.00218342 -0.0039318 -0.0106072 0.00186756 0.00245702 0.000185992 -0.0133994 0.000373518 0.000436492 -0.00207469 -0.000568983 -0.0106742 -0.000269196
internal_weight=762592 51182 32434 6795 2259 711410 12653 2277 698757 163400 47670 535357 313594 227851 217286 53000 3413 10565 2990 1412 164286 108662 24871 1088 49587 115730 44955 8878 1687 85743
internal_count=762592 51182 32434 6795 2259 711410 12653 2277 698757 163400 47670 535357 313594 227851 217286 53000 3413 10565 2990 1412 164286 108662 24871 1088 49587 115730 44955 8878 1687 85743
cat_boundaries=0 3 5 7 9 11 13 16 18 21 24 26
cat_threshold=818061856 2880233540 1 252968965 67115170 578855448 2156068864 653461889 931 1644187754 1458037852 2491943189 2684885281 2149687424 2835874304 1 1320464 1048576 2285052928 2148536960 1 363045012 151521536 1 139633044 689444867
is_linear=0
shrinkage=0.06


Tree=137
num_leaves=31
num_cat=11
split_feature=127 104 110 104 133 119 87 133 133 104 124 104 98 104 98 110 133 104 119 113 121 104 20 104 104 127 132 104 110 104
split_gain=19.027 88.148 30.2432 25.0554 24.4897 28.4151 23.5737 23.3024 76.9272 41.2567 38.3444 40.0614 63.5971 39.3919 39.1609 35.5443 33.534 42.2888 41.1814 36.886 29.0154 68.5861 35.2783 37.6623 31.5588 24.7526 24.3121 28.4357 23.7001 37.4355
threshold=29.158130997591666 0 19.650000000000002 1 0.79773375822167203 563.50000000000011 16.500000000000004 0.94066717844141279 0.95936279103287792 2 0.83500000000000008 3 -0.3006092291086655 4 0.23014236637527921 15.65 0.93158198870884079 5 273.50000000000006 294.50000000000006 990.6500000000002 6 31.746451379298712 7 8 1.0000000180025095e-35 -0.34940546490494873 9 7.2500000000000009 10
decision_type=2 1 2 1 2 2 10 2 2 1 2 1 2 1 2 2 2 1 2 2 2 1 10 1 1 2 2 1 2 1
left_child=7 6 -3 -4 -5 -6 -2 16 10 -10 11 12 15 14 -12 -9 20 18 19 -18 22 28 24 -24 -1 -23 27 -19 29 -22
right_child=1 2 3 4 5 -7 -8 8 9 -11 13 -13 -14 -15 -16 -17 17 26 -20 -21 21 25 23 -25 -26 -27 -28 -29 -30 -31
leaf_value=-0.062108444127389417 -0.13907027332775018 1.0707727206601689 0.35501676448295105 0.013894158296535173 -0.36656535173024668 -0.43229496896209613 0.19607918208553249 -1.6394089208899556 -0.088239191717578436 0.065979515271909539 1.571280632100601 0.87991866115996864 0.88947284048087216 0.043060048180918187 -0.65152752153990345 -0.38891060261832339 -0.84550417545714407 0.088618649536026647 0.070337283900698197 -0.33369563699963245 -0.85182745893030465 -0.82941556863447119 -0.2020963426399027 -0.02930408889539211 0.038289621432282726 0.14487039836640225 0.24642123763762508 -0.67838890043194555 -0.064222897779475152 0.084341102486059208
leaf_weight=37380 31103 26559 10317 14117 711 133 5785 702 68598 117700 269 30300 1881 1135 584 639 1722 1558 1799 3543 837 459 47325 66542 96020 110000 6631 1698 75745 767
leaf_count=37380 31103 26559 10317 14117 711 133 5785 702 68598 117700 269 30300 1881 1135 584 639 1722 1558 1799 3543 837 459 47325 66542 96020 110000 6631 1698 75745 767
internal_value=0.000217156 0.0010431 0.00263813 0.00115305 -0.000416377 -0.0103385 -0.00119873 0.000108401 0.000612094 0.000124252 0.00317141 0.00365158 -0.00270585 -0.00492308 -0.0145625 -0.012693 -0.000138761 -0.00275684 -0.00629767 -0.00898405 -3.6752e-05 0.00052547 -0.00046378 -0.00123949 0.00019835 0.00148487 -0.000220044 -0.00446546 -0.0008447 -0.00805981
internal_weight=762559 88725 51837 25278 14961 844 36888 673834 221808 186298 35510 33522 3222 1988 853 1341 452026 16951 7064 5265 435075 187808 247267 113867 133400 110459 9887 3256 77349 1604
internal_count=762559 88725 51837 25278 14961 844 36888 673834 221808 186298 35510 33522 3222 1988 853 1341 452026 16951 7064 5265 435075 187808 247267 113867 133400 110459 9887 3256 77349 1604
cat_boundaries=0 3 5 7 9 11 14 17 19 21 23 26
cat_threshold=1612826826 499746648 1 2291282448 2148688004 1779439161 3416350849 536903680 925696 1460154557 2138190114 853755222 268744249 1 633774595 911261764 1 3934482754 3497968671 2566985761 1235878822 1209829417 218630468 549593600 536903748 1
is_linear=0
shrinkage=0.06


Tree=138
num_leaves=31
num_cat=7
split_feature=16 111 127 104 104 21 140 104 131 120 0 137 110 113 99 9 122 104 111 126 104 131 111 111 104 111 104 26 114 114
split_gain=19.7774 27.7206 31.2168 31.6655 26.2037 29.6169 28.7159 26.8642 32.2735 46.8113 25.8799 23.7295 22.5046 22.473 36.6068 28.2337 28.0387 44.9143 24.5121 22.2839 32.9279 27.1756 21.0257 19.3839 18.8637 18.3273 48.7868 21.3768 18.8234 18.2997
threshold=131.30750000000003 49.500000000000007 29.158130997591666 0 1 215.03250000000003 21.000000000000004 2 0.25881904510252057 16.500000000000004 131.41250000000005 1.4334496173145834e-05 26.150000000000002 319.50000000000006 0.94636490295939868 144.30875000000003 0.096774166111645119 3 38.500000000000007 237.20000000000002 4 -0.12940952255126037 90.500000000000014 32.500000000000007 5 97.500000000000014 6 187.75625000000002 -1.8488704577700463 1.2586839799709686
decision_type=10 2 2 1 1 10 2 1 2 2 2 2 2 2 2 10 2 1 2 2 1 2 2 2 1 2 1 8 2 2
left_child=-1 13 4 -4 5 -3 10 8 -8 11 -7 22 25 19 16 -16 17 18 23 20 21 -2 -10 -15 -21 28 27 -27 -6 -29
right_child=1 2 3 -5 12 6 7 -9 9 -11 -12 -13 -14 14 15 -17 -18 -19 -20 24 -22 -23 -24 -25 -26 26 -28 29 -30 -31
leaf_value=-0.0038427847374765374 -0.51603503109859794 0.086740040245511046 -0.271571296466806 1.2638532938540559 0.63488493206347507 -0.21303981045722845 -0.04208199478810979 -0.17471717507075324 -0.76184145551831572 0.049599249419604127 0.32261262894411336 2.0978438357424607 -0.22146134123705835 -1.5121006059173836 -0.16144019000672208 -0.57574745686252982 -0.00018592870066392326 -0.064602639729828895 -0.59715252072251856 0.1420430905039882 -0.0042232726540934054 0.11333354584593697 -0.30076877052718309 -0.14731841254469721 -0.022847517834214223 0.073676385714660203 0.21813487418346586 -1.2946780884372198 0.12191377519215596 0.37750586058334634
leaf_weight=410112 1910 34547 5340 21434 12013 6579 3149 19819 1770 1288 14438 222 3871 297 785 506 8248 2002 223 12102 4981 755 771 262 30453 718 4979 1710 157273 291
leaf_count=410112 1910 34547 5340 21434 12013 6579 3149 19819 1770 1288 14438 222 3871 297 785 506 8248 2002 223 12102 4981 755 771 262 30453 718 4979 1710 157273 291
internal_value=0.00022674 0.000556154 0.000803038 0.00275496 0.000604649 -0.000280916 -0.00124454 -0.00253834 -0.00567466 -0.00922359 0.000418784 -0.0136259 0.00100898 -0.00058978 -0.00288559 -0.0124412 -0.00176634 -0.00697163 -0.0190517 -2.6174e-05 -0.00300824 -0.00837444 -0.0152691 -0.0125464 0.000509682 0.00110803 -0.00175503 -0.0082 0.00123823 -0.0114156
internal_weight=762848 352736 290212 26774 263438 82583 48036 27019 7200 4051 21017 2763 180855 62524 12323 1291 11032 2784 782 50201 7646 2665 2541 559 42555 176984 7698 2719 169286 2001
internal_count=762848 352736 290212 26774 263438 82583 48036 27019 7200 4051 21017 2763 180855 62524 12323 1291 11032 2784 782 50201 7646 2665 2541 559 42555 176984 7698 2719 169286 2001
cat_boundaries=0 3 5 7 9 11 13 16
cat_threshold=1610662082 2646802512 1 1927528530 1348264988 1610629186 272671768 88867108 218110243 2817723402 8391434 2721256458 268478158 67118633 195100928 1
is_linear=0
shrinkage=0.06


Tree=139
num_leaves=31
num_cat=5
split_feature=89 0 140 0 140 0 104 140 24 109 0 12 104 125 3 133 131 99 47 133 104 130 111 109 115 104 111 132 115 139
split_gain=20.9217 21.2301 15.1819 41.4766 36.3675 35.6703 26.1015 25.7448 77.8897 34.794 28.7198 32.8205 22.9188 20.9616 19.0018 18.6587 18.2851 17.306 16.797 15.8982 30.2675 14.6696 14.5653 14.4934 14.4462 18.6749 15.0378 20.1789 15.3983 14.7895
threshold=0 285.03750000000008 21.000000000000004 131.41250000000005 4.5000000000000009 90.102500000000006 1 2.5000000000000004 -23.868055555555557 672.50000000000011 95.112500000000026 285.03750000000008 2 0.053950000000000026 138.78375000000003 0.93469109537144635 0.1294095225512602 0.96177147954086928 1431.8229166666667 0.95936279103287792 3 -0.91597561503675329 90.500000000000014 82.500000000000014 -1.2520971563736445 4 78.500000000000014 0.32917936166072764 -2.5770401415117283 50.500000000000007
decision_type=1 2 2 2 2 2 1 2 8 2 2 10 1 2 10 2 2 2 10 2 1 2 2 2 2 1 2 2 2 2
left_child=2 -2 3 7 -5 15 13 8 9 10 11 12 16 -7 -9 -4 23 19 -8 24 22 -3 -21 -1 25 -15 27 29 -28 -27
right_child=1 21 5 4 -6 6 18 14 -10 -11 -12 -13 -14 17 -16 -17 -18 -19 -20 20 -22 -23 -24 -25 -26 26 28 -29 -30 -31
leaf_value=-0.84278722864178801 -0.018036881560883865 -0.17878265595075626 0.047036832975968834 1.1335356997531603 0.10881579858936904 -0.035915954920100975 0.023533661785650389 0.027371053319605893 0.12135362528564352 0.022480534159787329 -0.14373600212851631 -0.9331080270889559 -0.25231836072036451 -0.10488621310362846 0.27647471625231845 0.31690094546115588 -0.29552565237037687 -0.023833095158508309 -0.29555170110050621 -1.0930430379864522 -0.26545906575561545 0.36527814299127037 -0.11328428778042011 -0.36238044281846316 -0.27301188478577154 -0.45367116497454185 -0.75297867020911324 -1.875172962633189 -0.24964890342441506 -0.61705035872368008
leaf_weight=648 338081 4482 64085 28550 37914 23078 96853 62005 14333 3977 3673 221 4421 1298 10527 13097 936 4333 1814 170 337 38664 56 890 5099 745 54 128 1659 605
leaf_count=648 338081 4482 64085 28550 37914 23078 96853 62005 14333 3977 3673 221 4421 1298 10527 13097 936 4333 1814 170 337 38664 56 890 5099 745 54 128 1659 605
internal_value=0.000238298 -7.60625e-05 0.000552416 0.000978905 0.00214435 0.000216511 -0.000367364 0.000216723 -0.00129093 -0.00434916 -0.00611733 -0.00834115 -0.00760876 -0.00171314 0.000821585 0.00124706 -0.0122318 -0.00350266 0.000145139 -0.00485756 -0.0146489 0.00117728 -0.0309873 -0.0163041 -0.00428116 -0.00676303 -0.00921736 -0.0136795 -0.0054154 -0.0115026
internal_weight=762733 381227 381506 168095 66464 213411 136229 101631 29099 14766 10789 7116 6895 37562 72532 77182 2474 14484 98667 10151 563 43146 226 1538 9588 4489 3191 1478 1713 1350
internal_count=762733 381227 381506 168095 66464 213411 136229 101631 29099 14766 10789 7116 6895 37562 72532 77182 2474 14484 98667 10151 563 43146 226 1538 9588 4489 3191 1478 1713 1350
cat_boundaries=0 1 3 5 7 9
cat_threshold=114 1654767690 273344024 2440109460 3238140897 1073741890 272663576 41943048 671744
is_linear=0
shrinkage=0.06


Tree=140
num_leaves=31
num_cat=9
split_feature=89 8 104 104 131 114 123 25 104 123 104 128 104 119 104 130 25 133 104 119 114 99 113 28 104 99 140 129 113 131
split_gain=20.3915 23.7086 16.7784 14.6321 18.3 14.581 25.8481 35.4281 24.3304 26.0662 23.4479 23.1844 32.8811 18.6036 35.9484 36.4382 44.4487 62.1641 47.6916 44.7785 30.3483 49.1117 29.565 26.5934 33.1231 32.0766 30.5984 30.2485 31.2653 29.9339
threshold=0 338.58333333333343 1 2 0.37940952255126048 -1.6921341644564472 0.51880329836589023 0.96331553954898208 3 0.2450653255997636 4 0.0054696029410688527 5 169.50000000000003 6 0.25881904510252091 0.91891403504799463 0.94353349168649059 7 611.50000000000011 1.1025412482507799 0.98770287048522643 282.50000000000006 137.50347222222226 8 0.97062204580664158 4.5000000000000009 124.50000000000001 279.50000000000006 0.37940952255126048
decision_type=1 8 1 1 2 2 2 10 1 2 1 2 1 2 1 2 10 2 1 2 2 2 2 10 1 2 2 2 2 2
left_child=3 5 -3 -1 -5 6 7 11 9 -9 -8 -2 -13 23 -15 16 -16 -18 20 -20 21 -19 -22 25 26 27 -25 -7 -29 -30
right_child=1 2 -4 4 -6 13 10 8 -10 -11 -12 12 -14 14 15 -17 17 18 19 -21 22 -23 -24 24 -26 -27 -28 28 29 -31
leaf_value=0.0010082063013063152 0.038172986791339299 -0.77256210278321757 0.34056451536393051 0.033071721537745319 0.22844862324174087 0.083689845819056141 -0.063077133407173733 -0.91395621107309988 -0.23104043516560607 -0.39611968744599341 0.30731640203578148 -0.89823360711856037 -0.075650236686858871 0.0903400116018961 -0.032776580878569314 0.051208030615600877 -0.013291514356391997 -0.31714388916523822 -0.31432326660948234 -0.56474944703125174 -0.4393463352040099 -0.4144519057220688 0.011829915712450239 0.11450028590107096 -0.03736124152481532 0.27114741392869324 -0.24065949977358989 0.14883598530550327 -0.00038521162145536839 -0.21337929871776862
leaf_weight=64723 9638 742 37426 78540 47351 24886 8799 176 864 317 18959 207 452 64210 31496 52860 5161 950 1541 416 63 311 2032 7255 228480 15873 33697 7910 7235 10102
leaf_count=64723 9638 742 37426 78540 47351 24886 8799 176 864 317 18959 207 452 64210 31496 52860 5161 950 1541 416 63 311 2032 7255 228480 15873 33697 7910 7235 10102
internal_value=0.000211797 3.27026e-05 0.00147732 0.000749241 0.00112616 -7.0576e-05 0.00104006 -0.00133127 -0.0104404 -0.0209167 0.00203566 -0.000129928 -0.0110091 -0.000159101 0.000375375 -0.00036693 -0.00168688 -0.00507265 -0.00962778 -0.0170518 -0.00522839 -0.0125943 -0.000815839 -0.00041251 -0.000676932 0.000666839 -0.00224808 -7.74323e-05 -0.00154064 -0.00296678
internal_weight=762672 572058 38168 190614 125891 533890 39412 11654 1357 493 27758 10297 659 494478 159040 94830 41970 10474 5313 1957 3356 1261 2095 335438 269432 66006 40952 50133 25247 17337
internal_count=762672 572058 38168 190614 125891 533890 39412 11654 1357 493 27758 10297 659 494478 159040 94830 41970 10474 5313 1957 3356 1261 2095 335438 269432 66006 40952 50133 25247 17337
cat_boundaries=0 1 3 6 8 10 13 16 18 20
cat_threshold=48 536887296 540688 853778568 1174495812 1 1107456074 524304 579249704 35250240 268969761 2695364613 1 821232012 545830727 1 844386 408371224 580978690 272631304
is_linear=0
shrinkage=0.06


Tree=141
num_leaves=31
num_cat=7
split_feature=132 104 136 104 129 104 104 110 127 104 78 123 125 28 122 137 104 111 104 113 110 132 127 139 58 122 120 111 129 60
split_gain=19.8383 41.5226 24.07 26.8845 23.6308 28.2426 22.1161 33.7825 45.677 32.2029 26.2714 29.4704 43.4423 25.9818 22.9193 29.0219 22.0326 27.5259 57.7112 25.4971 23.917 33.249 31.4477 23.7161 21.9387 21.7321 21.4919 23.5087 47.7677 23.363
threshold=0.61490419508004501 0 1.0000000180025095e-35 1 178.50000000000003 2 3 23.450000000000003 7.0013150472807721 4 994.05000000000007 0.8770156262908767 0.36966666666666675 137.50347222222226 0.41445387754359475 0.11615362555050888 5 97.500000000000014 6 261.50000000000006 16.650000000000002 -0.78789334285648371 75.112654610106716 61.500000000000007 4149.4550000000008 0.08754167314931767 63.500000000000007 85.500000000000014 79.500000000000014 22.026902503994741
decision_type=2 1 2 1 2 1 1 2 2 1 2 2 2 8 2 2 1 2 1 2 2 2 2 2 2 2 2 2 2 2
left_child=6 4 -3 -4 5 -2 7 8 24 -9 -10 12 -12 14 -8 -16 19 -18 -19 25 21 22 -21 -23 -1 -15 27 29 -29 -11
right_child=1 2 3 -5 -6 -7 13 9 10 26 11 -13 -14 16 15 -17 17 18 -20 20 -22 23 -24 -25 -26 -27 -28 28 -30 -31
leaf_value=0.03813058891341975 -0.21541077057086566 -0.098067150372761216 -0.67065064222904425 -0.10564311485527617 0.13172256148799838 0.018432609421671277 -0.01042728789651101 0.058821381438640755 0.39925158798841043 -0.22413599776097673 -0.076981366665344608 0.86160873468214849 -0.773835831762407 -0.52183901600562854 0.14462237773331296 -0.26035795765147507 0.0010094311915806601 -1.1029849571821959 0.016416678860503221 -0.73774834168206627 -0.060363944273471713 -0.24473432530398906 -0.163528011970138 -0.80471892944655132 -0.2321539525952937 0.087463862028432704 0.24371568541810792 -0.10137292582067443 -0.87989519163467222 -0.0080606465891864681
leaf_weight=150068 894 19753 1571 1629 15300 1272 38181 21366 73103 15698 11186 5533 215 234 50375 2419 288768 3014 5630 283 11632 7954 233 411 4132 11041 3705 1241 403 15069
leaf_count=150068 894 19753 1571 1629 15300 1272 38181 21366 73103 15698 11186 5533 215 234 50375 2419 288768 3014 5630 283 11632 7954 233 411 4132 11041 3705 1241 403 15069
internal_value=0.000206789 -0.00108674 -0.00276354 -0.00759138 0.00111781 -0.00474573 0.000279215 0.00067111 0.000979135 -0.000637545 0.00205293 -7.65277e-05 -0.00182021 -2.21308e-06 0.000895291 0.00170516 -0.000250242 -8.97306e-05 -0.00342579 -0.00175138 -0.0030117 -0.00535623 -0.0201238 -0.00444298 0.000352138 0.000540085 -0.00172956 -0.00222492 -0.00921337 -0.00185121
internal_weight=762313 40419 22953 3200 17466 2166 721894 301719 244237 57482 90037 16934 11401 420175 90975 52794 329200 297412 8644 31788 20513 8881 516 8365 154200 11275 36116 32411 1644 30767
internal_count=762313 40419 22953 3200 17466 2166 721894 301719 244237 57482 90037 16934 11401 420175 90975 52794 329200 297412 8644 31788 20513 8881 516 8365 154200 11275 36116 32411 1644 30767
cat_boundaries=0 3 5 7 9 11 13 15
cat_threshold=755009539 2496357886 1 2196968580 689176577 218105856 80347552 2287891764 152050611 2152882192 656 1610612738 272630784 335544329 44122116
is_linear=0
shrinkage=0.06


Tree=142
num_leaves=31
num_cat=8
split_feature=16 104 132 104 19 129 104 104 110 109 125 110 127 104 104 59 0 104 47 139 139 139 113 127 129 104 114 99 0 140
split_gain=20.886 23.0092 20.9259 36.8714 23.3975 46.4441 34.1193 22.4128 29.5608 29.0507 25.3983 49.0814 22.7778 26.8668 23.0024 31.1929 21.7865 21.3414 21.9683 23.343 26.5294 88.5528 22.3088 21.1233 20.7926 22.6824 20.502 29.9411 19.7811 52.0297
threshold=47.552500000000009 0 0.61490419508004501 1 98.82309027777778 178.50000000000003 2 3 23.450000000000003 57.500000000000007 0.36966666666666675 6.3500000000000005 2.5179097278973148 4 5 3913.2500000000005 165.31666666666669 6 790.6947916666669 51.500000000000007 46.500000000000007 45.500000000000007 313.50000000000006 41.374653335588008 178.50000000000003 7 -1.2031441247424079 0.82293497932636273 71.525833333333352 2.5000000000000004
decision_type=8 1 2 1 10 2 1 1 2 2 2 2 2 1 1 10 2 1 10 2 2 2 2 2 2 1 2 2 2 2
left_child=1 -1 7 24 -5 6 -6 8 9 12 26 -12 14 -14 -2 -16 -17 -10 -19 20 21 -20 -21 -24 25 -4 -11 -28 29 -9
right_child=2 -3 3 4 5 -7 -8 28 17 10 11 -13 13 -15 15 16 -18 18 19 22 -22 -23 23 -25 -26 -27 27 -29 -30 -31
leaf_value=-0.12290359510217981 -0.276821837630429 0.0064661995822495625 -0.21044629018716793 -0.046232516806208407 -0.35627283642064578 -0.21393590611478658 -0.23075014106216446 -0.1549002022141914 0.048368987197216343 0.32342377756737734 -0.81961846624681411 -0.10783167882773061 0.031145251332583272 0.79667611465460308 0.45114710974602962 -0.092537885426120153 -0.57594332223850375 -0.040302266022064222 -0.19659763716934664 0.23750134006057139 2.5140906585361544 -0.29392375727451631 -0.62602360290793557 -1.1728897108162022 0.13760392004473998 -0.00047124926854643094 0.22098798938478698 -0.016935466418191974 -0.0092491399558079987 0.098111264578930463
leaf_weight=23872 10742 33586 590 12626 358 7907 667 9269 18011 12617 248 996 15293 50828 14066 530 294 19831 6455 174 1195 391 149 236 12403 1232 27152 83445 334250 63276
leaf_count=23872 10742 33586 590 12626 358 7907 667 9269 18011 12617 248 996 15293 50828 14066 530 294 19831 6455 174 1195 391 149 236 12403 1232 27152 83445 334250 63276
internal_value=0.000202801 -0.000897196 0.000292423 -0.00112123 -0.00268496 -0.00503616 -0.0170468 0.000367986 0.000800026 0.00109506 0.000497899 -0.00802892 0.00190507 0.00249366 0.000386689 0.00191262 -0.00942545 -0.000573348 -0.00159672 -0.00412975 -0.0033044 -0.00474427 -0.015975 -0.0240155 0.00124965 -0.00473286 0.000584052 0.000322628 8.90107e-05 0.000987098
internal_weight=762689 57458 705231 35783 21558 8932 1025 669448 262653 216211 124458 1244 91753 66121 25632 14890 824 46442 28431 8600 8041 6846 559 385 14225 1822 123214 110597 406795 72545
internal_count=762689 57458 705231 35783 21558 8932 1025 669448 262653 216211 124458 1244 91753 66121 25632 14890 824 46442 28431 8600 8041 6846 559 385 14225 1822 123214 110597 406795 72545
cat_boundaries=0 2 4 6 8 10 12 14 16
cat_threshold=3146912938 1224902090 757106755 2223728106 260 16783361 2287736244 1224744363 4195456 1160 5505328 1224737025 2286948496 1160 218105856 67633440
is_linear=0
shrinkage=0.06


Tree=143
num_leaves=31
num_cat=12
split_feature=89 131 104 4 139 113 104 17 114 35 104 122 115 104 132 109 104 104 108 43 126 112 104 111 104 111 104 104 59 104
split_gain=19.6602 19.3084 45.8026 25.3325 23.2597 21.859 32.0572 18.0553 16.5679 39.762 25.9435 18.16 16.3886 19.7754 16.9574 41.75 21.5694 15.9752 14.7422 14.6394 18.0193 17.4666 25.7993 26.0023 44.2962 16.2288 16.5789 14.7944 14.2783 18.994
threshold=0 0.91597561503675351 1 1.0000000180025095e-35 41.500000000000007 5.5000000000000009 2 95.501389821370466 2.4492810165617338 415.40500000000003 3 0.39521488093263935 1.6956777853009961 4 0.6547626423706755 132.50000000000003 5 6 77.272800000000018 95.886454930693432 65.475000000000009 1.7750000000000001 7 97.500000000000014 8 57.500000000000007 9 10 159.21500000000006 11
decision_type=1 2 1 10 2 2 1 10 2 10 1 2 2 1 2 2 1 1 2 2 2 2 1 2 1 2 1 1 8 1
left_child=7 5 3 -3 -5 6 -2 -1 12 10 -10 -11 14 -14 17 16 -16 -4 -13 21 25 22 23 -7 -25 26 -21 -22 29 -23
right_child=1 2 8 4 -6 19 -8 -9 9 11 -12 18 13 -15 15 -17 -18 -19 -20 20 27 28 -24 24 -26 -27 -28 -29 -30 -31
leaf_value=-0.080779728790114788 -0.88684653070969477 -1.580147883810187 0.58016878460604127 -0.1091728834548376 -1.1276615772752756 -0.084999532860193516 0.064805813285797473 0.00048924273809062592 -0.61298334258373954 0.52637445295172369 0.19986532590744488 -4.0291976960858529 -0.43519720091800912 0.12607104599787311 -0.56690200742703356 -1.0454204011410653 0.24755809833921441 0.17308166112313689 -3.6848677977123701 -0.75082698312883156 0.16509786166181545 -0.069330741141500868 0.025099864682603661 -1.1709285235181977 -0.10007197789922891 0.73751600578207921 0.10124101991992041 -0.025904355362642326 0.0063989846849367158 0.096046195976829174
leaf_weight=44400 1452 55 23349 5713 1344 54551 1779 145946 878 68 1976 166 1561 1921 460 146 1097 26983 50 617 33848 14814 60682 1538 2630 27623 952 44704 191271 69898
leaf_count=44400 1452 55 23349 5713 1344 54551 1779 145946 878 68 1976 166 1561 1921 460 146 1097 26983 50 617 33848 14814 60682 1538 2630 27623 952 44704 191271 69898
internal_value=0.000210673 0.000386404 0.00135358 -0.00319079 -0.00287589 0.000260791 -0.0046578 -0.000317529 0.00190485 -0.00233578 -0.000201751 -0.0237053 0.00214493 -0.00183979 0.0024116 -0.00347535 -0.000589217 0.00261085 -0.0321843 0.000292386 0.000912377 0.000123434 -0.000482856 -0.00137929 -0.00594675 0.00218518 -0.00374904 0.000439347 0.00038574 0.00103422
internal_weight=762472 572126 65767 7112 7057 506359 3231 190346 58655 3138 2854 284 55517 3482 52035 1703 1557 50332 216 503128 107744 395384 119401 58719 4168 29192 1569 78552 275983 84712
internal_count=762472 572126 65767 7112 7057 506359 3231 190346 58655 3138 2854 284 55517 3482 52035 1703 1557 50332 216 503128 107744 395384 119401 58719 4168 29192 1569 78552 275983 84712
cat_boundaries=0 1 3 6 8 11 14 16 19 21 24 26 28
cat_threshold=132 536903816 67117120 2795728979 291053176 1 212403202 809765644 268647744 3768533143 1 40716384 1080296960 1 223622436 3116800007 893200953 1265844934 1 268435513 51462148 351243268 1313634 1 2395741341 536940770 1702888000 536920128
is_linear=0
shrinkage=0.06


Tree=144
num_leaves=31
num_cat=9
split_feature=134 129 113 102 104 115 104 104 127 102 104 69 122 111 104 104 104 104 90 139 139 109 98 140 0 54 104 120 103 58
split_gain=19.3621 33.2557 31.7439 30.0679 49.1535 29.7525 29.2147 26.1222 25.1419 25.009 24.9563 24.3727 40.9766 38.7099 35.2691 34.9962 33.8394 30.3313 23.1273 33.0473 31.3259 23.1212 25.0956 21.2987 41.5202 25.782 25.6871 30.2071 35.6443 28.9666
threshold=1.0000000180025095e-35 34.500000000000007 309.50000000000006 62.500000000000007 0 -1.6534326913703528 1 2 6.8017936114223074 54.500000000000007 3 11.15 0.30562493077409353 48.500000000000007 4 5 6 7 4.5000000000000009 53.500000000000007 54.500000000000007 47.500000000000007 -0.41299776550820594 15.000000000000002 80.305000000000021 0.94210192505886059 8 2.5000000000000004 0.44064828010201723 4149.4550000000008
decision_type=2 2 2 2 1 2 1 1 2 2 1 2 2 2 1 1 1 1 2 2 2 2 2 2 2 10 1 2 2 2
left_child=11 6 7 9 5 -5 -2 -3 -9 10 -4 13 16 15 21 18 -13 -14 -1 -20 -21 -15 -23 -19 -25 -26 29 28 -28 -27
right_child=1 2 3 4 -6 -7 -8 8 -10 -11 -12 12 17 14 -16 -17 -18 23 19 20 -22 22 -24 24 25 26 27 -29 -30 -31
leaf_value=-0.1278343351786991 -0.23759757456392305 0.036683382230772991 -0.11656733764406778 -0.689650303368738 -0.10265429405400646 -3.3322694263489274 0.015554913986603712 0.082174711645099013 0.3952218774253175 0.70504322742239045 0.057790010900181925 -0.036547806602071992 -0.0061937999886408305 0.69051586890488004 0.017471722654613695 0.018970448290724872 0.14831341659050246 -0.031682858427169169 -0.1979311004159057 -0.59562821087899676 0.2045722449390554 0.90586751811353283 0.024201262870535083 -0.0065422790061341876 0.04525865601119794 -0.18682790472916025 -0.42731802132346652 -0.28068555630609243 -1.0032643419612006 -0.49400709986103492
leaf_weight=20783 6370 69073 22016 693 3780 353 6929 52240 29486 6337 22651 33238 78698 30428 162972 27621 39256 34188 4347 290 124 10161 42535 19482 4980 16381 6739 6407 1100 2359
leaf_count=20783 6370 69073 22016 693 3780 353 6929 52240 29486 6337 22651 33238 78698 30428 162972 27621 39256 34188 4347 290 124 10161 42535 19482 4980 16381 6739 6407 1100 2359
internal_value=0.000208791 0.000683621 0.000870803 -0.000351417 -0.00487756 -0.0163141 -0.00222451 0.0013233 0.00204921 7.69339e-05 -0.000423524 1.61488e-05 -0.000430476 0.000378551 0.000695726 -0.00108961 0.000764246 -0.000938949 -0.00268973 -0.00646241 -0.022641 0.00170138 0.000941154 -0.00168084 -0.00238667 -0.00354213 -0.00414963 -0.00607028 -0.00857219 -0.00268466
internal_weight=762017 219928 206629 55830 4826 1046 13299 150799 81726 51004 44667 542089 242828 299261 246096 53165 72494 170334 25544 4761 414 83124 52696 91636 57448 37966 32986 14246 7839 18740
internal_count=762017 219928 206629 55830 4826 1046 13299 150799 81726 51004 44667 542089 242828 299261 246096 53165 72494 170334 25544 4761 414 83124 52696 91636 57448 37966 32986 14246 7839 18740
cat_boundaries=0 3 5 8 10 12 14 16 18 21
cat_threshold=2441609221 45103106 1 2614398221 1259411943 1721999881 1926226512 1 2840877478 790926827 3373009188 1118837155 1474039221 799021351 1736458858 3682026554 759988789 3209058417 2417104256 1085350274 1
is_linear=0
shrinkage=0.06


Tree=145
num_leaves=31
num_cat=11
split_feature=19 104 140 89 104 134 127 124 104 99 99 104 110 127 104 113 104 119 109 104 43 81 104 101 130 121 120 104 104 122
split_gain=18.1366 23.8851 19.7034 17.516 14.7507 14.7115 20.128 27.187 48.2941 28.95 29.5402 33.0322 33.7085 29.2552 35.0149 27.0078 35.9804 28.988 26.3161 24.3767 21.4703 23.3597 23.2911 18.2289 19.8688 18.1231 29.7861 32.7435 23.7619 21.1655
threshold=297.24895833333341 0 27.000000000000004 1 2 1.0000000180025095e-35 0.99990069615205213 0.82166666666666666 3 0.85561368268953431 0.80290535434334509 4 11.050000000000002 5.7305436243810632 5 326.50000000000006 6 440.50000000000006 732.50000000000011 7 67.27114393250784 5.5000000000000009 8 0.93301270189221952 0.37940952255126054 995.05000000000007 99.500000000000014 9 10 0.53368553266566632
decision_type=10 1 2 1 1 2 2 2 1 2 2 1 2 2 1 2 1 2 2 1 2 2 1 2 2 2 2 1 1 2
left_child=3 -2 -3 -1 -4 25 19 9 -9 10 20 12 -12 15 23 18 17 -17 -11 -7 21 22 -8 -15 -25 -5 28 29 -27 -28
right_child=1 2 4 5 -6 6 7 8 -10 13 11 -13 -14 14 -16 16 -18 -19 -20 -21 -22 -23 -24 24 -26 26 27 -29 -30 -31
leaf_value=0.047070334136803046 -0.75206441475102559 1.0746369435695087 0.42836662911851076 -0.028796041518118046 -0.27870281451396728 -0.21171473855165407 0.04306115384641139 -0.37137427410609636 -0.0092844780222322808 0.14189413779877058 -1.0405886910746762 0.015823137291620024 -0.25860639404832259 0.7479830099139162 0.79775634796344319 -1.5222989723837486 -0.033956792640900464 -0.20033546122284918 -0.32333539588927007 0.027046191761134257 0.28523495939005955 0.086064658170936212 -0.16831233136601123 -0.26430386665150551 -2.2891916672833048 -0.16213851975607513 -0.31579544061854503 0.018705107129659351 0.23625833224855608 -1.3049870083284891
leaf_weight=181645 1175 17264 9744 347210 7693 12831 10918 342 872 26175 380 6150 4920 606 16480 321 1165 262 692 19837 25998 14904 13946 726 401 5970 1197 2784 29602 405
leaf_count=181645 1175 17264 9744 347210 7693 12831 10918 342 872 26175 380 6150 4920 606 16480 321 1165 262 692 19837 25998 14904 13946 726 401 5970 1197 2784 29602 405
internal_value=0.000204284 0.0015212 0.00180646 0.000139271 0.000384333 -3.07755e-05 0.000457275 0.0008032 -0.00812839 0.000890677 0.000176852 -0.00263558 -0.00610055 0.00206769 0.0039474 0.000871191 -0.00635334 -0.0183535 0.00134145 -0.000869081 0.000666535 -0.000210013 -0.00133585 -0.00415252 -0.00868617 -0.000229853 0.000980205 -0.00368452 0.00155545 -0.0104823
internal_weight=762615 35876 34701 726739 17437 545094 157926 125258 1214 124044 77216 11450 5300 46828 18213 28615 1748 583 26867 32668 65766 39768 24864 1733 1127 387168 39958 4386 35572 1602
internal_count=762615 35876 34701 726739 17437 545094 157926 125258 1214 124044 77216 11450 5300 46828 18213 28615 1748 583 26867 32668 65766 39768 24864 1733 1127 387168 39958 4386 35572 1602
cat_boundaries=0 2 3 5 7 10 12 14 16 19 21 23
cat_threshold=570433536 9846784 48 294390804 2717981024 1359491252 536883298 3049795973 317078825 1 536903680 927744 3373554961 1073746221 76558113 3421587873 529445948 1645668646 1 268765303 186156856 620757552 24768
is_linear=0
shrinkage=0.06


Tree=146
num_leaves=31
num_cat=6
split_feature=127 104 139 111 122 125 122 104 132 132 104 104 111 104 25 120 130 110 127 120 6 110 104 9 25 130 131 131 58 130
split_gain=20.1537 68.2913 39.2504 29.1841 30.8706 28.9006 29.951 36.0793 27.978 54.1477 63.7059 25.6372 22.0797 76.0208 44.0755 50.569 40.6514 41.7278 42.8244 35.4451 35.2408 32.37 55.25 31.2738 42.5664 40.4892 54.3066 50.2151 39.3308 39.2866
threshold=36.862497375969085 0 41.500000000000007 51.500000000000007 0.52390143676451129 0.16158333333333333 0.49284909376632019 1 -0.76624641395159687 -0.77718486915728335 2 3 82.500000000000014 4 0.94847200471257598 71.500000000000014 -0.25881904510252113 24.050000000000004 4.5847508079289883 86.500000000000014 159.38000000000002 9.0500000000000025 5 100.40500000000002 0.93621440507378628 0.25881904510252091 -0.9159756150367534 1.0000000180025095e-35 141.29500000000004 -0.78656609248549303
decision_type=2 1 2 2 2 2 2 1 2 2 1 1 2 1 10 2 2 2 2 2 10 2 1 10 10 2 2 2 2 2
left_child=12 2 -2 4 8 -4 7 -7 9 -3 -11 -8 19 14 15 -14 -15 -18 -19 23 -20 22 -21 -1 28 26 -26 -27 -25 -30
right_child=1 3 5 -5 -6 6 11 -9 -10 10 -12 -13 13 16 -16 -17 17 18 20 21 -22 -23 -24 24 25 27 -28 -29 29 -31
leaf_value=0.017096188269450727 0.30867837362909961 0.076181822655056838 -0.06942482018671671 1.274643659355597 -0.38151351741377904 -0.3555715564925051 -1.013822802008193 -1.0232631833875845 0.73264049995495539 -0.31883261722728773 -0.019295030476356882 -0.12326152380685433 -0.023152539877832962 0.33211803382548905 0.31285669309072639 -0.31463310195928129 0.087660163592651913 -0.091978535247113163 -1.0008894979586755 -0.35325175478344878 -0.4986397456586022 0.14999653465604235 0.0965992467989569 0.17341195150676361 -0.49532223295786348 0.13618110310064327 -0.13918685984566234 -0.48025062716128469 -0.19711248260395456 -0.016361845698249802
leaf_weight=148985 5528 12087 13846 22399 564 227 1945 246 9455 432 794 3462 66977 37800 18148 28175 114891 1772 149 1083 137 40418 1397 32534 1631 11309 28127 1475 48829 107882
leaf_count=148985 5528 12087 13846 22399 564 227 1945 246 9455 432 794 3462 66977 37800 18148 28175 114891 1772 149 1083 137 40418 1397 32534 1631 11309 28127 1475 48829 107882
internal_value=0.000186316 0.0011491 -0.00135508 0.00253172 0.0010471 -0.0026078 -0.00613161 -0.0205949 0.00139084 -0.000381703 -0.0123912 -0.0048628 8.75125e-05 0.000513688 -0.00066719 -0.00118407 0.00137822 0.00082543 -0.0076406 -0.000182122 -0.0291429 0.0014529 -0.00519952 -0.000366328 -0.000802276 -0.00251717 -0.00373037 0.000306922 -0.000416759 -0.000810876
internal_weight=762704 70985 25254 45731 23332 19726 5880 473 22768 13313 1226 5407 691719 268049 113300 95152 154749 116949 2058 423670 286 42898 2480 380772 231787 42542 29758 12784 189245 156711
internal_count=762704 70985 25254 45731 23332 19726 5880 473 22768 13313 1226 5407 691719 268049 113300 95152 154749 116949 2058 423670 286 42898 2480 380772 231787 42542 29758 12784 189245 156711
cat_boundaries=0 3 6 8 10 13 15
cat_threshold=1610664130 500008024 1 536873088 495255552 1 487326004 2103587 1610645632 67174480 865222201 176939076 1 3971552529 3828357987
is_linear=0
shrinkage=0.06


Tree=147
num_leaves=31
num_cat=9
split_feature=70 17 111 127 104 0 127 104 119 104 120 46 3 140 58 109 104 104 131 130 104 133 19 104 104 109 17 126 104 6
split_gain=19.1773 20.9171 20.0531 28.3093 49.1572 27.0548 25.6128 28.4129 23.3817 40.6484 29.4477 27.8968 25.0473 35.9474 37.3097 23.9061 21.0445 19.2962 25.7212 38.3518 23.4799 18.9252 18.4789 26.833 18.0706 16.871 18.0797 16.7662 18.1647 16.4811
threshold=63.500000000000007 129.07750000000001 82.500000000000014 0.45239313645560386 0 192.02500000000003 0.0016123864425168397 1 180.50000000000003 2 87.500000000000014 88.100000000000009 118.31250000000001 4.5000000000000009 104.42000000000002 502.50000000000006 3 4 0.37940952255126048 0.25881904510252091 5 0.99992139718210815 150.10798611111113 6 7 67.500000000000014 194.02625000000003 119.80000000000003 8 385.58500000000004
decision_type=2 10 2 2 1 2 2 1 2 1 2 10 10 2 2 2 1 1 2 2 1 2 10 1 1 2 10 2 1 10
left_child=17 24 8 4 6 -5 7 -4 9 -3 11 22 15 14 -14 -10 -17 -1 19 20 -19 -8 -11 25 -2 26 -24 28 -7 -9
right_child=1 2 3 5 -6 27 21 29 12 10 -12 -13 13 -15 -16 16 -18 18 -20 -21 -22 -23 23 -25 -26 -27 -28 -29 -30 -31
leaf_value=-0.024088976230338011 -0.083650661848973504 0.057194477224104319 -0.27639080932751164 0.044148986347284536 0.15467178385671623 0.079906988603425821 -0.31739814934389349 -0.75882170956040151 0.289876052641799 -0.077738150443098314 0.21348415272694382 -0.084207917915530756 -0.95727126253392081 0.15250432767085267 0.005411073479434118 0.076186946030471811 -0.077222478994744881 -0.12243380547997955 0.18936957950157704 0.12146410410444064 0.0090940553315694873 -1.2166438623860913 -0.61734985755364302 -0.39305593426965862 -0.0043031359643244766 -0.22616895645434434 -0.99960952232635902 0.047705782540046815 1.3954956417491053 -1.0512965406017054
leaf_weight=69794 75029 41669 721 44947 11551 5682 6856 579 24505 4591 4452 19677 205 387 133 21235 22501 23627 76189 64506 45589 75 1150 8381 149948 1167 1174 10558 25500 230
leaf_count=69794 75029 41669 721 44947 11551 5682 6856 579 24505 4591 4452 19677 205 387 133 21235 22501 23627 76189 64506 45589 75 1150 8381 149948 1167 1174 10558 25500 230
internal_value=0.00020368 -2.53092e-05 0.000343493 0.000973327 -0.00106071 0.0014429 -0.00453187 -0.0115611 -0.000100894 -0.000784007 -0.00213501 -0.00270275 0.000713907 -0.0103719 -0.0246372 0.000831834 -8.77953e-06 0.000599022 0.000886358 0.000385065 -0.000595865 -0.00298529 -0.00452515 -0.00577512 -0.000448124 -0.0101925 -0.0131768 0.00254282 0.00324254 -0.019178
internal_weight=762608 482903 257926 106699 20012 86687 8461 1530 151227 82261 40592 36140 68966 725 338 68241 43736 279705 209911 133722 69216 6931 16463 11872 224977 3491 2324 41740 31182 809
internal_count=762608 482903 257926 106699 20012 86687 8461 1530 151227 82261 40592 36140 68966 725 338 68241 43736 279705 209911 133722 69216 6931 16463 11872 224977 3491 2324 41740 31182 809
cat_boundaries=0 3 5 7 9 11 13 15 17 19
cat_threshold=377491257 3417522433 1 310380561 2332246016 185383481 3417796706 2868098444 546019270 547455360 613228609 89655301 1127221538 1625505858 34328 4286856232 3223339142 570458153 185065540
is_linear=0
shrinkage=0.06


Tree=148
num_leaves=31
num_cat=13
split_feature=19 132 104 69 114 104 104 110 104 114 104 132 114 104 104 126 134 132 104 59 104 104 139 47 119 59 104 104 124 104
split_gain=18.2502 22.4391 21.2609 15.7704 26.7016 35.3648 29.453 23.9625 23.7482 20.7406 36.2688 29.8932 25.7463 25.7402 23.0231 22.1522 20.6428 30.8396 42.0293 31.2089 30.0978 27.8466 29.9243 27.6994 22.6094 26.166 41.4511 22.0217 20.5595 19.3077
threshold=297.24895833333341 0.025799818015934263 0 10.050000000000002 -0.69185236169184083 1 2 8.7500000000000018 3 3.3957990556093347 4 -0.99688467374059531 2.4901005614919209 5 6 4730.7000000000016 1.0000000180025095e-35 0.66766646831012755 7 7360.7450000000008 8 9 23.500000000000004 662.49687500000016 121.50000000000001 3913.2500000000005 10 11 0.034999999999999996 12
decision_type=10 2 1 2 2 1 1 2 1 2 1 2 2 1 1 2 2 2 1 10 1 1 2 10 2 10 1 1 2 1
left_child=3 2 -2 4 5 -1 -6 8 -5 12 -11 13 16 -12 -14 -13 17 19 23 24 -21 -18 28 -19 27 29 -27 -9 -23 -26
right_child=1 -3 -4 7 6 -7 -8 9 -10 10 11 15 14 -15 -16 -17 21 18 -20 20 -22 22 -24 -25 25 26 -28 -29 -30 -31
leaf_value=-0.018199908619598731 -0.19238057455982319 -0.35377917760540878 0.74831074821592569 -0.815712316379961 -0.045978725454867031 0.55017954263564928 0.049089512017832258 -0.11455829618570464 -0.050338849812802088 0.054248043628898901 -0.93913256462582118 -0.33032179323936256 -0.050433445966805393 -0.58890750248654833 0.20682572700767315 0.18772782801660687 -0.040565452203379364 -0.54767487346609312 -0.0046857508191597494 -0.74596213552690727 -0.021090149363402935 -0.23368541861370745 0.40983445245773054 -0.1301339347195602 -0.016679927974705831 -0.4645382989633644 0.011912149663485335 -0.0084593143991518755 0.052062899576319689 0.12379239217710959
leaf_weight=18907 8763 935 26179 2686 106286 26174 181200 63436 4110 4059 110 4099 9546 177 20058 1071 41646 1585 3018 1546 1689 1877 20958 955 33236 1679 3313 99767 29113 43990
leaf_count=18907 8763 935 26179 2686 106286 26174 181200 63436 4110 4059 110 4099 9546 177 20058 1071 41646 1585 3018 1546 1689 1877 20958 955 33236 1679 3313 99767 29113 43990
internal_value=0.000186951 0.00150794 0.00175348 0.000121695 0.000425904 0.00178355 0.000213005 -0.000135262 -0.00366691 -7.32225e-05 -0.00283955 -0.00602743 -3.46548e-06 -0.0248542 0.00169512 -0.00498936 -0.000148047 -0.000428519 -0.00484835 -0.000329707 -0.00618356 0.000613751 0.00154021 -0.0105135 -0.00025252 0.000558849 -0.00365071 -0.00066127 0.000356233 0.000831005
internal_weight=762168 35877 34942 726291 332567 45081 287486 393724 6796 386928 9516 5457 377412 287 29604 5170 347808 254214 5558 248656 3235 93594 51948 2540 245421 82218 4992 163203 30990 77226
internal_count=762168 35877 34942 726291 332567 45081 287486 393724 6796 386928 9516 5457 377412 287 29604 5170 347808 254214 5558 248656 3235 93594 51948 2540 245421 82218 4992 163203 30990 77226
cat_boundaries=0 3 6 8 10 12 15 17 19 21 24 26 29 31
cat_threshold=576955049 1301496324 1 839116288 3334398528 1 4124103124 872695809 3867161105 2872099524 889309394 607006334 134362112 2181070976 1 1669767690 423904264 3262207452 4180151185 3669048492 3266386850 561876016 1270047425 1 3423619680 3258220916 1386441738 1074374438 1 1694778083 523452606
is_linear=0
shrinkage=0.06


Tree=149
num_leaves=31
num_cat=8
split_feature=35 127 104 111 104 59 109 126 125 110 120 115 137 104 110 104 130 104 104 139 114 21 119 139 140 99 104 110 104 124
split_gain=17.4789 25.3647 46.169 29.2727 54.6223 42.0343 45.3529 44.2479 36.4964 53.8024 34.1457 37.1852 54.4889 41.258 37.1044 42.8156 36.6573 79.6106 41.9147 39.8364 32.9596 29.4964 29.2888 31.6879 41.2084 28.9285 28.325 27.9928 27.0728 26.7875
threshold=249.43500000000003 1.0000000180025095e-35 0 82.500000000000014 1 3081.9300000000007 57.500000000000007 23.625000000000004 0.36966666666666675 6.3500000000000005 88.500000000000014 1.6956777853009961 0.61497421480319081 2 9.0500000000000025 3 -0.78656609248549303 4 5 51.500000000000007 2.146505090748636 216.51666666666668 83.500000000000014 30.500000000000004 7.5000000000000009 0.99981043035926087 6 15.250000000000002 7 0.37833333333333335
decision_type=10 2 1 2 1 10 2 2 2 2 2 2 2 1 2 1 2 1 1 2 2 10 2 2 2 2 1 2 1 2
left_child=-1 2 -2 10 29 6 25 -7 -8 26 11 16 13 27 15 20 17 19 -18 -3 -12 -21 28 -24 -25 -6 -10 -13 -19 -5
right_child=1 3 -4 4 5 7 8 -9 9 -11 14 12 -14 -15 -16 -17 18 22 -20 21 -22 -23 23 24 -26 -27 -28 -29 -30 -31
leaf_value=-0.012478661413763222 -0.56144214877248333 -0.22974474902087888 0.055250295065048437 0.085529405172190487 0.71343122992554375 -1.5093226944427656 0.076237726491243371 -0.20703682921560521 0.015978190738371222 -0.057316864042132598 -0.1585702712074778 -0.73546820259057943 -1.3744595983302199 0.067798190052413984 0.26607607605283201 0.040900983095816544 -0.057088044323056558 0.20985750770010378 0.093065485868743428 -0.061533345733675485 -0.41268741826584832 -0.73871005813365798 -0.068667061645748401 -0.29399804769685095 -0.51122092497269422 -0.23408430360640795 -0.77706243604820724 -0.33286361364182859 -0.061460314093547914 -0.32472190111430382
leaf_weight=232214 3189 16596 5258 30586 70143 329 48900 5029 110 1094 549 458 549 5520 26061 1239 63838 32876 137655 1070 429 3007 14833 936 293 1001 328 4139 31429 22925
leaf_count=232214 3189 16596 5258 30586 70143 329 48900 5029 110 1094 549 458 549 5520 26061 1239 63838 32876 137655 1070 429 3007 14833 936 293 1001 328 4139 31429 22925
internal_value=0.000199871 0.000389943 -0.00287145 0.000442732 0.00106087 0.00173858 0.00196794 -0.00346184 0.000591518 -0.00852446 0.00011609 -6.41952e-05 -0.00354589 -0.00254576 0.0021128 -0.00533724 5.85655e-05 -0.0008741 0.000526259 -0.00419368 -0.014633 -0.00950907 -1.9632e-05 -0.0023114 -0.0115659 0.00294362 -0.0262688 -0.00673568 0.000552826 -0.000546952
internal_weight=762583 530369 8447 521922 180445 126934 121576 5358 50432 1532 341477 313199 10666 10117 28278 2217 302533 101040 201493 20673 978 4077 80367 16062 1229 71144 438 4597 64305 53511
internal_count=762583 530369 8447 521922 180445 126934 121576 5358 50432 1532 341477 313199 10666 10117 28278 2217 302533 101040 201493 20673 978 4077 80367 16062 1229 71144 438 4597 64305 53511
cat_boundaries=0 3 5 8 10 12 14 17 19
cat_threshold=335546361 3232973057 1 570470457 185589828 1493852774 4110239772 1 4003009813 3828353347 619937792 268437250 1074578368 1994656785 277154304 12583936 1 135025400 262625360
is_linear=0
shrinkage=0.06


Tree=150
num_leaves=31
num_cat=1
split_feature=16 99 109 114 124 133 133 131 106 119 1 133 109 20 132 132 119 130 133 119 111 47 122 127 34 132 109 120 6 132
split_gain=18.063 16.6758 35.9439 35.2792 36.7701 34.5829 46.5832 42.0569 41.7177 49.552 31.6006 29.2757 80.0426 47.9857 33.071 32.9777 32.4633 34.5322 31.2565 37.9358 31.1854 30.0698 30.5942 28.9174 30.1114 25.7236 47.1392 48.0874 35.2465 29.2322
threshold=294.55000000000007 0.99748108949426018 62.500000000000007 0.95008273051478975 0.45833333333333343 0.99445195900249039 0.99349222267034787 0.37940952255126048 0 399.50000000000006 137.81250000000003 0.94066717844141279 52.500000000000007 14.627107322945944 0.32917936166072764 0.19653276579064646 611.50000000000011 1.0000000180025095e-35 0.92191100909954782 584.50000000000011 69.500000000000014 548.08645833333344 0.48921561390457075 0.69438859212313842 0.57550000000000023 -0.13291928626387098 572.50000000000011 20.500000000000004 389.44500000000005 0.17963823861099873
decision_type=10 2 2 2 2 2 2 2 1 2 10 2 2 10 2 2 2 2 2 2 2 10 2 2 10 2 2 2 10 2
left_child=1 5 3 -3 23 6 11 8 -8 10 -10 18 13 -13 16 -15 21 -18 -1 20 -20 25 -23 -5 -25 -14 28 -28 -27 -30
right_child=-2 2 -4 4 -6 -7 7 -9 9 -11 -12 12 14 15 -16 -17 17 -19 19 -21 -22 22 -24 24 -26 26 27 -29 29 -31
leaf_value=0.0043207359325042353 0.15957951814987045 -0.13659131768783864 0.023324169454913165 -0.2100754379630948 0.091294679100668699 0.353111022141186 0.30536158852685302 0.15397620076199264 -0.1992537041256203 -0.24928517773942546 -1.2441247910396755 -0.23963062000902302 0.082701725104581736 0.52919682862154049 0.83536191537021809 1.2743593234575614 -0.28180909689298578 -0.041232357760398415 -0.28523638228043485 0.2307539416692482 -0.093151544209736384 0.13709924114546457 -0.1240076315050363 -1.0450255095869034 -0.50010804867453906 -0.032746102051877626 -0.18250804341213142 -0.46039243944532682 -0.26394510099280805 -0.39451354798539978
leaf_weight=469086 59997 7415 24794 2005 1759 21156 602 1841 321 989 1143 1891 21017 25411 3764 18973 1294 1608 12002 4674 16114 23484 7738 1717 655 25855 3284 708 1267 468
leaf_count=469086 59997 7415 24794 2005 1759 21156 602 1841 321 989 1143 1891 21017 25411 3764 18973 1294 1608 12002 4674 16114 23484 7738 1717 655 25855 3284 708 1267 468
internal_value=0.000196443 0.000111161 -0.00110546 -0.00359017 -0.00695519 0.000181348 0.000102876 -0.00572677 -0.0100425 -0.013483 -0.0205433 0.000147577 0.000925777 0.00295553 -0.000112258 0.00335438 -0.000351252 -0.00658905 -6.44857e-05 -0.00185539 -0.00268748 -0.000135215 0.00133978 -0.00989904 -0.0143818 -0.00101076 -0.00209315 -0.00818633 -0.00121126 -0.00948733
internal_weight=763032 703035 38345 13551 6136 664690 643534 4896 3055 2453 1464 638638 136762 46275 90487 44384 86723 2902 501876 32790 28116 83821 31222 4377 2372 52599 31582 3992 27590 1735
internal_count=763032 703035 38345 13551 6136 664690 643534 4896 3055 2453 1464 638638 136762 46275 90487 44384 86723 2902 501876 32790 28116 83821 31222 4377 2372 52599 31582 3992 27590 1735
cat_boundaries=0 1
cat_threshold=14
is_linear=0
shrinkage=0.06


Tree=151
num_leaves=31
num_cat=10
split_feature=128 104 125 111 112 133 133 104 104 25 115 119 130 112 104 133 104 115 104 130 69 104 98 109 104 104 130 128 104 139
split_gain=18.4492 58.9421 36.972 34.4882 22.1692 19.6087 78.2305 37.4365 32.5968 39.7701 30.726 30.3426 52.6074 35.9678 31.466 27.8672 63.5442 37.8414 42.1643 35.428 26.72 42.1378 23.4097 23.1992 83.5117 23.0701 33.524 47.4401 38.4033 34.1624
threshold=0.018262431980218267 0 0.16158333333333333 55.500000000000007 2.0150000000000001 0.94066717844141279 0.96177147954086928 1 2 0.82146345820268996 -0.30017708643862134 545.50000000000011 0.25881904510252091 2.4450000000000007 3 0.92191100909954782 4 -2.1456469844133648 5 0.91597561503675362 7.5500000000000007 6 -0.39727133198297887 502.50000000000006 7 8 -0.78656609248549303 0.0027193758151451979 9 54.500000000000007
decision_type=2 1 2 2 2 2 2 1 1 10 2 2 2 2 1 2 1 2 1 2 2 1 2 2 1 1 2 2 1 2
left_child=5 2 -2 4 -3 15 8 -8 9 -7 -9 -10 13 14 -13 20 17 18 -17 22 21 -1 -19 -12 -25 -22 27 -27 -29 -28
right_child=1 3 -4 -5 -6 6 7 10 11 -11 23 12 -14 -15 -16 16 -18 19 -20 -21 25 -23 -24 24 -26 26 29 28 -30 -31
leaf_value=-0.28270388427690452 0.01658403519420959 -0.27538995263206317 -0.41443900929265631 1.6362605319505548 0.13196919095015572 -0.93311898738297727 -0.076180993655632009 0.018399948195218712 0.98804676668099145 0.26515714639597715 0.56137329057337559 -0.060045024423726945 0.73041557984262862 0.62104417413428747 -0.45209026213008807 0.22508117379051976 0.0058625654501728245 -0.44085783316381771 -0.7241839554295928 -0.54768566098655724 0.019331790612271811 0.18026911783376084 -0.15153327621607002 -0.85669663137393148 2.1084493726831606 -0.024162444456913137 -0.041003083152399866 -0.098074754648577844 -0.39803512895736959 0.31766858106031787
leaf_weight=11177 20509 1097 7431 18837 23026 1423 88792 71237 31149 3963 19637 999 4087 668 1125 376 22320 714 1008 1234 178723 47900 8011 364 839 25893 122846 9285 11785 25405
leaf_count=11177 20509 1097 7431 18837 23026 1423 88792 71237 31149 3963 19637 999 4087 668 1125 376 22320 714 1008 1234 178723 47900 8011 364 839 25893 122846 9285 11785 25405
internal_value=0.000175859 0.00109759 -0.00104755 0.00249238 0.000990632 8.12783e-05 0.000542339 -6.66755e-06 0.00282953 -0.00153863 0.000840957 0.00344772 -0.000157849 -0.00650483 -0.0103228 -0.000140306 -0.00180317 -0.00545728 -0.0147552 -0.00416928 -1.10294e-05 0.00117475 -0.0028226 0.00286742 -0.00521761 -0.00019837 -0.000649281 -0.00204629 -0.00416022 -0.000206769
internal_weight=761860 70900 27940 42960 24123 690960 224283 180869 43414 5386 92077 38028 6879 2792 2124 466677 33663 11343 1384 9959 433014 59077 8725 20840 1203 373937 195214 46963 21070 148251
internal_count=761860 70900 27940 42960 24123 690960 224283 180869 43414 5386 92077 38028 6879 2792 2124 466677 33663 11343 1384 9959 433014 59077 8725 20840 1203 373937 195214 46963 21070 148251
cat_boundaries=0 2 4 6 8 11 14 16 18 20 23
cat_threshold=3758147786 2647499864 3943708473 3417432261 536903680 273063936 2156291303 2374583900 578961474 911779356 1 8519680 35127296 1 562077696 2752153600 268451906 272630808 672187222 3217863801 1091047465 1076054020 1
is_linear=0
shrinkage=0.06


Tree=152
num_leaves=31
num_cat=9
split_feature=25 132 104 132 104 104 110 131 28 114 109 104 109 104 112 119 104 132 104 25 130 99 63 126 104 133 133 104 110 132
split_gain=18.7065 16.251 37.9008 29.7532 65.3909 26.3344 25.1321 28.5768 19.4287 29.5802 18.1053 38.3646 16.9828 30.4078 23.3589 51.0445 57.1686 43.6578 59.1075 36.4448 49.5674 47.7199 32.9855 30.369 28.5073 27.1641 46.8389 35.8017 53.8322 31.8365
threshold=0.99363780137681401 0.61490419508004501 0 0.62837760187664593 1 2 19.850000000000005 0.91597561503675351 389.65755208333343 1.4948148763204303 22.500000000000004 3 17.500000000000004 4 1.7750000000000001 131.50000000000003 5 0.53038584004487344 6 0.87539159713072767 0.25881904510252091 0.95178258287705175 2.6390264585253047 21.950000000000003 7 0.97263757644091875 0.94066717844141279 8 18.650000000000002 0.077330756371236084
decision_type=8 2 1 2 1 1 2 2 10 2 2 1 2 1 2 2 1 2 1 10 2 2 2 2 1 2 2 1 2 2
left_child=1 12 8 4 6 -5 7 -4 -3 -10 11 -7 13 -1 15 16 -14 25 -19 -17 21 -21 24 -20 -23 26 -18 -27 29 -29
right_child=-2 2 3 5 -6 10 -8 -9 9 -11 -12 -13 14 -15 -16 19 17 18 23 20 -22 22 -24 -25 -26 27 -28 28 -30 -31
leaf_value=0.62486662979614049 -0.11073567476089921 -0.27979904065867089 -0.50605450432122212 0.30081094179448098 -0.021572177926867005 -0.52294863223468446 -0.019618577643427899 1.1968866350313705 1.0641920126187427 -0.93334455046335796 -0.00071174108843983586 -0.018424719671618378 0.081233322982580916 0.011285690888786672 0.036457331378017314 0.099153102132281637 -0.13512087225088837 -1.1702502329252285 -1.2673607156845936 -0.079061622705353787 0.11865341633700462 0.025009617570065843 -0.66288130343529783 -0.12936050619425948 -0.28072991722946428 -0.90695618319289106 0.71817204641695265 0.022741585368462342 -1.3421371788225187 -0.50715671793650241
leaf_weight=16744 25006 5747 526 10038 3907 766 226 103 127 247 16551 1609 25713 22364 478680 72135 44660 657 143 2638 6600 543 449 1444 1273 6272 5259 9520 317 2051
leaf_count=16744 25006 5747 526 10038 3907 766 226 103 127 247 16551 1609 25713 22364 478680 72135 44660 657 143 2638 6600 543 449 1444 1273 6272 5259 9520 317 2051
internal_value=0.000209323 0.00026406 -0.000914425 -0.000125204 -0.00451984 0.000597411 -0.0194342 -0.025819 -0.00525342 -0.018496 -0.000720494 -0.00561869 0.00033139 0.00154614 0.000259228 -0.000324118 -0.00126789 -0.0021529 -0.0103857 0.00075955 -0.00237674 -0.00694576 -0.0133319 -0.00399124 -0.00972152 -0.0018817 -0.00115877 -0.00386873 -0.00192722 -0.00125942
internal_weight=762315 737309 39847 33726 4762 28964 855 629 6121 374 18926 2375 697462 39108 658354 179674 96036 70323 2244 83638 11503 4903 2265 1587 1816 68079 49919 18160 11888 11571
internal_count=762315 737309 39847 33726 4762 28964 855 629 6121 374 18926 2375 697462 39108 658354 179674 96036 70323 2244 83638 11503 4903 2265 1587 1816 68079 49919 18160 11888 11571
cat_boundaries=0 2 4 6 8 10 12 14 16 18
cat_threshold=13377576 151257088 16781588 137249 620789765 76233186 35864642 536872472 2231922806 1038104634 1212170434 876782744 68551225 33620260 2828240545 2903499392 838871096 196100097
is_linear=0
shrinkage=0.06


Tree=153
num_leaves=31
num_cat=10
split_feature=111 127 104 110 104 132 104 110 133 133 114 104 104 133 104 119 111 104 84 104 132 109 53 140 109 110 104 125 121 104
split_gain=16.9539 29.7106 57.1523 46.1459 26.6235 24.9623 74.6799 32.1395 19.9742 72.7005 34.5647 65.306 31.8115 28.4827 34.3364 36.828 56.1725 29.1411 29.2606 27.863 60.9175 39.4354 43.5045 50.9949 33.0841 25.5799 54.8535 33.0495 29.2 59.3862
threshold=35.500000000000007 36.862497375969085 0 14.850000000000003 1 -0.78789334285648371 2 13.850000000000003 0.94066717844141279 0.95936279103287792 3.5443923638628787 3 4 0.93158198870884079 5 273.50000000000006 70.500000000000014 6 2.6479166666666671 7 -0.3006092291086655 77.500000000000014 0.72584267205069064 4.5000000000000009 42.500000000000007 7.7500000000000009 8 0.31736666666666674 990.6500000000002 9
decision_type=2 2 1 2 1 2 1 2 2 2 2 1 1 2 1 2 2 1 10 1 2 2 10 2 2 2 1 2 2 1
left_child=4 8 3 5 -1 6 -3 -8 13 19 12 -12 -11 25 -15 16 -16 18 -18 20 24 -21 23 -23 -10 26 27 -2 -27 -30
right_child=1 2 -4 -5 -6 -7 7 -9 9 10 11 -13 -14 14 15 -17 17 -19 -20 21 -22 22 -24 -25 -26 28 -28 -29 29 -31
leaf_value=0.053126044035208188 -0.38369853490037276 0.24810752973965636 0.55422330471455306 0.062431187400408449 -0.14763915907039771 -0.38529989328510617 -1.2450583379415781 -0.35779199960386726 -1.3460609309438052 -0.13578204766886953 -1.0092617574298977 -0.051663468763536897 0.050477269358286628 0.040787528125423043 -0.71072182461061806 0.083294755972865536 -2.9194277103957194 -0.064307250995444126 0.086432939895131844 1.4754258749194189 0.35070593405131217 -0.75530712876441264 0.082649869950486149 -0.060499762393904533 0.20033036337067681 -0.022775753329094043 -0.0062480725317330945 -1.1533564175798336 -0.033435114568331759 0.1678531369000538
leaf_weight=8645 1669 447 34573 16443 14233 5277 234 187 853 39156 973 3072 143365 7747 3286 2305 94 3240 81 22985 2884 358 9442 858 391 250951 5079 436 99631 83712
leaf_count=8645 1669 447 34573 16443 14233 5277 234 187 853 39156 973 3072 143365 7747 3286 2305 94 3240 81 22985 2884 358 9442 858 391 250951 5079 436 99631 83712
internal_value=0.000191949 0.000241702 0.00155568 -0.000791716 -0.00141667 -0.00522779 -0.0146513 -0.0323472 0.000131662 0.000595539 0.000109537 -0.00537568 0.000231129 -9.54405e-05 -0.0025237 -0.00503981 -0.00729543 -0.00190574 -0.025 0.00299603 -0.00165547 0.00356623 0.000550521 -0.0101265 -0.0127518 -3.28872e-06 -0.00355407 -0.0116682 5.54556e-05 0.000631043
internal_weight=762607 739729 57161 22588 22878 6145 868 421 682568 224337 186566 4045 182521 458231 16753 9006 6701 3415 175 37771 4128 33643 10658 1216 1244 441478 7184 2105 434294 183343
internal_count=762607 739729 57161 22588 22878 6145 868 421 682568 224337 186566 4045 182521 458231 16753 9006 6701 3415 175 37771 4128 33643 10658 1216 1244 441478 7184 2105 434294 183343
cat_boundaries=0 3 6 9 12 14 16 18 20 23 26
cat_threshold=3758147786 2646844504 1 2829263960 3222304468 1 2684389512 2365661184 1 4338474 3228647553 1 1779435025 159400064 219982569 1304119380 536870912 8192 570458112 401472 3784455936 2688581701 1 1975952003 1062259028 1
is_linear=0
shrinkage=0.06


Tree=154
num_leaves=31
num_cat=8
split_feature=25 19 104 104 111 104 127 104 129 114 104 137 137 113 114 127 110 132 132 126 104 0 69 47 104 133 98 104 131 112
split_gain=18.3203 16.7293 16.9774 15.9985 15.4968 42.5554 28.8333 42.4023 29.7756 22.7289 24.0542 24.5035 49.905 26.1155 25.3124 23.9824 27.8566 20.5602 36.859 19.0913 21.324 18.6927 18.2421 29.328 28.098 26.2154 36.6488 59.4475 33.956 29.4519
threshold=1.0185372506303481 319.9461805555556 0 1 42.500000000000007 2 84.974054599140928 3 226.50000000000003 2.5956164594599929 4 0.22623637047664433 0.16210544303708729 325.50000000000006 -0.34766409821195499 12.474900563030047 25.250000000000004 -0.76624641395159687 -0.77718486915728335 106.02500000000002 5 91.71250000000002 10.050000000000002 322.32708333333341 6 0.99138911339924218 -0.13291928626387098 7 0.78656609248549303 2.2650000000000001
decision_type=10 10 1 1 2 1 2 1 2 2 1 2 2 2 2 2 2 2 2 2 1 2 2 10 1 2 2 1 2 2
left_child=1 4 -3 -2 5 -1 22 8 -8 10 11 12 13 17 -14 -15 -17 18 -7 20 -10 -20 23 -6 -25 -24 27 28 29 -27
right_child=3 2 -4 -5 6 9 7 -9 19 -11 -12 -13 14 15 -16 16 -18 -19 21 -21 -22 -23 25 24 -26 26 -28 -29 -30 -31
leaf_value=0.055194569491104239 -0.82219673152784845 -0.14953365058077253 0.68030706882943115 0.0072257263895047488 -0.065380071881424723 -0.23988820235953864 0.72382945936274956 0.73947175854741742 2.4040201933440963 -0.0010014142295352673 -0.083793492092440996 0.38054231160241292 -0.41257095623839568 -0.16965589454587587 -0.1472082412055033 -0.52628992483781778 -0.73368267525362008 -0.16129600645334388 -0.029137722331943904 -0.79745155988629834 -3.4175487860775089 -0.2849195184356848 0.0050930184159473637 -0.0042381912029966157 0.099943532731415957 -1.0193594083652291 -0.062157885727462073 -0.050974607487559137 -0.13957894744814314 -0.64243175585261114
leaf_weight=22659 2925 6095 17284 2846 41655 1721 895 11497 107 13071 14734 922 271 487 167 409 194 4042 101 1330 343 335 343287 87753 159150 786 22733 3477 713 1029
leaf_count=22659 2925 6095 17284 2846 41655 1721 895 11497 107 13071 14734 922 271 487 167 409 194 4042 101 1330 343 335 343287 87753 159150 786 22733 3477 713 1029
internal_value=0.000208446 0.000234114 0.00181411 -0.00315904 0.000183777 -0.000747741 0.000265385 0.00294306 -0.00385331 -0.00201662 -0.00313727 -0.00564734 -0.00675699 -0.00557284 -0.0264055 -0.0141338 -0.0221225 -0.00406548 -0.00879425 -0.00835486 -0.0190244 -0.024357 0.000207934 0.000565943 0.000814398 -6.9753e-05 -0.0018105 -0.00597902 -0.0129547 -0.0173623
internal_weight=763018 757247 23379 5771 733868 59113 674755 14172 2675 36454 23383 8649 7727 7289 438 1090 603 6199 2157 1780 450 436 660583 288558 246903 372025 28738 6005 2528 1815
internal_count=763018 757247 23379 5771 733868 59113 674755 14172 2675 36454 23383 8649 7727 7289 438 1090 603 6199 2157 1780 450 436 660583 288558 246903 372025 28738 6005 2528 1815
cat_boundaries=0 2 5 7 9 11 13 16 18
cat_threshold=578003624 1300709892 2961441312 1176601028 1 941879874 2155898588 2684387464 2374049856 88867076 1311770915 536871040 75497472 1905324624 3020701776 1 4042748744 2148010711
is_linear=0
shrinkage=0.06


Tree=155
num_leaves=31
num_cat=10
split_feature=89 131 104 3 109 98 127 104 104 113 21 125 113 104 130 127 104 110 122 139 104 127 104 110 111 104 34 110 121 105
split_gain=18.6135 21.2075 35.968 25.3053 16.5969 28.3435 21.0824 17.7983 15.8867 14.7744 18.2091 17.3293 13.7837 26.5667 15.3653 12.0267 35.5419 18.5548 17.6295 17.7558 33.7799 20.2543 17.557 14.8438 13.4752 42.6459 29.0835 13.5622 13.0699 22.3929
threshold=0 0.91597561503675351 1 1.4637500000000003 67.500000000000014 0.62837760187664593 14.00387169950749 2 3 255.50000000000003 283.05000000000007 0.19535000000000002 5.5000000000000009 4 0.78656609248549325 29.158130997591666 5 19.450000000000003 0.71383121345663281 51.500000000000007 6 75.112654610106716 7 9.0500000000000025 97.500000000000014 8 0.68450000000000022 11.850000000000003 988.45000000000016 9
decision_type=1 2 1 10 2 2 2 1 1 2 10 2 2 1 2 2 1 2 2 2 1 2 1 2 2 1 10 2 2 1
left_child=-1 12 3 -3 7 8 -7 -4 -6 -5 -11 -12 13 14 -2 22 18 -18 19 23 21 -21 -14 -17 -24 26 27 28 29 -26
right_child=1 2 4 9 5 6 -8 -9 -10 10 11 -13 15 -15 -16 16 17 -19 -20 20 -22 -23 24 -25 25 -27 -28 -29 -30 -31
leaf_value=-0.024661284677096648 -0.83870996477812054 -1.6644323555420393 0.86933423729534476 0.118694153277579 0.14974666380816981 -0.17937057181853505 -0.98578454050734665 0.15428637670639464 -0.099123467113201288 -0.17969598680311349 -0.60470800851197215 -1.7817885450404323 0.033075241010565082 0.0087755165071802324 -0.97722084243563345 -0.70556679134220146 1.0598977001108234 0.078094706017862267 -1.2121036187235763 -1.1031311937769381 -0.01768129190059483 -1.9549445190246477 -0.010033435764897162 0.020544340895469491 -0.63040077440188669 0.11653046070697584 0.34902443608530476 0.044714362361838074 -1.073199196248448 -4.2107470593826886
leaf_weight=190286 841 114 15914 2736 7820 370 72 26552 7869 3257 486 497 217524 2076 253 259 15580 17136 126 868 2420 293 216213 22704 232 5268 974 354 2050 121
leaf_count=190286 841 114 15914 2736 7820 370 72 26552 7869 3257 486 497 217524 2076 253 259 15580 17136 126 868 2420 293 216213 22704 232 5268 974 354 2050 121
internal_value=0.000195346 0.000366616 0.0013808 -0.00265315 0.00186906 0.00023097 -0.0147359 0.00249172 0.000653537 -0.00219636 -0.00441405 -0.0115671 0.000234779 -0.00370861 -0.0112181 0.000259682 0.00106144 0.00238629 -0.000564446 -0.000457939 -0.00438693 -0.0127423 0.000152136 0.000154938 -0.000219196 -0.002494 -0.00739017 -0.0105577 -0.0121722 -0.0228305
internal_weight=761265 570979 65687 7090 58597 16131 442 42466 15689 6976 4240 983 505292 3170 1094 502122 59386 32716 26670 26544 3581 1161 442736 22963 225212 8999 3731 2757 2403 353
internal_count=761265 570979 65687 7090 58597 16131 442 42466 15689 6976 4240 983 505292 3170 1094 502122 59386 32716 26670 26544 3581 1161 442736 22963 225212 8999 3731 2757 2403 353
cat_boundaries=0 1 3 5 7 10 13 15 18 20 21
cat_threshold=132 570458240 67117120 219427077 722606119 3497347698 3382873626 581005394 407438968 1 1881262274 499986264 1 1342193664 218628368 1210698214 348471161 1 335544345 1261453316 17
is_linear=0
shrinkage=0.06


Tree=156
num_leaves=31
num_cat=11
split_feature=16 111 104 127 104 133 137 113 137 104 122 114 122 112 111 98 104 104 0 104 130 129 104 104 133 133 104 111 104 104
split_gain=16.0663 21.3829 30.127 22.8597 53.9535 27.2846 20.2694 26.807 45.9161 40.204 30.0235 22.445 21.4267 38.1349 30.7569 26.2681 27.2925 25.9736 21.2898 20.5618 18.9791 33.3523 39.8386 32.8421 31.5702 52.7632 49.5083 30.9659 50.1681 33.4488
threshold=69.812500000000014 47.500000000000007 0 52.489913145642596 1 0.58828525785978592 0.22623637047664433 319.50000000000006 0.16210544303708729 2 0.51842244232170442 -0.27907451189127103 0.096774166111645119 2.6650000000000005 32.500000000000007 0.14569472580964501 3 4 118.43666666666668 5 0.91597561503675362 60.500000000000007 6 7 0.97648852793709995 0.98005052076767474 8 82.500000000000014 9 10
decision_type=10 2 1 2 1 2 2 2 2 1 2 2 2 2 2 2 1 1 2 1 2 2 1 1 2 2 1 2 1 1
left_child=-1 2 -2 20 5 -5 7 8 10 11 -4 -10 13 17 19 -14 -17 -9 -19 -15 27 22 -22 -23 -25 26 -26 29 -29 -3
right_child=1 3 6 4 -6 -7 -8 12 9 -11 -12 -13 15 14 -16 16 -18 18 -20 -21 21 23 -24 24 25 -27 -28 28 -30 -31
leaf_value=-0.020515378213810158 0.038596680809239954 0.074153106683130979 -0.045699172917449481 0.51117367018636184 1.3177599820232651 -0.46579824250274832 0.33286762952789528 0.038241055335073007 -0.47043526630556387 -0.068420373429448053 -0.6152650226652564 -0.13448566934242467 -0.099579038165607578 -0.057664358826225726 0.09262980559162326 -0.57833028932570829 -0.15349422316991126 -0.29601519234821549 -0.6609858397976397 -1.2875420063903982 -0.52718065818573445 -0.34987774099184082 -0.049331476660549316 0.1608830946164653 -0.061989876819530179 -0.063687977956066219 -1.0594997004791065 -0.059335564872362342 0.23871105449936453 -0.035099571093673773
leaf_weight=148117 35548 136958 42300 2193 14333 5427 3699 105 244 503 607 90 5402 231 979 235 884 147 213 394 2981 11802 4293 39040 549 12498 537 39472 111485 140764
leaf_count=148117 35548 136958 42300 2193 14333 5427 3699 105 244 503 607 90 5402 231 979 235 884 147 213 394 2981 11802 4293 39040 549 12498 537 39472 111485 140764
internal_value=0.000202669 0.000337992 -0.000507676 0.000486265 0.00238125 -0.00169834 -0.00137431 -0.00167796 -0.00107615 -0.0149857 -0.000804465 -0.030713 -0.00474217 -0.0100609 -0.00566729 -0.00305336 -0.0114161 -0.0251717 -0.032345 -0.0160543 0.000403122 -0.000500411 -0.00435134 -6.55623e-05 0.000576119 -0.00191505 -0.0145943 0.000554246 0.00124592 0.000178279
internal_weight=762030 613913 91581 522332 21953 7620 56033 52334 43744 837 42907 334 8590 2069 1604 6521 1119 465 360 625 500379 71700 7274 64426 52624 13584 1086 428679 150957 277722
internal_count=762030 613913 91581 522332 21953 7620 56033 52334 43744 837 42907 334 8590 2069 1604 6521 1119 465 360 625 500379 71700 7274 64426 52624 13584 1086 428679 150957 277722
cat_boundaries=0 3 5 7 9 11 13 15 18 20 23 26
cat_threshold=673444938 8709852 1 3766667466 2646680664 352846228 1076893985 2186281088 308281344 13631616 536936448 1442840720 2684551170 1453217368 2181630262 570429440 646856704 1 1086833346 424715871 839001656 33808448 1 2602311224 196063584 1
is_linear=0
shrinkage=0.06


Tree=157
num_leaves=31
num_cat=1
split_feature=16 86 34 20 110 127 132 28 132 0 132 110 19 135 34 119 110 102 53 102 35 126 109 127 110 126 133 107 106 110
split_gain=15.2833 17.4998 17.3763 16.9054 14.2899 14.1052 14.5874 16.1603 13.3509 12.148 16.5841 12.9607 12.8707 15.5715 23.1592 22.3322 12.889 11.9417 11.8873 13.1301 12.8412 11.66 13.802 12.3025 11.4506 10.4846 10.4712 16.3208 10.2448 14.6961
threshold=57.403750000000009 92.500000000000014 1.1505000000000003 13.357010749230673 7.7500000000000009 1.0000000180025095e-35 0.025799818015934263 251.98315972222221 0.042991213741508195 333.27500000000003 0.025799818015934263 23.350000000000005 86.734722222222231 1.0000000180025095e-35 0.82616922672405435 174.50000000000003 28.550000000000004 42.500000000000007 13.223502713974737 62.500000000000007 232.72000000000003 587.70000000000016 247.50000000000003 11.932233953688511 8.4500000000000011 1005.8750000000001 0.99932962452255414 28.766750000000005 0 12.65
decision_type=10 10 10 10 2 2 2 8 2 2 2 2 10 2 10 2 2 2 10 2 10 2 2 2 2 2 2 2 1 2
left_child=3 9 5 -1 -4 -3 28 -8 -9 12 11 -11 -2 18 15 21 -17 -5 20 -20 -14 22 26 -24 -21 -16 -15 -28 -7 -30
right_child=1 2 4 17 -6 6 7 8 -10 10 -12 -13 13 14 25 16 -18 -19 19 24 -22 -23 23 -25 -26 -27 27 -29 29 -31
leaf_value=0.027280628661083547 0.048391831002535496 -0.18317979582456062 0.72997108317286696 -0.077344032175939589 0.093818078120515791 0.11665386887823445 0.018919882370315118 -0.46977650934643977 -0.084400978668177223 0.67086515238980127 -0.28642220597920837 -0.1240784813770619 -0.094859331315461731 -0.11835116257356224 0.42644129890848154 0.39061692784476904 -2.2204874519897779 0.15097150375402671 -0.061480677158688303 -0.98912005318629581 0.0029902633936050899 0.19184677192712038 0.13336970423519495 -1.5028062688623409 -0.28123816279808445 -0.15961047813573218 -0.44949358058682731 -2.7548669148744529 -0.33279989220926398 0.044940992120806655
leaf_weight=30318 45045 3559 3927 62602 34847 118541 58541 777 15189 22930 1150 5301 26095 16139 13496 11604 57 5423 60813 118 186377 3073 50 82 3717 566 902 59 5522 25718
leaf_count=30318 45045 3559 3927 62602 34847 118541 58541 777 15189 22930 1150 5301 26095 16139 13496 11604 57 5423 60813 118 186377 3073 50 82 3717 566 902 59 5522 25718
internal_value=0.000196145 0.000299505 0.000675586 -0.000501932 0.00184975 0.000475765 0.000535238 -0.000150829 -0.0018428 4.7297e-05 0.00122136 0.00150914 -4.63938e-05 -0.00017884 0.000843121 -4.95509e-05 0.00204305 -0.00102711 -0.000348584 -0.00106099 -0.000131819 -0.00125135 -0.00185853 -0.0211128 -0.00446559 0.00287222 -0.00170867 -0.00779002 0.000876514 -9.02369e-05
internal_weight=762538 664195 266621 98343 38774 227847 224288 74507 15966 397574 29381 28231 368193 323148 46028 31966 11661 68025 277120 64648 212472 20305 17232 132 3835 14062 17100 961 149781 31240
internal_count=762538 664195 266621 98343 38774 227847 224288 74507 15966 397574 29381 28231 368193 323148 46028 31966 11661 68025 277120 64648 212472 20305 17232 132 3835 14062 17100 961 149781 31240
cat_boundaries=0 1
cat_threshold=41
is_linear=0
shrinkage=0.06


Tree=158
num_leaves=31
num_cat=8
split_feature=139 104 139 104 19 133 133 119 104 133 104 132 111 59 120 104 132 132 56 104 120 28 125 130 1 104 112 109 114 104
split_gain=16.4803 50.9862 38.2608 61.5877 27.5765 24.0742 79.0039 29.1578 29.5994 32.2565 27.1772 40.8106 29.5823 28.9782 50.2701 35.8615 25.9056 25.2341 23.698 23.698 30.7136 23.0219 22.7458 22.352 25.9507 23.1693 21.7109 21.4771 37.4623 21.1985
threshold=60.500000000000007 0 46.500000000000007 1 109.59119791666667 0.94066717844141279 0.95936279103287792 614.50000000000011 2 0.98332250088165762 3 -0.3006092291086655 63.500000000000007 114.35000000000001 18.500000000000004 4 0.31288844364721724 -0.030098581458670341 0.00022160245733121589 5 54.500000000000007 118.96822916666667 0.18706666666666669 1.0000000180025095e-35 162.52625000000003 6 1.0750000000000004 392.50000000000006 1.1025412482507799 7
decision_type=2 1 2 1 10 2 2 2 1 2 1 2 2 10 2 1 2 2 8 1 2 10 2 2 10 1 2 2 2 1
left_child=2 4 5 -4 -2 18 10 8 9 -8 11 -7 13 14 -12 16 -16 -11 -1 22 -21 27 26 24 25 -9 -6 -10 -29 -20
right_child=1 -3 3 -5 19 6 7 23 21 17 12 -13 -14 -15 15 -17 -18 -19 29 20 -22 -23 -24 -25 -26 -27 -28 28 -30 -31
leaf_value=0.068103871338955083 0.031872408490542167 0.082244856709379796 -0.18375383236105741 0.35065202467827639 -1.1128483336507116 -0.62248084611856169 0.17410894018384862 -0.11154379825388425 0.28259453566642434 -0.1779371545499418 0.18624579340540309 0.27194134067360881 1.2799702343702866 0.17782774311159977 -0.63653786306080862 -0.13496690928011321 -0.2727777108887261 -1.1169945441387337 -0.061256268666358554 -0.32689711567912955 -1.371006154871437 0.0087204005351369414 -1.1857931416032157 -0.048740536125196028 -0.090082464900851339 -0.31709504090656015 -0.18430116512425526 -0.32245546981324391 0.017649937884866202 -0.0011763658549728271
leaf_weight=53744 3315 20796 19328 59284 104 1745 3954 215 16906 3090 1366 4340 22572 8079 333 732 244 4106 126209 7165 429 152375 838 1396 531 464 1136 556 2890 244234
leaf_count=53744 3315 20796 19328 59284 104 1745 3954 215 16906 3090 1366 4340 22572 8079 333 732 244 4106 126209 7165 429 152375 838 1396 531 464 1136 556 2890 244234
internal_value=0.000184263 -0.00111124 0.000244325 0.00149456 -0.00405893 9.31362e-05 0.000593479 7.76369e-05 0.00016697 -0.0028277 0.00303425 -0.000654527 0.00370687 0.00111799 -0.00429372 -0.0126916 -0.0237041 -0.00522218 -0.000173314 -0.00568055 -0.0041073 0.000360442 -0.0113509 -0.00622324 -0.0121883 -0.01995 -0.00623691 0.00225579 -0.00206092 -0.000344133
internal_weight=762476 33783 728693 78612 12987 650081 225894 186483 183877 11150 39411 6085 33326 10754 2675 1309 577 7196 424187 9672 7594 172727 2078 2606 1210 679 1240 20352 3446 370443
internal_count=762476 33783 728693 78612 12987 650081 225894 186483 183877 11150 39411 6085 33326 10754 2675 1309 577 7196 424187 9672 7594 172727 2078 2606 1210 679 1240 20352 3446 370443
cat_boundaries=0 2 5 7 9 11 13 15 17
cat_threshold=4052238530 910355736 12746753 227443008 1 536871440 16384 1644199936 269361216 2637765656 2724201139 2 339764232 541066056 271695889 1654720906 2959148558
is_linear=0
shrinkage=0.06


Tree=159
num_leaves=31
num_cat=9
split_feature=89 131 104 28 31 109 113 104 104 60 17 130 104 35 25 104 127 104 102 104 111 5 125 104 133 109 112 13 119 110
split_gain=13.9878 16.453 32.8655 20.2657 26.6581 14.9098 14.5368 23.6572 13.7477 13.1412 11.8971 11.1688 14.3641 11.1964 10.6724 13.7973 10.6776 25.8758 16.97 15.1766 13.5544 26.0064 18.8877 21.0335 18.362 16.5335 25.9369 15.8716 15.7444 16.2294
threshold=0 0.91597561503675351 1 276.11875000000003 71.69477607361965 37.500000000000007 5.5000000000000009 2 3 16.290364787085348 78.925000000000026 0.78656609248549325 4 245.32500000000002 0.21925382887735381 5 29.158130997591666 6 37.500000000000007 7 95.500000000000014 0.42550000000000004 0.11700000000000001 8 0.99958851518450398 77.500000000000014 2.4850000000000008 216.3366666666667 97.500000000000014 7.2500000000000009
decision_type=1 2 1 10 10 2 2 1 1 2 8 2 1 10 8 1 2 1 2 1 2 10 2 1 2 2 2 10 2 2
left_child=10 6 3 -3 5 -5 7 11 -4 -6 -1 -2 -13 -14 15 -8 19 -18 -19 20 22 28 -16 -24 25 26 -25 -26 29 -22
right_child=1 2 8 4 9 -7 14 -9 -10 -11 -12 12 13 -15 16 -17 17 18 -20 -21 21 -23 23 24 27 -27 -28 -29 -30 -31
leaf_value=-0.082784352039434031 -0.57424096820749282 -0.01939967741234342 0.40622776972278835 -0.90066301001658444 -1.1971761555039422 -1.8068575561421834 -0.3047862777087651 0.0668994781851356 0.10330438491073819 -0.22394535264705087 -0.0053892849116370101 0.15795518928968921 -0.94547847981116395 -0.98066866929070806 0.044704437521480025 -0.016648272234786106 0.32182965747817832 0.28566611188620672 -0.053812810581574971 -0.011029877351034946 -0.34633482870068893 0.64027539356233543 0.06320814168718894 -0.12039879256237578 -1.0505567599914603 0.10831274047757702 -0.61327179887478445 0.26947602647691854 -1.1475533718871431 0.096505005073930825
leaf_weight=26532 1168 5371 18115 64 735 140 2353 1671 39716 1762 164154 112 86 186 126830 6093 26331 6711 25279 241394 1409 8772 24300 21067 92 3376 1383 55 171 7270
leaf_count=26532 1168 5371 18115 64 735 140 2353 1671 39716 1762 164154 112 86 186 126830 6093 26331 6711 25279 241394 1409 8772 24300 21067 92 3376 1383 55 171 7270
internal_value=0.000192878 0.000341231 0.00123298 -0.0023516 -0.00659289 -0.0273951 0.000225117 -0.00379094 0.00173345 -0.00488311 -0.000252148 -0.00909021 -0.0180156 -0.0249753 0.000250864 -0.00186386 0.000286991 0.00104945 -9.74967e-05 0.000185027 0.000579092 0.00216603 0.00042121 -0.000562955 -0.00174961 -0.00162946 -0.00221816 -0.0228243 -0.000128799 0.00022742
internal_weight=762698 572012 65903 8072 2701 204 506109 3223 57831 2497 190686 1552 384 272 502886 8446 494440 58321 31990 436119 194725 17622 177103 50273 25973 25826 22450 147 8850 8679
internal_count=762698 572012 65903 8072 2701 204 506109 3223 57831 2497 190686 1552 384 272 502886 8446 494440 58321 31990 436119 194725 17622 177103 50273 25973 25826 22450 147 8850 8679
cat_boundaries=0 1 3 6 8 11 14 16 19 22
cat_threshold=132 570458248 67117120 2728620115 459087480 1 1293165316 184719362 139265 1377280 1 2324693049 164102336 1 2346596145 1613910182 3223964102 348207096 1 1074268292 348197152 1
is_linear=0
shrinkage=0.06


Tree=160
num_leaves=31
num_cat=10
split_feature=139 104 139 104 133 133 104 114 123 133 140 104 98 104 104 127 104 110 124 104 132 132 132 124 104 6 53 130 132 104
split_gain=14.5301 42.1796 30.0577 58.062 22.0369 69.9676 27.1917 29.1148 27.0357 44.3472 41.9875 35.0689 64.9258 27.9527 26.4905 26.4713 35.44 22.7437 42.9886 32.7033 27.1571 29.7499 30.4244 24.7068 40.3759 21.6218 21.4173 21.401 32.4188 47.6443
threshold=60.500000000000007 0 46.500000000000007 1 0.94066717844141279 0.95936279103287792 2 3.3957990556093347 0.54540291227660698 0.95691861501572195 2.5000000000000004 3 0.23014236637527921 4 5 21.72595923397094 6 12.050000000000002 0.37833333333333335 7 -0.16693218438255733 -0.047287273540950005 0.21336913576298863 0.58500000000000008 8 211.58500000000004 0.44325402956900922 -0.37940952255126059 -0.70822003333690042 9
decision_type=2 1 2 1 2 2 1 2 2 2 2 1 2 1 1 2 1 2 2 1 2 2 2 2 1 10 8 2 2 1
left_child=2 25 4 -4 26 8 7 17 9 15 -11 12 -10 -12 -9 -6 -17 18 -7 -20 23 -22 -23 -21 -25 -2 -1 28 -5 -30
right_child=1 -3 3 27 5 6 -8 14 11 10 13 -13 -14 -15 -16 16 -18 -19 19 20 21 22 -24 24 -26 -27 -28 -29 29 -31
leaf_value=0.065254027458036393 0.18732774642454866 0.074809931795887893 -0.16972390127075226 0.58787952083353179 0.22288205632172359 0.00017054514941337905 0.053003947041034699 0.00079330912438218258 -0.87803570669296938 -0.67965145940627547 -0.52593460560024363 0.89462193673686463 1.990887723919486 0.024740008225297736 -0.82323236490242857 -0.51151437500060348 -0.10020358426598597 0.036178717702044609 -0.10146818225407382 -0.98668656111094832 0.39394898091031605 -0.95941281333122475 1.7590413327554846 0.37293080356419861 -2.1656710152940448 -0.34976104170316075 -0.020442007595707773 0.64627318690280766 -0.364726791587132 0.12477435285212833
leaf_weight=53600 1268 20250 19409 7936 7715 23768 103472 875 1206 177 205 27371 1575 481 1119 107 591 42583 6608 1152 1651 4632 574 109 219 12208 370327 37361 4716 9690
leaf_count=53600 1268 20250 19409 7936 7715 23768 103472 875 1206 177 205 27371 1575 481 1119 107 591 42583 6608 1152 1651 4632 574 109 219 12208 370327 37361 4716 9690
internal_value=0.000185004 -0.00103253 0.000241315 0.00134557 0.000106938 0.000585169 0.000100298 -0.000706594 0.00288184 4.9154e-05 -0.0128958 0.00375326 -0.00266261 -0.00614847 -0.00786767 0.00137842 -0.00980257 -0.000530942 -0.00158346 -0.00410478 -0.00660014 -0.00501575 -0.00724102 -0.013977 -0.0284863 -0.00363194 -0.000148228 0.00227213 0.000803473 -0.000892899
internal_weight=762955 33726 729229 79112 650117 226190 186762 83290 39428 9276 863 30152 2781 686 1994 8413 698 81296 38713 14945 8337 6857 5206 1480 328 13476 423927 59703 22342 14406
internal_count=762955 33726 729229 79112 650117 226190 186762 83290 39428 9276 863 30152 2781 686 1994 8413 698 81296 38713 14945 8337 6857 5206 1480 328 13476 423927 59703 22342 14406
cat_boundaries=0 2 5 7 9 11 13 15 17 19 21
cat_threshold=4052238531 910355736 12632065 227443008 1 3943708537 3417424000 536903680 925696 1393037460 1678252064 1795163217 151027712 256 317718593 3373281600 3221258368 1041 8454144 389219588 1049219
is_linear=0
shrinkage=0.06


Tree=161
num_leaves=31
num_cat=0
split_feature=37 134 115 115 111 127 107 120 124 121 110 99 99 84 127 5 139 25 111 7 121 111 25 108 111 58 129 25 125 133
split_gain=15.0694 15.6879 27.6333 23.4049 26.3574 32.843 31.933 33.4037 35.4454 33.4971 30.9588 30.1418 26.1831 26.0604 25.0342 23.4591 23.1802 20.5727 19.7195 23.004 16.7305 31.175 47.2583 20.6719 17.0303 36.0767 29.852 29.4256 52.3538 54.381
threshold=0.15431945085441576 1.0000000180025095e-35 1.8859116222410479 -1.0932776015941219 87.500000000000014 2.893378335463352 28.657100000000003 48.500000000000007 0.22500000000000003 995.45000000000016 17.850000000000005 0.85561368268953431 0.81800285027139286 1.7372916666666669 4.5847508079289883 0.81250000000000011 51.500000000000007 0.29595303042824755 39.500000000000007 337.89000000000004 993.75000000000011 93.500000000000014 0.87539159713072767 77.250000000000014 85.500000000000014 3119.6300000000006 85.500000000000014 0.93621440507378628 0.080500000000000058 0.95936279103287792
decision_type=2 2 2 2 2 2 2 2 2 2 2 2 2 10 2 10 2 8 2 2 2 2 10 2 2 2 2 10 2 2
left_child=-1 20 3 4 5 6 -3 8 9 -8 -11 12 13 -7 18 -15 -17 -16 19 -5 24 -22 23 -23 27 26 -26 -2 -29 -30
right_child=1 2 -4 14 -6 11 7 -9 -10 10 -12 -13 -14 15 17 16 -18 -19 -20 -21 21 22 -24 -25 25 -27 -28 28 29 -31
leaf_value=0.057890685169083883 -0.020184175235169341 -0.04568168953099154 -0.3711927616683155 -0.060354929596609784 0.293734044562736 0.35201370317028469 0.012809811208472648 -0.044122920270787118 -0.87519957776662372 -0.16015766167555182 -0.46685993670043774 0.27354831602405277 -0.22648344431265532 -0.0039526896070062392 -0.33204541756439243 -0.11000589325425977 -0.49962795804592558 0.33474302139453616 0.052329669679309292 -0.35072373293830361 0.11234204687706331 -0.42672930039143597 0.51218812751066556 -0.11508144886052078 -0.061065821502763233 -0.32016316806823469 0.12818228303533705 -0.0311826252959608 -0.18948496038796478 -0.41834280251184308
leaf_weight=100952 211352 11562 2064 885 11257 7834 1014 1968 711 799 75 13464 7836 29145 1403 3432 630 33547 61949 326 73127 6046 5264 6904 29421 5729 87481 34402 8087 3649
leaf_count=100952 211352 11562 2064 885 11257 7834 1014 1968 711 799 75 13464 7836 29145 1403 3432 630 33547 61949 326 73127 6046 5264 6904 29421 5729 87481 34402 8087 3649
internal_value=0.000195156 9.09305e-05 0.000551369 0.000627253 -7.30873e-05 -0.000462591 -0.00287576 -0.00712303 -0.0115869 -0.00728004 -0.0158811 0.000161785 -0.000530668 7.61661e-05 0.00126775 -0.000658215 -0.00492936 0.00255615 0.000554773 -0.00702475 -9.45311e-05 0.000634604 -0.00158638 -0.00353486 -0.000269739 0.000312203 0.000540038 -0.000546893 -0.00191968 -0.00537991
internal_weight=762315 661363 189901 187837 89727 78470 16129 4567 2599 1888 874 62341 48877 41041 98110 33207 4062 34950 63160 1211 471462 91341 18214 12950 380121 122631 116902 257490 46138 11736
internal_count=762315 661363 189901 187837 89727 78470 16129 4567 2599 1888 874 62341 48877 41041 98110 33207 4062 34950 63160 1211 471462 91341 18214 12950 380121 122631 116902 257490 46138 11736
is_linear=0
shrinkage=0.06


Tree=162
num_leaves=31
num_cat=8
split_feature=132 104 129 104 104 111 0 120 111 104 104 127 125 130 137 111 114 21 127 104 114 104 136 98 127 137 132 104 133 132
split_gain=15.5495 38.3795 27.0213 70.0127 33.6816 32.264 23.7126 20.5213 19.6159 44.5982 34.007 26.0331 24.3847 21.2469 33.9857 66.031 47.2697 42.0044 32.0379 44.869 29.3716 29.7776 33.2938 34.3545 28.6904 23.3817 22.2485 27.0804 20.9946 42.3138
threshold=0.61490419508004501 0 178.50000000000003 1 2 58.500000000000007 58.007500000000007 1.0000000180025095e-35 66.500000000000014 3 4 16.492726634944734 0.24156666666666674 -1.0000000180025095e-35 0.61497421480319081 80.500000000000014 -0.75009909803437402 167.6166666666667 0.88505984833433049 5 2.3075609742495056 6 1.0000000180025095e-35 -0.20074750544272557 12.474900563030047 0.042730530857558173 0.21336913576298863 7 0.94636490295939868 0.17963823861099873
decision_type=2 1 2 1 1 2 2 2 2 1 1 2 2 2 2 2 2 10 2 1 2 1 2 2 2 2 2 1 2 2
left_child=8 -2 3 5 -4 -3 -7 -8 10 12 -1 13 28 14 20 16 -16 -18 19 25 -11 -22 23 -23 -25 -15 27 -20 -10 -30
right_child=1 2 4 -5 -6 6 7 -9 9 11 -12 -13 -14 18 15 -17 17 -19 26 -21 21 22 -24 24 -26 -27 -28 -29 29 -31
leaf_value=0.036441027880940557 -0.38616100483525917 -0.048264969561314826 0.15655125319461605 0.0076143258988927449 -0.087876582238451142 -0.08274423328466704 -0.16921288232744866 -0.43261210221691426 -0.031189533216626833 0.20542763249052759 -0.045369427494088711 0.41076485904183607 -0.10999647063392837 -0.42716955647504418 0.2123590071291431 2.308597941791616 -0.26986219137693124 -1.590126889985142 -0.069380976381368378 0.032421446600980459 0.11222827871336596 -4.0461526239482124 -0.044714041177350117 -0.2038923340483498 -0.87167365442737965 0.76981922786208334 0.27055863829036308 0.14849084830151879 0.025695124034090411 0.54262758922960563
leaf_weight=145242 4310 563 15827 3038 15747 192 188 430 63225 72009 157368 36219 62621 12501 296 1064 226 395 34299 22171 2330 217 1418 950 72 1621 24269 39026 34257 10802
leaf_count=145242 4310 563 15827 3038 15747 192 188 430 63225 72009 157368 36219 62621 12501 296 1064 226 395 34299 22171 2330 217 1418 950 72 1621 24269 39026 34257 10802
internal_value=0.000185947 -0.000961137 -0.000319202 -0.00471759 0.000295297 -0.0158974 -0.0236745 -0.0293893 0.000249915 0.000515271 -0.00011837 0.0010274 -0.000231166 0.000774407 0.00155489 -0.00620283 -0.0179935 -0.0273859 0.000314009 -0.00120797 0.00175456 -0.00269808 -0.00702324 -0.0142306 -0.00960704 -0.00384971 0.000880004 0.000358809 0.000313839 0.00130346
internal_weight=762893 40295 35985 4411 31574 1373 810 618 722598 419988 302610 249083 170905 212864 78977 1981 917 621 133887 36293 76996 4987 2657 1239 1022 14122 97594 73325 108284 45059
internal_count=762893 40295 35985 4411 31574 1373 810 618 722598 419988 302610 249083 170905 212864 78977 1981 917 621 133887 36293 76996 4987 2657 1239 1022 14122 97594 73325 108284 45059
cat_boundaries=0 2 4 7 10 13 15 17 19
cat_threshold=13377536 150994944 218108180 113777057 755009799 2496346603 1 850628680 2223760084 1 411005464 2307843012 1 134489904 1261437184 3225709089 1798571008 2298768642 688129035
is_linear=0
shrinkage=0.06


Tree=163
num_leaves=31
num_cat=0
split_feature=21 19 70 111 130 0 22 1 123 83 139 134 129 17 67 121 115 133 110 5 126 111 0 140 130 133 3 124 58 131
split_gain=15.2153 24.0577 15.3304 16.6034 16.4751 22.2278 17.9786 14.2575 14.0946 12.9146 12.6223 15.1447 28.2897 19.3864 20.5903 18.2287 18.1656 17.1461 16.9543 19.7685 15.235 20.3089 33.6389 38.314 30.9959 19.7975 23.1924 17.7541 17.6059 17.5862
threshold=752.87500000000011 319.9461805555556 63.500000000000007 47.500000000000007 -0.98296291314453399 40.015000000000008 -4.538333333333326 203.51250000000002 0.83424306947480398 1.6650000000000003 64.500000000000014 1.0000000180025095e-35 31.500000000000004 57.025000000000006 37.500000000000007 996.25000000000011 -0.54792289849514797 0.99855310097228334 8.4500000000000011 0.90250000000000019 189.27500000000003 71.500000000000014 175.02500000000003 10.500000000000002 -1.0000000180025095e-35 0.99611390731392835 20.975950000000005 0.25833333333333336 132.57500000000002 -0.37940952255126015
decision_type=10 10 2 2 2 2 10 8 2 10 2 2 2 8 2 2 2 2 2 10 2 2 2 2 2 2 8 2 2 2
left_child=1 2 3 -1 5 -5 7 8 -7 -6 11 15 -13 14 -14 20 -16 -15 19 -17 21 -4 24 -24 27 29 -27 28 -23 -26
right_child=-2 -3 10 4 9 6 -8 -9 -10 -11 -12 12 13 17 16 18 -18 -19 -20 -21 -22 22 23 -25 25 26 -28 -29 -30 -31
leaf_value=-0.022082863123744981 -0.275554039434391 0.69737583922366975 -0.17054287787279401 -0.54919227572312712 -0.0014522379398543121 0.009276198838697864 0.21359281884521972 0.010557618930747735 -0.59678882449743409 0.089554509877887517 -0.19742135297078101 -0.1278753541469777 0.061268689052379158 0.082920232079067346 -0.25884551667359951 -0.27020482020764747 0.08766691884227383 -0.14242104851025106 0.2633451171438318 0.35149836508780596 0.0071587137998348873 0.22059841616535147 0.91203286629947888 -0.065641764395849456 0.062447156838676937 -0.91644234943485703 0.008101823546072166 0.13090493376124601 -0.19920937207796119 -0.17419879830311291
leaf_weight=54687 10632 18746 33932 232 48125 360 1522 926 880 161198 4946 9584 5437 101711 4812 2600 2297 4236 14044 1498 146493 2562 19193 32175 9881 1318 838 18866 5980 42670
leaf_count=54687 10632 18746 33932 232 48125 360 1522 926 880 161198 4946 9584 5437 101711 4812 2600 2297 4236 14044 1498 146493 2562 19193 32175 9881 1318 838 18866 5980 42670
internal_value=0.00018401 0.000215888 0.000161606 0.00052312 0.00076231 -0.00309105 -0.001955 -0.00546562 -0.00966962 0.000834486 -4.66633e-05 -1.42523e-05 0.000539999 0.00079361 -0.00143652 -0.000228037 -0.00356203 0.00105771 0.00162112 -0.00177409 -0.000334912 -0.000725916 -0.000392721 0.00081154 -0.00114606 -0.00197116 -0.00760501 0.000500858 -0.00176847 -0.00173988
internal_weight=762381 751749 733003 267930 213243 3920 3688 2166 1240 209323 465073 460127 128077 118493 12546 332050 7109 105947 18142 4098 313908 167415 133483 51368 82115 54707 2156 27408 8542 52551
internal_count=762381 751749 733003 267930 213243 3920 3688 2166 1240 209323 465073 460127 128077 118493 12546 332050 7109 105947 18142 4098 313908 167415 133483 51368 82115 54707 2156 27408 8542 52551
is_linear=0
shrinkage=0.06


Tree=164
num_leaves=31
num_cat=11
split_feature=111 130 25 127 104 110 127 104 111 119 99 5 132 110 104 104 104 104 111 104 98 120 130 104 104 124 139 104 104 118
split_gain=13.5801 41.9929 40.3302 48.7268 50.3496 54.459 49.4977 40.3181 39.7458 45.4687 38.1555 35.0467 32.0017 30.4116 49.7326 30.3755 30.0794 29.7823 29.187 37.5316 38.0366 27.1658 29.2959 73.1803 41.2546 35.685 33.3596 29.8849 28.7018 29.7648
threshold=80.500000000000014 -1.0000000180025095e-35 0.96784987164734015 2.409225394845 0 24.050000000000004 4.5847508079289883 1 95.500000000000014 70.500000000000014 0.98486764554468398 0.98750000000000016 0.36146417736073544 10.050000000000002 2 3 4 5 93.500000000000014 6 -0.91201878827502736 83.500000000000014 -0.78656609248549303 7 8 0.43500000000000011 51.500000000000007 9 10 0.65000000000000002
decision_type=2 2 10 2 1 2 2 1 2 2 2 10 2 2 1 1 1 1 2 1 2 2 2 1 1 2 2 1 1 2
left_child=11 17 3 7 -5 10 -7 -3 9 12 -6 13 -4 14 -1 -14 -13 -2 -9 20 -20 22 23 26 -24 -25 -15 -28 -27 -30
right_child=1 2 8 4 5 6 -8 18 -10 -11 -12 16 15 21 -16 -17 -18 -19 19 -21 -22 -23 24 25 -26 28 27 -29 29 -31
leaf_value=-0.48647994248072662 -0.052691331888817007 0.0082576888323113978 -0.018633151722456557 -0.083451465655313389 0.36636899785459792 -0.16347038784590426 -0.82999320170838087 -0.090717884354578573 0.89940034063290175 0.67606391681615063 -0.20966468469368355 0.029876636713759164 -0.53244773620293651 -0.15051192248683504 -0.017367894895902958 0.04721815354584933 -0.088734789563242461 0.24250664885722262 0.11793494444451251 -0.19049565967837762 -0.84008893989821043 0.16108827381733448 -0.037319888729125908 0.08375981533226666 0.093591829188841555 0.12624610797304633 -0.025139723007650383 -0.58666124768631678 -0.22758291410473974 -0.49487271693433621
leaf_weight=2256 14854 33343 16699 42486 46634 565 278 22443 13928 8983 7463 26888 1327 33668 5485 950 56894 60568 1205 14323 6866 32187 79561 60476 147426 4540 1766 4187 14378 130
leaf_count=2256 14854 33343 16699 42486 46634 565 278 22443 13928 8983 7463 26888 1327 33668 5485 950 56894 60568 1205 14323 6866 32187 79561 60476 147426 4540 1766 4187 14378 130
internal_value=0.000186641 0.000507279 8.42232e-05 -0.000314816 0.000580496 0.00177977 -0.0133436 -0.00143053 0.00175711 0.000452575 0.00201601 -1.32553e-05 -0.0012122 0.000228151 -0.00349445 -0.00788323 -0.00112562 0.00172722 -0.0026052 -0.00413824 -0.00740831 0.00030433 0.000149284 -0.00061261 0.000549201 0.000437091 -0.00271886 -0.00685959 -0.0018275 -0.00312914
internal_weight=762757 292915 217493 175606 97426 54940 843 78180 41887 27959 54097 469842 18976 386060 7741 2277 83782 75422 44837 22394 8071 378319 346132 119145 226987 79524 39621 5953 19048 14508
internal_count=762757 292915 217493 175606 97426 54940 843 78180 41887 27959 54097 469842 18976 386060 7741 2277 83782 75422 44837 22394 8071 378319 346132 119145 226987 79524 39621 5953 19048 14508
cat_boundaries=0 2 4 6 8 11 14 17 19 21 23 25
cat_threshold=824309834 533653084 3781800070 877411546 3834647844 545265857 1646478414 5302072 549644040 9429057 1 847380616 1073750464 1 67371065 45154304 1 619907333 1611137923 1611195106 2263305240 536873216 1610612737 1073758280 34071576
is_linear=0
shrinkage=0.06


Tree=165
num_leaves=31
num_cat=1
split_feature=132 129 6 136 114 109 109 58 106 60 113 114 98 19 129 60 122 115 111 120 112 21 111 28 114 25 111 125 136 120
split_gain=15.7665 29.4315 49.4167 27.7262 21.2262 20.3112 19.2381 19.4941 18.4396 18.3242 23.6673 25.7312 17.5655 19.2113 18.2456 17.1045 17.0609 34.8352 38.0895 32.3795 23.769 20.6825 16.3718 18.6979 15.7681 15.3009 18.8173 16.9976 15.905 24.22
threshold=0.61490419508004501 166.50000000000003 277.22500000000008 1.0000000180025095e-35 1.7998833191138199 32.500000000000007 17.500000000000004 2562.5950000000003 0 25.546769713186318 265.50000000000006 0.74182104746079536 0.66766646831012755 87.859722222222231 199.50000000000003 6.1353529489575083 0.68883612672508365 1.2750493012478665 78.500000000000014 47.500000000000007 0.78500000000000014 167.6166666666667 92.500000000000014 503.29270833333334 1.4948148763204303 0.99280057222233753 91.500000000000014 0.20130000000000003 1.0000000180025095e-35 12.500000000000002
decision_type=2 2 10 2 2 2 2 2 1 2 2 2 2 10 2 2 2 2 2 2 2 10 2 10 2 8 2 2 2 2
left_child=6 2 15 22 -4 8 7 -1 12 -9 -11 -12 13 -5 -15 -2 25 19 21 -18 -21 -19 23 -3 -25 28 27 -27 -8 -30
right_child=1 3 4 5 -6 -7 16 9 -10 10 11 -13 -14 14 -16 -17 17 18 -20 20 -22 -23 -24 24 -26 26 -28 -29 29 -31
leaf_value=0.31270535279199924 -0.17127732237218274 -0.0097030737013039953 0.26817076896210318 -0.34715422590137668 -0.3406257121078286 -0.10519535079270939 0.01155226051487088 0.11879668381910402 0.1515028538247527 -0.089827439518574637 0.60345567101549569 -1.0931931060338782 -0.22450508331863342 -1.3988120454515454 -0.82158811511361185 -0.0023367465892852211 -0.0030670004166379983 -0.24528175453462056 -0.71743653735574497 -0.43168557721577244 -1.0448117421783516 -1.0539906647396211 0.81912936392480118 0.76283031192112993 -0.77072100820340628 -0.068920571390752555 0.22482424113874044 -0.29736180922058664 0.032749791158399176 0.33203766965778886
leaf_weight=35786 207 29559 85 350 449 3341 557587 2547 526 1159 227 531 807 87 454 1371 9410 52 270 790 825 167 2914 80 155 18031 6444 4495 57317 25727
leaf_count=35786 207 29559 85 350 449 3341 557587 2547 526 1159 227 531 807 87 454 1371 9410 52 270 790 825 167 2914 80 155 18031 6444 4495 57317 25727
internal_value=0.000187227 -0.000966424 -0.00785991 -0.000585828 -0.0236187 -0.00450054 0.000251814 0.00152642 -0.00894202 -0.00221187 -0.00664129 -0.0148775 -0.0119438 -0.0178184 -0.0248967 -0.00251552 0.00017649 -0.00211342 -0.0177673 -0.00141756 -0.00926361 -0.0363 8.03451e-05 -0.00033952 -0.017161 0.000215869 -0.00113286 -0.00195073 0.000276861 0.00105153
internal_weight=761750 40385 2112 38273 534 5565 721365 40250 2224 4464 1917 758 1698 891 541 1578 681115 11514 489 11025 1615 219 32708 29794 235 669601 28970 22526 640631 83044
internal_count=761750 40385 2112 38273 534 5565 721365 40250 2224 4464 1917 758 1698 891 541 1578 681115 11514 489 11025 1615 219 32708 29794 235 669601 28970 22526 640631 83044
cat_boundaries=0 1
cat_threshold=33
is_linear=0
shrinkage=0.06


Tree=166
num_leaves=31
num_cat=2
split_feature=16 9 140 23 133 135 133 132 106 123 126 120 131 123 58 130 125 114 126 130 129 119 107 28 113 106 20 99 133 127
split_gain=13.4229 15.5208 26.1274 34.2258 20.4455 19.4088 26.4298 50.7813 23.9159 19.4481 41.4528 50.0555 43.2039 31.4851 24.1893 18.0678 17.5668 17.2723 39.8322 27.395 24.3124 18.7928 19.1254 18.1372 17.2586 16.7334 16.2561 15.9988 30.0231 23.6908
threshold=57.403750000000009 83.341666666666683 2.5000000000000004 -19.166666666666661 0.93769647993491489 1.0000000180025095e-35 0.99024581825578073 -0.081617596240696269 0 0.95721192111076803 23.625000000000004 69.500000000000014 0.25881904510252057 0.9335782745710145 2562.5950000000003 0.37940952255126054 0.63040000000000018 -1.7549121587522174 1005.8750000000001 0.37940952255126054 239.50000000000003 614.50000000000011 28.613550000000004 157.8260416666667 294.50000000000006 1 15.834558336486971 0.99958851518450398 0.99981043035926087 0.1587677870014996
decision_type=8 8 2 8 2 2 2 2 1 2 2 2 2 2 2 2 2 2 2 2 2 2 2 10 2 1 8 2 2 2
left_child=-1 2 3 -2 -4 9 -7 8 -8 10 11 16 -13 -14 -11 -15 -3 18 26 21 23 25 -23 -21 -9 -20 -12 -19 -29 -30
right_child=1 5 4 -5 -6 6 7 24 -10 14 17 12 13 15 -16 -17 -18 27 19 20 -22 22 -24 -25 -26 -27 -28 28 29 -31
leaf_value=-0.027516528561883698 -0.20889875189636475 0.096699842196207517 0.041961023072825718 0.034273264558117265 0.26420285591576675 0.19604072872060163 -0.9203457086004343 0.19857501510100417 0.073746439322372306 0.40186401070031696 -0.19916763903048518 0.036343582462729784 0.23986202588806635 -1.0177885998044554 -0.3171534765869522 -1.54255945750549 -1.5862127249679656 -0.010675434456011157 -0.40955940987082173 -0.47448724681751614 -0.64963969693509627 -0.1159278576735501 -0.91820760414279345 0.083712578713332278 -0.22386461492779375 0.12286967470278765 0.48097280861777536 -0.23998169864514632 0.9220557960803506 -0.9817838354616496
leaf_weight=88334 6955 2110 108703 12016 22629 61423 1324 6064 461 26276 720 616 208 296 3319 896 84 376589 703 57 567 288 242 564 2252 6036 22495 6650 2798 718
leaf_count=88334 6955 2110 108703 12016 22629 61423 1324 6064 461 26276 720 616 208 296 3319 896 84 376589 703 57 567 288 242 564 2252 6036 22495 6650 2798 718
internal_value=0.000165922 0.00025706 0.00079451 -0.00128684 0.00109517 0.000102827 0.00102124 -0.00182281 -0.0110022 -4.24292e-05 -0.000146551 -0.00606982 -0.0128924 -0.0187152 0.00144445 -0.0224711 0.000202278 -8.69395e-05 0.00126013 -0.00226507 -0.0107082 -0.000883906 -0.0117514 -0.00249839 0.000148611 -2.75962e-05 0.00254437 -0.000197256 -0.00254588 0.00193802
internal_weight=762393 674059 150303 18971 131332 523756 71524 10101 1785 452232 422637 4210 2016 1400 29595 1192 2194 418427 31672 8457 1188 7269 530 621 8316 6739 23215 386755 10166 3516
internal_count=762393 674059 150303 18971 131332 523756 71524 10101 1785 452232 422637 4210 2016 1400 29595 1192 2194 418427 31672 8457 1188 7269 530 621 8316 6739 23215 386755 10166 3516
cat_boundaries=0 1 2
cat_threshold=33 4
is_linear=0
shrinkage=0.06


Tree=167
num_leaves=31
num_cat=9
split_feature=111 127 104 129 112 104 104 110 121 133 104 134 121 104 139 104 137 137 104 131 127 126 104 104 114 111 131 111 122 110
split_gain=14.7567 23.4616 39.4072 27.4096 21.6171 40.152 26.8628 20.8738 19.2119 17.8018 20.113 17.5042 15.8991 40.7572 34.6006 31.0493 28.1502 48.4812 44.5432 46.2071 44.4174 42.247 35.7044 34.6918 39.6994 32.7817 32.6621 28.5165 32.6175 29.7024
threshold=35.500000000000007 84.974054599140928 0 226.50000000000003 3.0150000000000001 1 2 25.050000000000004 994.85000000000002 0.92519182738459482 3 1.0000000180025095e-35 987.45000000000016 4 39.500000000000007 5 6.5078511944142929e-10 3.3412422113289955e-10 6 0.37940952255126048 1.0000000180025095e-35 297.55000000000007 7 8 1.5416007462316894 76.500000000000014 0.25881904510252057 48.500000000000007 0.51842244232170442 29.750000000000004
decision_type=2 2 1 2 2 1 1 2 2 2 1 2 2 1 2 1 2 2 1 2 2 2 1 1 2 2 2 2 2 2
left_child=4 12 3 -3 5 7 -6 11 9 -8 -11 -1 13 14 -2 -14 17 -17 -19 21 22 -20 25 24 -22 -18 -26 28 -25 -29
right_child=1 2 -4 -5 6 -7 8 -9 -10 10 -12 -13 15 -15 -16 16 20 18 19 -21 23 -23 -24 27 26 -27 -28 29 -30 -31
leaf_value=-0.83944276390701844 -0.083725398608909887 0.4583782068062997 0.51082500185443325 -1.2004513660341007 0.15679633400365187 -0.041112844582744598 -0.084846054169626595 -0.025285667302028046 -0.90858570291118479 -1.3136812596935346 -0.1183381413674794 -1.6797060555043239 -0.025882496134793789 0.0096338383589305906 -0.39679071355654755 0.018553634285362205 0.10367085415083252 0.035970492661634511 -1.1908919669408646 -0.072675023570690875 0.16584344977482696 -0.45701149055998969 -0.068275834819185768 0.031915825502316295 -5.9034201077509133e-05 -0.74716810516397292 -0.65555425294312331 0.36303715720536994 -0.38454041903729264 -0.34247821210410895
leaf_weight=734 36249 1390 16078 2533 7054 3228 10585 347 59 104 394 239 167361 136762 3711 182099 546 3079 789 1374 14657 1493 3267 28744 6038 1139 6380 125271 899 491
leaf_count=734 36249 1390 16078 2533 7054 3228 10585 347 59 104 394 239 167361 136762 3711 182099 546 3079 789 1374 14657 1493 3267 28744 6038 1139 6380 125271 899 491
internal_value=0.000176864 0.000223111 0.00225008 -0.00313726 -0.00132847 -0.00502792 -0.000403583 -0.0137941 -0.00223689 -0.00205539 -0.0131303 -0.0184004 0.000166827 -0.000327563 -0.00201296 0.000327544 0.000629951 0.000112924 -0.00488569 -0.00934933 0.00115088 -0.0146071 -0.00445548 0.00130304 -0.000678948 -0.0115153 -0.00317513 0.00164829 -2.57048e-05 0.00204299
internal_weight=763094 740350 20001 3923 22744 4548 18196 1320 11142 11083 498 973 720349 176722 39960 543627 376266 188834 6735 3656 187432 2282 4952 182480 27075 1685 12418 155405 29643 125762
internal_count=763094 740350 20001 3923 22744 4548 18196 1320 11142 11083 498 973 720349 176722 39960 543627 376266 188834 6735 3656 187432 2282 4952 182480 27075 1685 12418 155405 29643 125762
cat_boundaries=0 2 4 7 9 11 14 16 18 20
cat_threshold=2684389384 2910912576 2354849669 2695901601 2826118156 3224400598 1 335560721 604012552 2333349920 3257928102 1686151234 273342548 1 34079793 1873806632 268437280 3232825601 128 612631560
is_linear=0
shrinkage=0.06


Tree=168
num_leaves=31
num_cat=9
split_feature=54 104 133 110 35 133 133 123 104 100 114 104 53 133 74 104 123 110 133 104 119 113 104 104 4 104 0 140 119 104
split_gain=14.028 23.5725 16.9717 20.2582 25.6909 15.2838 60.0798 27.038 40.2038 62.4922 39.8496 70.8873 31.7867 46.3054 30.0975 23.7565 22.9533 40.5944 20.9167 32.356 28.5306 39.7535 31.0329 22.6766 23.0207 20.3298 23.1609 49.3927 34.9177 43.1075
threshold=95.938238647399757 0 0.64248926378905724 20.550000000000004 382.99500000000006 0.94066717844141279 0.95936279103287792 0.82387993562919115 1 1.0000000180025095e-35 -1.3986170181696778 2 0.63888431953096314 0.95691861501572195 -0.55008542536517735 3 0.92198117898971532 18.650000000000002 0.93158198870884079 4 273.50000000000006 297.50000000000006 5 6 46.454400715746438 7 71.525833333333352 15.000000000000002 169.50000000000003 8
decision_type=10 1 2 2 10 2 2 2 1 2 2 1 10 2 2 1 2 2 2 1 2 2 1 1 10 1 2 2 2 1
left_child=5 -2 3 -3 -5 18 7 10 9 -9 11 14 13 -12 -7 -8 -17 -18 25 20 21 22 -20 24 -23 -1 -27 -28 29 -29
right_child=1 2 -4 4 -6 6 15 8 -10 -11 12 -13 -14 -15 -16 16 17 -19 19 -21 -22 23 -24 -25 -26 26 27 28 -30 -31
leaf_value=0.05088635134063061 -0.14932399238019561 0.48652442265886264 0.97513699977865753 0.013264755556786608 -0.35410897236319999 -0.61034774282257898 -0.066608652455857759 -0.88094975885900761 1.1846583872378207 2.654915868749538 0.11726059637047756 0.0043239281998176541 0.14074241275740071 -0.7036202299667722 -0.19448879317366113 0.016274273658054998 0.82917329825788166 -1.204354835675971 -0.3207629205332504 0.024638942276672033 0.079732989060366771 -0.30346668597582105 -1.1991763616473883 -0.066349243590336435 -1.4129068634414836 0.026346717027080697 0.053979158541785102 -0.23042966723037714 0.012108064955661213 -0.073759603868346083
leaf_weight=131774 5592 3191 7386 1510 609 261 63009 1352 24245 1544 627 1014 9757 433 197 104034 19317 270 1064 9052 2013 534 1003 2929 258 105489 99585 43556 50614 70831
leaf_count=131774 5592 3191 7386 1510 609 261 63009 1352 24245 1544 627 1014 9757 433 197 104034 19317 270 1064 9052 2013 534 1003 2929 258 105489 99585 43556 50614 70831
internal_value=0.000181718 0.00182339 0.00325144 0.000666541 -0.00388019 0.000141404 0.000553125 0.00268114 0.00373834 -0.00293911 0.000346135 -0.00891242 0.00160677 -0.00825636 -0.0281706 0.00010352 0.00058679 0.002471 -3.80331e-05 -0.00211712 -0.00494547 -0.00709138 -0.0137611 -0.00338366 -0.0123138 3.17906e-05 -0.000196089 -0.000495806 -0.00113268 -0.00171327
internal_weight=763050 18288 12696 5310 2119 744762 226060 39430 27141 2896 12289 1472 10817 1060 458 186630 123621 19587 518702 16853 7801 5788 2067 3721 792 501849 370075 264586 165001 114387
internal_count=763050 18288 12696 5310 2119 744762 226060 39430 27141 2896 12289 1472 10817 1060 458 186630 123621 19587 518702 16853 7801 5788 2067 3721 792 501849 370075 264586 165001 114387
cat_boundaries=0 3 5 7 9 12 14 16 18 20
cat_threshold=2684389544 2408126656 1 536903680 925760 2587038848 4032823952 1779439160 3373326544 4074983702 839168685 1 1610633238 302030892 570425346 268476424 404231956 142618785 1621344322 340297244
is_linear=0
shrinkage=0.06


Tree=169
num_leaves=31
num_cat=10
split_feature=16 104 132 129 104 104 110 7 104 19 114 111 111 104 25 104 140 123 99 132 130 104 102 131 104 99 104 109 115 104
split_gain=13.616 19.8059 14.5722 30.4954 71.2057 41.4845 26.8002 21.7491 21.5681 20.7184 22.2192 21.4837 18.2174 44.0709 37.4732 35.587 33.2303 34.5949 34.115 38.2675 28.3584 61.6337 30.8828 27.3551 25.697 25.607 38.4184 25.4377 32.5124 27.2691
threshold=47.552500000000009 0 0.61490419508004501 172.50000000000003 1 2 12.050000000000002 147.27500000000003 3 200.99531250000004 1.4948148763204303 56.500000000000007 70.500000000000014 4 0.87539159713072767 5 7.5000000000000009 0.62579623198831513 0.94353349168649059 0.23014236637527921 -0.91597561503675329 6 50.500000000000007 -0.9159756150367534 7 0.99748108949426018 8 57.500000000000007 1.6956777853009961 9
decision_type=8 1 2 2 1 1 2 2 1 10 2 2 2 1 10 1 2 2 2 2 2 1 2 2 1 2 1 2 2 1
left_child=1 -1 12 4 6 9 7 -4 -8 -5 -11 -12 14 25 20 -16 17 18 -17 -20 21 22 -2 -18 -22 -14 -27 28 -15 -30
right_child=2 -3 3 5 -6 -7 8 -9 -10 10 11 -13 13 27 15 16 23 -19 19 -21 24 -23 -24 -25 -26 26 -28 -29 29 -31
leaf_value=-0.094508592640120764 -0.22334293625241819 0.014111045868715888 -0.18040299254829573 -0.14335549796029035 0.021482398649757359 0.078377754643735545 -0.15553967568599911 -0.34700618127921118 -0.044015361377016747 0.97820578179683226 0.027419937609998286 -0.92515631953969502 0.0057614393559986942 0.30072868133035113 -0.003944918614871987 -0.2663247086214876 0.13320369285442513 -0.032305893559356189 -0.2019405756511729 -0.52336379937279021 -0.020377074557422398 0.012838711023463085 -0.6056306072679577 -0.11963018585707981 0.099012000202106196 -0.78090581450274454 -0.040019899325286337 0.034580606983835173 -1.4112426772766256 -0.026177810136223632
leaf_weight=26229 10647 31185 136 13760 1959 18520 216 340 581 95 56 144 131412 106471 35788 1772 5379 2109 1451 1042 72172 44699 2098 14940 132019 4240 9222 91856 734 1256
leaf_count=26229 10647 31185 136 13760 1959 18520 216 340 581 95 56 144 131412 106471 35788 1772 5379 2109 1451 1042 72172 44699 2098 14940 132019 4240 9222 91856 734 1256
internal_value=0.000173093 -0.000715423 0.000245441 -0.000933813 -0.0064918 -0.000382183 -0.0174626 -0.0288553 -0.0108496 -0.00283876 -0.0185473 -0.0298507 0.000308531 0.000611851 -1.45131e-05 -0.00133469 -0.00299214 -0.00677271 -0.00988045 -0.0144034 0.000300762 -0.000876943 -0.0045555 -0.00180738 0.000632082 -0.000185361 -0.00267756 0.00118836 0.00181064 -0.00578604
internal_weight=762528 57414 705114 35807 3232 32575 1273 476 797 14055 295 200 669307 345191 324116 62481 26693 6374 4265 2493 261635 57444 12745 20319 204191 144874 13462 200317 108461 1990
internal_count=762528 57414 705114 35807 3232 32575 1273 476 797 14055 295 200 669307 345191 324116 62481 26693 6374 4265 2493 261635 57444 12745 20319 204191 144874 13462 200317 108461 1990
cat_boundaries=0 2 5 7 10 13 15 17 19 22 24
cat_threshold=3148879018 1493206266 218634644 197802275 1 2195617512 1769243668 256 12321 1 590598680 2307908164 1 818340730 2157962329 616573189 1048611 1610932386 2533346312 570556952 8454144 1 277087652 1108347267
is_linear=0
shrinkage=0.06


Tree=170
num_leaves=31
num_cat=11
split_feature=111 104 127 104 129 113 104 139 139 104 112 104 59 104 16 104 111 25 133 104 104 129 126 132 104 58 110 104 58 130
split_gain=12.7403 34.3596 31.1249 38.4992 22.3244 21.7551 38.6012 23.5794 32.6867 32.3388 21.7918 24.4554 31.302 18.6142 17.495 16.5095 16.1529 28.5416 25.4932 39.1772 30.1059 31.8749 50.6562 31.2383 24.4519 23.1923 21.72 27.3258 23.3002 26.7669
threshold=43.500000000000007 0 84.974054599140928 1 226.50000000000003 324.50000000000006 2 46.500000000000007 44.500000000000007 3 2.4150000000000005 4 817.21000000000015 5 118.40250000000002 6 79.500000000000014 0.87539159713072767 0.97263757644091875 7 8 166.50000000000003 1005.8750000000001 0.61490419508004501 9 114.35000000000001 10.050000000000002 10 141.29500000000004 -0.78656609248549303
decision_type=2 1 2 1 2 2 1 2 2 1 2 1 10 1 10 1 2 8 2 1 1 2 2 2 1 2 2 1 2 2
left_child=1 -1 14 4 -4 7 -7 8 15 -10 -8 -12 -13 -9 -2 -3 17 26 20 -20 25 23 -23 -22 -25 -18 27 -16 -28 -30
right_child=2 5 3 -5 -6 6 10 13 9 -11 11 12 -14 -15 16 -17 18 -19 19 -21 21 22 -24 24 -26 -27 28 -29 29 -31
leaf_value=0.043775247365777849 -0.0071965637564924984 -0.19818843808062989 0.52473397172227376 0.73333435402265978 -1.3982981483464476 -0.52446458266707385 0.0068804609683808761 -0.31657451773582274 0.014372402149515441 -0.34587214798765514 0.00034568877954015197 -0.1965455288318175 -0.8689407215951882 0.25436793089663506 -0.44361776692104016 -0.0097438926348815853 0.50567161731813959 -0.063779855891962195 -0.26837067560211936 0.10564791196397125 0.051349997937931401 0.65778094057030312 -0.60347123815778791 -0.28010532822652556 -0.10586922216603137 -0.14151435323611466 0.2370681113104699 0.0066264976531611661 -0.076181054361819905 0.11592697650377953
leaf_weight=29508 323749 8760 1018 11525 2199 1095 3140 3598 889 1567 596 377 340 7854 1528 13864 4044 39295 21563 37092 21396 52693 294 105 446 15221 30201 2455 49616 76348
leaf_count=29508 323749 8760 1018 11525 2199 1095 3140 3598 889 1567 596 377 340 7854 1528 13864 4044 39295 21563 37092 21396 52693 294 105 446 15221 30201 2455 49616 76348
internal_value=0.000181769 -0.000580145 0.000260728 0.00298799 -0.00281227 -0.00168064 -0.00518147 -0.00114932 -0.00217934 -0.00875214 -0.0026707 -0.00916438 -0.0165082 0.00110644 0.000201252 -0.00146546 0.000493849 0.000138174 0.000957928 -2.40382e-05 0.00156936 0.00211307 0.00290975 0.000190541 -0.0139022 -0.000546275 0.000493715 -0.00388102 0.000605318 0.00024645
internal_weight=762376 71588 690788 14742 3217 42080 5548 36532 25080 2456 4453 1313 717 11452 676046 22624 352297 199443 152854 58655 94199 74934 52987 21947 551 19265 160148 3983 156165 125964
internal_count=762376 71588 690788 14742 3217 42080 5548 36532 25080 2456 4453 1313 717 11452 676046 22624 352297 199443 152854 58655 94199 74934 52987 21947 551 19265 160148 3983 156165 125964
cat_boundaries=0 2 4 6 8 11 14 16 18 20 22 24
cat_threshold=3089363018 8976088 2684387464 2374051008 17301508 1450182662 1133512193 1678901252 1107296384 2818768896 1 76284032 251789568 1 1167065345 539426849 923010105 1228005729 536920130 340255836 260 6177 2358252836 620763331
is_linear=0
shrinkage=0.06


Tree=171
num_leaves=31
num_cat=0
split_feature=54 132 123 35 111 5 110 120 110 129 139 108 5 125 113 58 126 34 140 123 87 0 110 115 128 130 115 126 111 107
split_gain=14.5918 20.7462 25.1979 27.4529 14.7273 50.813 50.6556 43.0393 59.6745 54.151 39.9102 37.6069 29.524 33.19 49.2116 24.7317 24.6268 29.7893 24.4148 48.1423 24.3726 21.574 21.5663 21.5365 28.0972 21.2052 41.6439 36.4998 25.8468 23.6388
threshold=95.938238647399757 -0.76624641395159687 0.13449470229232158 363.08500000000004 85.500000000000014 1.0000000180025095e-35 7.2500000000000009 71.500000000000014 23.550000000000004 79.500000000000014 35.500000000000007 77.357900000000015 0.98750000000000016 0.14683333333333334 245.50000000000003 141.29500000000004 78.02500000000002 0.69650000000000023 7.5000000000000009 0.33496458509586696 15.500000000000002 77.312500000000014 7.2500000000000009 -1.4110001600851947 0.0094031840575395948 -1.0000000180025095e-35 -2.0390160846427223 143.70000000000002 90.500000000000014 28.601650000000003
decision_type=10 2 2 10 2 10 2 2 2 2 2 2 10 2 2 2 2 10 2 2 10 2 2 2 2 2 2 2 2 2
left_child=4 2 3 -2 12 6 23 8 -8 -10 -9 -12 15 18 -15 -1 -16 -18 19 20 -14 -19 -7 -6 -25 -24 27 -27 -29 -30
right_child=1 -3 -4 -5 5 22 7 10 9 -11 11 -13 13 14 16 -17 17 21 -20 -21 -22 -23 25 24 -26 26 -28 28 29 -31
leaf_value=0.080688953145581555 -0.00061564619127655988 0.70735700437888183 0.12027372273093448 -0.39658378062201854 -0.056311930333178759 0.40517058043516069 0.11828978009123163 -0.11840442585390071 -0.083899195838870566 -0.58642106836201413 -0.40252746430466702 -1.8861992380488459 -0.1258083633151271 0.10414187981071595 -0.126569321121936 -0.0037202561492471289 -0.13897143512608812 0.077824786076956212 0.0057085339303140697 0.021094160002764744 -0.34382083261155649 -0.42003229445629914 0.34507919311727925 -0.36784091193032248 -1.1715471952377952 -0.24968359444376129 0.091103423739026593 0.050912046622164572 -0.67182293962532247 -0.10926867244852141
leaf_weight=81138 772 10771 6096 656 3913 13216 91201 38909 2976 925 1236 130 4100 6564 3874 338631 2600 585 59473 9850 2532 5291 15529 5668 229 2192 52892 214 396 146
leaf_count=81138 772 10771 6096 656 3913 13216 91201 38909 2976 925 1236 130 4100 6564 3874 338631 2600 585 59473 9850 2532 5291 15529 5668 229 2192 52892 214 396 146
internal_value=0.000180502 0.0018545 -0.000562923 -0.00773408 0.000139359 0.000538758 -0.000142284 0.000159421 0.00085562 -0.00641056 -0.00148451 -0.0115611 -3.8963e-05 -0.000994898 -0.00324377 0.000177083 -0.00547486 -0.00728607 -0.000434857 -0.00247819 -0.00642967 -0.00965186 0.00170773 -0.00430537 -0.00659512 0.00129542 0.000749987 -0.00618922 -0.0175482 -0.0245083
internal_weight=762705 18295 7524 1428 744410 229772 145187 135377 95102 3901 40275 1366 514638 94869 18914 419769 12350 8476 75955 16482 6632 5876 84585 9810 5897 71369 55840 2948 756 542
internal_count=762705 18295 7524 1428 744410 229772 145187 135377 95102 3901 40275 1366 514638 94869 18914 419769 12350 8476 75955 16482 6632 5876 84585 9810 5897 71369 55840 2948 756 542
is_linear=0
shrinkage=0.06


Tree=172
num_leaves=31
num_cat=9
split_feature=133 133 104 115 104 133 98 104 114 130 104 136 104 10 104 109 114 104 0 133 120 104 130 114 104 112 72 133 121 127
split_gain=15.5284 56.1609 23.0638 29.8815 21.9763 20.5871 28.9587 28.8871 24.4562 25.3328 23.6685 35.1297 36.6046 24.0655 20.2181 20.0693 31.2093 45.6024 22.17 19.6574 24.238 23.182 24.6332 19.3986 31.0752 19.0809 19.0011 23.3509 18.899 18.9258
threshold=0.94066717844141279 0.95936279103287792 0 -0.30017708643862134 1 0.93158198870884079 -0.38142733947913604 2 1.8429544318467401 0.37940952255126054 3 1.0000000180025095e-35 4 103.60666666666668 5 72.500000000000014 -1.3986170181696778 6 148.50500000000002 0.99932962452255414 97.500000000000014 7 -0.25881904510252113 3.3957990556093347 8 2.3650000000000007 0.9850000000000001 0.95691861501572195 990.6500000000002 1.0000000180025095e-35
decision_type=2 2 1 2 1 2 2 1 2 2 1 2 1 10 1 2 2 1 2 2 2 1 2 2 1 2 2 2 2 2
left_child=5 4 3 19 -2 14 7 -7 -9 -10 11 -8 -13 -14 28 -6 17 18 -17 -3 21 22 -21 25 -25 -4 27 -18 -1 -30
right_child=1 2 23 -5 15 6 10 8 9 -11 -12 12 13 -15 -16 16 26 -19 -20 20 -22 -23 -24 24 -26 -27 -28 -29 29 -31
leaf_value=0.0026616731782623947 -0.004565878817741665 0.044551320874230436 -0.068288287716342738 0.49524385345468491 1.1756078270157195 -0.074916843261458851 -0.15002213829618749 0.24657623261035994 -0.3606443351840361 -1.1020994115000384 0.070051656821833938 -0.042137424123981249 -0.59321674262944846 -1.7876309847584821 -0.0092457115957547235 -0.17527230847126452 -0.013091481409093672 -0.037013434277814936 -0.6566929419767632 -0.43161949913839331 0.60434958913376158 -0.21070773685326996 -0.93334540324532722 0.076102231944457963 -0.58759188588232192 0.057878339253526978 0.17677528270541557 -0.63890701439228348 -0.95446333973746988 0.16404949053363005
leaf_weight=55354 8544 51842 76082 16186 21242 1523 3926 376 702 587 9029 329 217 207 415072 96 951 861 122 216 1188 2185 169 1322 1606 35728 7320 244 218 48793
leaf_count=55354 8544 51842 76082 16186 21242 1523 3926 376 702 587 9029 329 217 207 415072 96 951 861 122 216 1188 2185 169 1322 1606 35728 7320 244 218 48793
internal_value=0.000158116 0.000575393 0.0001407 0.000984108 0.00263427 -1.76418e-05 -0.00207871 -0.0072286 -0.0126551 -0.0166558 -0.000880589 -0.00433817 -0.0162095 -0.027531 4.94036e-05 0.00337978 0.00110307 -0.00850556 -0.0322795 0.000323735 -0.00386592 -0.00714119 -0.0205303 -0.000387036 -0.00520724 -0.000260797 0.00232151 -0.00469064 0.000795873 0.001654
internal_weight=762237 225904 186524 71786 39380 536333 16896 3188 1665 1289 13708 4679 753 424 519437 30836 9594 1079 218 55600 3758 2570 385 114738 2928 111810 8515 1195 104365 49011
internal_count=762237 225904 186524 71786 39380 536333 16896 3188 1665 1289 13708 4679 753 424 519437 30836 9594 1079 218 55600 3758 2570 385 114738 2928 111810 8515 1195 104365 49011
cat_boundaries=0 3 5 7 9 11 13 15 17 19
cat_threshold=15452294 604905256 1 1644724224 309207104 1846397161 2366144340 585187350 2416226989 8405012 299045 168297236 8401057 2150700032 2684355200 8421376 133120 1997537361 16818262
is_linear=0
shrinkage=0.06


Tree=173
num_leaves=31
num_cat=7
split_feature=61 140 46 132 130 104 111 104 139 139 19 16 103 104 104 8 140 24 133 104 1 109 22 109 104 104 115 137 140 61
split_gain=14.1173 24.2128 16.9278 16.7723 18.8249 19.5326 19.0435 21.6889 17.1322 16.0209 15.9424 14.7958 19.2107 19.9984 17.9381 16.8158 51.4914 42.2228 24.3928 18.296 20.7658 15.7837 15.0018 14.6313 27.4021 23.2282 15.3959 24.563 14.3037 29.5064
threshold=5.6786968332733894 4.5000000000000009 113.17500000000001 0.025799818015934263 -0.91597561503675329 0 57.500000000000007 1 64.500000000000014 59.500000000000007 238.03456597222225 47.552500000000009 0.030617763276879904 2 3 93.012500000000017 2.5000000000000004 -19.970659722222212 0.93769647993491489 4 145.59750000000003 77.500000000000014 -11.744999999999996 112.50000000000001 5 6 1.8859116222410479 0.16210544303708729 1.5000000000000002 4.5655193719010283
decision_type=2 2 10 2 2 1 2 1 2 2 10 8 2 1 1 10 2 10 2 1 10 2 10 2 1 1 2 2 2 2
left_child=2 -2 23 4 6 8 7 9 -6 -3 -5 12 14 -14 -4 16 17 19 -18 -13 21 22 -21 25 -25 26 -1 -28 29 -17
right_child=1 3 11 10 5 -7 -8 -9 -10 -11 -12 15 13 -15 -16 28 18 -19 -20 20 -22 -23 -24 24 -26 -27 27 -29 -30 -31
leaf_value=0.027974867958838096 2.7428440279620978 -0.56431333010655327 -0.10246970597471905 -0.070356586116163217 0.64835890708339972 -0.14829246558057732 0.61324507113539117 -0.080280676493461489 -0.60266694342033467 -0.77051929920807705 -0.38172590927768146 -0.0894075286518108 -0.36409827416047169 -0.057446093654272792 0.041463074146880233 -0.25855581644845027 0.049319322533288613 0.059876207639902174 0.25818957321373859 -0.86050007952084839 -0.18899387947673005 -0.23867019137079404 -0.16400788660196397 -0.042481040075639132 0.073804815910949881 -0.11607670727878759 -0.26385004447652133 -0.7441724827635835 -2.9565026200369198e-05 0.35680700637904539
leaf_weight=67802 11607 1280 12984 3465 28101 11360 1704 2604 660 190 1043 5918 1662 2367 17879 1698 106782 8827 29614 453 2278 2067 180 45570 53283 87523 650 210 238099 14291
leaf_count=67802 11607 1280 12984 3465 28101 11360 1704 2604 660 190 1043 5918 1662 2367 17879 1698 106782 8827 29614 453 2278 2067 180 45570 53283 87523 650 210 238099 14291
internal_value=0.000169895 0.00103756 9.30419e-05 0.000468616 0.000811634 0.00127277 -0.00239003 -0.00461742 0.00210434 -0.0104119 -0.00302329 0.000316365 -0.000869744 -0.00476576 -0.000361003 0.000417257 0.000907341 -0.00195812 0.0013217 -0.00445664 -0.00713409 -0.0107071 -0.0189937 -0.000296707 0.000274526 -0.000658253 0.000167926 -0.00780488 0.000116133 0.00185328
internal_weight=762151 62014 700137 50407 45899 40121 5778 4074 28761 1470 4508 445099 34892 4029 30863 410207 156119 19723 136396 10896 4978 2700 633 255038 98853 156185 68662 860 254088 15989
internal_count=762151 62014 700137 50407 45899 40121 5778 4074 28761 1470 4508 445099 34892 4029 30863 410207 156119 19723 136396 10896 4978 2700 633 255038 98853 156185 68662 860 254088 15989
cat_boundaries=0 2 5 8 10 12 15 18
cat_threshold=2380013461 572529127 626133249 34605347 1 2419064995 2573207194 1 3146913002 34284 1646717515 334480984 1300523746 4076095507 1 1293816741 3219134753 1
is_linear=0
shrinkage=0.06


Tree=174
num_leaves=31
num_cat=11
split_feature=8 104 130 104 110 129 111 129 104 114 104 104 124 113 132 104 127 104 119 111 25 104 132 104 5 104 115 132 110 104
split_gain=13.3836 15.9139 14.8387 21.7676 23.4137 21.5697 31.5394 28.4515 34.3815 20.068 52.1717 23.1362 18.1614 24.0412 19.4748 20.3092 17.5991 31.3007 22.0605 20.8289 47.8598 36.7499 27.6167 23.8787 22.1739 29.7008 21.3991 34.256 58.2052 27.7686
threshold=338.58333333333343 0 0.91597561503675362 1 18.650000000000002 60.500000000000007 92.500000000000014 189.50000000000003 2 0.74182104746079536 3 4 0.65833333333333344 328.50000000000006 -0.87342076657365908 5 1.0000000180025095e-35 6 601.50000000000011 84.500000000000014 0.94847200471257598 7 -0.95965000791072852 8 0.98750000000000016 9 -2.0390160846427223 0.26347957579725428 9.3500000000000032 10
decision_type=8 1 2 1 2 2 2 2 1 2 1 1 2 2 2 1 2 1 2 2 10 1 2 1 10 1 2 2 2 1
left_child=2 -2 16 4 5 9 7 -7 -9 10 -4 -11 -5 -14 -15 -16 17 18 -1 24 21 -21 23 -23 -18 -26 27 -22 29 -29
right_child=1 -3 3 12 -6 6 -8 8 -10 11 -12 -13 13 14 15 -17 19 -19 -20 20 26 22 -24 -25 25 -27 -28 28 -30 -31
leaf_value=-0.22353972509575004 -0.40545793182701928 0.28501738491699768 -1.0587095930753141 0.048219884262678224 0.10748092421591493 0.028500401383989155 0.041719954308303407 -0.086288143118043378 -0.5324269947113186 -0.43813937716211759 -0.39906093323789937 0.032694336163185199 -0.13861640653718091 0.32405726733396989 -1.2936968809652745 -0.4833614600819775 0.017092095184378681 0.042884626746422225 -1.0023802454001773 -0.089086328570124398 0.48458082637114264 -0.17835173106516417 0.21288761752461333 0.053288864781753251 -0.096659979770736176 0.010002900013435496 0.37481449689086743 -0.68514004023496033 0.028539019696571074 -0.70073108759426617
leaf_weight=6433 2387 37645 246 42063 6511 4927 15234 5216 8428 990 864 1638 2590 138 213 211 375199 6724 160 49303 2282 5412 57938 5432 39147 48349 34095 205 1313 454
leaf_count=6433 2387 37645 246 42063 6511 4927 15234 5216 8428 990 864 1638 2590 138 213 211 375199 6724 160 49303 2282 5412 57938 5432 39147 48349 34095 205 1313 454
internal_value=0.000162944 0.00123078 0.000103711 -0.000620432 -0.00156941 -0.0021458 -0.00166746 -0.00332727 -0.00473844 -0.00647018 -0.0132313 -0.0036105 0.000304471 -0.00408754 -0.015325 -0.0216847 0.000205924 -0.00195209 -0.00488522 0.000252345 0.000850858 0.000252782 0.00114884 -0.00162988 4.99898e-05 -0.00081013 0.00269241 -0.00131986 -0.00710998 -0.0216455
internal_weight=761747 40032 721715 89269 44054 37543 33805 18571 13644 3738 1110 2628 45215 3152 562 424 632446 13317 6593 619129 156434 118085 68782 10844 462695 87496 38349 4254 1972 659
internal_count=761747 40032 721715 89269 44054 37543 33805 18571 13644 3738 1110 2628 45215 3152 562 424 632446 13317 6593 619129 156434 118085 68782 10844 462695 87496 38349 4254 1972 659
cat_boundaries=0 3 6 8 10 12 14 17 20 22 25 27
cat_threshold=536895552 10313744 1 1931235418 797920348 1 1125908504 184616960 1073758272 50856976 320081944 81988 4262437 3223327490 1024083950 3232847161 1 914762808 193585728 1 2300055810 2149588395 3459848196 4218429362 1 171004992 197144
is_linear=0
shrinkage=0.06


Tree=175
num_leaves=31
num_cat=8
split_feature=121 104 104 132 132 131 104 109 127 125 137 137 119 137 104 104 109 113 111 104 112 132 104 0 54 132 104 136 132 132
split_gain=13.6758 28.1111 26.8901 33.9939 31.5049 38.1395 29.125 37.5249 25.1462 27.0159 20.5088 22.2949 28.7717 28.5149 29.3823 26.4881 23.3425 24.3549 22.5146 21.5479 20.3023 19.5916 19.821 19.4375 18.0679 21.2712 36.2034 30.9973 30.5685 23.932
threshold=989.05000000000007 0 1 -0.13291928626387098 -0.098749067963353782 0.1294095225512602 2 112.50000000000001 1.0000000180025095e-35 0.16478333333333334 0.0015243686735370938 0.01126364564421809 671.50000000000011 0.0057829484964584546 3 4 82.500000000000014 79.500000000000014 53.500000000000007 5 3.6750000000000003 0.36146417736073544 6 87.32916666666668 7.7055260689509577 0.26347957579725428 7 1.0000000180025095e-35 0.16269055358644466 0.61490419508004501
decision_type=2 1 1 2 2 2 1 2 2 2 2 2 2 2 1 1 2 2 2 1 2 2 1 2 8 2 1 2 2 2
left_child=1 10 -2 8 5 6 -5 -8 9 -4 -1 12 13 18 16 -14 -15 -18 19 -12 -20 -3 23 -23 -6 26 -26 -28 -29 -27
right_child=2 21 3 4 24 -7 7 -9 -10 -11 11 -13 15 14 -16 -17 17 -19 20 -21 -22 22 -24 -25 25 29 27 28 -30 -31
leaf_value=0.012999900685704944 -0.0056429399334859791 0.030594658125002044 -0.23705605747354813 -0.098466876243852836 0.057430760030461506 0.20708904425846919 -1.2228200442476929 -0.41988883849136299 0.25526588840870573 -0.75759274547103372 -0.88883919591383398 -0.058155846698386061 -0.40238364102208601 -0.67283978459241367 -0.13211369475269907 -0.12864961269006062 -0.29625539996872907 -0.17341615282548739 0.046728782507410471 -0.11258609664843244 -0.43312202999368271 -0.08550177630787878 -0.024231241459219059 -0.49400174339258063 0.061982681029978406 0.10014520518173679 -0.14070045216837809 4.0275417077361899 -0.42051582574505719 -0.10414122589638378
leaf_weight=39706 255906 158293 2241 710 78086 1620 392 970 105422 158 677 51328 555 456 7156 651 145 1073 9136 2225 169 2410 9654 1270 3328 15694 4480 149 567 7980
leaf_count=39706 255906 158293 2241 710 78086 1620 392 970 105422 158 677 51328 555 456 7156 651 145 1073 9136 2225 169 2410 9654 1270 3328 15694 4480 149 567 7980
internal_value=0.000151981 -0.000177027 0.000348203 0.00083172 0.000109285 -0.005342 -0.0107323 -0.0158106 0.00159546 -0.0044775 -0.000910582 -0.00150375 -0.00309036 -0.00257334 -0.00517042 -0.0120994 -0.0123062 -0.00803281 -0.000694462 -0.00530761 0.000744681 0.00030717 -0.00190146 -0.00564075 0.000291826 -0.000904127 -0.00347402 -0.00659574 -0.0181925 2.12885e-05
internal_weight=762607 284904 477703 221797 113976 3692 2072 1362 107821 2399 113277 73571 22243 21037 8830 1206 1674 1218 12207 2902 9305 171627 13334 3680 110284 32198 8524 5196 716 23674
internal_count=762607 284904 477703 221797 113976 3692 2072 1362 107821 2399 113277 73571 22243 21037 8830 1206 1674 1218 12207 2902 9305 171627 13334 3680 110284 32198 8524 5196 716 23674
cat_boundaries=0 2 5 7 9 11 13 15 17
cat_threshold=2333939872 3233614731 1958916691 1028842581 1 34406400 44040968 168300544 1073741824 2333609984 3222538248 2048 3223914496 1086464594 268444692 2442408 44892680
is_linear=0
shrinkage=0.06


Tree=176
num_leaves=31
num_cat=12
split_feature=132 104 129 6 130 126 104 126 119 104 104 115 126 104 122 104 109 104 111 115 104 104 121 127 104 129 137 104 104 109
split_gain=13.3918 29.5486 17.6743 27.5114 16.4901 25.5604 33.7875 18.0389 25.0472 34.2937 33.9872 17.4961 16.7036 15.5592 14.5152 14.3893 14.5839 21.0102 13.8891 24.0887 39.9645 24.1351 19.7938 18.439 38.3449 24.286 16.6331 42.9478 36.6618 29.9686
threshold=0.61490419508004501 0 181.50000000000003 277.22500000000008 -0.78656609248549303 94.02500000000002 1 147.02500000000003 144.50000000000003 2 3 0.25549710043811585 391.52500000000003 4 0.42754100101152731 5 22.500000000000004 6 34.500000000000007 -1.6853097384528966 7 8 994.85000000000002 84.974054599140928 9 175.50000000000003 0.0021274278612003691 10 11 32.500000000000007
decision_type=2 1 2 10 2 2 1 2 2 1 1 2 2 1 2 1 2 1 2 2 1 1 2 2 1 2 2 1 1 2
left_child=18 4 3 -3 5 6 -2 -6 9 -9 11 -10 -11 -7 -5 -4 17 -17 19 21 -21 -1 -23 26 25 -25 28 -28 -20 -30
right_child=1 2 15 14 7 13 -8 8 10 12 -12 -13 -14 -15 -16 16 -18 -19 23 20 -22 22 -24 24 -26 -27 27 -29 29 -31
leaf_value=0.15568175247863708 -0.1120477219999703 -0.016716412875491256 0.27799986937583177 -0.080790980183532035 0.073350576378345536 -0.28398924848677209 -0.91609353897518575 -0.085234881296390647 -1.0140998042752436 -0.34173388752759076 -0.0002055615383894151 -0.92334403203706739 -0.85645266186825975 0.083575234369229506 -0.47155237005049189 -0.43771651203299428 0.029052461492766538 -0.04698322884762661 -0.014067896802943756 -0.74694249984047312 -0.062985700249121354 -0.099701264493234187 -0.76554852627721681 0.5871297935265356 0.42550893291719022 -0.84421689538910938 0.039216992486393723 -0.0702729696532578 0.50200696435407655 0.042033032613204666
leaf_weight=6171 665 2821 7463 506 5451 830 817 906 226 678 3816 113 178 1262 223 495 12712 1241 226732 965 2569 9037 53 1220 15954 3585 93667 96614 51415 214195
leaf_count=6171 665 2821 7463 506 5451 830 817 906 226 678 3816 113 178 1262 223 495 12712 1241 226732 965 2569 9037 53 1220 15954 3585 93667 96614 51415 214195
internal_value=0.000147211 -0.0009158 0.000327654 -0.00359899 -0.0030327 -0.00658909 -0.012615 -0.00191679 -0.00421054 -0.0102031 -0.00166747 -0.01956 -0.0187128 -0.00231629 -0.0139808 0.000964129 -0.000141918 -0.00529879 0.000206683 -0.00140296 -0.00586591 -0.000369152 -0.00233381 0.000249696 0.00201127 -0.0026848 0.000196123 -0.000280289 0.000380247 0.000858592
internal_weight=762580 40403 25461 3550 14942 3574 1482 11368 5917 1762 4155 339 856 2092 729 21911 14448 1736 722177 18795 3534 15261 9090 703382 20759 4805 682623 190281 492342 265610
internal_count=762580 40403 25461 3550 14942 3574 1482 11368 5917 1762 4155 339 856 2092 729 21911 14448 1736 722177 18795 3534 15261 9090 703382 20759 4805 682623 190281 492342 265610
cat_boundaries=0 2 4 6 7 9 11 13 15 18 21 24 27
cat_threshold=2194438056 1765019649 811272 154144769 2189456928 538181632 8396800 8392960 152309761 620756993 76228706 2293826 536 408499113 2684367393 2826120204 3230757572 1 2684389512 2910912576 1 81453653 1058863185 1 1741873745 374267988 1
is_linear=0
shrinkage=0.06


Tree=177
num_leaves=31
num_cat=8
split_feature=54 104 120 128 53 140 47 90 104 0 126 126 35 104 115 28 132 123 110 104 104 9 114 104 104 104 139 52 19 110
split_gain=13.4679 24.7341 17.9106 29.7825 16.2445 28.2159 32.6316 27.8597 21.8411 17.6509 17.3621 27.7882 17.1291 16.8924 23.0805 19.408 21.2604 19.0722 18.8476 20.7414 16.7087 17.1814 16.1029 17.4942 15.5184 14.9292 16.5728 32.1629 14.3725 15.0889
threshold=76.56808933595066 0 5.5000000000000009 0.052667022712381557 13.223502713974737 21.000000000000004 238.34583333333333 3.5000000000000004 1 180.71625000000003 1638.7500000000002 1695.3000000000002 241.58500000000004 2 -1.5512966824453474 134.89375000000004 -0.94941398590724801 0.38433893637922512 6.3500000000000005 3 4 74.312500000000014 -2.0513402658616124 5 6 7 42.500000000000007 4.5926594501723352 358.9666666666667 18.250000000000004
decision_type=10 1 2 2 8 2 8 2 1 2 2 2 8 1 2 8 2 2 2 1 1 10 2 1 1 1 2 2 10 2
left_child=4 -2 -3 -4 12 9 24 -8 -9 -6 -11 -12 20 -14 -15 17 -17 -16 19 -18 -1 -22 23 -20 -7 -23 -27 -28 29 -26
right_child=1 2 3 -5 5 6 7 8 -10 10 11 -13 13 14 15 16 18 -19 22 -21 21 25 -24 -25 28 26 27 -29 -30 -31
leaf_value=-0.10132376020736739 -0.19029005814445252 0.3029793608770156 -0.030658257893871152 -0.38519911399711881 -0.015884415115286689 -0.08581133957225448 0.012026206552902435 -0.28976177901684685 -0.05601828673360968 0.57002558499112166 -1.6910584773654163 -0.12942069307660009 0.077932315529907162 0.093148951647432865 -0.082312945953452663 0.20187091379976374 -0.58855043520652217 0.20080621544204641 -0.33712841900234225 -0.091372394325385201 0.030656039161329252 0.024410047201319264 -0.05798068792953142 0.59350051200335308 -0.35786981262237144 -0.071112609870727372 -1.0800873829103947 -0.25764903787811805 0.15289080451929238 -0.12207961983979981
leaf_weight=27630 7817 21593 787 134 44199 5036 50574 10533 16772 22063 128 3686 140161 64183 3404 7796 664 16286 1716 1264 72911 33014 146434 7957 3986 47924 100 1230 812 1724
leaf_count=27630 7817 21593 787 134 44199 5036 50574 10533 16772 22063 128 3686 140161 64183 3404 7796 664 16286 1716 1264 72911 33014 146434 7957 3986 47924 100 1230 812 1724
internal_value=0.000155863 0.00139476 0.00240373 -0.00578525 0.000104539 -0.000430946 -0.0011373 -0.000695762 -0.00224017 0.000470568 0.00171505 -0.00202254 0.000253694 0.000478395 0.000182464 -0.000156822 -0.000368288 0.00162409 -0.000519185 -0.00641369 -0.000225513 1.65863e-05 -0.000446345 0.00192454 -0.00411212 -0.000577763 -0.00123934 -0.00784373 -0.00604133 -0.00711259
internal_weight=762518 30331 22514 921 732187 159513 89437 77879 27305 70076 25877 3814 572674 389865 249704 185521 165831 19690 158035 1928 182809 155179 156107 9673 11558 82268 49254 1330 6522 5710
internal_count=762518 30331 22514 921 732187 159513 89437 77879 27305 70076 25877 3814 572674 389865 249704 185521 165831 19690 158035 1928 182809 155179 156107 9673 11558 82268 49254 1330 6522 5710
cat_boundaries=0 3 5 7 9 11 13 16 18
cat_threshold=536905864 2374572096 1 3521205608 2365594560 137037987 226500506 2420117772 2718433281 2306869408 151011458 1610645504 302809092 1684515329 2193613382 1 307925252 606026081
is_linear=0
shrinkage=0.06


Tree=178
num_leaves=31
num_cat=9
split_feature=25 1 140 104 104 0 140 111 120 130 111 104 139 104 104 130 104 110 112 115 104 129 123 111 129 104 104 137 111 113
split_gain=13.4636 14.7253 26.4142 21.194 16.6404 15.9415 21.9715 16.9714 19.5243 14.0026 16.8368 18.4362 17.4274 16.469 13.1086 12.3492 23.5733 25.6726 19.4865 24.9097 21.9352 16.2886 22.8786 19.7236 19.4254 29.648 17.6816 17.3958 18.3604 22.9877
threshold=1.0185372506303481 73.812500000000014 2.5000000000000004 0 1 300.61250000000007 4.5000000000000009 28.500000000000004 7.5000000000000009 -0.91597561503675329 58.500000000000007 2 50.500000000000007 3 4 0.91597561503675362 5 18.450000000000003 1.0350000000000004 -0.54792289849514797 6 60.500000000000007 0.91052814484341871 92.500000000000014 204.50000000000003 7 8 0.44064828010201723 67.500000000000014 288.50000000000006
decision_type=10 8 2 1 1 2 2 2 2 2 2 1 2 1 1 2 1 2 2 2 1 2 2 2 2 1 1 2 2 2
left_child=1 2 3 -1 -4 15 -7 8 -8 10 11 12 -9 -11 -2 -3 17 21 19 20 -18 22 -17 24 -23 -26 -24 28 -27 -30
right_child=14 5 4 -5 -6 6 7 9 -10 13 -12 -13 -14 -15 -16 16 18 -19 -20 -21 -22 23 26 -25 25 27 -28 -29 29 -31
leaf_value=-0.30304415198561069 -0.68516229875425316 0.0086081519395010651 -0.012187369465689038 -0.024322801235999971 0.097714827189113243 2.8390580268592842 -0.21842527848984811 -0.31889928286924962 -0.43302011599902618 -0.1361211571411787 0.4834972343801654 -0.11416664421600978 -0.71293473528298301 0.4032438333855704 -0.0059909090321044189 -0.27206205193836819 -0.85817644214778854 0.13300168397070539 0.044546523693230061 -0.099055623678846697 -0.35021280594378318 0.0075756392122719217 -1.6493560714750977 -0.030730568603072845 -0.0052474930606360862 -0.86708793607995549 -0.69745076120415228 -1.2463353292595676 -0.67706385659439206 -0.21125368143746226
leaf_weight=1270 2661 572439 11575 4767 30412 10271 282 718 99 11891 1481 2844 425 26684 3012 2751 433 5363 41617 2273 444 4035 103 13411 3423 675 235 186 2800 4242
leaf_count=1270 2661 572439 11575 4767 30412 10271 282 718 99 11891 1481 2844 425 26684 3012 2751 433 5363 41617 2273 444 4035 103 13411 3423 675 235 186 2800 4242
internal_value=0.000155045 0.000176866 0.00119363 -0.00251706 0.00172721 0.000108006 0.00109204 0.000513765 -0.0120785 0.000622968 -0.00221832 -0.00424724 -0.010643 0.00102577 -0.00275679 2.57631e-05 -0.000662918 -0.00177833 0.000264907 -0.00428435 -0.0128679 -0.00242527 -0.00656505 -0.00198061 -0.00344838 -0.00472181 -0.0212743 -0.00673768 -0.00630707 -0.0053994
internal_weight=762822 757149 48024 6037 41987 709125 54695 44424 381 44043 5468 3987 1143 38575 5673 654430 81991 37224 44767 3150 877 31861 3089 28772 15361 11326 338 7903 7717 7042
internal_count=762822 757149 48024 6037 41987 709125 54695 44424 381 44043 5468 3987 1143 38575 5673 654430 81991 37224 44767 3150 877 31861 3089 28772 15361 11326 338 7903 7717 7042
cat_boundaries=0 2 4 7 9 11 13 15 17 19
cat_threshold=2286427156 3977263395 2342000168 1763295712 87165189 1048835 1 1646510313 3451864088 813958688 1174503620 1930186842 260983933 141757988 3221291778 51118104 184549408 268697600 184551457
is_linear=0
shrinkage=0.06


Tree=179
num_leaves=31
num_cat=9
split_feature=16 132 99 104 133 133 104 128 122 109 104 132 112 128 104 104 113 104 6 104 104 109 104 115 126 119 111 131 133 109
split_gain=13.7619 15.1347 14.9139 37.2182 30.7484 34.565 80.4266 42.0747 26.6321 25.3037 28.8059 24.3304 21.3223 24.9661 37.5549 22.6113 30.93 20.5997 19.4443 17.6401 17.3631 16.5069 72.9592 32.365 29.9074 22.2488 20.9045 16.1753 16.018 50.5216
threshold=304.03666666666669 0.025799818015934263 0.99748108949426018 0 0.99445195900249039 0.99349222267034787 1 0.001049276442847469 0.2660205089007065 67.500000000000014 2 -0.030098581458670341 1.7550000000000001 0.00044243202224231176 3 4 302.50000000000006 5 448.14500000000004 6 7 267.50000000000006 8 -1.5512966824453474 1896.0500000000004 350.50000000000006 75.500000000000014 1.0000000180025095e-35 0.94066717844141279 52.500000000000007
decision_type=10 2 2 1 2 2 1 2 2 2 1 2 2 2 1 1 2 1 10 1 1 2 1 2 2 2 2 2 2 2
left_child=2 -2 4 17 5 28 7 -7 -9 10 -5 19 18 14 -14 -15 -17 -4 -13 -12 -6 -11 23 -23 25 -25 -24 -10 -1 -30
right_child=1 -3 3 9 20 6 -8 8 27 21 11 12 13 15 -16 16 -18 -19 -20 -21 -22 22 26 24 -26 -27 -28 -29 29 -31
leaf_value=-0.0036970976446537955 0.21771073788461903 -0.10804753673516927 -1.7006165856785151 0.070640715039525667 -0.040088105790236993 0.18130857353286611 0.055844272691197509 -0.20169167775930977 -1.1496087233312835 0.23691753485518469 -1.365017993317009 -0.26946989003513422 -0.4139639645175256 -0.40908448898244554 0.11743437380879738 -1.1251881306887124 -1.1741178668742158 -0.41925866143927321 -2.9630052779674467 1.9750816168453642 0.64520716283544688 0.091489401913753723 0.36815414331819396 -0.26749386981602191 -0.76721869834220702 -0.14829967241400646 -1.0045501500858087 -0.89039620693121801 0.42473315080339497 -0.0073951238440405466
leaf_weight=505067 48817 5458 563 4758 5407 450 3198 255 675 12165 204 3116 270 507 911 493 489 6410 64 1200 15845 529 5656 343 346 766 312 443 46505 91340
leaf_count=505067 48817 5458 563 4758 5407 450 3198 255 675 12165 204 3116 270 507 911 493 489 6410 64 1200 15845 529 5656 343 346 766 312 443 46505 91340
internal_value=0.000138811 0.00105958 6.82521e-05 -0.00107071 0.000134806 6.11453e-05 -0.00489725 -0.0149084 -0.0202052 -0.000207405 -0.00238641 -0.00476201 -0.00647069 -0.0104231 -0.00390355 -0.0155879 -0.0208338 -0.00504038 -0.00314995 0.00232313 0.00238046 0.00109365 -0.00103206 -0.0109654 -0.0156387 -0.0108162 0.002286 -0.024193 9.98769e-05 0.000673143
internal_weight=762562 54275 708287 39102 669185 647933 5021 1823 1373 32129 12012 7254 5850 2670 1181 1489 982 6973 3180 1404 21252 20117 7952 1984 1455 1109 5968 1118 642912 137845
internal_count=762562 54275 708287 39102 669185 647933 5021 1823 1373 32129 12012 7254 5850 2670 1181 1489 982 6973 3180 1404 21252 20117 7952 1984 1455 1109 5968 1118 642912 137845
cat_boundaries=0 2 4 6 9 12 13 15 17 19
cat_threshold=537141784 10698752 2580551564 2148276423 1208521862 373832750 147520 1073741904 1 50348096 2835611664 1 16 50331648 1310720 1611686736 1843408 1342194754 272630812
is_linear=0
shrinkage=0.06


Tree=180
num_leaves=31
num_cat=8
split_feature=8 140 24 132 104 115 104 127 104 109 140 0 126 99 99 24 132 109 122 104 111 104 104 126 111 104 139 139 104 110
split_gain=14.1528 28.767 28.6092 28.1444 42.3666 37.9273 33.8457 30.4621 26.8773 23.4723 22.8857 74.5276 29.5671 40.2638 29.0243 19.1025 18.1582 24.9436 32.4617 29.9705 29.1216 36.6036 27.2494 27.0143 18.8883 30.3196 40.6728 56.413 48.4362 30.7941
threshold=72.27500000000002 2.5000000000000004 -32.747343749999992 -0.99359783145257141 0 -1.299024629217491 1 8.2254398743019639 2 1052.5000000000002 1.5000000000000002 142.53625000000002 182.87500000000003 0.93769647993491489 0.98332250088165762 -1.308680555555547 0.61490419508004501 147.50000000000003 0.36861317187069437 3 78.500000000000014 4 5 182.87500000000003 47.500000000000007 6 41.500000000000007 39.500000000000007 7 25.650000000000002
decision_type=10 2 8 2 1 2 1 2 1 2 2 2 2 2 2 8 2 2 2 1 2 1 1 2 2 1 2 2 1 2
left_child=1 2 -1 4 -3 6 7 9 -5 -6 11 12 13 15 -15 -2 24 18 19 -18 21 23 -22 -20 -12 -26 27 -27 -29 -30
right_child=10 3 -4 8 5 -7 -8 -9 -10 -11 16 -13 -14 14 -16 -17 17 -19 20 -21 22 -23 -24 -25 25 26 -28 28 29 -31
leaf_value=-0.24305601672152169 -0.34826168315605655 0.070096984730426859 0.001798784189586821 -0.081932319906825271 -0.37920390239107798 -0.071678128137496674 -0.074753816036546072 0.003950913471909125 0.09149113101144439 -0.50909146115735038 -0.046154364853479152 1.1105075172785586 0.059263877696423162 -0.71816458255120519 -0.34838987295249607 0.12220297918326604 -0.62104676739039955 0.036076843930450346 -0.69369932406131374 -0.03643371263267043 0.24062485581963067 -0.12386256349934949 -0.21872326417155383 0.018461304521915956 -0.032769938723573581 0.032621732412428446 0.56055883437910703 0.051192251586586378 -0.46972043860904339 -0.53897789645938166
leaf_weight=6095 2866 8647 13788 12138 423 10929 853 187 103676 176 82035 19859 9773 957 1315 3466 568 7474 940 582 4251 1870 6223 290 204181 209275 45938 1784 2124 311
leaf_count=6095 2866 8647 13788 12138 423 10929 853 187 103676 176 82035 19859 9773 957 1315 3466 568 7474 940 582 4251 1870 6223 290 204181 209275 45938 1784 2124 311
internal_value=0.000141107 0.000648971 -0.00148371 0.000958433 -0.00105062 -0.00327307 -0.0117841 -0.0206575 0.00132646 -0.02751 9.62267e-06 0.00143045 -0.00132321 -0.00388797 -0.0107382 -0.00142871 -8.60511e-05 -0.00176819 -0.00320109 -0.0128758 -0.00238055 -0.00748791 -0.000868353 -0.0154714 -1.76155e-05 0.000130881 0.000561326 0.000212858 -0.00665545 -0.01213
internal_weight=762994 156912 19883 137029 21215 12568 1639 786 115814 599 606082 38236 18377 8604 2272 6332 567846 22198 14724 1150 13574 3100 10474 1230 545648 463613 259432 213494 4219 2435
internal_count=762994 156912 19883 137029 21215 12568 1639 786 115814 599 606082 38236 18377 8604 2272 6332 567846 22198 14724 1150 13574 3100 10474 1230 545648 463613 259432 213494 4219 2435
cat_boundaries=0 2 4 6 8 10 12 15 17
cat_threshold=1678084562 283419771 2330072584 185602816 545259648 8386 294387855 423631136 2330990084 1999913378 2341505541 2224232930 1654906955 2429478492 1 88343440 218104193
is_linear=0
shrinkage=0.06


Tree=181
num_leaves=31
num_cat=12
split_feature=54 104 134 129 104 113 99 104 139 104 112 104 110 104 104 101 54 104 111 121 104 8 104 132 104 127 140 115 104 137
split_gain=13.6926 20.0925 15.0795 30.9814 31.4799 23.398 27.7937 62.1383 25.1713 36.8327 25.1029 53.4843 23.0926 20.4679 19.9626 22.4755 25.1043 20.8679 25.6398 18.3625 27.5583 18.3105 22.2195 21.5324 39.1483 56.1952 27.4767 24.0146 26.9426 23.1266
threshold=95.938238647399757 0 1.0000000180025095e-35 31.500000000000004 1 309.50000000000006 0.81304046271159414 2 65.500000000000014 3 4.0050000000000008 4 15.250000000000002 5 6 0.93301270189221952 2.0622503342401326 7 93.500000000000014 996.25000000000011 8 72.27500000000002 9 -0.99359783145257141 10 5.0452610775076936 2.5000000000000004 -0.048352351519276394 11 0.0080707547752903383
decision_type=10 1 2 2 1 2 2 1 2 1 2 1 2 1 1 2 10 1 2 2 1 10 1 2 1 2 2 2 1 2
left_child=2 -2 19 4 12 14 10 8 -8 -10 13 -12 -4 -7 -5 -16 17 -17 -19 21 -21 23 -23 24 25 27 -25 28 29 -1
right_child=1 -3 3 5 -6 6 7 -9 9 -11 11 -13 -14 -15 15 16 -18 18 -20 20 -22 22 -24 26 -26 -27 -28 -29 -30 -31
leaf_value=-0.37636684340972548 -0.16915779583189197 0.33263742515409811 -0.13458839859894542 -0.0039931495044284128 0.013133986092361659 -0.063237619722118943 -0.31891509748635538 0.033241816021571655 -2.0849289873178876 -0.50113819712251306 -1.5371014374453138 -0.003470351050368318 -0.44938866001314037 0.13746431616837618 0.053222169204980574 0.53242689023081391 0.67332871602023425 -0.022759217995777795 -0.81588118571559287 -0.50630589266213633 0.19386240250929798 -0.061296978299971085 0.0066471457692920972 -0.093760434976725412 0.044187150160964785 -0.63842685058535897 0.077933222185880099 -0.036826066471195171 -0.087803102923424942 -0.24674719890331845
leaf_weight=898 4993 13096 3348 39237 6975 13206 7319 12137 215 334 216 584 1745 20389 79703 2684 25192 2095 1046 2582 21412 174304 225293 10553 9245 192 77293 4448 1623 198
leaf_count=898 4993 13096 3348 39237 6975 13206 7319 12137 215 334 216 584 1745 20389 79703 2684 25192 2095 1046 2582 21412 174304 225293 10553 9245 192 77293 4448 1623 198
internal_value=0.000159687 0.00179071 0.000120054 0.000541848 -0.00241213 0.000716302 -0.000349626 -0.00212786 -0.00627643 -0.0186655 0.000684673 -0.00981273 -0.00599177 0.000934933 0.00110299 0.00151502 0.00288549 -0.000664263 -0.00397652 -5.28251e-05 0.00156883 -0.000130023 -0.000314911 0.000577304 -0.00140416 -0.00466567 0.000951837 -0.0038111 -0.00825221 -0.0154688
internal_weight=762555 18089 744466 216425 12068 204357 54400 20005 7868 549 34395 800 5093 33595 149957 110720 31017 5825 3141 528041 23994 504047 399597 104450 16604 7359 87846 7167 2719 1096
internal_count=762555 18089 744466 216425 12068 204357 54400 20005 7868 549 34395 800 5093 33595 149957 110720 31017 5825 3141 528041 23994 504047 399597 104450 16604 7359 87846 7167 2719 1096
cat_boundaries=0 3 6 8 10 12 15 17 20 22 24 26 28
cat_threshold=2684389512 2374572224 1 2329775396 1258359203 1 3171686676 1118075171 2483028228 41953281 38814532 1091342609 2689630434 493324232 1 545464835 281763904 2368248020 738465954 1 536879217 17488 2007058507 3581183516 2346350185 2769950993 160961064 16914688
is_linear=0
shrinkage=0.06


Tree=182
num_leaves=31
num_cat=10
split_feature=134 115 104 115 104 127 104 101 113 111 104 119 0 112 122 104 84 102 126 104 99 118 112 104 127 104 110 104 104 113
split_gain=12.9612 22.9931 43.0748 21.2979 26.3889 20.399 45.2382 37.26 99.9534 44.595 34.6202 32.12 29.3109 30.337 24.5194 27.7483 24.1762 22.9555 21.144 40.0117 20.962 19.7317 19.4004 37.0686 20.2216 32.2853 21.5729 18.8388 18.427 18.1169
threshold=1.0000000180025095e-35 1.8859116222410479 0 -1.0932776015941219 1 8.2254398743019639 2 0.93301270189221952 320.50000000000006 87.500000000000014 3 106.50000000000001 91.71250000000002 3.1350000000000002 0.051766431848503408 4 1.6956250000000004 19.500000000000004 2680.8000000000006 5 0.99748108949426018 1.0000000180025095e-35 3.5350000000000006 6 0.075395888246848466 7 15.250000000000002 8 9 307.50000000000006
decision_type=2 2 1 2 1 2 1 2 2 2 1 2 2 2 2 1 10 2 2 1 2 2 2 1 2 1 2 1 1 2
left_child=29 3 21 5 -5 6 7 9 -9 11 16 12 -2 17 15 -13 -7 -14 20 -20 -8 -3 24 -24 25 26 -6 -19 -16 -1
right_child=1 2 -4 4 22 10 18 8 -10 -11 -12 14 13 -15 28 -17 -18 27 19 -21 -22 -23 23 -25 -26 -27 -28 -29 -30 -31
leaf_value=-0.017838596642916902 -0.13389848770066495 -0.52254623515530363 0.076205578316760655 0.1784858131388222 -0.82812702903713786 0.2900014638127773 0.091351065869698406 0.72080818764703403 -2.3609430915715999 0.18307649363578599 0.23785276633531496 0.043136819213696456 -0.365065822434884 -0.059338919740929724 -0.21622165918667161 -0.49186323401876841 -0.12597682058016094 -0.86358892987030544 -0.32253802673851795 -0.011372578349978952 -0.26980416665936613 -1.1119645269600409 -0.52023812171909267 0.083913940459611994 0.054246432788550701 0.048212506117160957 0.011327089549887766 -0.027846722696953253 0.02551415738971988 0.036406154064085858
leaf_weight=363133 3551 636 1383 51139 1161 6218 25835 5390 379 2983 26818 215 2960 1301 2069 269 16184 822 557 1877 1973 196 337 363 55394 3115 527 912 5041 179756
leaf_count=363133 3551 636 1383 51139 1161 6218 25835 5390 379 2983 26818 215 2960 1301 2069 269 16184 822 557 1877 1973 196 337 363 55394 3115 527 912 5041 179756
internal_value=0.000154892 0.000543838 -0.005537 0.000605821 0.00118172 -6.60601e-06 -0.000788385 -0.00262858 0.00162114 -0.00384824 0.000884988 -0.00502654 -0.00734304 -0.0099016 -0.00211402 -0.015167 -0.00085611 -0.0121482 0.000787757 -0.00457331 0.00125743 -0.0162135 0.000337591 -0.0095863 0.000453205 -0.00328102 -0.00993055 -0.00666052 -0.00122346 -2.44226e-06
internal_weight=762494 219605 2215 217390 112036 105354 56134 25892 5769 20123 49220 17140 9546 5995 7594 484 22402 4694 30242 2434 27808 832 60897 700 60197 4803 1688 1734 7110 542889
internal_count=762494 219605 2215 217390 112036 105354 56134 25892 5769 20123 49220 17140 9546 5995 7594 484 22402 4694 30242 2434 27808 832 60897 700 60197 4803 1688 1734 7110 542889
cat_boundaries=0 3 5 7 10 12 14 17 19 21 23
cat_threshold=139896120 646006821 1 2370849245 2902728487 3214415125 3714062755 1621182915 911189337 1 873464081 69206145 2197536 42074624 8566304 1073856720 1 301990400 1118920784 2492465413 1142950146 16778240 1499465984
is_linear=0
shrinkage=0.06


Tree=183
num_leaves=31
num_cat=10
split_feature=83 102 104 134 102 139 104 130 104 0 98 104 125 126 104 104 58 112 104 130 104 121 129 115 104 125 98 59 104 111
split_gain=11.3992 16.2016 24.925 16.1839 27.2896 40.8444 62.3403 89.9105 32.6038 24.2033 23.4802 32.9029 36.2599 27.5081 30.0708 26.3219 50.9099 21.6638 22.0601 16.3654 25.1035 17.7489 16.2805 16.1784 15.3795 14.9425 14.2689 14.1387 13.6993 13.4055
threshold=1.9850000000000001 62.500000000000007 0 1.0000000180025095e-35 33.500000000000007 30.500000000000004 1 0.37940952255126054 2 71.525833333333352 -0.012900982721897882 3 0.35336666666666672 3027.9000000000005 4 5 1036.9350000000002 3.9450000000000007 6 1.0000000180025095e-35 7 994.75000000000011 142.50000000000003 -0.66606983713531964 8 0.20673333333333335 1.0000000180025095e-35 38.775000000000006 9 70.500000000000014
decision_type=10 2 1 2 2 2 1 2 1 2 2 1 2 2 1 1 2 2 1 2 1 2 2 2 1 2 2 8 1 2
left_child=1 3 -3 27 5 10 7 9 23 -7 11 12 -5 17 -15 -14 -17 -13 -19 20 21 29 24 -6 -21 -23 -24 -1 -8 -12
right_child=-2 2 -4 4 8 6 28 -9 -10 -11 19 13 15 14 -16 16 -18 18 -20 22 -22 25 26 -25 -26 -27 -28 -29 -30 -31
leaf_value=0.075677854192995872 0.024280317747966115 0.032590089766100588 -0.40641975591595803 -0.016398517314007505 -0.01651970618355723 -0.22258250679142014 -0.11900103451022633 2.8662750622201743 0.65435128504363327 -0.64032586416207249 -0.27154007140491387 0.24764165192182158 -0.2320514539949535 -0.32667631228069705 0.045371006005585177 0.090431122207275186 -0.98602792051380517 -0.96370318174071756 -0.090091689251818596 0.063325908754734317 -0.013443101335538556 -0.14824071446133685 -0.27778899459268658 -0.83638014929501525 -0.35410437700553271 -0.97387322056207748 0.19933077237880045 -0.033768695128239344 0.11950540576553431 0.015029644829000904
leaf_weight=19992 432410 4845 5340 5118 2837 197 1226 426 17214 541 2007 30825 638 646 875 210 383 102 214 1657 6318 825 428 985 2173 340 7741 213223 1241 1617
leaf_count=19992 432410 4845 5340 5118 2837 197 1226 426 17214 541 2007 30825 638 646 875 210 383 102 214 1657 6318 825 428 985 2173 340 7741 213223 1241 1617
internal_value=0.000150151 -0.000115317 -0.00247104 -4.0331e-05 0.000659146 5.73091e-05 -0.0061272 -0.0174945 0.0025401 -0.0303004 0.000418913 0.00131667 -0.00263302 0.00208466 -0.00579106 -0.0118782 -0.0208311 0.00247017 -0.0131356 -0.00109681 -0.00275639 -0.00602625 0.0004395 -0.00247013 -0.00278778 -0.0124786 0.00195275 -0.000300622 -0.00068523 -0.00396579
internal_weight=762594 330184 10185 319999 86784 65748 3631 1164 21036 738 62117 39011 6349 32662 1521 1231 593 31141 316 23106 11107 4789 11999 3822 3830 1165 8169 233215 2467 3624
internal_count=762594 330184 10185 319999 86784 65748 3631 1164 21036 738 62117 39011 6349 32662 1521 1231 593 31141 316 23106 11107 4789 11999 3822 3830 1165 8169 233215 2467 3624
cat_boundaries=0 2 4 7 9 11 13 16 18 20 23
cat_threshold=1243729017 3920601171 2299007252 3929020577 575438848 1074085952 1 539036672 745984 2321158816 3937405216 536871936 737280 135410176 32896 1 2571386261 3802405282 1797331076 275758051 341083816 365625602 1
is_linear=0
shrinkage=0.06


Tree=184
num_leaves=31
num_cat=10
split_feature=54 132 111 17 104 104 52 104 133 133 120 124 119 98 104 104 104 98 109 104 104 113 25 126 25 133 119 111 104 104
split_gain=12.8956 21.0986 22.1314 29.3248 22.0099 16.6435 12.2836 12.1469 11.3574 48.6337 26.3861 28.7856 35.7169 25.5453 55.7031 30.5652 23.1628 28.0112 22.4856 22.3301 21.6131 27.855 30.8459 21.7632 21.1284 20.8874 26.6558 32.2593 43.6381 28.3312
threshold=95.938238647399757 -0.76624641395159687 41.500000000000007 336.51250000000005 0 1 170.74532334655564 2 0.94066717844141279 0.96177147954086928 90.500000000000014 0.83500000000000008 578.50000000000011 -0.26762560548918296 3 4 5 0.23014236637527921 157.50000000000003 6 7 292.50000000000006 0.91891403504799463 78.02500000000002 0.98316662802636379 0.93158198870884079 541.50000000000011 69.500000000000014 8 9
decision_type=10 2 2 10 1 1 2 1 2 2 2 2 2 2 1 1 1 2 2 1 1 2 10 2 10 2 2 2 1 1
left_child=8 2 3 6 -4 -3 -2 -8 25 10 11 16 19 14 18 -15 17 20 24 -13 23 -22 -23 -10 -11 -1 27 28 -27 -29
right_child=1 5 4 -5 -6 -7 7 -9 9 13 -12 12 -14 15 -16 -17 -18 -19 -20 -21 21 22 -24 -25 -26 26 -28 29 -30 -31
leaf_value=0.00097899231655491394 0.0032741291328374318 -0.14652462399739197 -1.2039660409754924 -0.64409058093559479 0.44972056312740399 0.93398043411248421 -0.41264231927688583 -0.095670518226754625 -1.6570309128481147 -0.8672256336948273 1.427486129265102 0.082333349061200392 -0.98900812544238526 -0.082132840121524095 0.080267504912849882 0.047430790986627579 0.35076251254630536 0.26306197498633976 -0.23979728669329936 -0.10759572138395719 0.43824003766814351 0.57773220287032412 -0.86127505385336911 -0.23861393030029146 -1.1271183080361797 -0.019371195595310857 0.20980866671525292 -0.41906217403292134 -0.54391728283535179 0.44975511924250922
leaf_weight=501674 1649 2370 775 294 3978 8304 215 565 509 1333 10113 529 135 47946 4403 125661 22705 5661 1063 645 2670 654 817 505 336 2918 2831 2207 4337 4584
leaf_count=501674 1649 2370 775 294 3978 8304 215 565 509 1333 10113 529 135 47946 4403 125661 22705 5661 1063 645 2670 654 817 505 336 2918 2831 2207 4337 4584
internal_value=0.000138796 0.00171891 -0.000725424 -0.00503744 0.00174548 0.00343082 -0.00286667 -0.0090653 0.000100259 0.000455545 0.00222183 0.00143837 -0.00728702 1.63328e-05 -0.00350196 0.000160949 0.00177931 -0.000506511 -0.0102107 -0.00391149 -0.00370636 -0.00176156 -0.00839266 -0.0115083 -0.0145904 -5.43704e-05 -0.00213047 -0.00320097 -0.00598263 -0.000228798
internal_weight=762386 18150 7476 2723 4753 10674 2429 780 744236 225685 44943 34830 1309 180742 7135 173607 33521 10816 2732 1174 5155 4141 1471 1014 1669 518551 16877 14046 7255 6791
internal_count=762386 18150 7476 2723 4753 10674 2429 780 744236 225685 44943 34830 1309 180742 7135 173607 33521 10816 2732 1174 5155 4141 1471 1014 1669 518551 16877 14046 7255 6791
cat_boundaries=0 3 6 8 10 12 14 16 18 20 22
cat_threshold=1610645516 2223049728 1 2684389504 164106304 1 403439661 37755171 1086341355 1457570910 3121612560 3373293696 589676610 423929416 2292565602 2429936284 536903680 270336 1763476200 2634656836 2721644694 2487263817
is_linear=0
shrinkage=0.06


Tree=185
num_leaves=31
num_cat=8
split_feature=54 132 111 35 104 104 134 115 104 113 102 104 132 127 104 99 137 123 137 123 104 34 104 111 130 104 127 132 126 31
split_gain=11.5015 19.3869 21.7972 23.5813 20.3324 17.029 13.5019 24.5231 43.1455 19.5118 23.6991 35.2737 23.51 19.23 27.4617 28.1741 21.3698 21.5699 24.9064 37.0343 32.9109 27.1985 27.4978 27.6952 20.0442 18.9645 31.1281 43.0058 21.6392 19.8392
threshold=95.938238647399757 -0.76624641395159687 41.500000000000007 345.38500000000005 0 1 1.0000000180025095e-35 1.8859116222410479 2 308.50000000000006 62.500000000000007 3 -0.51940496556100924 5.7305436243810632 4 0.4565582053228861 0.44064828010201723 0.31467010681895352 0.22623637047664433 0.025508833657200688 5 0.93550000000000011 6 50.500000000000007 0.37940952255126054 7 31.211025117122379 -0.78789334285648371 371.52500000000003 66.615462235855503
decision_type=10 2 2 10 1 1 2 2 1 2 2 1 2 2 1 2 2 2 2 2 1 10 1 2 2 1 2 2 2 10
left_child=6 2 3 -2 -4 -3 -1 9 -9 13 -11 12 -12 16 24 -16 17 18 19 20 -8 -21 23 -23 -15 28 -27 29 -26 -28
right_child=1 5 4 -5 -6 -7 7 8 -10 10 11 -13 -14 14 15 -17 -18 -19 -20 21 -22 22 -24 -25 25 26 27 -29 -30 -31
leaf_value=-0.0037661272655291232 0.021534862166738576 -0.13823458198425317 -2.2773077447755563 -0.28684724838786413 0.32736874790904286 0.84768795315945544 -0.39039259157512229 -0.54681722873668437 0.25320287006533837 0.0013974109173068292 -0.62377579393394611 -0.053966712392194582 -1.3068182180561174 0.12807972785370478 -0.069428500626673786 0.46496591500467299 0.59037068980360052 0.042987065846534431 0.33237328901299368 -0.022021656323024653 -0.093665064624594979 -0.0014071417782184484 -0.0609447152175863 -0.49444177097511061 0.376918588644375 -0.1777099564284515 -0.82759149483548977 -0.33690444491956389 -0.89777568713723943 -1.6789076438330455
leaf_weight=528165 1388 2620 396 1306 4378 8098 215 1209 995 58512 1011 3484 438 13775 3625 30948 4045 74728 2144 9087 435 337 1452 798 3235 4347 249 782 398 240
leaf_count=528165 1388 2620 396 1306 4378 8098 215 1209 995 58512 1011 3484 438 13775 3625 30948 4045 74728 2144 9087 435 337 1452 798 3235 4347 249 782 398 240
internal_value=0.000147554 0.00163831 -0.000708528 -0.00502263 0.00172649 0.00327344 0.000111144 0.000510204 -0.00578503 0.000574979 -0.000307821 -0.00430118 -0.0121274 0.000946295 0.00180823 0.002877 0.000413827 0.000220366 -0.00190006 -0.00293842 -0.0168664 -0.00216154 -0.0075881 -0.0145288 0.00020211 -0.00195785 -0.00413786 -0.0124009 0.00142097 -0.0263388
internal_weight=762840 18186 7468 2694 4774 10718 744654 216489 2204 214285 63445 4933 1449 150840 57599 34573 93241 89196 14468 12324 650 11674 2587 1135 23026 9251 5618 1271 3633 489
internal_count=762840 18186 7468 2694 4774 10718 744654 216489 2204 214285 63445 4933 1449 150840 57599 34573 93241 89196 14468 12324 650 11674 2587 1135 23026 9251 5618 1271 3633 489
cat_boundaries=0 2 5 8 11 13 15 17 19
cat_threshold=536903688 2223048704 2684389504 227315904 1 2312615736 647316007 1 2500595972 1118844931 1 1888468995 818915416 469930520 1349531808 3409139280 3762554004 277282817 536946688
is_linear=0
shrinkage=0.06


Tree=186
num_leaves=31
num_cat=9
split_feature=25 111 119 104 1 104 139 104 0 115 111 111 122 127 47 104 111 104 104 124 104 132 124 109 16 104 47 104 139 124
split_gain=13.644 14.9899 13.9076 21.0658 12.7959 19.7506 14.3792 27.4057 16.1147 14.9563 14.2083 13.5867 17.7111 16.4977 20.9642 14.3489 13.5395 30.1755 22.088 12.4916 11.8041 11.3448 12.3771 18.6448 10.6764 11.9216 10.9705 22.1588 12.9844 15.6151
threshold=0.99363780137681401 91.500000000000014 41.500000000000007 0 73.812500000000014 1 64.500000000000014 2 321.55000000000007 -1.4929470552410062 71.500000000000014 54.500000000000007 0.52390143676451129 4.8090070642102569 927.39895833333344 3 57.500000000000007 4 5 0.33833333333333343 6 0.17963823861099873 0.034999999999999996 237.50000000000003 57.403750000000009 7 1371.3989583333334 8 39.500000000000007 0.29166666666666669
decision_type=10 2 2 1 8 1 2 1 2 2 2 2 2 2 10 1 2 1 1 2 1 2 2 2 8 1 10 1 2 2
left_child=4 2 3 -2 5 21 8 -8 24 10 16 12 -10 14 19 -15 18 -18 -9 -13 -11 22 23 -1 25 -6 -26 28 -28 -30
right_child=1 -3 -4 -5 6 -7 7 9 11 20 -12 13 -14 15 -16 -17 17 -19 -20 -21 -22 -23 -24 -25 26 -27 27 -29 29 -31
leaf_value=-0.77741136795898602 -0.38400049479427845 0.23659312051735368 -0.030141459160754662 -0.068644984598153616 0.022251939929701602 0.065083119915742005 0.053694267418901577 0.099486552453051824 0.0028640662623142105 -0.55339224355218297 0.21757488204313638 -0.21269775670747157 -0.57882048882043158 -0.0032793400381594035 -0.69319615787720412 1.6989597047824192 0.0284555826539119 -1.1937357117236216 -0.62637102583467874 0.60186471281303644 0.13013521023938171 0.082783183762853235 -0.10019734078138555 -0.12152695506151033 0.015216203164384321 -0.065135551825734175 -0.10598970462643065 0.043215486700497005 -0.10225783260075599 -0.52086050199514355
leaf_weight=180 4412 5176 9774 3969 25909 39824 5104 625 10460 561 448 5492 597 4030 270 13628 331 699 727 7918 1304 2648 4461 410 553121 44110 5914 8220 1126 1165
leaf_count=180 4412 5176 9774 3969 25909 39824 5104 625 10460 561 448 5492 597 4030 270 13628 331 699 727 7918 1304 2648 4461 410 553121 44110 5914 8220 1126 1165
internal_value=0.000140462 -0.0012881 -0.00210013 -0.00389334 0.000185548 0.00113791 0.00012012 -0.00216184 0.000152912 -0.00546324 -0.00822324 0.00128573 -0.000522517 0.00192374 0.000359623 0.0031354 -0.0100663 -0.0152473 -0.00611086 0.000693461 -0.00130225 -0.0016428 -0.00331235 -0.0114721 7.78186e-05 -0.000621337 0.000163772 -0.0013643 -0.00356743 -0.00740576
internal_weight=762613 23331 18155 8381 739282 47523 691759 9799 681960 4695 2830 42395 11057 31338 13680 17658 2382 1030 1352 13410 1865 7699 5051 590 639565 70019 569546 16425 8205 2291
internal_count=762613 23331 18155 8381 739282 47523 691759 9799 681960 4695 2830 42395 11057 31338 13680 17658 2382 1030 1352 13410 1865 7699 5051 590 639565 70019 569546 16425 8205 2291
cat_boundaries=0 2 4 6 8 10 13 15 17 19
cat_threshold=2855405250 1952523480 2306872360 1761624480 1248046681 2912797254 572760201 2374976000 27005056 131232 2684371204 1109404945 1 2693795972 131200 105435925 3862329605 3417642408 3795131235
is_linear=0
shrinkage=0.06


Tree=187
num_leaves=31
num_cat=0
split_feature=54 133 111 17 130 111 25 127 110 130 112 115 31 120 134 127 129 109 114 133 99 125 122 99 114 115 107 122 129 73
split_gain=11.2528 15.8968 17.9214 21.9636 11.2272 21.2886 42.8572 29.1743 66.7455 39.8543 27.823 27.9608 24.5027 24.4655 20.941 23.821 20.1251 34.3137 25.9764 25.1968 19.2551 18.742 18.557 18.5238 18.4396 35.9761 34.0777 28.113 22.6584 19.1037
threshold=95.938238647399757 0.64248926378905724 41.500000000000007 336.51250000000005 0.91597561503675362 84.500000000000014 0.94847200471257598 3.1964488843259504 24.050000000000004 -1.0000000180025095e-35 2.6650000000000005 -1.839756869326306 101.53166745057943 21.500000000000004 1.0000000180025095e-35 0.04991223840506593 60.500000000000007 27.500000000000004 0.30318677944546701 0.1467582803854888 0.99981043035926087 0.26030000000000009 0.2660205089007065 0.99249573635719013 1.4419071038483893 -0.65014361702743195 28.766750000000005 0.4079537006912764 16.500000000000004 168.50000000000003
decision_type=10 2 2 10 2 2 10 2 2 2 2 2 10 2 2 2 2 2 2 2 2 2 2 2 2 2 2 2 2 2
left_child=4 2 3 -2 5 -1 7 9 -9 -7 11 23 -10 20 24 -16 17 18 -6 -19 22 -17 -8 -11 25 28 -26 -28 -13 -30
right_child=1 -3 -4 -5 16 6 13 8 12 10 -12 14 -14 -15 15 21 -18 19 -20 -21 -22 -23 -24 -25 26 -27 27 -29 29 -31
leaf_value=-0.00058077444036436817 -0.08587677626760086 0.56407516201421404 0.21180961469445833 -1.1397876247770331 -0.22967722363853516 0.1164355442860649 -0.20304715066437884 0.21637697792326671 -0.3341453864352088 -0.081502374205040168 0.1770598119675133 0.17041825031708915 -0.68705215356678939 0.86716970904732937 -0.41856163892483311 0.45649578319170991 -0.014133812475539133 0.090294419225808581 -1.2416770427409343 -0.2093102645013627 -0.21735254372444654 -0.14141878921996434 0.1395993889351263 -0.7150001794553873 0.0051034308521164572 -0.18733900413139601 -2.0581752436422756 -1.1164037676048271 -1.218680424814641 -0.58073107793366474
leaf_weight=480488 2425 10688 4804 287 520 27697 156 49719 532 599 5482 591 371 18605 1571 7090 80112 3514 353 8492 234 4698 20591 1034 11818 16370 93 539 693 2236
leaf_count=480488 2425 10688 4804 287 520 27697 156 49719 532 599 5482 591 371 18605 1571 7090 80112 3514 353 8492 234 4698 20591 1034 11818 16370 93 539 693 2236
internal_value=0.00014246 0.00161626 -0.000498071 -0.00439661 0.000106407 0.000194473 0.000769998 0.000247671 0.00137629 -0.000461968 -0.00142868 -0.00189737 -0.014781 0.00250021 -0.00162158 0.000376797 -0.000510302 -0.00271165 -0.0141899 -0.00187591 0.00109551 0.00130189 0.0012889 -0.00960955 -0.00244705 -0.00358051 -0.000636093 -0.0141991 -0.00908265 -0.0112444
internal_weight=762402 18204 7516 2712 744198 651207 170719 131133 50622 80511 52814 47332 903 39586 45699 13359 92991 12879 873 12006 20981 11788 20747 1633 32340 19890 12450 632 3520 2929
internal_count=762402 18204 7516 2712 744198 651207 170719 131133 50622 80511 52814 47332 903 39586 45699 13359 92991 12879 873 12006 20981 11788 20747 1633 32340 19890 12450 632 3520 2929
is_linear=0
shrinkage=0.06


Tree=188
num_leaves=31
num_cat=8
split_feature=89 131 104 109 35 125 133 109 98 104 104 111 110 104 109 58 109 60 137 113 104 31 112 121 113 104 131 104 119 113
split_gain=12.1288 9.93703 30.0213 18.6447 25.7011 19.4209 17.916 43.6333 17.6973 15.8805 14.3286 35.3228 16.1459 11.6942 11.2757 11.2427 11.1697 10.9458 10.2146 26.4105 28.5242 10.9992 10.0421 9.56513 9.05476 18.4061 9.01476 13.0603 11.8172 9.41745
threshold=0 0.91597561503675351 1 72.500000000000014 433.04000000000002 0.017600000000000008 0.99748108949426018 42.500000000000007 0.62837760187664593 2 3 69.500000000000014 16.050000000000004 4 32.500000000000007 348.01000000000005 57.500000000000007 12.10538131143918 0.11615362555050888 261.50000000000006 5 299.60023466257672 2.0850000000000004 994.95000000000016 5.5000000000000009 6 -0.37940952255126015 7 719.50000000000011 204.50000000000003
decision_type=1 2 1 2 10 2 2 2 2 1 1 2 2 1 2 2 2 2 2 2 1 10 2 2 2 1 2 1 2 2
left_child=26 24 10 6 8 -6 13 9 -5 14 11 12 -3 -4 -8 -15 -9 -10 21 -20 -21 -12 -13 -16 25 -2 27 28 -1 -30
right_child=1 2 3 4 5 -7 7 16 17 -11 18 22 -14 15 23 -17 -18 -19 19 20 -22 -23 -24 -25 -26 -27 -28 -29 29 -31
leaf_value=-0.039726448792719631 -0.71213486579580065 -1.8194875244461766 0.7603783713937764 0.042989683097160891 0.36333906915604208 -3.7756423537594017 -0.47081863902478982 -1.1407054938275105 -0.75446851579923835 0.62503712270330736 0.010223890262244463 0.44393382108689777 -0.11150571404386245 0.50343463797879806 -0.4815567101305997 0.047469561938015874 -1.3398255523094948 -0.06704668956750573 0.027200799771672474 -0.65345898968085414 -0.037905961122426862 -1.136619140480803 -0.58601492325573312 -0.64408551502937617 0.014484782150156585 0.021615106051862811 -0.049214322094477778 0.055698944555083098 -0.72108148220010804 -0.17979940017385865
leaf_weight=28933 1084 147 15937 10321 122 193 540 84 128 998 16843 367 58 6788 177 9894 128 210 1200 321 289 545 409 55 502889 2082 113091 47809 69 661
leaf_count=28933 1084 147 15937 10321 122 193 540 84 128 998 16843 367 58 6788 177 9894 128 210 1200 321 289 545 409 55 502889 2082 113091 47809 69 661
internal_value=0.000149234 0.000287388 0.000981279 0.00183412 -0.000320364 -0.0171835 0.00251795 -0.00301967 0.00017955 6.77586e-05 -0.000945319 -0.00797782 -0.0301456 0.00285451 -0.00634483 0.00174037 -0.0286761 -0.0133097 -0.000581602 -0.00487024 -0.0150245 -0.000135258 -0.00219305 -0.0174592 0.000197231 -0.00300095 -0.000265314 0.000233269 -0.000755611 -0.00829001
internal_weight=762372 571809 65754 45575 10974 315 34601 1982 10659 1770 20179 981 205 32619 772 16682 212 338 19198 1810 610 17388 776 232 506055 3166 190563 77472 29663 730
internal_count=762372 571809 65754 45575 10974 315 34601 1982 10659 1770 20179 981 205 32619 772 16682 212 338 19198 1810 610 17388 776 232 506055 3166 190563 77472 29663 730
cat_boundaries=0 1 4 6 7 9 11 13 15
cat_threshold=132 573145226 67987016 1 2147776369 3758096529 128 219427589 729946147 2195458 67118600 581513283 291051128 1627710050 2608283672
is_linear=0
shrinkage=0.06


Tree=189
num_leaves=31
num_cat=12
split_feature=54 104 133 133 120 104 104 98 104 104 132 122 27 111 109 104 104 126 104 104 132 28 104 119 0 104 119 111 104 115
split_gain=11.8029 17.267 11.8111 44.7842 25.2249 29.9951 24.4073 27.2215 27.3994 22.4333 21.4569 18.3169 20.3485 18.1566 20.8903 43.9767 19.063 17.325 16.8045 16.7592 17.5071 30.5355 30.4452 16.822 32.848 38.3608 27.2715 42.6131 41.9931 30.4613
threshold=95.938238647399757 0 0.94066717844141279 0.96177147954086928 87.500000000000014 1 2 -0.26762560548918296 3 4 -0.28415946097701883 0.4079537006912764 294.51250000000005 63.500000000000007 47.500000000000007 5 6 237.20000000000002 7 8 -0.97670382270880773 226.53194444444446 9 169.50000000000003 71.525833333333352 10 41.500000000000007 65.500000000000014 11 0.10028821444837711
decision_type=10 1 2 2 2 1 1 2 1 1 2 2 10 2 2 1 1 2 1 1 2 10 1 2 2 1 2 2 1 2
left_child=2 -2 19 4 9 10 -5 8 -8 -4 -6 -10 -13 14 15 -9 -15 -14 -16 20 21 -1 -23 24 -21 -26 29 28 -28 -27
right_child=1 -3 3 6 5 -7 7 13 11 -11 -12 12 17 16 18 -17 -18 -19 -20 23 -22 22 -24 -25 25 26 27 -29 -30 -31
leaf_value=-0.02032115481327092 -0.07442754183722522 0.37210194880556757 0.27835000979533581 -0.058747274643146774 -4.5476492099277888 1.4153077425332119 0.053202339999979378 -1.2313863048518088 -0.34263655422760625 -0.012300088328735729 2.0554888687427089 -1.0968600167235174 -0.29409454316501071 0.21917570553748822 0.078904228431486922 0.014044618887248398 0.03368664240264186 -1.2080495893224952 -0.07000454993683837 0.031436737328398877 0.10400044136641486 -0.082402599989403441 -0.79441882719175716 0.018949505556326799 -0.142211453858756 0.083310127859168651 -0.0025133489757460806 0.052731838524673454 -0.30584107053289811 -0.17734498268292509
leaf_weight=7988 6342 11903 16791 72154 296 10702 2248 316 1266 17152 184 316 412 37272 12668 633 39077 93 14667 79577 62764 533 464 144007 79869 88416 7070 15173 11207 21411
leaf_count=7988 6342 11903 16791 72154 296 10702 2248 316 1266 17152 184 316 412 37272 12668 633 39077 93 14667 79577 62764 533 464 144007 79869 88416 7070 15173 11207 21411
internal_value=0.000154614 0.00166228 0.000117676 0.000479395 0.00217059 0.00464205 5.80381e-05 0.000624781 -0.00403367 0.00135629 -0.00989817 -0.00895996 -0.0159781 0.00081788 -0.000480679 -0.00922737 0.00129894 -0.00847826 -0.00017669 -4.01672e-05 0.000810953 -0.00166592 -0.0115611 -0.000176881 -0.000430828 -0.000804062 -0.000216612 -0.00171654 -0.00366769 0.000240212
internal_weight=762971 18245 744726 226247 45125 11182 181122 108968 4335 33943 480 2087 821 104633 28284 949 76349 505 27335 518479 71749 8985 997 446730 302723 223146 143277 33450 18277 109827
internal_count=762971 18245 744726 226247 45125 11182 181122 108968 4335 33943 480 2087 821 104633 28284 949 76349 505 27335 518479 71749 8985 997 446730 302723 223146 143277 33450 18277 109827
cat_boundaries=0 3 5 7 9 12 15 17 20 22 24 27 29
cat_threshold=3758131400 2374581448 1 0 663552 4195620665 3381682336 86747140 537860865 2562862969 3835381925 1 14909572 268803 1 8440002 340532764 90407040 539198273 1 134742544 151007360 524800 4096 1625538754 336102940 1 2416181288 2158444608
is_linear=0
shrinkage=0.06


Tree=190
num_leaves=31
num_cat=2
split_feature=121 99 132 127 119 114 111 106 109 132 21 133 127 91 112 59 110 114 119 112 111 84 133 34 110 115 132 132 109 10
split_gain=12.2729 19.8712 31.6556 23.584 22.9433 21.9321 28.7045 36.4244 33.6269 28.6087 35.6789 34.8541 26.3482 25.974 41.6816 30.9006 26.0035 43.8731 23.9256 28.9053 25.4538 30.8268 38.5803 25.7781 35.1599 22.6749 22.3564 30.3325 31.9268 29.6055
threshold=988.95000000000016 0.99958851518450398 0.025799818015934263 1.0000000180025095e-35 614.50000000000011 1.5034641879826174 56.500000000000007 0 62.500000000000007 -0.70822003333690042 289.04833333333335 0.99445195900249039 14.00387169950749 1 1.8550000000000002 269.63000000000005 8.7500000000000018 1.20371378932179 164.50000000000003 2.8450000000000002 90.500000000000014 2.1402083333333337 0.93158198870884079 0.69650000000000023 6.3500000000000005 -1.6534326913703528 0.16269055358644466 0.32917936166072764 572.50000000000011 124.10375000000001
decision_type=2 2 2 2 2 2 2 1 2 2 8 2 2 1 2 10 2 2 2 2 2 10 2 10 2 2 2 2 2 10
left_child=-1 3 -3 4 -2 6 8 -8 -5 10 -7 12 18 14 15 -9 17 -15 20 -20 21 -11 -23 24 -22 -24 -10 28 -28 -30
right_child=1 2 -4 5 -6 9 7 13 26 11 -12 -13 -14 16 -16 -17 -18 -19 19 -21 23 22 25 -25 -26 -27 27 -29 29 -31
leaf_value=-0.010397174077942476 -0.19758504988880396 0.33150131680947714 -0.25289408524282581 -0.31791343824587237 -0.74033142178292499 -0.043331111163218673 -0.14943156426361423 -0.21381446220394912 0.086533013987429755 -0.16351468091828192 1.1041970911922636 0.2510837192368453 -0.19447425439060545 -1.1071253155843483 0.18710088962279683 0.45659431582947457 0.38272023457720777 0.9552001549642789 0.24727847162329991 -0.01107891042698431 -0.37835947429777622 0.030470994835597141 0.23800048384008149 0.33207856024059923 0.027523625565875152 -0.18736488284174188 -0.056442519316447046 0.0051798760926798013 -0.067114914241045889 -0.36389832513902831
leaf_weight=278544 5514 3926 6483 6934 238 13866 11300 23286 29187 29265 19787 16376 15935 1977 41235 5024 103529 1724 17887 33773 1247 42593 2126 9586 16162 16193 1847 5755 669 644
leaf_count=278544 5514 3926 6483 6934 238 13866 11300 23286 29187 29265 19787 16376 15935 1977 41235 5024 103529 1724 17887 33773 1247 42593 2126 9586 16162 16193 1847 5755 669 644
internal_value=0.000139038 0.000321624 -0.00227147 0.000378614 -0.0034396 0.000425558 0.000837821 0.00116363 -0.00052277 1.62526e-05 0.00163541 -0.000254653 -0.000489792 0.00137471 0.000471419 -0.00130126 0.00196044 -0.00298055 -0.000269663 0.000806024 -0.000743925 -0.00122777 -0.000458818 0.000872352 -0.000503503 -0.00276124 0.000176679 -0.00245289 -0.00717494 -0.0143242
internal_weight=762612 484068 10409 473659 5752 467907 233111 188075 45036 234796 33653 201143 184767 176775 69545 28310 107230 3701 168832 51660 117172 90177 60912 26995 17409 18319 38102 8915 3160 1313
internal_count=762612 484068 10409 473659 5752 467907 233111 188075 45036 234796 33653 201143 184767 176775 69545 28310 107230 3701 168832 51660 117172 90177 60912 26995 17409 18319 38102 8915 3160 1313
cat_boundaries=0 1 2
cat_threshold=2 1
is_linear=0
shrinkage=0.06


Tree=191
num_leaves=31
num_cat=9
split_feature=111 104 124 127 104 126 124 104 121 126 121 104 120 104 0 126 104 140 70 104 17 0 21 104 104 121 130 120 122 131
split_gain=13.3629 31.5368 28.8465 28.342 31.4822 23.6274 44.8422 38.8752 24.5115 21.4392 25.3947 24.5668 20.5463 35.462 20.1894 16.5271 20.6399 13.7073 13.687 19.4007 15.8342 13.3566 13.3129 18.7334 12.8713 12.8309 12.1116 29.6345 25.0466 23.65
threshold=42.500000000000007 0 0.098333333333333314 84.974054599140928 1 1738.2000000000005 0.185 2 992.1500000000002 672.95000000000016 993.85000000000002 3 84.500000000000014 4 108.18333333333335 113.62500000000001 5 2.5000000000000004 48.500000000000007 6 303.73500000000007 109.48875000000001 752.87500000000011 7 8 994.25000000000011 0.37940952255126054 89.500000000000014 0.46963868669623915 0.25881904510252057
decision_type=2 1 2 2 1 2 2 1 2 2 2 1 2 1 2 2 1 2 2 1 10 2 10 1 1 2 2 2 2 2
left_child=1 2 -1 18 15 9 7 -7 14 10 24 17 -3 21 -9 16 -5 -11 19 -2 22 -14 26 -24 -4 -17 27 -20 -29 -28
right_child=3 12 5 4 -6 6 -8 8 -10 11 -12 -13 13 -15 -16 25 -18 -19 20 -21 -22 -23 23 -25 -26 -27 29 28 -30 -31
leaf_value=-0.043576342750179638 -0.11980913725109305 0.035091457527403482 0.032489544407723198 -2.9812452674263406 0.91775179679862229 -0.053787218970394096 0.12016966969104242 -0.24711000642042436 -1.3365695062430198 -0.39338747288187048 -0.62237503023072016 -0.2455478722275298 -0.28817316949201488 -0.055317462413202394 -0.60330821636527987 0.15501115676903793 -0.12468851281801774 -0.64471345039741756 0.0027231547519694934 0.10260063973066269 0.17002289318277036 -0.60837148181732548 -1.0553745284953917 -0.10589494532137023 -0.28833931272903224 -3.1045440713754862 0.036872034193107472 0.043489169503578798 0.58691022351573185 -0.062395802757225394
leaf_weight=18345 11771 32178 1338 474 9506 594 3680 133 126 214 78 1655 118 723 281 3852 998 798 288346 70917 44795 99 1539 5845 1597 55 84848 24018 14973 138829
leaf_count=18345 11771 32178 1338 474 9506 594 3680 133 126 214 78 1655 118 723 281 3852 998 798 288346 70917 44795 99 1539 5845 1597 55 84848 24018 14973 138829
internal_value=0.000158692 -0.000685916 -0.00213608 0.000233367 0.00282346 -0.00464564 -0.00155265 -0.0119789 -0.023412 -0.00726633 -0.00379628 -0.0111837 0.00057738 -0.00816153 -0.0308819 -0.000847124 -0.00626477 -0.018522 0.000177153 0.000901063 7.79155e-05 -0.0287632 -9.15452e-06 -0.00253974 -0.00289169 0.00119294 2.47618e-05 0.000257294 0.00180976 -0.000315534
internal_weight=762723 61957 28839 700766 14885 10494 4814 1134 540 5680 3013 2667 33118 940 414 5379 1472 1012 685881 82688 603193 217 558398 7384 2935 3907 551014 327337 38991 223677
internal_count=762723 61957 28839 700766 14885 10494 4814 1134 540 5680 3013 2667 33118 940 414 5379 1472 1012 685881 82688 603193 217 558398 7384 2935 3907 551014 327337 38991 223677
cat_boundaries=0 3 6 8 10 12 14 16 18 21
cat_threshold=1162611093 2138282275 1 2684520584 3723715784 1 1077938320 928219138 1074266257 108005408 2156934144 16392 2147516424 2365661184 536969344 604250624 570425344 646447104 1090521089 393285632 1
is_linear=0
shrinkage=0.06


Tree=192
num_leaves=31
num_cat=8
split_feature=16 69 104 109 111 104 110 127 130 104 72 114 113 126 104 102 104 110 115 104 126 28 126 104 98 19 98 35 127 104
split_gain=11.4053 16.74 22.9961 17.4241 15.1518 20.4431 19.0192 15.4313 14.46 18.6281 13.239 13.1787 13.4729 12.7513 12.5525 12.5016 25.6121 12.9054 12.6062 49.6522 22.5412 24.1054 22.1861 19.2516 16.8378 16.1574 12.9181 12.7179 20.6823 26.0625
threshold=239.51375000000004 7.1500000000000012 0 512.50000000000011 62.500000000000007 1 10.050000000000002 3.8588109029099713 -0.91597561503675329 2 3.2750000000000004 0.35029892029675225 350.50000000000006 1638.7500000000002 3 58.500000000000007 4 8.0500000000000025 1.8859116222410479 5 1346.6000000000001 243.26614583333335 1005.8750000000001 6 -0.931957157303682 115.02430555555556 0.31288844364721724 189.18500000000003 1.0000000180025095e-35 7
decision_type=10 2 1 2 2 1 2 2 2 1 2 2 2 2 1 2 1 2 2 1 2 8 2 1 2 10 2 10 2 1
left_child=1 2 11 -4 8 -6 -7 -8 9 -2 15 -1 -13 -10 -5 18 -17 -18 27 20 21 22 -20 26 25 -23 -24 -3 29 -29
right_child=4 10 3 14 5 6 7 -9 13 -11 -12 12 -14 -15 -16 16 17 -19 19 -21 -22 24 23 -25 -26 -27 -28 28 -30 -31
leaf_value=0.21157074377867172 -0.28510920511024757 -0.021727802970728332 0.11719894007498073 -0.12217449018916453 -0.11601463953850365 -0.094005329514116734 0.11503270978087599 0.95093459059670449 0.19008873945175073 0.032536658947394152 -0.05356346183424044 -0.084924988730671197 -0.62112284494445447 -0.048567059598337958 0.014047884252457959 0.083018644366091077 -0.89258251430304292 -0.21166590952390812 -0.0024359215134926678 0.084231237835012546 -0.01721446272419019 -0.19919273485064692 -0.16030473174312213 -0.08980986143997835 -0.61887895770554879 -0.97903661421661659 -1.0368791904728683 -0.47261616628029207 0.030466748562981521 -0.03317903659591559
leaf_weight=5420 5477 106171 74339 3767 13400 7389 19729 27171 16806 5296 42687 20616 86 16193 9854 11278 110 15281 1748 9202 2096 63 73 322 2080 167 254 2078 338057 5353
leaf_count=5420 5477 106171 74339 3767 13400 7389 19729 27171 16806 5296 42687 20616 86 16193 9854 11278 110 15281 1748 9202 2096 63 73 322 2080 167 254 2078 338057 5353
internal_value=0.000147631 5.16234e-05 0.000711693 0.00117584 0.000708457 0.001271 0.00178884 0.00223492 -0.000161469 -0.00206998 -8.85997e-05 -0.000851337 -0.00154123 0.000461637 -0.000796799 -1.05574e-06 -0.00126457 -0.00285508 7.09998e-05 -0.00158378 -0.00546551 -0.00777782 -0.00356047 -0.0130246 -0.0121506 -0.0275325 -0.0229527 0.000129642 0.00030614 -0.00282481
internal_weight=762563 651102 114082 87960 111461 67689 54289 46900 43772 10773 537020 26122 20702 32999 13621 494333 26669 15391 467664 16005 6803 4707 2397 649 2310 230 327 451659 345488 7431
internal_count=762563 651102 114082 87960 111461 67689 54289 46900 43772 10773 537020 26122 20702 32999 13621 494333 26669 15391 467664 16005 6803 4707 2397 649 2310 230 327 451659 345488 7431
cat_boundaries=0 2 4 7 9 11 14 17 20
cat_threshold=2903512452 2751596544 1646346315 491513368 366087949 1108904759 1 1376291345 16850977 237133116 3921482354 1208106664 3804184581 1 1073881128 545865732 1 88098696 3224399873 1
is_linear=0
shrinkage=0.06


Tree=193
num_leaves=31
num_cat=1
split_feature=132 67 124 131 90 114 121 21 112 131 109 25 121 106 130 112 119 34 25 99 130 132 114 120 127 59 119 120 109 6
split_gain=13.2791 18.6561 15.9479 13.2259 18.6379 25.4774 36.4682 16.399 12.3233 12.1174 11.7621 22.4222 19.1117 22.4877 28.6105 16.4577 28.6553 34.5381 31.8397 47.7955 35.8897 31.7183 25.9649 40.22 25.7684 26.5974 25.62 23.8371 33.1563 32.9741
threshold=0.61490419508004501 130.50000000000003 0.011666666666666641 -0.37940952255126015 2.5000000000000004 1.8518132797612668 992.95000000000016 390.50500000000005 1.635 0.60355339059327384 17.500000000000004 0.91891403504799463 984.75000000000011 0 -0.78656609248549303 1.7750000000000001 131.50000000000003 1.0000000180025095e-35 0.91891403504799463 0.94353349168649059 0.25881904510252091 -0.92558427394243059 -1.2031441247424079 53.500000000000007 7.4394851282643115 176.37000000000003 698.50000000000011 1.0000000180025095e-35 1512.5000000000002 273.36000000000007
decision_type=2 2 2 2 2 2 2 10 2 2 2 10 2 1 2 2 2 10 10 2 2 2 2 2 2 10 2 2 2 10
left_child=10 2 -2 -3 5 8 7 -7 9 -5 11 12 13 -1 -15 16 17 21 22 -20 -21 -12 23 26 -22 -26 -18 28 -24 -30
right_child=1 3 -4 4 -6 6 -8 -9 -10 -11 15 -13 -14 14 -16 -17 18 -19 19 20 24 -23 27 -25 25 -27 -28 -29 29 -31
leaf_value=-0.19154874756539902 -0.13928147650205278 0.035767349123987033 -0.08728043578698183 -0.54776359356621718 0.0066189809650358603 -0.13348783481497087 -0.69648897931830933 -0.53001483162547369 -0.017722293318729723 0.22643667212593024 0.0044112553189253204 1.0711277522132714 0.12057490912026805 -1.3187349452945267 -0.15386870116842905 0.023193471261042483 -0.14740775718051655 0.040840136540413768 0.12523126966008347 -0.28376043872341711 0.002064593367345539 -0.26858590383301012 0.024153583518469069 0.45056397715572727 -0.50796574384258919 0.004951340854923849 -0.50202107140455521 0.20407529185289708 -0.091143603595968931 -0.30782740378657319
leaf_weight=3081 1034 13688 1705 940 13352 2003 650 162 6294 470 21608 7920 29243 84 90 496877 2001 32104 6611 3051 3034 45045 29381 1100 170 160 279 39494 523 391
leaf_count=3081 1034 13688 1705 940 13352 2003 650 162 6294 470 21608 7920 29243 84 90 496877 2001 32104 6611 3051 3034 45045 29381 1100 170 160 279 39494 523 391
internal_value=0.000144031 -0.000915953 -0.00569562 -0.000567252 -0.00141982 -0.00330855 -0.00819247 -0.00444598 -0.00152317 -0.00659107 0.000203174 0.00119765 0.000499954 -0.00386056 -0.0241946 0.000144221 -0.00033894 -0.00103666 0.000460462 -0.00227251 -0.00596166 -0.00181537 0.000947028 -0.00418811 -0.00168678 -0.0175831 -0.00873301 0.00119579 -7.03061e-05 -0.011318
internal_weight=762545 40298 2739 37559 23871 10519 2815 2165 7704 1410 722247 40418 32498 3255 174 681829 184952 98757 86195 13026 6415 66653 73169 3380 3364 330 2280 69789 30295 914
internal_count=762545 40298 2739 37559 23871 10519 2815 2165 7704 1410 722247 40418 32498 3255 174 681829 184952 98757 86195 13026 6415 66653 73169 3380 3364 330 2280 69789 30295 914
cat_boundaries=0 1
cat_threshold=19
is_linear=0
shrinkage=0.06


Tree=194
num_leaves=31
num_cat=0
split_feature=132 7 132 6 122 131 131 122 131 112 110 122 31 21 134 115 47 114 6 119 113 99 84 128 101 107 122 112 115 120
split_gain=11.4073 16.4738 23.7881 24.2959 17.3514 22.4318 16.9821 15.2898 19.1598 13.1399 15.4618 13.4462 12.4904 14.9537 12.404 19.3088 17.3743 19.9658 34.7828 17.0218 16.8087 20.5119 24.4448 18.4301 27.8605 26.4771 22.7222 17.466 17.2519 16.443
threshold=0.61490419508004501 147.27500000000003 0.62837760187664593 281.57500000000005 0.42754100101152731 0.78656609248549303 -0.37940952255126015 0.36861317187069437 0.78656609248549303 1.5150000000000003 16.050000000000004 0.54985774614932226 85.503746250852103 263.00166666666672 1.0000000180025095e-35 1.8859116222410479 1232.9364583333338 2.2479173830692578 334.38500000000005 732.50000000000011 308.50000000000006 0.81800285027139286 1.7597916666666669 0.00059873870855614586 0.93301270189221952 28.460400000000003 0.60950480538920992 0.64500000000000013 1.1988084169945246 87.500000000000014
decision_type=2 2 2 10 2 2 2 2 2 2 2 2 10 10 2 2 10 2 10 2 2 2 10 2 2 2 2 2 2 2
left_child=14 -2 3 -3 -5 -6 -4 8 12 10 -9 -11 13 -8 16 20 -1 18 -18 -19 23 22 -22 26 29 28 -16 -28 -26 -25
right_child=1 2 6 4 5 -7 7 9 -10 11 -12 -13 -14 -15 15 -17 17 19 -20 -21 21 -23 -24 24 25 -27 27 -29 -30 -31
leaf_value=0.0089476713749364854 0.037289692431337972 -0.053160608231970725 0.0675010578880504 -0.09984092443131902 -0.54568148171084119 0.5666262972621805 -0.059330747886800574 -0.077417844986003764 -0.67490359027460467 -0.11248617096225638 -0.5696331083031948 0.27440781283819748 0.14960216452803199 -0.87129911395592541 0.048326934355269531 -0.24785481320593664 -0.058580784341607406 0.16306265475189857 -0.36398051346955906 -2.4477465103176894 0.3191453494245054 -0.072289906507232563 -0.031169889664091462 0.033637582306785638 -0.077346042717683805 0.5320078600641992 0.40929517431015883 -0.34501545159569458 -5.7524903851179907 0.59794684037979196
leaf_weight=492938 12309 2252 9265 644 229 66 79 1000 422 9338 964 3108 411 52 27487 2249 12615 5058 3975 56 13379 25786 21326 73012 3204 27017 1580 7758 104 4648
leaf_count=492938 12309 2252 9265 644 229 66 79 1000 422 9338 964 3108 411 52 27487 2249 12615 5058 3975 56 13379 25786 21326 73012 3204 27017 1580 7758 104 4648
internal_value=0.000145771 -0.000838714 -0.00164708 -0.00652068 -0.0146234 -0.0266554 -0.00101567 -0.00223844 -0.00955026 -0.00174866 -0.0063084 -0.00102868 -0.00207735 -0.0181364 0.00020049 0.000592047 4.25773e-05 -0.0016188 -0.00262914 0.00165865 0.000652629 -0.000187363 0.000764998 0.00100352 0.00139879 0.00294104 -0.000155596 -0.0027125 -0.00212511 0.000796539
internal_weight=762331 40139 27830 3191 939 295 24639 15374 964 14410 1964 12446 542 131 722192 207550 514642 21704 16590 5114 205301 60491 34705 144810 107985 30325 36825 9338 3308 77660
internal_count=762331 40139 27830 3191 939 295 24639 15374 964 14410 1964 12446 542 131 722192 207550 514642 21704 16590 5114 205301 60491 34705 144810 107985 30325 36825 9338 3308 77660
is_linear=0
shrinkage=0.06


Tree=195
num_leaves=31
num_cat=5
split_feature=61 140 88 140 1 13 24 61 104 109 87 104 63 5 119 126 104 104 110 111 67 120 24 59 130 104 24 130 28 133
split_gain=11.6994 23.7871 12.8313 15.8785 80.8718 56.8719 29.1487 27.0853 26.1773 22.6197 22.2237 19.3761 17.9603 17.6582 18.734 15.3425 22.8168 18.1257 16.1476 16.1391 21.1827 14.8153 14.3562 14.2582 14.1547 13.6251 13.3397 13.22 16.6831 23.5906
threshold=5.6786968332733894 2.5000000000000004 0.48223963877687326 2.5000000000000004 147.63333333333335 131.01625000000004 -22.446875000000002 4.7459533343187106 0 512.50000000000011 37.500000000000007 1 2.6210473556224883 0.77950000000000019 662.50000000000011 189.27500000000003 2 3 11.450000000000001 79.500000000000014 94.500000000000014 86.500000000000014 -63.49409722222223 2041.0650000000003 -0.91597561503675329 4 11.992135416666665 0.37940952255126054 159.8572916666667 0.93769647993491489
decision_type=2 2 8 2 10 10 10 2 1 2 10 1 2 10 2 2 1 1 2 2 2 2 10 10 2 1 10 2 8 2
left_child=2 -2 3 4 5 11 9 22 -7 24 -10 -1 -12 -14 -15 17 -17 -4 26 21 -21 25 -6 -22 -5 -20 -19 -8 29 -29
right_child=1 -3 15 6 7 8 27 -9 10 -11 12 -13 13 14 -16 16 -18 18 19 20 23 -23 -24 -25 -26 -27 -28 28 -30 -31
leaf_value=-0.18787803326714736 3.1589204690404915 0.064218470955632836 -0.11119276336602403 3.7198405522961618e-05 -0.36136748011391506 -0.21183401761612858 0.01886326884659088 0.50461144318113671 -0.4570324750805469 -0.022370818790766512 -0.34354779419059228 -0.011766542701201808 -0.55775727794966412 -0.71375722745324854 -0.11684648571410751 0.10298486328844467 -0.008721507966663657 -0.21594859152900411 0.047339623280533906 -0.077328170657835066 0.43880222773616367 0.49715801037021945 0.0075176556169985502 -0.07222435743818835 0.1908964430874123 -0.14505671794587341 0.014769065881943025 -0.035417973608902045 -0.12139128132204274 0.33245391070876057
leaf_weight=4261 7776 54265 75739 19230 2597 2424 125012 18225 1483 25112 463 9042 102 221 65 34338 108247 15578 16129 9228 20903 2103 9293 5183 94413 19820 13558 20151 39402 8537
leaf_count=4261 7776 54265 75739 19230 2597 2424 125012 18225 1483 25112 463 9042 102 221 65 34338 108247 15578 16129 9228 20903 2103 9293 5183 94413 19820 13558 20151 39402 8537
internal_value=0.00014652 0.000936237 7.66118e-05 0.000312493 -0.000705399 -0.00387964 0.000460263 0.00119837 -0.00950872 0.00112363 -0.0140367 -0.00186575 -0.0218239 -0.0313419 -0.0389686 -0.000202801 0.000261106 -0.000573905 -5.37295e-05 0.000420843 0.00134458 -0.000436444 -0.00102935 0.00221858 0.00148374 -0.000722837 -0.00124872 -1.64055e-05 -0.000689078 0.000411587
internal_weight=762900 62041 700859 380033 48176 18061 331857 30115 4758 138755 2334 13303 851 388 286 320826 142585 178241 102502 73366 35314 38052 11890 26086 113643 35949 29136 193102 68090 28688
internal_count=762900 62041 700859 380033 48176 18061 331857 30115 4758 138755 2334 13303 851 388 286 320826 142585 178241 102502 73366 35314 38052 11890 26086 113643 35949 29136 193102 68090 28688
cat_boundaries=0 2 4 6 8 11
cat_threshold=1654891210 2589975628 2648331956 3976272291 308511760 107200 2988674058 3925706 151532144 730073092 1
is_linear=0
shrinkage=0.06


Tree=196
num_leaves=31
num_cat=11
split_feature=25 104 111 104 113 104 130 132 104 125 139 104 115 104 103 28 113 25 120 104 110 104 120 121 104 90 104 126 104 132
split_gain=11.5937 12.1497 11.8252 28.4932 25.4311 35.0544 33.5268 25.021 23.6916 23.6534 20.0593 44.2901 18.1046 19.9822 22.4645 29.7271 19.167 17.5875 35.4752 29.8249 24.2632 25.4088 23.8826 20.9616 39.824 17.9513 16.5686 16.1312 39.5922 16.9239
threshold=1.0185372506303481 0 66.500000000000014 1 131.50000000000003 2 0.91597561503675362 -0.94387377644575288 3 0.053950000000000026 36.500000000000007 4 -1.299024629217491 5 0.61497421480319081 237.79548611111116 335.50000000000006 0.91891403504799463 57.500000000000007 6 7.7500000000000009 7 18.500000000000004 984.75000000000011 8 3.5000000000000004 9 94.02500000000002 10 -0.931957157303682
decision_type=10 1 2 1 2 1 2 2 1 2 2 1 2 1 2 10 2 10 2 1 2 1 2 2 1 2 1 2 1 2
left_child=2 -2 3 -1 5 9 7 -7 12 -4 -10 -12 13 -6 16 -16 -15 20 19 -19 21 -8 -21 24 25 -22 -13 28 29 -5
right_child=1 -3 4 27 8 6 17 -9 10 -11 11 26 -14 14 15 -17 -18 18 -20 22 23 -23 -24 -25 -26 -27 -28 -29 -30 -31
leaf_value=-0.060098582992476231 0.15833479730876363 -0.49515744227089187 0.14151935955476433 0.10994526098533365 0.13328736023690924 -0.018419198663063248 -1.454240557378454 0.63267076670401312 0.024029595780304683 -0.16656315097451871 -0.94523678210189199 0.86618441419130976 -0.066944555114018242 0.030714030537494233 -0.69873846663813088 0.18582098069124334 -0.19786297776290715 -0.13494583138315994 0.49062900858072772 -0.35716006708571674 -0.4588942017011306 0.14255407318472907 -0.57263325201282667 0.31947050253880477 0.022072470245640876 -0.65796143010722496 0.1575392840561459 0.022512002078611596 0.055214659937903809 -0.38856060439358026
leaf_weight=85653 1692 4063 17401 1418 27430 7685 487 41939 158911 18846 1676 13748 101798 18519 275 276 6575 751 1213 352 204 552 555 6321 1231 137 14456 205307 14866 8008
leaf_count=85653 1692 4063 17401 1418 27430 7685 487 41939 158911 18846 1676 13748 101798 18519 275 276 6575 751 1213 352 204 552 555 6321 1231 137 14456 205307 14866 8008
internal_value=0.000144383 -0.00253822 0.000164792 -0.000115869 0.00036527 0.0012196 0.00209255 0.0027765 0.000122457 -0.000260301 0.000573649 0.00199993 -0.000427558 0.000470834 -0.000733162 -0.0127065 -0.000470054 -0.00078126 -0.0048656 -0.0105678 0.00053196 -0.00808269 -0.0177974 0.00166684 -0.00453147 -0.0223125 0.00256332 0.000232542 -0.00122949 -0.00426873
internal_weight=762345 5755 756590 315252 441338 97674 61427 49624 343664 36247 188791 29880 154873 53075 25645 551 25094 11803 2871 1658 8932 1039 907 7893 1572 341 28204 229599 24292 9426
internal_count=762345 5755 756590 315252 441338 97674 61427 49624 343664 36247 188791 29880 154873 53075 25645 551 25094 11803 2871 1658 8932 1039 907 7893 1572 341 28204 229599 24292 9426
cat_boundaries=0 2 4 6 9 11 14 17 20 22 24 26
cat_threshold=173543689 691929121 1149241475 1919946794 854271529 2182930944 825577800 2307385045 1 32768 67108864 288686344 25231877 1 1073780864 1958937668 1 67373076 159389956 1 151001104 67115296 235014196 577769506 325813508 527233
is_linear=0
shrinkage=0.06


Tree=197
num_leaves=31
num_cat=12
split_feature=111 115 104 115 104 128 104 104 123 126 104 111 104 120 102 35 59 111 104 130 132 104 104 119 104 128 110 104 25 104
split_gain=11.5619 27.4199 43.6373 26.5281 24.1843 17.8415 27.286 15.1934 14.6154 19.3015 16.8025 12.9106 12.8993 12.7044 13.8268 13.3308 11.0954 11.6109 30.2835 29.0725 37.828 36.3545 34.8314 30.97 33.643 29.8557 48.9263 51.1915 27.0537 26.0869
threshold=35.500000000000007 -1.6853097384528966 0 -1.4110001600851947 1 0.041597101485909123 2 3 0.89921738257223771 94.02500000000002 4 43.500000000000007 5 1.0000000180025095e-35 45.500000000000007 386.48500000000007 10047.440000000002 70.500000000000014 6 -1.0000000180025095e-35 0.55923163791368669 7 8 78.500000000000014 9 0.0012038874427933168 24.250000000000004 10 0.94847200471257598 11
decision_type=2 2 1 2 1 2 1 1 2 2 1 2 1 2 2 10 10 2 1 2 2 1 1 2 1 2 2 1 10 1
left_child=1 4 3 7 13 16 8 -3 -7 -10 -11 -8 -5 -1 15 -15 17 18 -2 20 21 -19 -22 24 25 -21 -27 -28 29 -25
right_child=5 2 -4 12 -6 6 11 -9 9 10 -12 -13 -14 14 -16 -17 -18 19 -20 23 22 -23 -24 28 -26 26 27 -29 -30 -31
leaf_value=0.25683337498196646 0.025382300364334583 -0.38096841591173369 -0.026650695535670559 -1.3476850632274089 -0.10161436646880317 0.023468974111959012 0.045801453210189989 -0.45189994919705834 0.70865986882816923 -3.2543101020801557 -0.38220591200864645 0.86961672638811527 -0.068269865892198814 -0.20763764075350899 0.00051044855815887669 -0.55616890414482334 0.80856923200263808 -0.06687407394436265 -0.04271858545984384 -0.081693882598873335 -0.23607007970269872 0.19031509633106861 0.062293546346869309 0.18088664172098148 -0.094836552315090708 0.16353565698030958 -0.5024581416989965 0.042895339613364718 0.40829238579036781 -0.049267624080806052
leaf_weight=7309 156901 221 3198 628 9334 7387 3004 356 426 235 355 8483 729 205 774 50 2811 20479 159971 31123 7140 101065 7393 24572 104648 53422 223 247 15063 34274
leaf_count=7309 156901 221 3198 628 9334 7387 3004 356 426 235 355 8483 729 205 774 50 2811 20479 159971 31123 7140 101065 7393 24572 104648 53422 223 247 15063 34274
internal_value=0.000131933 -0.00119868 -0.00505903 -0.0121419 -7.7406e-05 0.000172982 0.0019456 -0.0229723 -0.00065391 -0.00739823 -0.0144162 0.00384432 -0.00761267 0.00226949 -0.00396699 -0.0160547 0.000123965 0.000109203 -0.000162046 0.000324269 0.00103648 0.0013824 -0.00185647 -4.34337e-05 -0.000449437 0.000437161 0.00129167 -0.0179618 0.000998431 0.000417626
internal_weight=762026 22804 5132 1934 17672 739222 19890 577 8403 1016 590 11487 1357 8338 1029 255 719332 716521 316872 399649 136077 121544 14533 263572 189663 85015 53892 470 73909 58846
internal_count=762026 22804 5132 1934 17672 739222 19890 577 8403 1016 590 11487 1357 8338 1029 255 719332 716521 316872 399649 136077 121544 14533 263572 189663 85015 53892 470 73909 58846
cat_boundaries=0 2 5 8 10 13 15 18 21 24 27 30 33
cat_threshold=2289711009 3761308579 2830318620 3224468422 1 2686683274 4255721416 1 4194305 2684420258 2195464 687939712 1 139989633 537985025 406835992 2307908545 1 572719232 9024 1 1258051008 4182050709 1 2278730404 4033884578 1 2203197956 3758100512 1 1309148295 649960737 1
is_linear=0
shrinkage=0.06


Tree=198
num_leaves=31
num_cat=10
split_feature=25 104 83 114 104 119 104 99 102 104 139 104 126 104 140 130 104 120 113 31 104 115 104 139 132 111 139 104 7 111
split_gain=12.4452 11.7707 11.0927 14.0395 31.8828 21.2299 13.4649 17.7093 12.8845 28.4531 15.5096 63.2996 26.5426 16.2799 14.8049 13.1077 18.7146 19.467 15.6709 13.755 12.8285 18.5383 16.5001 12.6744 21.1275 17.2452 31.5773 34.5717 18.5156 17.2113
threshold=0.99363780137681401 0 2.2550000000000003 3.745678740201448 1 596.50000000000011 2 0.96177147954086928 58.500000000000007 3 54.500000000000007 4 69.700000000000017 5 27.000000000000004 -0.78656609248549303 6 1.0000000180025095e-35 74.500000000000014 123.67388553169737 7 -0.048352351519276394 8 46.500000000000007 -0.70822003333690042 39.500000000000007 45.500000000000007 9 239.00500000000002 70.500000000000014
decision_type=8 1 10 2 1 2 1 2 2 1 2 1 2 1 2 2 1 2 2 10 1 2 1 2 2 2 2 1 2 2
left_child=2 -2 3 8 5 -5 7 -4 10 -10 13 12 20 -1 -11 16 17 -13 -19 -20 -12 -22 -23 25 -25 26 -8 28 -28 -26
right_child=1 -3 6 4 -6 -7 23 -9 9 14 11 15 -14 -15 -16 -17 -18 18 19 -21 21 22 -24 24 29 -27 27 -29 -30 -31
leaf_value=0.048711476689332442 -0.36436172029336084 -0.038989696710517663 -0.031241071729714669 -0.79487217986395275 0.019296545995616636 -0.040845907987895336 -0.043934545776843623 0.097543328380403194 0.14157959225950373 -0.089392925796386427 -1.0573439891421257 -0.16476000572409763 0.17466226478618793 -0.014394992665512333 -0.37009060834330937 0.98289336325001075 0.33225860318428402 -1.0718992672085013 -0.63437606140833813 0.83744942700525915 -0.19447007910713968 0.048776910642195692 -1.3041125986913125 0.83520265701163909 -0.078246933465797641 0.047202244618642655 -0.071816263909271635 -0.04588609055082208 -0.30747036433846536 0.60968435478452343
leaf_weight=109112 3890 21167 84656 1130 3189 636 8034 26466 10172 8310 639 1092 2466 268186 8031 13205 2688 96 59 98 2045 317 795 12008 10560 155822 83 663 271 6895
leaf_count=109112 3890 21167 84656 1130 3189 636 8034 26466 10172 8310 639 1092 2466 268186 8031 13205 2688 96 59 98 2045 317 795 12008 10560 155822 83 663 271 6895
internal_value=0.000160159 -0.00115484 0.000204825 9.24451e-06 -0.00316586 -0.0096027 0.000481597 -4.52429e-05 4.60696e-05 -0.00123489 0.000130809 0.00162631 -0.00353706 3.76574e-05 -0.00278461 0.00350212 0.000510164 -0.00524336 -0.0202441 -0.00846835 -0.00669054 -0.0050625 -0.01131 0.000782806 0.00192907 0.000578005 -0.00196796 -0.0119234 -0.0267288 0.000596357
internal_weight=762781 25057 737724 432266 4955 1766 305458 111122 427311 26513 400798 23500 6262 377298 16341 17238 4033 1345 253 157 3796 3157 1112 194336 29463 164873 9051 1017 354 17455
internal_count=762781 25057 737724 432266 4955 1766 305458 111122 427311 26513 400798 23500 6262 377298 16341 17238 4033 1345 253 157 3796 3157 1112 194336 29463 164873 9051 1017 354 17455
cat_boundaries=0 2 5 8 10 13 16 18 20 22 24
cat_threshold=2852126720 1681924224 10712808 2421277313 1 1686147264 936346704 1 234888313 3920171106 12755969 1075274048 1 13284992 604418112 1 387516676 524963 32768 262208 4325377 8192 436994356 2103329
is_linear=0
shrinkage=0.06


Tree=199
num_leaves=31
num_cat=7
split_feature=17 27 115 137 104 127 104 132 103 104 111 111 137 111 104 133 107 132 104 6 47 112 127 104 129 69 104 109 25 130
split_gain=10.7369 11.8143 17.4002 51.6588 20.8942 18.5294 17.7554 15.4864 21.0512 21.0077 18.0802 15.2905 14.214 12.4843 23.8927 13.7543 21.5214 12.6203 12.4975 14.3683 12.4735 22.1127 11.924 11.561 11.329 11.0435 20.0759 14.7519 12.8244 15.3911
threshold=303.73500000000007 325.01333333333338 1.2750493012478665 0.61497421480319081 0 8.8014167019481757 1 -0.13291928626387098 6.5078511944142929e-10 2 44.500000000000007 88.500000000000014 0.083227709543603312 97.500000000000014 3 0.99958851518450398 28.736000000000004 0.025799818015934263 4 412.05500000000006 1334.7635416666669 2.0250000000000004 0.31332262173742714 5 121.50000000000001 7.1500000000000012 6 182.50000000000003 0.99280057222233753 0.25881904510252091
decision_type=10 10 2 2 1 2 1 2 2 1 2 2 2 2 1 2 2 2 1 10 10 2 2 1 2 2 1 2 8 2
left_child=1 25 6 4 24 -5 -3 10 13 -10 -8 -11 -6 17 15 -15 -17 -9 19 -19 23 -22 -14 -12 -4 26 28 -28 -1 -30
right_child=-2 2 3 5 12 -7 7 8 9 11 20 -13 22 14 -16 16 -18 18 -20 -21 21 -23 -24 -25 -26 -27 27 -29 29 -31
leaf_value=0.00028001507052399793 0.11834112876584189 -0.15668489224139945 0.020802238429512756 -1.2796732000614781 0.077107434350255105 -1.8142415998664694 -0.098047578819057998 0.38052436564189307 -0.0038649419629837468 -0.72513948018633967 0.3601828493165925 0.042503957361431324 -0.6740420159660524 -1.0534689355319653 0.030364914795049183 -1.086578927917051 -3.504451882202908 -0.12152480239723168 0.016233717535051897 -0.4980775443775694 -0.40505912198532518 0.34049686221395187 -0.14748992119881843 0.046845043032377652 -0.74884182542444333 0.0056367368355332926 0.15494179231829364 0.0026700910264489271 -0.27449268187690617 0.0067030684003657843
leaf_weight=34489 54282 24418 598 152 5662 156 13213 6822 969 969 29055 265 364 390 871 90 114 7119 8741 705 867 973 675 33686 1759 470536 42822 18696 1323 1419
leaf_count=34489 54282 24418 598 152 5662 156 13213 6822 969 969 29055 265 364 390 871 90 114 7119 8741 705 867 973 675 33686 1759 470536 42822 18696 1323 1419
internal_value=0.000151929 8.95698e-05 -0.000407129 -0.00290424 -0.00208102 -0.0270291 -0.000226181 0.000113237 -0.00112323 -0.00674319 0.000543274 -0.0118843 -0.000365614 -0.000624794 -0.00599591 -0.0151339 -0.0279805 -0.000288096 -0.00118254 -0.00292227 0.000957016 -0.00391092 -0.00681346 0.00109984 -0.00692483 0.000210527 0.000787382 0.00145278 -0.000312389 -0.00426103
internal_weight=762200 707918 138633 9366 9058 308 129267 104849 27055 2203 77794 1234 6701 24852 1465 594 204 23387 16565 7824 64581 1840 1039 62741 2357 569285 98749 61518 37231 2742
internal_count=762200 707918 138633 9366 9058 308 129267 104849 27055 2203 77794 1234 6701 24852 1465 594 204 23387 16565 7824 64581 1840 1039 62741 2357 569285 98749 61518 37231 2742
cat_boundaries=0 3 5 8 10 13 15 17
cat_threshold=268444688 1119568132 1 3770777666 340020824 67650101 733184288 1 67111485 154271776 235671572 1260388769 1 236721972 134230434 2946012932 3825866977
is_linear=0
shrinkage=0.06


Tree=200
num_leaves=31
num_cat=10
split_feature=109 104 133 126 114 98 104 126 104 104 133 133 124 113 104 110 133 109 69 104 104 110 104 114 104 131 110 104 109 119
split_gain=10.4314 22.1182 21.5829 15.521 21.3386 30.5176 15.8894 15.0751 25.2886 15.7285 19.2146 27.7408 24.1555 19.8219 42.9438 27.2894 31.6803 17.8878 14.2652 15.2338 14.2632 19.4335 13.4902 13.1228 42.3627 27.7997 13.091 22.4793 19.8698 31.0374
threshold=1222.5000000000002 0 0.24788919046402172 1638.7500000000002 -0.49383638869931551 -0.94387377644575288 1 1638.7500000000002 2 3 0.94066717844141279 0.96177147954086928 0.21833333333333338 18.500000000000004 4 23.150000000000002 0.73721509932751383 12.500000000000002 7.3500000000000005 5 6 13.250000000000002 7 -2.1982204702576751 8 0.1294095225512602 29.150000000000002 9 1062.5000000000002 645.50000000000011
decision_type=2 1 2 2 2 2 1 2 1 1 2 2 2 2 1 2 2 2 2 1 1 2 1 2 1 2 2 1 2 2
left_child=7 2 -2 4 5 -4 -7 9 -9 -1 13 22 18 14 15 16 17 -11 19 -13 21 -14 -12 24 25 -15 -10 28 -28 -30
right_child=1 -3 3 -5 -6 6 -8 8 26 10 11 12 20 23 -16 -17 -18 -19 -20 -21 -22 -23 -24 -25 -26 -27 27 -29 29 -31
leaf_value=0.044895030437540291 -0.19559452894815663 0.13724873192867082 0.1499948884193697 0.18777454610351357 -0.01134887085664643 -0.26659746071682222 -0.38980630540219574 0.022055764775366311 -0.063131895627962287 -0.13301861000379805 -0.10788218180866412 -0.035683010824203103 -0.24842313903281651 0.067881349083390122 -0.13132512353311843 0.34098309974602042 -0.37276947214393041 -1.1439450024868532 0.059908314807014064 0.32093692534881119 0.022099428896289235 0.031953988592875411 0.37668661250797214 -0.011349362179961839 0.050056328299096946 -0.71100119887811319 -0.03803097712272744 -0.0076664529516466545 0.17268079420361279 -0.46951450313310189
leaf_weight=259483 2683 15038 208 5405 1929 101 143 40290 47540 99 3969 1965 18745 730 6550 361 549 478 18878 7689 38691 11439 21810 249579 4173 1779 409 1316 217 526
leaf_count=259483 2683 15038 208 5405 1929 101 143 40290 47540 99 3969 1965 18745 730 6550 361 549 478 18878 7689 38691 11439 21810 249579 4173 1779 409 1316 217 526
internal_value=0.00014011 0.00133299 -0.000784923 0.000813664 -0.00322166 -0.0149404 -0.0292898 9.88384e-05 -0.000627382 0.000200199 -4.18997e-05 0.000576977 0.000113769 -0.000330353 -0.00326424 -0.0124286 -0.0171109 -0.026917 0.00158175 0.00345769 -0.000494366 -0.00147163 0.00232715 -0.000238326 -0.00286219 -0.00900238 -0.00152846 -0.00578858 -0.0118555 -0.0177984
internal_weight=762772 25507 10469 7786 2381 452 244 737265 90298 646967 387484 123186 97407 264298 8037 1487 1126 577 28532 9654 68875 30184 25779 256261 6682 2509 50008 2468 1152 743
internal_count=762772 25507 10469 7786 2381 452 244 737265 90298 646967 387484 123186 97407 264298 8037 1487 1126 577 28532 9654 68875 30184 25779 256261 6682 2509 50008 2468 1152 743
cat_boundaries=0 3 5 8 10 12 14 16 18 21 23
cat_threshold=1699221797 1806991655 1 1627389952 1610907648 3002544200 274228182 1 151525302 262413609 2690711560 512 2182086656 3758096514 3054510089 3222331584 33587200 272769024 847421440 3759669254 1 134743941 1654790145
is_linear=0
shrinkage=0.06


Tree=201
num_leaves=31
num_cat=6
split_feature=89 13 104 43 140 140 23 126 3 85 61 7 34 1 99 104 104 68 119 104 133 110 119 13 133 104 111 20 47 130
split_gain=10.5677 12.6785 12.171 10.7756 48.5125 27.3095 39.9809 32.1537 28.5263 20.3113 20.306 20.1596 17.6009 19.5726 19.9107 19.2733 17.5382 17.1911 17.0088 16.6077 20.4726 18.1297 15.798 15.8715 15.216 36.1255 23.4721 14.7304 14.4807 13.4486
threshold=0 45.335416666666674 1 93.946507713875562 2.5000000000000004 7.5000000000000009 -17.986250000000002 158.07500000000002 132.33381666666671 13.450000000000001 4.7707058104574918 169.69500000000002 1.0265000000000002 150.02500000000003 0.99748108949426018 2 3 20.750000000000004 273.50000000000006 4 0.94066717844141279 19.050000000000004 563.50000000000011 108.76250000000002 0.91852788691372023 5 70.500000000000014 104.41333201082708 980.33437500000002 -0.37940952255126059
decision_type=1 8 1 2 2 2 8 2 10 10 2 2 10 8 2 1 1 2 2 1 2 2 2 10 2 1 2 10 10 2
left_child=1 2 -1 5 -5 6 7 9 -9 10 16 -7 -8 14 15 -14 -2 22 -16 20 21 24 -10 -24 28 26 -26 -11 -13 -6
right_child=3 -3 -4 4 29 11 12 8 17 27 -12 19 13 -15 18 -17 -18 -19 -20 -21 -22 -23 23 -25 25 -27 -28 -29 -30 -31
leaf_value=-0.13929236083058355 -0.93800833557112295 0.035792689903163186 0.0043171253694504119 0.91216291856549014 -0.058979553774027776 0.055586960936541883 0.025233343352379204 -0.051345240374556393 -0.13101925407913442 -0.16799260598487997 -0.32387489312778389 -0.11759302919936604 -0.38212542569179481 0.035716533485074482 0.25278655469848643 -0.12720496858861693 -0.50014895739420817 -0.13531113635717298 -0.3879197348734385 0.015086560278474569 0.038517667470061134 -0.024066168777000529 -0.069899611513178639 -0.50602155066600074 -1.2257856539826675 -0.19067252996491363 -0.31365932644175998 -1.5465235958723276 -0.31256998479683301 0.056862230947244539
leaf_weight=5167 593 273491 7939 19018 50236 50841 41927 20091 232 5883 1885 16785 569 3903 55 3942 1203 1053 147 123716 21110 23290 100 372 272 1912 552 431 4148 82106
leaf_count=5167 593 273491 7939 19018 50236 50841 41927 20091 232 5883 1885 16785 569 3903 55 3942 1203 1053 147 123716 21110 23290 100 372 272 1912 552 431 4148 82106
internal_value=0.000132422 0.000420303 -0.00140261 -4.07821e-05 0.000377376 -0.000235523 -0.00117936 -0.00284455 -0.00155485 -0.00566326 -0.00920532 8.49702e-05 -0.000130223 -0.00259998 -0.00520195 -0.00437367 -0.0137696 -0.00888396 -0.0235862 -0.000196625 -0.000949265 -0.00164706 -0.0161362 -0.0224271 -0.00281648 -0.00702375 -0.0174323 -0.00359715 -0.00226627 -2.98313e-05
internal_weight=762969 286597 13106 476372 151360 325012 82386 31843 21848 9995 3681 242626 50543 8616 4713 4511 1796 1757 202 191785 68069 46959 704 472 23669 2736 824 6314 20933 132342
internal_count=762969 286597 13106 476372 151360 325012 82386 31843 21848 9995 3681 242626 50543 8616 4713 4511 1796 1757 202 191785 68069 46959 704 472 23669 2736 824 6314 20933 132342
cat_boundaries=0 1 3 5 7 9 11
cat_threshold=50 2845708582 151146976 2400721028 620763554 2586842680 3994681472 1722243138 818414104 16450 809500696
is_linear=0
shrinkage=0.06


Tree=202
num_leaves=31
num_cat=9
split_feature=19 104 132 113 132 130 104 8 130 22 98 104 104 114 124 104 129 111 135 104 104 119 132 132 104 137 130 104 102 127
split_gain=10.7214 14.581 11.9892 11.8836 15.1221 16.4246 11.5135 9.89797 17.7818 20.7594 16.3142 31.5867 17.6797 17.6555 16.8912 25.171 14.7716 22.5346 14.1208 27.1799 18.8535 18.1327 21.3124 20.8934 16.3497 15.7991 15.0992 38.7936 35.2792 29.5284
threshold=319.9461805555556 0 -0.26762560548918296 301.50000000000006 -0.25101255527900046 -1.0000000180025095e-35 1 82.770833333333357 -0.98296291314453399 -11.744999999999996 -0.931957157303682 2 3 1.2458205671356957 0.034999999999999996 4 64.500000000000014 48.500000000000007 1.0000000180025095e-35 5 6 201.50000000000003 0.16269055358644466 0.37744852145085445 7 0.042730530857558173 -0.78656609248549303 8 50.500000000000007 169.45459238484415
decision_type=10 1 2 2 2 2 1 10 2 10 2 1 1 2 2 1 2 2 2 1 1 2 2 2 1 2 2 1 2 2
left_child=7 2 -2 4 5 6 -4 8 9 -1 11 13 -12 -10 15 16 -13 -18 20 21 -9 22 25 -24 -25 -20 27 28 29 -22
right_child=1 -3 3 -5 -6 -7 -8 18 10 -11 12 14 -14 -15 -16 -17 17 -19 19 -21 26 -23 23 24 -26 -27 -28 -29 -30 -31
leaf_value=-0.40165729602419442 0.18415447227020032 0.46905519288750508 -1.1685034359711874 0.38945033428945436 -0.47211050745126126 -0.30701699207272726 -2.1094704638088571 -0.042097255744370343 -0.020821272550964966 0.024102000842222596 -0.078854350042921614 -0.14430611787882891 0.068790783473501108 -0.14800348438916253 0.04080235281322106 0.032081863995476627 0.062407521265745704 -0.44845243770731569 -0.29516626306545357 0.21063724957231339 -0.12390483211932872 0.28046385277926966 0.80996030257406171 -0.48076489165061287 0.043785475097010064 0.60691858792711184 0.035760343981221576 0.01492677331159894 -0.57295270440084023 -0.8949107082745732
leaf_weight=1452 5933 15876 107 589 1113 137 155 207762 13992 1721 17321 1186 103337 9923 49736 2068 78 154 15732 40159 13207 9524 3628 1322 3244 997 186220 52978 2478 135
leaf_count=1452 5933 15876 107 589 1113 137 155 207762 13992 1721 17321 1186 103337 9923 49736 2068 78 154 15732 40159 13207 9524 3628 1322 3244 997 186220 52978 2478 135
internal_value=0.000134709 0.00138514 -0.000698073 -0.00459277 -0.0074078 -0.017415 -0.0261901 9.42151e-05 0.000453443 -0.00400189 0.000524935 -0.000156576 0.000960625 -0.00196732 0.000657337 -0.00337941 -0.00949755 -0.023382 -4.01273e-05 0.000725884 -0.000163619 -0.000510708 -0.00136182 0.00114509 -0.00155551 -0.00258972 0.00018205 -0.000577508 -0.00318363 -0.00196418
internal_weight=762264 23910 8034 2101 1512 399 262 738354 200968 3173 197795 77137 120658 23915 53222 3486 1418 232 537386 74606 462780 34447 24923 8194 4566 16729 255018 68798 15820 13342
internal_count=762264 23910 8034 2101 1512 399 262 738354 200968 3173 197795 77137 120658 23915 53222 3486 1418 232 537386 74606 462780 34447 24923 8194 4566 16729 255018 68798 15820 13342
cat_boundaries=0 2 3 5 7 9 11 14 16 18
cat_threshold=644067881 1302544390 604017184 3641708706 151537066 612663312 536944704 40635916 2190481924 2712908596 2333073925 1980517578 3061108248 1 8528400 184582148 15925248 258
is_linear=0
shrinkage=0.06


Tree=203
num_leaves=31
num_cat=11
split_feature=109 104 132 137 110 104 114 120 127 125 104 115 104 104 132 115 104 127 58 130 104 104 139 132 104 104 115 130 104 127
split_gain=10.7357 19.638 15.489 12.862 12.3183 41.1989 26.6436 36.5203 32.7233 37.1803 29.5064 28.8406 26.9606 23.6624 40.6824 35.0477 32.2391 23.3989 30.5498 29.3534 28.8597 28.5511 23.0166 128.677 74.7686 25.7395 20.3477 36.4108 22.7902 20.3199
threshold=1222.5000000000002 0 -0.96875021044074028 0.85826565528689469 23.350000000000005 1 -1.4970379956922566 18.500000000000004 4.6986989238222678 0.46671666666666667 2 2.0018158224955824 3 4 -0.030098581458670341 1.1988084169945246 5 7.4394851282643115 3119.6300000000006 -0.91597561503675329 6 7 53.500000000000007 -0.67086170185690197 8 9 -0.44377614286536882 0.12940952255126045 10 47.090948817093043
decision_type=2 1 2 2 2 1 2 2 2 2 1 2 1 1 2 2 1 2 2 2 1 1 2 2 1 1 2 2 1 2
left_child=4 2 -2 -4 13 -6 7 12 -8 11 -11 22 -7 14 15 17 -17 18 -1 20 -19 -21 26 24 -24 -25 -10 -28 -29 -16
right_child=1 -3 3 -5 5 6 8 -9 9 10 -12 -13 -14 -15 29 16 -18 19 -20 21 -22 -23 23 25 -26 -27 27 28 -30 -31
leaf_value=0.1471974150508692 -0.17552352245041569 0.12879063006698921 0.058759661177672201 -0.57508255575559508 0.029917992251237164 -0.09890330293642749 0.023446625005875413 -0.085874376506335628 -0.060110608940479322 -1.0864766540328383 -0.2509989975887188 -0.96152218699873004 -0.59387936445785505 -0.008486606908777285 -0.013308772732285683 0.075280018020136411 -0.42238877260721719 -0.32118001501171761 -0.29535110296688821 -0.56093597921026284 0.20027137061254827 0.92509775257626803 -0.15882478753197632 -0.85721610499822809 -0.89072035226986734 0.12787566140651788 -0.11627471139225076 -0.57738947515388173 -0.4604863343808806 -0.5872785855860736
leaf_weight=77445 2507 15756 7194 137 58407 572 24231 3679 24054 334 403 75 964 360021 109642 3538 3724 3396 3497 3647 4255 49669 328 820 382 2559 1166 206 307 64
leaf_count=77445 2507 15756 7194 137 58407 572 24231 3679 24054 334 403 75 964 360021 109642 3538 3724 3396 3497 3647 4255 49669 328 820 382 2559 1166 206 307 64
internal_value=0.000126758 0.00133479 -0.000768809 0.00062275 8.48269e-05 -0.000475643 -0.00157861 -0.00567676 -0.00118926 -0.00249244 -0.0157967 -0.00216396 -0.0134444 0.000192128 0.000629624 0.00127468 -0.00279058 0.00148273 0.000814055 0.00237046 -0.00110481 0.00286918 -0.00206981 -0.00625086 -0.0294515 -0.00136864 -0.00140522 -0.00778929 -0.0210934 -0.000247422
internal_weight=762979 25594 9838 7331 737385 118487 60080 5215 54865 30634 737 29897 1536 618898 258877 149171 7262 141909 80942 60967 7651 53316 29822 4089 710 3379 25733 1679 513 109706
internal_count=762979 25594 9838 7331 737385 118487 60080 5215 54865 30634 737 29897 1536 618898 258877 149171 7262 141909 80942 60967 7651 53316 29822 4089 710 3379 25733 1679 513 109706
cat_boundaries=0 3 6 8 10 12 14 16 18 20 22 24
cat_threshold=1699221793 1806958887 1 3774075592 344254174 1 134742308 721491969 268443907 688521217 218635573 1865488675 218103857 788529186 83889157 1107298594 0 67174400 268444707 1767571456 285737008 34734080 218636288 3759144992
is_linear=0
shrinkage=0.06


Tree=204
num_leaves=31
num_cat=11
split_feature=8 89 16 132 129 104 111 0 104 110 130 104 114 133 99 104 132 130 104 104 114 104 104 104 25 110 125 85 104 109
split_gain=9.78454 10.9607 11.9717 14.0092 23.6282 21.0183 11.7444 11.817 13.116 14.6154 11.4915 11.8489 11.123 10.985 15.3464 20.2513 14.5876 13.5793 10.9161 10.9096 11.0776 10.8108 9.81657 8.73048 8.23397 12.6237 14.5051 34.1288 12.8572 12.0281
threshold=353.55000000000007 0 113.91000000000001 0.61490419508004501 178.50000000000003 1 62.500000000000007 81.79500000000003 2 9.8500000000000032 -0.37940952255126059 3 -1.4970379956922566 0.94066717844141279 0.94066717844141279 4 0.094468741652255758 0.91597561503675362 5 6 2.5956164594599929 7 8 9 0.99280057222233753 6.8500000000000005 0.060066666666666692 8.0500000000000025 10 87.500000000000014
decision_type=8 1 10 2 2 1 2 2 1 2 2 1 2 2 2 1 2 2 1 1 2 1 1 1 10 2 2 8 1 2
left_child=1 2 22 6 5 -5 10 -8 13 -10 19 -12 -13 14 -9 -16 23 -17 -6 -4 -21 -2 -1 -15 -3 -26 29 -28 -29 -27
right_child=21 24 3 4 18 -7 7 8 9 -11 11 12 -14 16 15 17 -18 -19 -20 20 -22 -23 -24 -25 25 26 27 28 -30 -31
leaf_value=-0.040274313981374966 0.3565109194677798 -0.0062769808513087506 0.058033200338753359 -0.29733879612049391 0.11047914247692314 -0.078316481822956627 0.22671948495166019 -0.064105689709126529 -0.053595175050820551 0.26522987715055946 -0.089662416872442446 -0.38085155618567623 0.23396232470336872 0.12657052445435787 0.016036918969649594 -0.49930677270749246 0.30294962439589151 -0.71504912937264486 -0.13886615173892156 -0.080496490923903236 0.072177424678728161 -0.066712110364401195 0.015556543622660892 -0.14370093623171354 0.46430888462975861 0.35272072234104407 -0.52663220840920044 -0.33097517442060093 0.11277916122840465 -0.099298192515349215
leaf_weight=61623 23396 341171 18338 213 3512 829 22239 20178 11414 54398 4931 146 12665 6331 550 370 7039 127 2703 29896 6105 11154 98561 7843 931 3260 442 3316 1823 7418
leaf_count=61623 23396 341171 18338 213 3512 829 22239 20178 11414 54398 4931 146 12665 6331 550 370 7039 127 2703 29896 6105 11154 98561 7843 931 3260 442 3316 1823 7418
internal_value=0.000123095 7.62963e-05 0.00030535 0.000603552 -0.0019865 -0.0103432 0.000696349 0.0010359 0.000777083 0.00130732 8.16572e-05 0.00140743 0.00236827 -4.55132e-05 -0.00101055 -0.00808969 0.000920053 -0.016689 -0.000583977 -0.000351233 -0.000957847 0.00110966 -8.52512e-05 -0.000188783 -0.000160208 -0.00144145 -0.00183063 -0.00430921 -0.00293113 -0.000534881
internal_weight=762922 728372 370011 209827 7257 1042 202570 130489 108250 65812 72081 17742 12811 42438 21225 1047 21213 497 6215 54339 36001 34550 160184 14174 358361 17190 16259 5581 5139 10678
internal_count=762922 728372 370011 209827 7257 1042 202570 130489 108250 65812 72081 17742 12811 42438 21225 1047 21213 497 6215 54339 36001 34550 160184 14174 358361 17190 16259 5581 5139 10678
cat_boundaries=0 1 3 6 8 11 14 16 18 20 23 25
cat_threshold=114 277 6177 1627615819 2496652380 1 1074037408 855463936 16986633 2215067712 1 757112085 647747814 1 168596154 696508480 2648448692 576724215 2948348329 807404006 1073958976 2215133204 1 2724415170 4097893976
is_linear=0
shrinkage=0.06


Tree=205
num_leaves=31
num_cat=5
split_feature=21 19 104 132 104 111 132 130 122 109 27 132 132 104 104 120 139 119 113 121 139 132 125 104 111 133 111 98 25 112
split_gain=10.5983 15.4597 15.4253 12.7343 17.33 17.509 29.3578 10.7534 9.732 17.7104 9.15867 18.6673 18.6029 24.8834 17.7233 16.5207 16.2124 14.6483 14.0573 13.1476 18.0313 42.2227 12.1857 38.3131 25.579 18.0166 37.0111 41.2523 30.9138 41.9529
threshold=752.87500000000011 319.9461805555556 0 -0.26762560548918296 1 86.500000000000014 -0.25101255527900046 0.37940952255126054 0.43883055453560055 122.50000000000001 325.01333333333338 0.025799818015934263 0.042991213741508195 2 3 9.5000000000000018 64.500000000000014 552.50000000000011 329.50000000000006 991.85000000000002 53.500000000000007 -0.67086170185690197 0.20130000000000003 4 95.500000000000014 0.94066717844141279 64.500000000000014 0.16269055358644466 0.82146345820268996 2.2350000000000008
decision_type=10 10 1 2 1 2 2 2 2 2 8 2 2 1 1 2 2 2 2 2 2 2 2 1 2 2 2 2 10 2
left_child=1 10 -2 -3 -5 6 8 -8 9 -6 22 14 13 15 16 -13 17 -12 -14 20 -19 -22 25 -24 -25 -1 28 -28 -27 -30
right_child=2 3 -4 4 5 -7 7 -9 -10 -11 11 12 18 -15 -16 -17 -18 19 -20 -21 21 -23 23 24 -26 26 27 -29 29 -31
leaf_value=0.0063182515449453054 -0.56182259359043663 0.99200179416261014 0.050096483989357225 0.40975133141986125 -3.9303284070817663 0.37263586041548979 -0.13028967995136267 -1.0838085983861203 -0.59995616508618166 -0.69139168368592341 0.18904400698206958 -0.16722615285672351 -0.10604441817788789 -0.062278302173697786 -0.064848522464638708 -0.96209829747577613 -0.3817498248255573 -0.13356449366084658 0.21627743816585754 0.18955847433177847 -0.66944208997386045 0.58875586718263095 0.099398431629528369 -0.095329056151406563 0.16685878675953811 0.12417065309927328 0.080789135767773343 0.39419178599501131 -0.11922457900836365 0.021379260468375242
leaf_weight=292095 4992 12598 5622 3584 133 1253 937 65 96 255 48960 265 20293 1128 79912 623 1961 4210 2921 4592 142 165 50435 88092 10041 24651 52674 24264 12109 13948
leaf_count=292095 4992 12598 5622 3584 133 1253 937 65 96 255 48960 265 20293 1128 79912 623 1961 4210 2921 4592 142 165 50435 88092 10041 24651 52674 24264 12109 13948
internal_value=0.000110058 0.000136618 -0.00177259 0.00182993 -0.000367172 -0.00395127 -0.00836853 -0.0025005 -0.0204866 -0.0247095 9.2935e-05 -0.000300339 -0.00180254 -0.0073297 -2.94975e-05 -0.0147631 0.000749488 0.000930842 -0.00132225 -0.00127838 -0.00357636 -0.0175909 0.000207236 -0.000259758 -0.00095046 0.000372529 0.000967167 0.00179659 -0.000291309 -0.00173221
internal_weight=763016 752402 10614 18921 6323 2739 1486 1002 484 388 733481 165172 25230 2016 139942 888 60030 58069 23214 9109 4517 307 568309 148568 98133 419741 127646 76938 50708 26057
internal_count=763016 752402 10614 18921 6323 2739 1486 1002 484 388 733481 165172 25230 2016 139942 888 60030 58069 23214 9109 4517 307 568309 148568 98133 419741 127646 76938 50708 26057
cat_boundaries=0 3 5 8 11 13
cat_threshold=704786440 780863492 1 218630288 2684360928 2693562644 1795293475 1 2399932980 1612756386 1 76034613 1005979908
is_linear=0
shrinkage=0.06


Tree=206
num_leaves=31
num_cat=0
split_feature=25 110 125 85 109 110 112 35 126 111 127 126 21 132 108 109 114 5 120 98 69 47 114 110 1 114 114 112 59 1
split_gain=9.65821 20.8084 14.3305 16.1398 12.6398 12.3436 11.923 11.5103 15.7413 9.57197 24.6639 14.3376 20.0149 27.9688 23.2801 31.4284 18.8944 19.2565 17.8612 15.3518 13.9438 25.4555 18.8955 24.6588 19.552 15.746 17.272 15.2665 16.727 13.6245
threshold=0.99280057222233753 6.8500000000000005 0.053950000000000026 7.3500000000000005 87.500000000000014 10.950000000000001 2.2150000000000003 180.81500000000003 138.80000000000004 43.500000000000007 84.974054599140928 1346.6000000000001 147.62000000000003 -0.80860773948975517 77.423750000000013 772.50000000000011 -0.34766409821195499 2.7190000000000007 84.500000000000014 -0.81860753270059983 10.050000000000002 322.32708333333341 1.5416007462316894 5.5500000000000007 297.23750000000001 3.3957990556093347 2.7418704181080384 0.78500000000000014 3913.2500000000005 66.407500000000013
decision_type=8 2 2 8 2 2 2 10 2 2 2 2 8 2 2 2 2 8 2 2 2 10 2 2 10 2 2 2 10 10
left_child=9 -2 4 6 -3 7 -4 -5 -9 11 20 12 -1 16 -15 -16 17 -14 -13 -18 21 22 -11 -24 -25 26 27 28 -22 -23
right_child=1 2 3 5 -6 -7 -8 8 -10 10 -12 18 13 14 15 -17 19 -19 -20 -21 25 29 23 24 -26 -27 -28 -29 -30 -31
leaf_value=0.078833036192316408 0.5683456016438625 0.31372714572884086 0.068606084060543804 -0.80913608617549981 -0.063398797225932099 -0.071600536217861693 -0.51354301875930208 -0.15702141821330748 -0.42259524744439791 0.022062597779696411 0.36849568708085312 0.0099934012925519539 -0.02432929208905913 -0.079361535754792698 -0.27418224456237039 -0.77322887737418278 -0.11113652909030916 -0.25487574175072286 -0.26457266476961278 -0.69002925024662354 0.16197990829214223 0.10780449041210771 -0.53067640315935327 -0.012235402116017759 -0.19379931639957801 -0.11034329961141658 0.126095134105249 -0.013149190024381452 -0.30558405496291813 0.051978423722150759
leaf_weight=4475 1977 5455 138 471 12681 6355 374 2949 457 24525 14546 48430 174 11726 256 102 1767 455 1152 338 27977 12831 147 8148 7256 7422 16303 323208 1336 219257
leaf_count=4475 1977 5455 138 471 12681 6355 374 2949 457 24525 14546 48430 174 11726 256 102 1767 455 1152 338 27977 12831 147 8148 7256 7422 16303 323208 1336 219257
internal_value=0.000142847 -0.000896947 -0.00130466 -0.00304104 -0.0002759 -0.00252008 -0.0134269 -0.00518773 -0.00396947 0.000186691 0.000256632 -0.000486526 -0.00187426 -0.00293623 -0.00169599 -0.0167465 -0.00841536 -0.0175333 5.34863e-05 -0.00568376 0.000201817 0.000528959 -0.00086743 -0.00250347 -0.00226913 -3.4828e-05 2.02375e-05 -6.80636e-05 0.00124302 0.000770084
internal_weight=762688 30857 28880 10744 18136 10232 512 3877 3406 731831 662956 68875 19293 14818 12084 358 2734 629 49582 2105 648410 272164 40076 15551 15404 376246 368824 352521 29313 232088
internal_count=762688 30857 28880 10744 18136 10232 512 3877 3406 731831 662956 68875 19293 14818 12084 358 2734 629 49582 2105 648410 272164 40076 15551 15404 376246 368824 352521 29313 232088
is_linear=0
shrinkage=0.06


Tree=207
num_leaves=31
num_cat=11
split_feature=111 104 120 28 104 113 122 110 98 99 5 104 121 104 129 52 130 104 4 104 109 110 127 104 104 104 104 130 137 104
split_gain=10.0186 44.8197 35.4469 40.3542 25.2301 33.5482 31.4466 29.4236 27.8885 23.9845 23.1614 24.4369 22.6788 32.1873 25.0807 21.218 23.1947 56.1724 27.0344 25.7869 23.8845 22.5159 29.1934 26.5111 21.3989 19.2755 17.8901 17.7904 53.8698 43.0845
threshold=85.500000000000014 0 71.500000000000014 179.81527777777782 1 137.50000000000003 0.6059496068042135 9.8500000000000032 -0.18386704952168662 0.95178258287705175 1.0155000000000003 2 984.95000000000016 3 60.500000000000007 1.6894302218681536 -0.91597561503675329 4 156.90858895705523 5 77.500000000000014 23.350000000000005 21.72595923397094 6 7 8 9 0.78656609248549325 6.9206230710716274e-08 10
decision_type=2 1 2 8 1 2 2 2 2 2 10 1 2 1 2 2 2 1 10 1 2 2 2 1 1 1 1 2 2 1
left_child=10 2 -2 9 5 -5 -7 8 -8 -4 15 -12 13 14 -3 24 17 18 -17 20 26 22 27 -24 -1 -23 -18 -21 29 -29
right_child=1 12 3 4 -6 6 7 -9 -10 -11 11 -13 -14 -15 -16 16 19 -19 -20 21 -22 25 23 -25 -26 -27 -28 28 -30 -31
leaf_value=0.1248690947245561 0.023671137945604319 -0.083938024839474087 -0.11559641598116267 -0.11406048417157354 -0.18269155802737805 -0.86322214064450997 -1.7791524808813937 -0.96632525053597806 -1.9396885994574531 0.93320488380833144 0.047478039391493962 -0.066256203042770148 0.14058799744944669 0.0037702164158326598 -0.60304641364010236 -0.17195691306647837 -0.035170216634857795 0.045867048896402765 -1.2218129374073836 0.066442127806356416 0.0062501716989557957 0.054722456069166023 0.040665906304958248 1.2133630577569363 0.0011330257461596163 -0.094962064940874086 -0.29124150462390702 -0.056186204372535416 0.062764578551942229 -0.63878935511062884
leaf_weight=52804 77871 1040 6298 3374 13552 4913 147 948 412 4803 23681 69533 105651 10034 734 26888 19755 27164 339 80667 61451 17282 11910 20291 50653 28146 21652 2638 15595 2380
leaf_count=52804 77871 1040 6298 3374 13552 4913 147 948 412 4803 23681 69533 105651 10034 734 26888 19755 27164 339 80667 61451 17282 11910 20291 50653 28146 21652 2638 15595 2380
internal_value=0.000107442 0.000438606 -0.000418342 -0.00202096 -0.00343702 -0.00575584 -0.00830712 -0.0158873 -0.0267964 0.000957125 -3.53694e-05 -0.000894448 0.00125797 -0.00123567 -0.00865882 0.000146787 -8.44598e-05 -0.00121882 -0.00314406 0.000134515 -0.000622461 0.000569719 0.000962422 0.00253605 0.000898162 -0.000584032 -0.00173633 0.000462081 -0.00111099 -0.00651763
internal_weight=762606 229777 112318 34447 23346 9794 6420 1507 559 11101 532829 93214 117459 11808 1774 439615 336158 54391 27227 281767 102858 178909 133481 32201 103457 45428 41407 101280 20613 5018
internal_count=762606 229777 112318 34447 23346 9794 6420 1507 559 11101 532829 93214 117459 11808 1774 439615 336158 54391 27227 281767 102858 178909 133481 32201 103457 45428 41407 101280 20613 5018
cat_boundaries=0 3 5 7 9 12 14 17 20 22 24 27
cat_threshold=924204089 196862276 1 67110968 187891712 549627192 76005440 134742276 1073748131 2815573261 1913919783 1 3772891330 3024570008 269625348 159950912 1 2478544029 755022722 1 135407113 8927300 3229630528 809975824 33827865 163096896 1
is_linear=0
shrinkage=0.06


Tree=208
num_leaves=31
num_cat=3
split_feature=35 111 130 114 119 127 28 114 129 113 5 127 134 129 109 106 111 113 127 108 84 137 123 137 106 130 28 111 106 122
split_gain=9.92148 13.3843 24.6734 39.614 31.7063 25.978 27.7361 25.3268 26.3618 20.4074 19.216 18.97 18.5417 19.0383 19.4444 18.3422 19.7006 17.4945 29.8624 17.2322 16.7641 18.9043 25.2864 26.2061 23.5171 22.2898 19.0274 18.7005 16.7778 16.2548
threshold=274.85000000000008 79.500000000000014 -0.25881904510252113 1.9083662397726551 78.500000000000014 2.409225394845 186.32305555555561 -2.5543765986792923 239.50000000000003 316.50000000000006 1.3085000000000002 36.862497375969085 1.0000000180025095e-35 16.500000000000004 17.500000000000004 0 96.500000000000014 18.500000000000004 1.8850884086881476 77.34020000000001 2.429791666666667 0.0010922578834471623 0.13449470229232158 0.0015243686735370938 1 -0.78656609248549303 378.6045138888889 33.500000000000007 2 0.59212660026100472
decision_type=10 2 2 2 2 2 8 2 2 2 10 2 2 2 2 1 2 2 2 2 10 2 2 2 1 2 10 2 1 2
left_child=-1 11 3 -3 5 6 -4 8 -7 15 -5 -2 13 -11 -15 16 -8 18 -17 29 -13 24 23 26 -22 28 -23 -25 -24 -16
right_child=1 2 4 10 -6 7 9 -9 -10 12 -12 20 -14 14 19 17 -18 -19 -20 -21 21 22 25 27 -26 -27 -28 -29 -30 -31
leaf_value=-0.0082781932139899053 -0.010829396586200048 0.40837013694499569 0.10143568616456582 -0.12585987804771614 0.23964945364925005 -0.056992581035267026 -0.15803747481666405 0.077683952133712958 -0.5415595874553899 0.66378330386860895 -0.41390883636048348 0.37844616006672654 -0.002536213197620102 2.38697096427408 -0.87803918544895021 -0.36453280633466734 -1.1772441512879541 -0.11612483644757601 -2.043271150747016 0.29142541759375523 -0.84780634351861528 -0.11560398574267215 -0.091692750127883083 0.037206697113928572 0.50423289607551036 0.67245478811520842 -0.27287636622277395 -0.64732631071846936 -1.2616629807742614 -1.0548300649885118
leaf_weight=269651 255161 41980 10278 4964 32957 767 721 69212 511 298 553 14603 1101 203 1388 228 624 26655 72 248 1938 670 3158 1755 15020 6348 357 437 557 222
leaf_count=269651 255161 41980 10278 4964 32957 767 721 69212 511 298 553 14603 1101 203 1388 228 624 26655 72 248 1938 670 3158 1755 15020 6348 357 437 557 222
internal_value=0.000135768 0.000295821 0.000685615 0.00187296 0.000297967 -0.000181393 -0.00136188 0.00052262 -0.00784363 -0.00223859 -0.00290649 4.50795e-05 -0.00658769 -0.00958729 -0.0116363 -0.00170665 -0.0085177 -0.00136283 -0.0157475 -0.0135621 0.00118317 0.000376972 -0.00131808 -0.00594596 0.00170458 0.000162759 -0.0138502 -0.00223803 -0.00352799 -0.0158287
internal_weight=762637 492986 192982 47497 145485 112528 42038 70490 1278 31760 5517 300004 3460 2359 2061 28300 1345 26955 300 1858 44843 30240 13282 3219 16958 10063 1027 2192 3715 1610
internal_count=762637 492986 192982 47497 145485 112528 42038 70490 1278 31760 5517 300004 3460 2359 2061 28300 1345 26955 300 1858 44843 30240 13282 3219 16958 10063 1027 2192 3715 1610
cat_boundaries=0 1 2 3
cat_threshold=10 4 7
is_linear=0
shrinkage=0.06


Tree=209
num_leaves=31
num_cat=7
split_feature=16 111 104 132 139 132 132 104 110 139 7 131 104 104 112 127 109 19 109 121 47 132 99 109 104 104 109 133 133 104
split_gain=10.5526 10.8507 17.0371 16.0115 10.7316 17.5197 20.0981 26.9234 24.7167 14.8886 11.8119 11.7242 19.2336 10.2816 13.6053 10.6241 10.2664 10.1093 9.9756 9.93729 9.70639 9.32945 9.09902 29.0565 43.7973 30.2731 24.231 22.9425 23.6593 58.2081
threshold=279.86250000000007 63.500000000000007 0 0.025799818015934263 51.500000000000007 -0.67086170185690197 -0.68351797142826876 1 23.450000000000003 46.500000000000007 265.68500000000006 -0.60355339059327384 2 3 3.7250000000000005 7.0013150472807721 72.500000000000014 242.65972222222223 512.50000000000011 991.95000000000016 305.03229166666671 -0.57692627873523106 0.99748108949426018 62.500000000000007 4 5 257.50000000000006 0.99445195900249039 0.99349222267034787 6
decision_type=10 2 1 2 2 2 2 1 2 2 2 2 1 1 2 2 2 10 2 2 10 2 2 2 1 1 2 2 2 1
left_child=22 4 -3 -4 9 6 7 -6 -8 13 -10 -7 19 -2 -15 18 -5 -12 -16 -13 -18 -21 27 24 -24 26 -25 28 -1 -30
right_child=1 2 3 16 5 11 8 -9 10 -11 17 12 -14 14 15 -17 20 -19 -20 21 -22 -23 23 25 -26 -27 -28 -29 29 -31
leaf_value=0.0052085408324189855 0.14316177583122802 -0.15079675787413757 0.72014417977858713 0.16513999151895684 -1.6276728914557297 0.28491047698570987 0.19477988167885138 0.0087305620699975467 -0.33194043483913682 1.0321111604193158 -0.28920505227942456 -0.48849337177760649 0.27127076764361724 -0.027089596912751555 0.37956886456118294 0.076034581610523927 -0.49464216638177272 -0.84437996329760712 -0.5633090938131885 -0.81960696093075558 -0.14114740893844449 -0.32477781218756879 -0.73748601214707155 0.0065228305070118339 -0.00059616786604771237 0.20436165870757814 -0.22983179451621202 0.25974081599002435 -0.68648085275249204 0.088055651814370445
leaf_weight=628233 5603 9089 28784 2256 337 3439 164 1468 72 4722 77 976 1210 9767 196 432 281 151 754 236 1658 178 5808 5815 7262 14626 3491 20788 1991 2797
leaf_count=628233 5603 9089 28784 2256 337 3439 164 1468 72 4722 77 976 1210 9767 196 432 281 151 754 236 1658 178 5808 5815 7262 14626 3491 20788 1991 2797
internal_value=0.000136346 0.000828381 0.00144876 0.00208227 -4.79466e-05 -0.00187893 -0.00637269 -0.00350498 -0.0174968 0.000660489 -0.0277076 -0.000189735 -0.00322953 -0.000178356 -0.00123172 -0.0068026 -0.00137989 -0.0343755 -0.010347 -0.00800856 -0.00458041 -0.0158458 6.4368e-05 -0.000850958 -0.003126 0.000391593 -0.00228228 0.000116172 5.17615e-05 -0.00414951
internal_weight=762661 71850 42068 32979 29782 8308 2269 1805 464 21474 300 6039 2600 16752 11149 1382 4195 228 950 1390 1939 414 690811 37002 13070 23932 9306 653809 633021 4788
internal_count=762661 71850 42068 32979 29782 8308 2269 1805 464 21474 300 6039 2600 16752 11149 1382 4195 228 950 1390 1939 414 690811 37002 13070 23932 9306 653809 633021 4788
cat_boundaries=0 2 4 6 8 11 14 16
cat_threshold=572614211 223323676 273744896 218104324 2500330244 1116740003 620845266 570876796 923150905 3920986688 1 2013544538 310854686 1 3690010508 2148276423
is_linear=0
shrinkage=0.06


Tree=210
num_leaves=31
num_cat=8
split_feature=35 104 137 104 129 129 139 20 104 113 112 129 108 111 104 25 123 139 104 114 103 104 110 132 104 125 115 133 133 104
split_gain=10.583 16.5185 17.4202 22.3503 16.6275 16.0344 13.7395 16.0489 15.2477 13.1206 13.2897 13.0305 24.0931 12.965 34.5543 32.3829 28.0555 29.8718 25.0621 29.52 23.9156 36.5144 35.6227 30.3628 23.7836 23.8687 50.2558 25.887 62.7908 38.9184
threshold=189.18500000000003 0 0.021938586047620796 1 136.50000000000003 106.50000000000001 47.500000000000007 14.627107322945944 2 68.500000000000014 3.1350000000000002 160.50000000000003 77.201150000000013 82.500000000000014 3 0.87539159713072767 0.58788115498927562 35.500000000000007 4 3.745678740201448 0.61497421480319081 5 24.050000000000004 -0.94387377644575288 6 0.14683333333333334 -0.70723229592808234 0.95936279103287792 0.97648852793709995 7
decision_type=8 1 2 1 2 2 2 8 1 2 2 2 2 2 1 10 2 2 1 2 2 1 2 2 1 2 2 2 2 1
left_child=1 2 9 11 5 -5 7 8 -3 10 -1 -4 -13 15 -15 20 17 18 -16 -20 -2 22 -22 -23 -17 -26 27 -27 29 -29
right_child=13 6 3 4 -6 -7 -8 -9 -10 -11 -12 12 -14 14 16 24 -18 -19 19 -21 21 23 -24 -25 25 26 -28 28 -30 -31
leaf_value=-0.46795365818650336 0.026915860676347183 0.09731288545589771 -0.071037101378583462 -0.4738557225170863 1.3147295390045055 -0.90305921466089389 0.33359122720557732 -0.046995167880759102 -0.0063332273356458742 0.01005191860529769 -0.41360195874884942 -1.2089335414342388 0.49928577546756564 -0.027729491673021814 0.17801532518514782 0.057362800338527448 0.14719171037102172 -1.2869550904867608 -0.16032987261368922 -0.63477893241587324 -1.2656220540154948 -0.70745286375039407 -0.26985095849947283 0.10706838467794935 -0.040693216654665368 -0.21003915957375544 0.27981819759832638 -0.064680729027905531 -0.039075720537587844 -0.67791926951660109
leaf_weight=211 325800 12947 1377 495 103 129 3238 74638 26040 3341 54 152 171 97798 3379 16487 116943 238 3921 186 1150 1011 1969 7212 53709 5050 2473 324 1054 1130
leaf_count=211 325800 12947 1377 495 103 129 3238 74638 26040 3341 54 152 171 97798 3379 16487 116943 238 3921 186 1150 1011 1969 7212 53709 5050 2473 324 1054 1130
internal_value=0.000106984 -0.000402971 -0.00346161 -0.00739621 -0.016122 -0.0200256 -0.000244725 -0.000354584 0.000632041 -0.000821735 -0.0136466 -0.00354179 -0.0143889 0.000204934 0.000574875 7.74874e-06 0.00123712 -0.00226485 -0.00159797 -0.00473968 0.000265561 -0.00244274 -0.00795719 -0.000340296 -0.00107566 -0.00160092 -0.00428768 -0.00671676 -0.0116987 -0.0197773
internal_weight=762730 122896 6033 2427 727 624 116863 113625 38987 3606 265 1700 323 639834 222465 417369 124667 7724 7486 4107 337142 11342 3119 8223 80227 63740 10031 7558 2508 1454
internal_count=762730 122896 6033 2427 727 624 116863 113625 38987 3606 265 1700 323 639834 222465 417369 124667 7724 7486 4107 337142 11342 3119 8223 80227 63740 10031 7558 2508 1454
cat_boundaries=0 2 4 6 9 11 13 15 17
cat_threshold=134217760 16777346 134217760 2 1182853712 2887665684 856962105 1267720516 1 2355693700 603986592 1109465346 3826057739 545431608 9945152 1377894401 1349001732
is_linear=0
shrinkage=0.06


Tree=211
num_leaves=31
num_cat=11
split_feature=109 104 132 126 113 104 109 104 104 83 114 104 129 110 132 104 104 104 132 129 54 128 104 115 137 104 130 104 59 119
split_gain=9.12989 17.1351 16.2014 13.9421 29.0842 43.7762 32.967 27.9273 11.5634 10.8867 14.2351 35.7671 18.113 14.3369 19.631 23.0694 21.5247 16.0441 13.7599 13.5907 17.4914 15.9575 25.0671 13.9272 58.6016 34.4727 19.4361 21.1814 15.326 21.8666
threshold=1222.5000000000002 0 -0.96875021044074028 3216.3000000000006 323.50000000000006 1 1077.5000000000002 2 3 2.0050000000000003 3.745678740201448 4 64.500000000000014 10.050000000000002 -0.064461972558210262 5 6 7 0.55923163791368669 28.500000000000004 1.1587402239136344 0.0054696029410688527 8 1.2750493012478665 0.61497421480319081 9 -0.91597561503675329 10 1646.9250000000004 614.50000000000011
decision_type=2 1 2 2 2 1 2 1 1 8 2 1 2 2 2 1 1 1 2 2 10 2 1 2 2 1 2 1 10 2
left_child=3 -2 8 9 7 6 -6 -5 -3 10 13 12 -12 14 15 -1 -16 -15 19 21 -21 -19 -23 26 28 -26 27 -22 -25 -30
right_child=1 2 -4 4 5 -7 -8 -9 -10 -11 11 -13 -14 17 16 -17 -18 18 -20 20 23 22 -24 24 25 -27 -28 -29 29 -31
leaf_value=-0.81919914916457415 0.14033597195624559 0.00090710982899127029 0.047019708819469992 -0.10839586318377323 -0.71477033877285445 -0.069913938910896076 -0.66734384982912998 0.056770746576932776 -0.28470149634706127 0.022806083176191622 -0.86873904498183574 0.01354537017238438 -0.72906685563491302 -0.032145517000702652 0.10214826014669144 -0.072952095817129026 -0.15029153834504089 -0.030122765960854201 -0.11443142641593712 0.27322031341673586 -0.25976464907532243 -0.68667287545384581 -0.095165916057137132 0.22213002167069254 -2.0673911675031817 -0.36759462137452176 0.11293175199508579 0.015057047694100732 -0.16490881539809113 -0.80402531104761354
leaf_weight=2708 12598 1383 9718 8041 255 958 198 9461 1708 407095 86 1679 728 131930 12507 2855 16364 14581 8087 15430 4557 212 421 5210 221 385 78761 10913 2874 131
leaf_count=2708 12598 1383 9718 8041 255 958 198 9461 1708 407095 86 1679 728 131930 12507 2855 16364 14581 8087 15430 4557 212 421 5210 221 385 78761 10913 2874 131
internal_value=0.000118456 0.0012367 -0.00030936 7.98863e-05 -0.00152807 -0.00981161 -0.0249181 -0.000859738 -0.0040925 0.00012226 -0.000145248 -0.00465998 -0.01488 -0.000108707 -0.00126255 -0.00452588 -0.000633624 3.64543e-05 0.000479555 0.000624966 0.000841741 -0.00106316 -0.0103817 0.000559635 -0.00172002 -0.01971 0.00077305 -0.00117122 -0.000390701 -0.00380239
internal_weight=762055 25407 12809 736648 18913 1411 453 17502 3091 717735 310640 2493 814 308147 34434 5563 28871 273713 141783 133696 118482 15214 633 103052 8821 606 94231 15470 8215 3005
internal_count=762055 25407 12809 736648 18913 1411 453 17502 3091 717735 310640 2493 814 308147 34434 5563 28871 273713 141783 133696 118482 15214 633 103052 8821 606 94231 15470 8215 3005
cat_boundaries=0 2 4 6 9 12 14 16 18 20 22 24
cat_threshold=2461511386 2487319248 2339378820 8786464 1493716311 1770823225 205541633 1086062600 1 277526058 2421260424 1 4057227754 790235357 1342235842 1606888668 1919265282 3539035982 2149205344 2064 135794980 67113089 92280065 524321
is_linear=0
shrinkage=0.06


Tree=212
num_leaves=31
num_cat=3
split_feature=54 132 111 28 132 113 99 122 25 126 91 34 112 110 110 126 132 132 54 107 114 110 106 111 126 110 106 113 126 123
split_gain=9.49958 13.5435 14.0604 12.779 13.1411 9.88897 18.0916 16.4338 16.2464 35.9785 43.3909 32.6525 43.1368 20.0523 35.9343 34.2231 24.3091 21.3251 14.6925 14.1186 13.0971 12.3137 11.8291 12.6853 17.0817 21.7849 13.5888 13.9883 12.6776 11.5642
threshold=95.938238647399757 -0.76624641395159687 39.500000000000007 368.72621527777784 -0.77718486915728335 332.50000000000006 0.99958851518450398 0.051766431848503408 0.82146345820268996 371.52500000000003 0 2.3735000000000004 2.9850000000000008 7.2500000000000009 10.950000000000001 143.70000000000002 0.21336913576298863 0.66766646831012755 6.690224939147206 28.460400000000003 0.19874226490627742 16.450000000000003 1 56.500000000000007 116.52500000000002 22.250000000000004 2 350.50000000000006 30.225000000000005 0.79355655487022692
decision_type=10 2 2 10 2 2 2 2 8 2 1 8 2 2 2 2 2 2 10 2 2 2 1 2 2 2 1 2 2 2
left_child=5 2 3 -2 -5 -1 7 -7 22 13 11 12 19 -10 15 18 -17 -16 -15 -11 -21 -19 -9 24 25 26 27 -24 -25 -8
right_child=1 -3 -4 4 -6 6 29 8 9 10 -12 -13 -14 14 17 16 -18 21 -20 20 -22 -23 23 28 -26 -27 -28 -29 -30 -31
leaf_value=0.0012331538588983995 -0.056195625389309382 0.47085656905065737 0.12620447291733572 -0.33089601827484927 -0.25595397013704468 -0.20936013601901246 -0.76476482719566397 -0.14279090776889294 1.1906933104287398 -0.10594773165942516 0.20559079597690288 -0.036480994289435048 0.11151339921253757 0.1618691573583152 0.16746535040202762 1.1449532409491252 -0.62534335582039724 -0.52222368100643224 -0.26064744351401214 -0.22154253578214861 -0.42231180179135058 0.12806498962497118 -0.95961235143189383 -0.049078976670402161 0.063908312202068496 0.12155369631568268 -0.12846858552188001 -0.56402851873150983 0.37144253277568606 0.47950842494424817
leaf_weight=673724 1677 10736 5094 380 337 478 1021 2304 2201 77 1080 542 240 2022 10012 175 582 112 2599 162 520 64 306 4106 10102 1074 336 332 29721 416
leaf_count=673724 1677 10736 5094 380 337 478 1021 2304 2201 77 1080 542 240 2022 10012 175 582 112 2599 162 520 64 306 4106 10102 1074 336 332 29721 416
internal_value=0.000122843 0.00147621 -0.000482307 -0.0042739 -0.0109721 8.97049e-05 0.000765375 0.000903888 0.000981127 -0.00043906 -0.007 -0.0134111 -0.019926 0.000529154 -0.000228946 -0.00419632 -0.0160132 0.00186554 -0.00225746 -0.0269289 -0.029675 -0.0187797 0.00158084 0.00179095 0.000128385 -0.00486676 -0.01136 -0.0163821 0.00238861 -0.00589569
internal_weight=762532 18224 7488 2394 717 744308 70584 69147 68669 20388 2621 1541 999 17767 15566 5378 757 10188 4621 759 682 176 48281 45977 12150 2048 974 638 33827 1437
internal_count=762532 18224 7488 2394 717 744308 70584 69147 68669 20388 2621 1541 999 17767 15566 5378 757 10188 4621 759 682 176 48281 45977 12150 2048 974 638 33827 1437
cat_boundaries=0 1 2 3
cat_threshold=1 2 1
is_linear=0
shrinkage=0.06


Tree=213
num_leaves=31
num_cat=10
split_feature=35 104 111 104 104 132 132 104 120 7 111 137 34 120 104 132 104 130 104 139 19 132 104 132 127 132 104 127 104 109
split_gain=9.99061 17.0887 13.3893 42.5036 27.2449 26.9181 38.1608 64.6156 27.073 27.7425 25.0762 23.6242 25.9015 33.1876 23.1547 20.425 21.3248 19.2777 36.0639 34.968 24.155 20.6638 19.8958 18.8895 20.4342 17.6076 21.5047 16.2402 24.6173 15.6945
threshold=189.18500000000003 0 85.500000000000014 1 2 0.16269055358644466 0.26347957579725428 3 1.0000000180025095e-35 289.33500000000004 44.500000000000007 0.16210544303708729 0.48450000000000004 72.500000000000014 4 0.077330756371236084 5 -0.78656609248549303 6 51.500000000000007 181.18090277777782 -0.88965196910377931 7 0.21336913576298863 36.862497375969085 0.34537287020513602 8 22.909202682621814 9 572.50000000000011
decision_type=10 1 2 1 1 2 2 1 2 2 2 2 10 2 1 2 1 2 1 2 10 2 1 2 2 2 1 2 1 2
left_child=1 -1 4 11 -2 15 7 8 9 -7 -11 12 13 -4 -15 17 -17 18 21 -20 -21 -6 -19 -14 25 -25 -27 -22 -29 -9
right_child=2 -3 3 -5 5 6 -8 29 -10 10 -12 -13 23 14 -16 16 -18 22 19 20 27 -23 -24 24 -26 26 -28 28 -30 -31
leaf_value=-0.13600288462823459 -0.03454862563960736 -0.0070889001214815735 -0.020251928104442242 0.14636007433798212 -0.15407137731433271 -0.13333720996375614 -0.00029466863928227847 0.038317216179372129 -0.021977203556971556 0.036322331000293945 -0.28301222339637366 0.76912637199839917 -0.090853605673547666 -0.88518451853926572 -0.19372662641526622 -0.22932350612250196 1.1358750095194772 0.22056108776189473 -0.054244504408704798 -0.066595796699559826 -0.50700684877028646 0.22102294362434591 0.037153154855543422 0.57519862784845355 -0.44753318978978257 -0.69035877613848595 0.24963428591967401 -0.95546819716184794 -0.41138187888583588 -0.11595432116703469
leaf_weight=12044 174010 117709 40515 98016 5253 1553 49789 5386 921 204 1460 4275 9578 5456 14529 1467 6448 57205 26074 2485 2814 23956 83839 9441 226 1003 4374 521 776 1377
leaf_count=12044 174010 117709 40515 98016 5253 1553 49789 5386 921 204 1460 4275 9578 5456 14529 1467 6448 57205 26074 2485 2814 23956 83839 9441 226 1003 4374 521 776 1377
internal_value=0.000104738 -0.000374878 0.000203058 0.000628545 2.40789e-05 0.000399678 -0.000713779 -0.003929 -0.00982213 -0.0124419 -0.0178234 -0.000317622 -0.000536259 -0.00120395 -0.00320474 0.000720209 0.00371021 0.000603566 -0.000279347 -0.00164866 -0.00555161 0.00125236 0.000990918 0.00110433 0.00243031 0.00270383 -3.68164e-05 -0.00837403 -0.0139276 -0.000307351
internal_weight=762704 129753 632951 187413 445538 271528 60690 10901 4138 3217 1664 89397 85122 60500 19985 210838 7915 202923 61879 32670 6596 29209 141044 24622 15044 14818 5377 4111 1297 6763
internal_count=762704 129753 632951 187413 445538 271528 60690 10901 4138 3217 1664 89397 85122 60500 19985 210838 7915 202923 61879 32670 6596 29209 141044 24622 15044 14818 5377 4111 1297 6763
cat_boundaries=0 2 5 7 9 11 13 15 17 19 21
cat_threshold=2306867232 16777346 924587065 1268769092 1 1623245766 4100721689 2366117888 184553890 268435480 185663488 9233 24644 151785528 159502436 372443153 150995872 587202568 40960 271777793 768
is_linear=0
shrinkage=0.06


Tree=214
num_leaves=31
num_cat=1
split_feature=89 131 114 35 122 113 133 127 133 108 126 123 133 122 127 107 28 113 115 28 43 140 132 27 140 24 1 119 41 123
split_gain=9.77688 9.21245 23.1118 33.625 16.1957 15.7337 20.3237 27.6068 15.3866 14.3465 13.4747 11.4053 10.21 34.2653 11.4698 10.9108 20.5828 9.842 9.62545 9.82061 9.62002 46.9231 11.0594 10.7632 10.4246 75.372 39.9803 24.4312 33.2025 22.9281
threshold=0 0.91597561503675351 2.4492810165617338 412.60500000000008 0.39521488093263935 131.50000000000003 0.99748108949426018 0.10822851494491492 0.8511460603353429 77.272800000000018 75.750000000000014 0.8770156262908767 0.82293497932636273 0.51256722024949808 12.474900563030047 28.624150000000004 173.38987847222225 5.5000000000000009 1.2750493012478665 240.67899305555559 93.946507713875562 7.5000000000000009 -0.97670382270880773 330.37875000000003 2.5000000000000004 -37.204479166666673 160.20500000000001 573.50000000000011 1.5825991259050922 0.20572180812181337
decision_type=1 2 2 10 2 2 2 2 2 2 2 2 2 2 2 2 10 2 2 10 2 2 2 10 2 8 8 2 2 2
left_child=-1 17 5 -4 -5 -3 8 -8 12 -6 -9 -12 18 14 15 16 -14 -2 -7 -20 23 -22 -23 24 25 26 27 29 -29 -19
right_child=1 2 3 4 9 6 7 10 -10 -11 11 -13 13 -15 -16 -17 -18 20 19 -21 21 22 -24 -25 -26 -27 -28 28 -30 -31
leaf_value=-0.016704013499016488 -0.21802442748207118 0.39934109285461672 -0.09361701791504233 0.22758832664183967 -3.6518565139258912 0.074594764778166719 0.079952839484888211 -0.3485647132412002 0.23121677912388439 -2.9322239038059852 -1.4614304192983114 -1.0765699260418904 0.00074595588343196904 0.1765089332666103 -0.64946677455389656 -0.39853901214664911 -0.80243289120255779 -0.050112262367853405 0.031753671502177921 -0.38851239457438741 0.73346417192090696 -0.84429462191187721 0.00015866138951781296 -0.059026562910603181 0.018829877951832361 0.051027377990723995 -0.09411914234335679 -0.32380840685933721 -0.59969732488782157 -0.34822816928392791
leaf_weight=190939 3218 13113 3168 85 198 22312 925 361 18128 59 294 107 105 1507 148 489 138 2194 2528 2293 28138 159 83710 51428 290676 34478 6936 758 226 4174
leaf_count=190939 3218 13113 3168 85 198 22312 925 361 18128 59 294 107 105 1507 148 489 138 2194 2528 2293 28138 159 83710 51428 290676 34478 6936 758 226 4174
internal_value=0.000134801 0.000258884 0.000925848 -0.00381088 -0.021656 0.00119214 0.000701111 -0.00576896 0.000930303 -0.0291395 -0.0142176 -0.0217761 8.53632e-05 -0.00367588 -0.013076 -0.00996999 -0.0203361 0.000171964 0.000416378 -0.00201452 0.000193133 0.000683362 -2.79716e-05 5.26519e-05 0.000175205 -0.000636578 -0.00430065 -0.00738311 -0.0161787 -0.00602167
internal_weight=762992 572053 65958 3510 342 62448 49335 1687 47648 257 762 401 29520 2387 880 732 243 506095 27133 4821 502877 112007 83869 390870 339442 48766 14288 7352 984 6368
internal_count=762992 572053 65958 3510 342 62448 49335 1687 47648 257 762 401 29520 2387 880 732 243 506095 27133 4821 502877 112007 83869 390870 339442 48766 14288 7352 984 6368
cat_boundaries=0 1
cat_threshold=132
is_linear=0
shrinkage=0.06


Tree=215
num_leaves=31
num_cat=5
split_feature=133 133 140 0 140 122 110 104 134 54 130 133 104 98 125 130 104 133 104 125 111 109 104 112 133 110 109 0 127 19
split_gain=8.86262 43.8495 25.4908 76.2177 42.64 33.9583 23.1778 37.9775 23.3255 22.7998 36.2258 48.4198 69.8263 29.1667 38.8245 26.9023 36.2617 40.8059 34.0092 27.3239 30.6758 26.1842 30.2196 24.8586 43.2468 24.2264 27.3498 26.6376 25.7762 23.6985
threshold=0.94066717844141279 0.96407344085605606 7.5000000000000009 144.40250000000003 2.5000000000000004 0.28981307701730141 7.7500000000000009 0 1.0000000180025095e-35 6.8665459416079964 -1.0000000180025095e-35 0.98770287048522643 1 0.19653276579064646 0.35015000000000002 -0.25881904510252113 2 0.99992139718210815 3 0.33018333333333344 95.500000000000014 37.500000000000007 4 1.2950000000000002 0.98332250088165762 16.250000000000004 37.500000000000007 124.54166666666669 14.568502315681364 181.18090277777782
decision_type=2 2 2 2 2 2 2 1 2 10 2 2 1 2 2 2 1 2 1 2 2 2 1 2 2 2 2 2 2 10
left_child=6 2 3 4 5 -2 7 8 -1 15 11 12 25 14 -12 18 17 23 -3 -18 21 -21 -23 24 -17 26 -11 -28 -27 -14
right_child=1 9 -4 -5 -6 -7 -8 -9 -10 10 13 -13 29 -15 -16 16 19 -19 -20 20 -22 22 -24 -25 -26 28 27 -29 -30 -31
leaf_value=-0.81573103918780898 -0.10446326583771415 -0.043437435723058235 0.28395213647771012 0.35688673975830298 -0.079521143793421775 -0.69550497868133232 0.0022000557339806634 -0.047053166861508851 -0.16632590982477682 1.7442717106449415 -0.033226268654029667 0.16473615296378019 0.012852322693625635 0.38957138268572411 -0.6119328946523287 -1.7142210118058976 0.048632071278340239 -1.5697069370993424 0.18436325259605502 -0.075342949927475644 0.089233746613723963 -0.16855423618285237 -0.71524856452430896 -0.16876203515346494 -0.80291349595492212 -0.14086813204939402 -0.2232844282177891 -0.43563010695585302 -0.24229907895711561 -0.42849642808352434
leaf_weight=798 512 22682 38030 9314 1657 1131 529404 5653 842 223 12490 4691 4918 4595 383 442 53248 510 46406 973 2421 887 838 11587 1780 1689 858 1558 76 1836
leaf_count=798 512 22682 38030 9314 1657 1131 529404 5653 842 223 12490 4691 4918 4595 383 442 53248 510 46406 973 2421 887 838 11587 1780 1689 858 1558 76 1836
internal_value=0.000121679 0.000437104 0.00199198 -0.000345303 -0.00817934 -0.0150255 -1.09892e-05 -0.00337017 -0.0113749 -1.26446e-05 -0.001425 -0.00350196 -0.00565212 0.000459557 -0.00100528 0.000319267 -0.000486524 -0.00319093 0.00116702 0.000177499 -0.00400898 -0.00840756 -0.0128447 -0.00257683 -0.00838866 -0.0115189 -0.0151841 -0.0170393 -0.00609853 -0.00180576
internal_weight=762432 225735 50644 12614 3300 1643 536697 7293 1640 175091 33317 15849 11158 17468 12873 141774 72686 14319 69088 58367 5119 2698 1725 13809 2222 4404 2639 2416 1765 6754
internal_count=762432 225735 50644 12614 3300 1643 536697 7293 1640 175091 33317 15849 11158 17468 12873 141774 72686 14319 69088 58367 5119 2698 1725 13809 2222 4404 2639 2416 1765 6754
cat_boundaries=0 2 4 6 8 11
cat_threshold=2692888320 2952790085 2350390545 3976207011 262712 2343583744 838886994 273442004 1686276485 1413918021 1
is_linear=0
shrinkage=0.06


Tree=216
num_leaves=31
num_cat=9
split_feature=132 104 129 104 111 6 129 113 104 114 114 114 104 129 104 111 130 104 132 115 104 114 34 132 99 104 104 128 25 121
split_gain=9.92127 27.9967 21.8627 28.5427 18.8921 13.6052 17.6755 13.4561 14.3049 12.9366 13.5625 12.2733 36.5391 20.8727 11.7686 11.2601 28.774 37.3955 27.3678 35.3427 40.2168 34.2496 35.4573 25.3854 29.2617 37.3519 22.5083 27.1782 25.3437 24.7345
threshold=0.61490419508004501 0 172.50000000000003 1 91.500000000000014 318.43500000000006 178.50000000000003 291.50000000000006 2 1.4948148763204303 2.3494368177911453 -2.3155411261584726 3 202.50000000000003 4 66.500000000000014 -1.0000000180025095e-35 5 -0.88965196910377931 1.1988084169945246 6 1.6084158335054966 0.93550000000000011 -0.94941398590724801 0.33019435960645904 7 8 0.0011568285744227305 0.96331553954898208 984.95000000000016
decision_type=2 1 2 1 2 10 2 2 1 2 2 2 1 2 1 2 2 1 2 2 1 2 10 2 2 1 1 2 10 2
left_child=15 4 3 -3 5 11 -7 -8 9 -9 -11 12 13 -2 -13 -1 17 -17 19 -19 23 -20 -23 -21 25 -25 -18 28 -28 -29
right_child=1 2 -4 -5 -6 6 7 8 -10 10 -12 14 -14 -15 -16 16 26 18 21 20 -22 22 -24 24 -26 -27 27 29 -30 -31
leaf_value=-0.0065528388211697165 -1.3568033268504187 -0.11999398234481715 0.067366427658285932 0.022341292404661532 0.52457256813433417 -0.31547202232661703 -0.050650254450272075 -0.005920332584052332 -0.32117573951308498 -0.77795069697066033 -0.018171397513689718 -0.14162799902799178 0.18041460587019367 -1.4340893957280405 -0.0084801253482205737 -0.052188447986242802 -0.056856374577247584 0.067719438144382138 0.44936892240485982 -0.047445984817085514 0.021238932361860509 0.12873865125315384 -0.16306848159817056 -0.40538239161233874 -0.41522575053320859 -2.1200173179124442 -0.070644489817167685 -0.1533639372978258 0.21798201704884729 0.15194049961529596
leaf_weight=302140 102 800 18694 993 1867 120 1108 96 1222 243 63 7365 304 126 7205 36673 96520 22691 63620 1172 3235 17130 5713 223 1366 208 59312 8074 8363 94395
leaf_count=302140 102 800 18694 993 1867 120 1108 96 1222 243 63 7365 304 126 7205 36673 96520 22691 63620 1172 3235 17130 5713 223 1366 208 59312 8074 8363 94395
internal_value=0.000111961 -0.000804088 0.000751391 -0.00557525 -0.00241095 -0.00300952 -0.00680967 -0.00581339 -0.00928985 -0.0190024 -0.0254853 -0.00229146 -0.0112345 -0.0286695 -0.00196418 0.000163186 0.000364632 0.00102338 0.00155387 -4.46426e-05 -0.00405737 0.00208824 9.53425e-05 -0.00908255 -0.0135918 -0.0272083 -1.09348e-05 0.000404243 -0.000528843 0.00102053
internal_weight=761143 40308 20487 1793 19821 17954 2852 2732 1624 402 306 15102 532 228 14570 720835 418695 152031 115358 28895 6204 86463 22843 2969 1797 431 266664 170144 67675 102469
internal_count=761143 40308 20487 1793 19821 17954 2852 2732 1624 402 306 15102 532 228 14570 720835 418695 152031 115358 28895 6204 86463 22843 2969 1797 431 266664 170144 67675 102469
cat_boundaries=0 2 5 7 9 11 14 16 18 20
cat_threshold=1524528572 3912503317 83888129 46672290 1 0 2298740736 282068128 537133060 1086878008 3145745 585334912 2148016960 1 2282510668 1149704369 2147762248 464912 688935753 160358492
is_linear=0
shrinkage=0.06


Tree=217
num_leaves=31
num_cat=12
split_feature=130 133 104 133 104 127 104 127 104 126 104 115 111 104 121 127 104 28 104 126 111 127 132 104 104 104 114 112 130 104
split_gain=9.47271 20.0799 36.0628 44.0872 33.0112 24.8588 26.81 22.1789 21.8814 28.6596 16.3779 14.7015 25.4891 19.6731 18.0157 28.8338 28.8451 17.1674 16.1671 14.3603 14.0892 35.2492 52.2063 78.3275 46.9601 33.4934 26.7299 22.4814 21.9134 16.3486
threshold=0.91597561503675362 0.83258597624099873 0 0.87291090774974645 1 19.813682907006392 2 41.374653335588008 3 54.125000000000007 4 -1.449568901432422 67.500000000000014 5 994.55000000000007 10.56692885353903 6 336.35380208333339 7 126.05000000000001 85.500000000000014 3.3010852542983762 -0.99359783145257141 8 9 10 1.2586839799709686 2.2050000000000005 -1.0000000180025095e-35 11
decision_type=2 2 1 2 1 2 1 2 1 2 1 2 2 1 2 2 1 10 1 2 2 2 2 1 1 1 2 2 2 1
left_child=20 4 -3 5 -2 8 -7 11 9 10 -4 13 -13 -5 -14 17 -17 18 19 -16 -1 24 23 26 -22 -24 -23 -27 -26 -29
right_child=1 2 3 7 -6 6 -8 -9 -10 -11 -12 12 14 -15 15 16 -18 -19 -20 -21 21 22 25 -25 28 27 -28 29 -30 -31
leaf_value=0.0034262117133016566 0.17652207217144361 0.038154693310803726 -1.7527643171121285 -0.27539257534265843 -0.074851274047337962 -0.39139331609740913 -1.6059430894752926 -0.56577129426888995 -0.14746707313584978 -0.42881096444414307 -0.90459049590742513 -0.82259544669937956 -0.1351211181604603 0.2691192734649579 -0.53808957390216927 -0.10528216498362554 -1.0242270128546496 -1.6768006388223937 0.20098245566300207 0.098071680867945071 -0.14102923874141859 -0.42236628148488409 -0.243223266734967 0.011723667615542681 0.25969953760784531 0.54389231572106977 -0.6270173964428748 -0.05400822932199268 0.014746901033877661 0.24792258808619694
leaf_weight=510093 20476 21443 206 1582 26508 321 345 188 1559 863 199 258 15859 3360 362 211 242 85 854 222 36784 320 4959 939 18088 35593 144 11457 36744 12983
leaf_count=510093 20476 21443 206 1582 26508 321 345 188 1559 863 199 258 15859 3360 362 211 242 85 854 222 36784 320 4959 939 18088 35593 144 11457 36744 12983
internal_value=0.000131494 -0.000428634 -0.00128958 -0.00275991 0.000453847 -0.00904465 -0.0194663 -0.00181545 -0.00658345 -0.0123941 -0.0256404 -0.00164742 -0.00243959 0.00125268 -0.00216809 -0.00756904 -0.0208414 -0.00361024 -0.00205142 -0.00964034 0.00021126 0.000706314 0.00175899 -0.00968803 -5.65832e-05 0.00200625 -0.0295074 0.00239754 0.00105596 0.000996686
internal_weight=763247 95143 48159 26716 46984 3493 666 23223 2827 1268 405 23035 18093 4942 17835 1976 453 1523 1438 584 668104 158011 66395 1403 91616 64992 464 60033 54832 24440
internal_count=763247 95143 48159 26716 46984 3493 666 23223 2827 1268 405 23035 18093 4942 17835 1976 453 1523 1438 584 668104 158011 66395 1403 91616 64992 464 60033 54832 24440
cat_boundaries=0 2 5 7 10 12 14 17 20 23 26 28 30
cat_threshold=1752411808 3561301714 2496529333 573616427 1 310657105 153145636 344735765 34085124 1 276824085 33558784 34095170 545310728 83886083 192937984 1 2198081812 537399329 1 2304652040 1652559878 1 112671256 2193171264 1 536870912 188480 2367215057 962594224
is_linear=0
shrinkage=0.06


Tree=218
num_leaves=31
num_cat=0
split_feature=109 111 113 119 119 108 20 19 139 133 113 98 127 119 133 69 113 56 124 109 110 109 113 47 114 122 25 122 110 28
split_gain=9.76749 15.0227 19.2685 20.686 37.5768 46.7124 28.0981 17.1004 16.1759 15.2627 17.49 15.9749 14.5298 14.4866 13.173 12.846 13.267 14.3139 13.0824 12.7687 12.5496 12.4434 12.3189 12.2433 15.2666 14.9686 16.6395 18.2736 13.8697 13.6099
threshold=1222.5000000000002 48.500000000000007 324.50000000000006 549.50000000000011 624.50000000000011 77.375950000000003 87.124128061889706 281.55208333333343 53.500000000000007 0.96407344085605606 269.50000000000006 -0.81860753270059983 84.974054599140928 584.50000000000011 0.37844388330154083 11.15 332.50000000000006 0.00022160245733121589 0.75166666666666682 1192.5000000000002 28.950000000000003 197.50000000000003 338.50000000000006 322.32708333333341 -0.69185236169184083 0.22279201705105897 0.87539159713072767 0.19992288604735983 6.3500000000000005 145.38203125000004
decision_type=2 2 2 2 2 2 10 10 2 2 2 2 2 2 2 2 2 8 2 2 2 2 2 10 2 2 10 2 2 10
left_child=1 2 -1 -4 5 6 13 12 -8 11 -11 14 15 -5 -9 23 17 21 19 -19 -21 -17 -6 28 25 26 27 -25 -3 -27
right_child=-2 7 3 4 22 -7 8 9 -10 10 -12 -13 -14 -15 -16 16 -18 18 -20 20 -22 -23 -24 24 -26 29 -28 -29 -30 -31
leaf_value=-0.015674052963931127 0.057323098217633997 -0.25371511197066476 -0.013927646111882573 -0.091724642322610739 0.4066347346873499 -1.6161811641346469 -0.046260399177204641 0.0565648189884254 -1.4981313924398172 0.63297399120529496 -0.21459632645789256 1.0736520395565368 0.28817633746889249 -0.20773157783209276 -0.66650163622088165 0.10110445299696764 0.09470874200470801 -0.04422784323661922 0.13395479033598967 0.039869033531368309 -0.36383935736580419 -0.037224625543322322 -0.15052749234478965 0.26701397988862779 0.021242526768259818 0.5443630059747957 -0.31736110454380517 -0.40549731863267108 -0.026266866218372004 0.14854284134988288
leaf_weight=83680 25511 1833 5052 1594 1102 160 91 2187 253 6148 9722 20833 11634 1037 677 30131 26898 188299 13715 192 237 13793 1179 3122 227667 12941 1117 433 48273 22916
leaf_count=83680 25511 1833 5052 1594 1102 160 91 2187 253 6148 9722 20833 11634 1037 677 30131 26898 188299 13715 192 237 13793 1179 3122 227667 12941 1117 433 48273 22916
internal_value=0.00013014 9.01813e-05 -0.000617659 -0.00304442 -0.00562008 -0.00988201 -0.0081754 0.000193861 -0.0242783 0.00140219 -3.78046e-05 0.00236653 0.000114599 -0.00606155 -0.00183455 7.33003e-05 -0.000228458 -0.000366598 -0.000579627 -0.000709652 -0.0110372 0.000615231 0.000239264 0.000332363 0.000493205 0.0015661 -0.00162808 0.00037964 -0.000528549 0.00198232
internal_weight=762427 736916 94148 10468 5416 3135 2975 642768 344 39567 15870 23697 603201 2631 2864 591567 273265 246367 202443 188728 429 43924 2281 318302 268196 40529 4672 3555 50106 35857
internal_count=762427 736916 94148 10468 5416 3135 2975 642768 344 39567 15870 23697 603201 2631 2864 591567 273265 246367 202443 188728 429 43924 2281 318302 268196 40529 4672 3555 50106 35857
is_linear=0
shrinkage=0.06


Tree=219
num_leaves=31
num_cat=10
split_feature=111 104 132 104 128 104 84 126 104 112 126 104 115 121 112 126 88 22 89 18 119 114 104 104 120 114 104 120 115 104
split_gain=9.08976 21.0807 13.6809 17.6818 11.036 42.8569 18.9277 10.8218 21.6223 16.8793 15.7931 21.2967 13.0654 19.215 11.313 10.5259 9.84721 14.5172 10.0347 9.74508 9.13529 13.0676 14.4165 10.5879 10.1553 8.99044 11.5079 9.29388 8.81463 23.8527
threshold=33.500000000000007 0 -0.38142733947913604 1 0.045972453436450574 2 1.9281250000000003 111.12500000000001 3 3.1050000000000004 237.20000000000002 4 -2.1456469844133648 991.75000000000011 2.4150000000000005 94.02500000000002 0.021452365561301329 6.0012499999999998 5 100.42500000000001 169.50000000000003 -1.2031441247424079 6 7 43.500000000000007 2.1038233142931611 8 97.500000000000014 -1.6853097384528966 9
decision_type=2 1 2 1 2 1 10 2 1 2 2 1 2 2 2 2 8 10 1 10 2 2 1 1 2 2 1 2 2 1
left_child=1 25 28 -4 16 6 -6 8 15 -9 19 12 -12 -14 -10 -8 17 -2 20 -11 -18 22 24 -23 -22 26 -1 -27 -3 -30
right_child=4 2 3 -5 5 -7 7 9 14 10 11 -13 13 -15 -16 -17 18 -19 -20 -21 21 23 -24 -25 -26 27 -28 -29 29 -31
leaf_value=-0.40621223849421256 -0.0383073801411579 -0.081011663314930482 -0.52048846408810978 -0.072344383970788934 0.56796372374904147 0.5300580980432168 -2.6393275594106389 0.015385506936035636 0.10377295736269171 -0.16528411331362003 -0.27986643201541928 0.50687473525220417 -0.19758118332501712 -1.5608027610969457 -1.0919135847425296 -2.7569469102902886 -0.042195562693608517 -0.39071975568611733 0.017007134938681417 -0.75004404450958551 -0.5176721239917591 -0.026183317994821098 0.0067536877462128142 0.087243820732117713 -0.23041003397563181 0.12165901680209797 -0.004189025476511881 -2.6831944066663524 -0.89582938001320156 -0.030846504963711011
leaf_weight=279 4154 6874 111 258 1167 10606 104 2723 547 71 176 537 150 66 363 207 124924 1191 541574 155 895 19720 2820 33504 1203 6345 747 57 524 870
leaf_count=279 4154 6874 111 258 1167 10606 104 2723 547 71 176 537 150 66 363 207 124924 1191 541574 155 895 19720 2820 33504 1203 6345 747 57 524 870
internal_value=0.000106816 -0.00130524 -0.00331845 -0.0146108 0.000137191 0.00165424 -0.0022788 -0.00386 -0.00878396 -0.00230781 -0.00838235 -0.00490968 -0.0153052 -0.0255484 -0.00390879 -0.0221553 0.000102125 -0.00246352 0.000121053 -0.0225727 -0.000262971 0.000358289 -0.00260053 0.000631733 -0.00634993 0.00103885 -0.00417137 0.001876 -0.00281679 -0.00716559
internal_weight=762922 16065 8637 369 746857 16872 6266 5099 1221 3878 1155 929 392 216 910 311 729985 5345 724640 226 183066 58142 4918 53224 2098 7428 1026 6402 8268 1394
internal_count=762922 16065 8637 369 746857 16872 6266 5099 1221 3878 1155 929 392 216 910 311 729985 5345 724640 226 183066 58142 4918 53224 2098 7428 1026 6402 8268 1394
cat_boundaries=0 3 5 8 10 13 14 17 19 21 23
cat_threshold=2897454080 3424088775 1 302518352 536903696 539199496 4260979400 1 131080 2298544128 536903680 423632968 1 132 491800556 4022484993 1 1074031202 3531031640 2284856320 2147491844 273439385 40
is_linear=0
shrinkage=0.06


Tree=220
num_leaves=31
num_cat=8
split_feature=132 104 129 104 111 122 130 104 104 129 136 104 120 113 107 3 109 85 124 104 127 59 113 120 130 104 120 110 104 102
split_gain=9.48704 24.7511 18.0465 25.1011 14.2484 12.1587 11.8352 23.1368 11.6037 11.5533 10.3645 13.5698 11.1244 10.1417 11.5978 9.16628 18.2946 14.2985 14.5299 10.0324 14.8867 20.9414 23.0757 40.2558 18.339 29.6736 30.0715 38.6115 34.294 23.4603
threshold=0.61490419508004501 0 172.50000000000003 1 91.500000000000014 0.50217361374372382 0.91597561503675362 2 3 210.50000000000003 1.0000000180025095e-35 4 1.0000000180025095e-35 295.50000000000006 28.610200000000003 160.00875000000002 192.50000000000003 20.950000000000003 0.41833333333333339 5 24.402265416142299 1866.7650000000001 18.500000000000004 81.500000000000014 -0.37940952255126059 6 15.500000000000002 11.050000000000002 7 37.500000000000007
decision_type=2 1 2 1 2 2 2 1 1 2 2 1 2 2 2 10 2 8 2 1 2 8 2 2 2 1 2 2 1 2
left_child=15 4 3 -3 6 -5 -2 -8 9 -6 -4 12 -12 -9 -15 19 -17 18 -18 -1 21 -21 23 -23 29 -26 -27 28 -28 -22
right_child=1 2 10 5 8 -7 7 13 -10 -11 11 -13 -14 14 -16 16 17 -19 -20 20 24 22 -24 -25 25 26 27 -29 -30 -31
leaf_value=-0.013216937336036348 -0.11089868011589669 0.034374426598101721 0.088922999603709821 -0.091273497280366017 -1.3404633405079016 -0.40906245524457507 -0.0038863737264384951 -0.40181575464660302 0.71555591948931263 -0.24913953514981346 0.089525968932916672 0.0023758014596792988 -0.65086639692935566 -0.2625048562816526 -1.7926966246219835 0.17847656347125684 -0.052992507465080413 0.021986103055367436 -0.25915248305945193 0.022067686607132448 0.34842510558020312 -0.30336870861134785 -0.055431095638427658 -1.3063768910162523 -0.23037754035008112 1.1714783807353468 -1.3431766872090292 0.041234393549628948 -0.25841550699217974 -0.073101702013470687
leaf_weight=256173 15039 995 17410 903 61 57 615 435 1457 183 213 2418 474 66 118 26283 2940 11472 835 321196 5720 1119 41787 358 3852 28102 230 2737 356 18924
leaf_count=256173 15039 995 17410 903 61 57 615 435 1457 183 213 2418 474 66 118 26283 2940 11472 835 321196 5720 1119 41787 358 3852 28102 230 2737 356 18924
internal_value=0.000118957 -0.000775275 0.000552467 -0.00495399 -0.00243403 -0.0118023 -0.00298157 -0.00862834 0.00278848 -0.00908235 0.0010777 -0.00211526 -0.00948137 -0.0166762 -0.0287351 0.000169044 0.00103441 -0.000618966 -0.0038215 0.000116235 0.000295213 0.000151128 -0.00108808 -0.00845602 0.00117162 0.00204893 0.00265778 -0.00273827 -0.0167019 -8.42359e-05
internal_weight=762528 40444 22470 1955 17974 960 16273 1234 1701 244 20515 3105 687 619 184 722084 41530 15247 3775 680554 424381 364460 43264 1477 59921 35277 31425 3323 586 24644
internal_count=762528 40444 22470 1955 17974 960 16273 1234 1701 244 20515 3105 687 619 184 722084 41530 15247 3775 680554 424381 364460 43264 1477 59921 35277 31425 3323 586 24644
cat_boundaries=0 2 4 6 8 11 13 15 18
cat_threshold=3370021368 3409219585 841057794 536954460 3229884584 1110736896 794624 32768 33555460 536936832 1 1635814083 1355664460 2147500032 67117072 201850884 540020993 1
is_linear=0
shrinkage=0.06


Tree=221
num_leaves=31
num_cat=0
split_feature=111 115 6 113 119 132 128 115 132 121 108 107 121 126 129 111 107 131 132 122 113 113 121 128 114 114 109 120 139 115
split_gain=9.34841 32.047 20.9025 28.2434 15.8663 18.7398 14.787 11.0652 10.7292 10.3477 11.4883 13.3895 10.3107 15.8049 28.5519 31.1773 24.6232 20.2158 15.6105 15.2576 21.6299 14.6704 21.5875 22.4731 14.243 16.4007 14.3664 16.8584 27.6279 24.1639
threshold=35.500000000000007 -1.6853097384528966 323.73500000000007 290.50000000000006 502.50000000000006 -0.77718486915728335 0.041597101485909123 -1.510759635770792 -0.70822003333690042 993.25000000000011 77.245300000000015 28.705150000000003 987.45000000000016 61.375000000000007 58.500000000000007 57.500000000000007 28.445900000000005 0.1294095225512602 -0.99359783145257141 0.05952177246924658 319.50000000000006 18.500000000000004 990.35000000000002 0.0012038874427933168 2.2861301521573618 3.745678740201448 1132.5000000000002 63.500000000000007 35.500000000000007 -0.54792289849514797
decision_type=2 2 10 2 2 2 2 2 2 2 2 2 2 2 2 2 2 2 2 2 2 2 2 2 2 2 2 2 2 2
left_child=1 -1 -3 -4 -5 -6 12 -7 -8 -10 -11 -12 19 14 -14 17 -17 -16 -15 20 -2 22 23 -18 26 -26 27 -21 -29 -30
right_child=6 2 3 4 5 7 8 -9 9 10 11 -13 13 18 15 16 21 -19 -20 24 -22 -23 -24 -25 25 -27 -28 28 29 -31
leaf_value=0.0048151118303933708 -0.025625508952191126 -0.054572609457743448 0.01113311075502886 -0.25945206025055184 -1.5017525577838058 -0.43055146953578244 0.24380594721174537 -0.64271774230411816 -0.66245401958076799 0.25787676861447495 0.48009563519875936 -2.8834379711594909 -0.36415545154519374 -0.24415530639002489 -0.36433112130846684 -0.17337409711576629 -1.300862488628401 0.54884584534455427 0.0055955702692250149 -0.047879031938082545 -0.20415059963991167 0.38039012678549883 0.19250351662813739 -0.2806202159731504 0.14223713917736844 -0.42245878817921639 0.073604954237615386 0.094068235760309898 -0.82590555212805017 -0.11810609773086959
leaf_weight=17658 3361 2876 727 402 262 463 18850 373 356 626 82 117 4058 748 4354 7378 150 1443 443695 121892 1344 76707 3373 1804 10625 586 11019 24975 750 1840
leaf_count=17658 3361 2876 727 402 262 463 18850 373 356 626 82 117 4058 748 4354 7378 150 1443 443695 121892 1344 76707 3373 1804 10625 586 11019 24975 750 1840
internal_value=9.87346e-05 -0.00109894 -0.00528644 -0.00964901 -0.0143504 -0.0180819 0.000135568 -0.0224659 0.00174351 -0.00380203 -0.000108959 -0.01263 9.08372e-05 0.000220154 0.000904642 0.00111474 0.00139121 -0.00314902 6.72708e-05 -0.000307767 -0.00367828 0.00168982 -0.00135473 -0.00637136 -0.000215379 0.00185212 -0.000359827 -0.000513977 0.000826018 -0.0050714
internal_weight=762894 22761 5103 2227 1500 1098 740133 836 20031 1181 825 199 720102 543710 99267 95209 89412 5797 444443 176392 4705 82034 5327 1954 171687 11211 160476 149457 27565 2590
internal_count=762894 22761 5103 2227 1500 1098 740133 836 20031 1181 825 199 720102 543710 99267 95209 89412 5797 444443 176392 4705 82034 5327 1954 171687 11211 160476 149457 27565 2590
is_linear=0
shrinkage=0.06


Tree=222
num_leaves=31
num_cat=7
split_feature=21 104 19 140 104 0 140 21 140 0 129 133 109 99 104 115 63 139 104 130 104 133 119 140 104 115 21 130 104 132
split_gain=9.86304 14.8386 13.8674 11.2695 12.9293 11.1334 70.1188 33.2893 30.046 37.2763 25.1533 24.6493 28.5155 22.4349 20.8593 19.4208 18.9732 15.8044 47.6659 49.5006 15.0105 25.408 18.7395 30.0606 23.4666 21.8771 19.8984 18.7828 23.6522 18.3449
threshold=752.87500000000011 0 319.9461805555556 27.000000000000004 1 84.75833333333334 2.5000000000000004 177.40500000000003 1.5000000000000002 144.40250000000003 226.50000000000003 0.94066717844141279 77.500000000000014 0.96849880583763492 2 0.20273573896142658 2.6390264585253047 42.500000000000007 3 -0.37940952255126059 4 0.94066717844141279 169.50000000000003 7.5000000000000009 5 -1.0164198267443476 234.05625000000003 -0.91597561503675329 6 0.21336913576298863
decision_type=10 1 10 2 1 2 2 10 2 2 2 2 2 2 1 2 2 2 1 2 1 2 2 2 1 2 10 2 1 2
left_child=2 -2 5 -4 -5 6 7 -1 9 11 14 -7 13 -13 15 17 -14 -8 19 -19 -10 22 23 -22 25 27 -26 28 -25 -23
right_child=1 -3 3 4 -6 8 10 -9 20 -11 -12 12 16 -15 -16 -17 -18 18 -20 -21 21 29 -24 24 26 -27 -28 -29 -30 -31
leaf_value=-0.050000749281001851 -0.97356473782881503 -0.085809488665226599 1.0885940890663279 -0.42867534035327659 0.36772941527111064 0.10729976832407703 -0.056017814947613799 -0.34769490569971961 0.01573197623769047 0.84753884445916294 0.11331525663785758 -0.7581477778334329 0.14141819851709342 -0.38524308873233204 0.038254108833171534 0.10326955504093065 -0.27746274546481903 0.053358896792086566 0.17182752180000169 -0.4964820411170211 0.064848741887522293 -0.0098500042182237263 0.00098564752924368043 -0.50716725823554798 -0.13931121816883388 -0.20489745475454277 -0.4355416274659703 0.10126446787746349 -0.034370597232984933 0.096990095333406731
leaf_weight=19439 1789 8741 9360 3593 5835 10628 25634 6431 220467 17916 72220 453 2138 1551 71512 6966 587 174 613 299 23312 80884 54972 1314 31441 24254 10514 22947 4390 22094
leaf_count=19439 1789 8741 9360 3593 5835 10628 25634 6431 220467 17916 72220 453 2138 1551 71512 6966 587 174 613 299 23312 80884 54972 1314 31441 24254 10514 22947 4390 22094
internal_value=0.000114245 -0.00170924 0.000139783 0.00174932 0.000285078 9.85338e-05 0.000476012 -0.00244212 -4.6291e-05 0.00169916 0.000901527 -0.000469983 -0.00407315 -0.00950424 0.000309585 -0.000921269 -7.70357e-05 -0.00165712 -0.00874333 -0.0227727 -0.000163245 -0.000457996 -0.00090188 -0.00132761 -0.001802 -0.000960957 -0.0028616 0.000161455 -0.00291954 0.000288292
internal_weight=762468 10530 751938 18788 9428 733150 203288 25870 529862 33273 177418 15357 4729 2004 105198 33686 2725 26720 1086 473 496589 276122 173144 118172 94860 52905 41955 28651 5704 102978
internal_count=762468 10530 751938 18788 9428 733150 203288 25870 529862 33273 177418 15357 4729 2004 105198 33686 2725 26720 1086 473 496589 276122 173144 118172 94860 52905 41955 28651 5704 102978
cat_boundaries=0 2 4 6 8 11 13 15
cat_threshold=570556416 747110400 2219873185 1293942917 3363831971 151111146 1073741826 1032 2304251186 763572643 1 369371661 3257927764 67110913 33554436
is_linear=0
shrinkage=0.06


Tree=223
num_leaves=31
num_cat=7
split_feature=8 140 23 133 140 0 109 99 104 104 133 133 98 104 133 104 121 104 120 112 119 119 108 130 104 17 120 114 115 104
split_gain=8.58536 32.4134 27.2416 23.4543 22.0276 50.249 21.6225 27.2908 19.8441 15.9011 20.7534 24.5251 20.7008 30.2588 19.4667 27.3465 29.9032 21.5415 17.9819 22.027 25.3203 21.064 17.7735 16.9352 18.7829 16.8258 18.1423 21.9566 16.1253 18.2317
threshold=82.770833333333357 2.5000000000000004 -9.4999999999999698 0.93769647993491489 1.5000000000000002 136.68750000000003 72.500000000000014 0.92843842216862604 0 1 0.94066717844141279 0.96407344085605606 -0.26762560548918296 2 0.92191100909954782 3 989.05000000000007 4 87.500000000000014 0.50500000000000012 578.50000000000011 591.50000000000011 77.122500000000016 0.25881904510252091 5 124.18729946136476 67.500000000000014 -0.49383638869931551 -1.710556809973536 6
decision_type=10 2 8 2 2 2 2 2 1 1 2 2 2 1 2 1 2 1 2 2 2 2 2 2 1 10 2 2 2 1
left_child=1 2 -1 -3 5 6 7 -2 -9 -6 14 18 13 -13 25 -16 17 -17 19 20 22 -20 -12 24 -15 26 -11 -28 29 -14
right_child=4 3 -4 -5 9 -7 -8 8 -10 10 11 12 28 23 15 16 -18 -19 21 -21 -22 -23 -24 -25 -26 -27 27 -29 -30 -31
leaf_value=-0.1615897212165297 -0.10604947229253155 0.0208981325770102 0.011727233474480035 0.21281073279771545 0.024049701803355781 0.73830928198347412 0.047988063261754782 -0.32018100957907064 -0.7089610115559567 -0.053979829731647014 -0.75628863404330238 -0.56746589330185915 -0.032838016470031588 0.088067185712151469 -0.035123183524884152 -3.00411246412044 -0.26517321580863246 -0.26848831724634392 0.94405793744626054 0.13939747309202469 -1.0067796068062997 -0.21979003773706657 -0.018346320487262837 0.025556295724029246 -0.85921338570381145 -0.00064994876885201994 -0.024405694351355738 -0.2777972988303124 -0.028819192537045867 0.22346804430901043
leaf_weight=11232 4272 151215 14284 24958 196922 20823 8583 889 816 79952 89 428 7400 642 8567 127 6424 967 7337 19579 81 259 531 2398 1031 96109 6636 9281 70628 10010
leaf_count=11232 4272 151215 14284 24958 196922 20823 8583 889 816 79952 89 428 7400 642 8567 127 6424 967 7337 19579 81 259 531 2398 1031 96109 6636 9281 70628 10010
internal_value=9.82859e-05 0.000434003 -0.0015646 0.000723478 -2.24577e-05 0.00142658 -0.00127738 -0.00404784 -0.0104631 -0.000120046 -0.000375613 0.000251283 -0.000218699 -0.004188 -0.000738436 -0.00274338 -0.00538079 -0.0145534 0.00181139 0.000878655 -0.0095641 0.00430117 -0.00541063 -0.0025561 -0.00719355 -0.000570437 -0.00113285 -0.00298266 -1.5811e-05 0.00161967
internal_weight=762470 201689 25516 176173 560781 35383 14560 5977 1705 525398 328476 120413 92537 4499 208063 16085 7518 1094 27876 20280 701 7596 620 4071 1673 191978 95869 15917 88038 17410
internal_count=762470 201689 25516 176173 560781 35383 14560 5977 1705 525398 328476 120413 92537 4499 208063 16085 7518 1094 27876 20280 701 7596 620 4071 1673 191978 95869 15917 88038 17410
cat_boundaries=0 3 5 7 9 11 13 16
cat_threshold=849650216 1281353284 1 2304251312 151075234 0 348127232 338012173 3232137792 131072 524292 637945856 2685305920 874842117 645939777 1
is_linear=0
shrinkage=0.06


Tree=224
num_leaves=31
num_cat=9
split_feature=132 104 111 7 119 104 104 114 129 111 104 104 129 6 114 114 121 111 130 114 114 104 104 139 104 110 104 132 19 130
split_gain=8.22288 23.2704 19.456 14.9133 19.2164 19.9387 17.802 25.4353 16.8689 18.1807 15.0192 13.0932 15.5489 10.7448 22.0937 10.2786 15.2363 10.1925 26.5365 27.5888 26.3185 38.6595 25.3364 26.846 25.2131 28.0187 36.1031 25.355 50.94 25.0943
threshold=0.61490419508004501 0 91.500000000000014 151.33500000000004 125.50000000000001 1 2 -0.96345646017613606 202.50000000000003 75.500000000000014 3 4 210.50000000000003 343.70500000000004 1.4519353405445381 1.9956580870215597 993.25000000000011 70.500000000000014 -1.0000000180025095e-35 2.2861301521573618 3.3957990556093347 5 6 17.500000000000004 7 14.850000000000003 8 -0.78789334285648371 90.2638888888889 0.12940952255126045
decision_type=2 1 2 2 2 1 1 2 2 2 1 1 2 10 2 2 2 2 2 2 2 1 1 2 1 2 1 2 10 2
left_child=17 -2 3 -3 5 13 7 -6 9 -7 -11 12 -4 -5 -15 -10 -17 24 -19 22 -21 -22 23 -20 25 26 -1 28 -28 -27
right_child=1 2 11 4 6 8 -8 -9 15 10 -12 -13 -14 14 -16 16 -18 18 19 20 21 -23 -24 -25 -26 29 27 -29 -30 -31
leaf_value=-0.015520731779995019 0.07746456712292904 -0.0033527295838212015 -1.0953934339625597 -0.29107231359689567 -0.8342052522783594 -0.62026080659960992 0.036713738349819065 -0.11950923570715317 0.096838797660814241 -0.48735222851013027 0.019159183869642122 0.62194839013061609 -0.0049415002106262184 0.11484310056966923 -0.76152374244079468 -0.15947632555896499 -0.51051877214093855 0.09276127721791895 -0.016158836988059529 0.23629856963266321 -0.52179809035461022 0.027412225417643217 -0.063958971855231528 0.22634247372960242 0.021565991098680962 -0.048221843751153022 -0.72905503643912128 -0.26495212147097547 1.3731264272182042 0.06041319646797573
leaf_weight=7718 10536 9080 90 3083 195 101 5118 3634 2783 681 631 2417 267 124 195 1266 122 127434 66029 20544 925 3191 124453 35657 207355 86163 232 7201 185 35092
leaf_count=7718 10536 9080 90 3083 195 101 5118 3634 2783 681 631 2417 267 124 195 1266 122 127434 66029 20544 925 3191 124453 35657 207355 86163 232 7201 185 35092
internal_value=0.000115609 -0.000718232 -0.00157521 -0.00206715 -0.00307026 -0.00502993 -0.0011017 -0.00418906 -0.00280536 -0.00847383 -0.00657121 0.00320865 -0.00738587 -0.00864577 -0.0191437 -0.00089022 -0.00510583 0.000162168 0.000377116 1.88758e-05 0.0019245 -0.00245421 -0.000188936 0.000513644 -7.42089e-05 -0.00070712 -0.00312343 -0.00604955 -0.0204258 -0.000401547
internal_weight=762502 40323 29787 27013 17933 8986 8947 3829 5584 1413 1312 2774 357 3402 319 4171 1388 722179 378233 250799 24660 4116 226139 101686 343946 136591 15336 7618 417 121255
internal_count=762502 40323 29787 27013 17933 8986 8947 3829 5584 1413 1312 2774 357 3402 319 4171 1388 722179 378233 250799 24660 4116 226139 101686 343946 136591 15336 7618 417 121255
cat_boundaries=0 2 4 6 9 11 14 17 19 21
cat_threshold=620791811 76112074 1080639712 425985809 2291020328 3392540672 268448004 570562596 1 402432 34816 1075192322 810582152 1 1204463254 879762728 1 1690306759 1987058746 1153435649 1110444066
is_linear=0
shrinkage=0.06


Tree=225
num_leaves=31
num_cat=8
split_feature=121 104 104 126 104 110 115 130 91 133 132 104 120 0 130 131 122 109 126 104 110 99 104 132 112 115 104 115 130 120
split_gain=9.67252 29.1809 24.1657 23.5468 33.3572 22.4284 28.2254 21.2096 20.9366 19.2093 36.4196 83.6144 74.9169 46.8914 45.9781 24.0713 27.2929 22.6736 50.7097 58.0626 22.7848 21.5025 27.253 21.9795 20.8812 41.1442 42.2634 20.4024 19.666 18.9822
threshold=988.85000000000002 0 1 67.625000000000014 2 29.750000000000004 -0.18032048462856368 -0.78656609248549303 3 0.96407344085605606 0.17963823861099873 4 1.5000000000000002 124.54166666666669 -0.37940952255126059 0.78656609248549303 0.49284909376632019 112.50000000000001 237.20000000000002 5 13.850000000000003 0.96407344085605606 6 -0.25101255527900046 1.8150000000000002 -1.2041535051048176 7 -1.1380148261632899 0.37940952255126054 21.500000000000004
decision_type=2 1 1 2 1 2 2 2 1 2 2 1 2 2 2 2 2 2 2 1 2 2 1 2 2 2 1 2 2 2
left_child=1 -1 -2 4 7 9 -7 8 -4 29 14 -12 13 15 21 16 -13 18 24 20 -20 22 23 -11 25 26 -16 28 -15 -5
right_child=2 -3 3 5 -6 6 -8 -9 -10 10 11 12 -14 27 17 -17 -18 -19 19 -21 -22 -23 -24 -25 -26 -27 -28 -29 -30 -31
leaf_value=-0.04725918368940274 -0.02050453388591638 0.021471116303732579 0.31110608044074178 0.092053607785780436 0.63731553516071493 0.28626207170818957 -0.5456434644027065 0.17265886608025585 -0.50898718962581935 -0.81449605308426598 0.055797514380327061 -0.11927550809861059 0.099112883744950545 -0.28090172064407071 -0.25432747782603843 0.046318940670134957 -0.43142398113700403 0.048201849879121961 -0.74688403424324956 -0.098280539976905348 -3.9827428470918869 0.31946987842178043 0.0043655905828761561 -0.83623515592866116 -0.03072198937220956 -0.15586217481347736 -1.0638990916543309 -0.54172650494373442 -0.10585073705610162 -0.021108163385701643
leaf_weight=123750 186589 148942 2135 123845 31247 152 222 18990 4076 179 6981 2173 2134 1498 565 1151 504 18186 406 594 138 21599 830 140 12817 5548 600 316 544 46224
leaf_count=123750 186589 148942 2135 123845 31247 152 222 18990 4076 179 6981 2173 2134 1498 565 1151 504 18186 406 594 138 21599 830 140 12817 5548 600 316 544 46224
internal_value=8.93622e-05 -0.000197101 0.000248658 0.00057874 0.00168449 0.000326408 -0.014336 5.97337e-05 -0.00298358 0.00034867 -0.000438234 -0.00305803 -0.00711559 -0.0104678 0.000212522 -0.00636511 -0.00948394 -0.00104172 -0.00240128 -0.0147076 -0.0286054 0.00235474 -0.00564 -0.0202 -0.00168348 -0.0043941 -0.0146398 -0.0171225 -0.0149134 0.000704498
internal_weight=763075 272692 490383 303794 56448 247346 374 25201 6211 246972 76903 15301 8320 6186 61602 3828 2677 38854 20668 1138 544 22748 1149 319 19530 6713 1165 2358 2042 170069
internal_count=763075 272692 490383 303794 56448 247346 374 25201 6211 246972 76903 15301 8320 6186 61602 3828 2677 38854 20668 1138 544 22748 1149 319 19530 6713 1165 2358 2042 170069
cat_boundaries=0 2 5 7 8 10 12 14 16
cat_threshold=3390380448 3271364523 1975558659 809690180 1 35063176 3256157057 16 2573560 43844122 2316899604 2155877155 256 1185939467 134484416 2268076089
is_linear=0
shrinkage=0.06


Tree=226
num_leaves=31
num_cat=11
split_feature=8 110 104 132 113 130 104 139 139 34 60 104 109 104 129 135 104 127 104 91 102 91 104 132 132 104 130 130 104 110
split_gain=8.00395 14.9721 15.009 12.3868 16.6244 11.8508 28.0298 18.1704 74.0484 52.4405 16.2535 15.0376 14.4605 17.5728 12.7624 11.8049 28.9961 18.8044 24.3691 26.1642 17.3793 18.3548 16.8457 29.379 27.0371 43.8746 30.3169 19.4019 31.9829 36.9706
threshold=88.512500000000017 11.65 0 -0.48970496317164519 14.500000000000002 0.37940952255126054 1 44.500000000000007 43.500000000000007 1.0000000180025095e-35 2.6858900281450571 2 332.50000000000006 3 15.500000000000002 1.0000000180025095e-35 4 0.73690340422360623 5 6 58.500000000000007 7 8 0.025799818015934263 0.042991213741508195 9 -1.0000000180025095e-35 -0.78656609248549303 10 18.050000000000004
decision_type=10 2 1 2 2 2 1 2 2 10 2 1 2 1 2 2 1 2 1 1 2 1 1 2 2 1 2 2 1 2
left_child=1 2 -1 4 -4 11 7 8 10 -10 -7 -3 -8 14 -14 22 20 18 19 -18 21 -17 -2 27 25 26 -25 28 -24 -30
right_child=15 5 3 -5 -6 6 12 -9 9 -11 -12 -13 13 -15 -16 16 17 -19 -20 -21 -22 -23 23 24 -26 -27 -28 -29 29 -31
leaf_value=-0.069082428880409552 -0.041371635592682907 -0.030151901629516416 -0.54671704910918939 0.17953527749276507 -0.094029282108522891 -0.31943145470323625 0.064160759990359903 0.20289318367160453 0.05820999281479481 -0.52835707538641774 -0.074031814147446362 0.038242882199103476 0.19315229239535525 -0.0058929069123638111 -0.51599841246489542 -0.28229689550863418 -0.93081137964488037 0.28499647956995883 0.15365527132667009 -0.018972350435908038 -0.86896035232553515 0.053065779920775817 -0.17568696637503417 -0.17101183318523394 -0.030071405224888801 0.016191848872936187 -0.97475359455149713 0.10946505570108278 1.106089564678548 -0.049875241153867357
leaf_weight=7869 178551 37847 59 24647 1350 196 28495 2141 138 236 20755 102119 156 1076 449 7162 1468 39659 6166 1967 1803 16054 19232 472 87073 1152 475 140681 11036 22065
leaf_count=7869 178551 37847 59 24647 1350 196 28495 2141 138 236 20755 102119 156 1076 449 7162 1468 39659 6166 1967 1803 16054 19232 472 87073 1152 475 140681 11036 22065
internal_value=0.000119434 0.000417511 0.0015802 0.00227322 -0.00319574 0.000213771 -0.000544488 -0.00209925 -0.00262918 -0.029056 -0.00215607 0.000504376 0.000665055 -0.00474078 -0.0128084 -7.33412e-06 0.000694588 0.00153924 -0.000842949 -0.00488392 -0.000968677 -0.000528233 -0.000120498 0.000168096 -0.000732598 -0.00746 -0.016929 0.000584224 -0.000402071 0.000728618
internal_weight=762549 227533 33925 26056 1409 193608 53642 23466 21325 374 20951 139966 30176 1681 605 535016 74279 49260 9601 3435 25019 23216 460737 282186 89172 2099 947 193014 52333 33101
internal_count=762549 227533 33925 26056 1409 193608 53642 23466 21325 374 20951 139966 30176 1681 605 535016 74279 49260 9601 3435 25019 23216 460737 282186 89172 2099 947 193014 52333 33101
cat_boundaries=0 3 5 7 10 12 14 15 16 19 21 23
cat_threshold=612896792 604037124 1 2569096770 281556698 2899837092 691077476 270636 2887813121 1 2712908576 2147885575 268438549 1269907520 18 16 1644512459 1459405848 1 2160623888 688003363 284328192 9091
is_linear=0
shrinkage=0.06


Tree=227
num_leaves=31
num_cat=7
split_feature=16 0 140 132 104 140 24 109 132 24 126 121 0 133 104 72 104 104 129 104 125 104 115 104 111 121 98 130 109 132
split_gain=8.21215 9.45854 39.3379 21.7637 23.755 20.7575 36.7799 29.955 19.995 19.1833 17.3311 16.9017 15.8115 18.8769 14.9376 14.8789 14.7665 13.691 13.5014 19.0732 13.4237 38.3005 31.3881 21.0754 19.3506 14.6758 15.0689 18.5439 14.5543 22.7699
threshold=239.51375000000004 68.71250000000002 2.5000000000000004 -0.94941398590724801 0 1.5000000000000002 -0.66666666666667485 77.500000000000014 -0.99359783145257141 -15.532986111111098 113.62500000000001 987.85000000000002 121.11250000000003 0.94066717844141279 1 3.1750000000000003 2 3 81.500000000000014 4 0.20130000000000003 5 1.6956777853009961 6 95.500000000000014 985.95000000000016 -0.86491625635379854 0.12940952255126045 67.500000000000014 0.19653276579064646
decision_type=10 2 2 2 1 2 8 2 2 8 2 2 2 2 1 2 1 1 2 1 2 1 2 1 2 2 2 2 2 2
left_child=1 2 9 4 -4 6 7 12 11 10 -1 18 13 -3 -15 20 -17 -5 -6 -20 23 22 28 -7 -23 -24 27 -27 -22 -30
right_child=-2 5 3 17 8 15 -8 -9 -10 -11 -12 -13 -14 14 -16 16 -18 -19 19 -21 21 24 25 -25 -26 26 -28 -29 29 -31
leaf_value=-0.54384189354237278 0.059152671384971295 -0.25931286224300965 -0.049334653381576068 0.18251833510146098 -0.0043014470226936637 -0.035262286401678271 0.38112817268551225 0.10986639924868932 0.1060452608615907 -0.0024106450695717441 -0.10084359386881238 -0.35457460549746511 -0.066443269723563458 -0.32128217148586929 -0.90071183531709909 -0.14118612278383547 -0.026518792190432797 0.053870684658377507 -0.4446089178214026 -0.048607101415964013 0.14087336842136042 -0.16442904862208715 -0.055359927308146629 0.031515688842433776 0.14372636225884869 -0.75858063444036405 -0.70729846848815781 3.4678846532191989 0.031957462330523843 -0.28142542246935254
leaf_weight=1478 111555 2330 21481 18423 11347 118776 19671 7300 19185 7742 7398 209 2586 438 457 15430 28796 42980 110 315 46793 56762 483 206627 6761 264 433 61 4526 2008
leaf_count=1478 111555 2330 21481 18423 11347 118776 19671 7300 19185 7742 7398 209 2586 438 457 15430 28796 42980 110 315 46793 56762 483 206627 6761 264 433 61 4526 2008
internal_value=0.000116779 3.52905e-05 0.000491685 0.000889076 -6.03989e-06 -7.92846e-05 0.00138218 -0.00107947 0.00105193 -0.00223551 -0.00413924 -0.000870806 -0.00429353 -0.00709547 -0.0144978 -0.000177519 -0.00122694 0.00165654 -0.000569778 -0.0110563 -7.28664e-05 -0.000620821 0.000545045 0.000125991 -0.00162215 -0.00888406 -0.014087 -0.0238344 0.000764739 -0.00188768
internal_weight=762725 651170 130668 114050 52647 520502 32782 13111 31166 16618 8876 11981 5811 3225 895 487720 44226 61403 11772 425 443494 118091 54568 325403 63523 1241 758 325 53327 6534
internal_count=762725 651170 130668 114050 52647 520502 32782 13111 31166 16618 8876 11981 5811 3225 895 487720 44226 61403 11772 425 443494 118091 54568 325403 63523 1241 758 325 53327 6534
cat_boundaries=0 2 5 7 9 12 14 16
cat_threshold=3373274282 432686570 1653752394 1112793612 1 1622230466 876643961 2570390701 227818402 37888768 4096 1 2240291637 2079725987 1678256693 318130437
is_linear=0
shrinkage=0.06


Tree=228
num_leaves=31
num_cat=10
split_feature=89 16 132 61 126 104 104 119 104 74 136 131 130 120 119 122 115 104 129 104 104 104 102 104 120 130 7 104 119 132
split_gain=9.09216 15.841 12.5671 10.4346 12.9821 31.5772 19.697 18.2771 22.7297 28.2147 15.5853 13.4433 19.5696 27.2756 32.6091 23.6779 20.3458 30.2628 21.0139 19.4876 18.4928 18.4473 17.9532 17.1657 13.0696 14.3065 17.6313 22.8426 18.4562 16.9788
threshold=0 118.40250000000002 0.37744852145085445 5.8119640047040537 182.87500000000003 1 2 492.50000000000006 3 0.48707056497571027 1.0000000180025095e-35 -0.37940952255126015 -1.0000000180025095e-35 65.500000000000014 100.50000000000001 0.47987976382172298 1.6956777853009961 4 97.500000000000014 5 6 7 39.500000000000007 8 86.500000000000014 -0.78656609248549303 189.48500000000004 9 45.500000000000007 0.32917936166072764
decision_type=1 10 2 2 2 1 1 2 1 2 2 2 2 2 2 2 2 1 2 1 1 1 2 1 2 2 2 1 2 2
left_child=1 -1 -3 4 6 -6 24 11 9 -9 -7 23 13 14 16 -16 18 -18 -13 -20 -17 -14 -19 -8 25 26 -2 28 29 -28
right_child=3 2 -4 -5 5 10 7 8 -10 -11 -12 12 21 -15 15 20 17 22 19 -21 -22 -23 -24 -25 -26 -27 27 -29 -30 -31
leaf_value=-0.0095842597598984527 0.057117548670969479 0.10473413160985733 -0.030679509988511905 0.17238408311798417 0.072064752624010409 -0.014121837654450294 -0.10669930024552396 -0.93138406234249849 0.026135356761514291 -0.04118096286697262 0.15646602386157957 0.30792257918877913 0.017494869838129798 0.40821452661269264 -0.34987088932191007 -0.38531665388287861 0.083999574665797078 -0.7871073421895507 0.10876021967823579 -0.08013307921689497 0.035662560842337244 -0.1348800295793591 0.13888538311704268 0.3825635895048809 0.055813020822382625 -0.090523939281209775 -0.74020947502905643 -0.1928677515628249 -0.068055192345438387 -1.7371551072222406
leaf_weight=76662 3204 98557 15309 37224 74084 180167 9026 382 689 353 8879 10737 34353 12652 444 1149 992 736 26055 33364 1308 46724 209 14695 12187 47866 2352 10573 1095 312
leaf_count=76662 3204 98557 15309 37224 74084 180167 9026 382 689 353 8879 10737 34353 12652 444 1149 992 736 26055 33364 1308 46724 209 14695 12187 47866 2352 10573 1095 312
internal_value=0.000120883 0.000479839 0.000928768 1.26985e-06 -6.63649e-05 0.000233952 -0.000357469 -3.41035e-05 -0.00680421 -0.0140349 -0.000177534 1.60256e-05 -0.000172008 0.000449485 1.47212e-05 -0.00622123 0.000265737 -0.00579876 0.000433257 -8.17884e-06 -0.00391294 -0.000843854 -0.0133996 0.00135343 -0.00116528 -0.00150158 -0.00296767 -0.00386716 -0.00787958 -0.0105951
internal_weight=762339 190528 113866 571811 534587 263130 271457 193868 1424 735 189046 192444 168723 87646 74994 2901 72093 1937 70156 59419 2457 81077 945 23721 77589 65402 17536 14332 3759 2664
internal_count=762339 190528 113866 571811 534587 263130 271457 193868 1424 735 189046 192444 168723 87646 74994 2901 72093 1937 70156 59419 2457 81077 945 23721 77589 65402 17536 14332 3759 2664
cat_boundaries=0 1 3 5 8 10 12 14 16 18 20
cat_threshold=48 2993915912 598720 846273536 2148098752 1141646013 384833794 1 1082286187 534807580 1292632676 194414612 2365621019 1894776867 75670405 812650787 25338645 184942599 543227904 512
is_linear=0
shrinkage=0.06


Tree=229
num_leaves=31
num_cat=12
split_feature=111 104 114 127 104 129 137 119 104 104 126 104 122 127 133 104 104 115 91 104 115 111 104 127 121 104 123 124 104 19
split_gain=10.9858 19.4007 18.5592 18.5497 40.7208 16.1352 16.0705 19.1527 22.3101 16.2237 15.957 21.5345 21.1802 17.8359 15.9018 48.6072 15.7751 15.7741 14.502 17.8893 13.3825 14.7303 14.5802 19.4967 12.6755 16.1644 15.9773 12.1683 13.1273 11.8702
threshold=43.500000000000007 0 2.4901005614919209 84.974054599140928 1 166.50000000000003 0.22623637047664433 678.50000000000011 2 3 4020.4250000000002 4 0.14261232647457553 133.84920807395872 0.91511078773075516 5 6 0.20273573896142658 7 8 -1.7967972079148671 39.500000000000007 9 7.9412185479710926 992.1500000000002 10 0.083640245529306476 0.84833333333333349 11 288.76215277777783
decision_type=2 1 2 2 1 2 2 2 1 1 2 1 2 2 2 1 1 2 1 1 2 2 1 2 2 1 2 2 1 10
left_child=1 2 6 29 5 -5 7 10 17 -8 12 13 24 -12 16 -16 -14 -9 -4 -20 22 -22 23 -21 25 26 -1 -3 -29 -2
right_child=3 27 18 4 -6 -7 9 8 -10 -11 11 -13 14 -15 15 -17 -18 -19 19 20 21 -23 -24 -25 -26 -27 -28 28 -30 -31
leaf_value=-0.10304679383878432 0.0044515600431463574 0.018168685772652647 0.13950118411814041 0.52541301697005016 0.75098749195286862 -0.42610176184650572 -0.40974028573438148 -1.3408535089536726 -0.095248487726767528 0.48744025370407812 -0.89904141687308392 -0.071075148902167609 -0.020314539210726248 -0.62443345227489544 -0.56394894747431434 -0.079686356195808897 -0.33711363682956924 0.41291948727618483 0.0989687456256097 -0.42395073589551174 -0.612261212945438 -0.3093650524055363 0.05383129108799848 -1.4906032924560675 0.23646222616197685 0.058643221935000017 -0.66956124099453218 -0.26291147246239088 -0.0053097044285221988 0.2296800041163326
leaf_weight=862 640478 38124 8832 859 10076 3743 639 344 790 1534 225 500 3515 119 321 744 4072 59 2421 253 370 779 1185 54 2976 1882 520 232 333 35642
leaf_count=862 640478 38124 8832 859 10076 3743 639 344 790 1534 225 500 3515 119 321 744 4072 59 2421 253 370 779 1185 54 2976 1882 520 232 333 35642
internal_value=0.00010059 -0.000606394 -0.00167492 0.000173955 0.00228408 -0.00239063 -0.00288897 -0.00351246 -0.0108392 0.0019678 -0.00295634 -0.0109775 -0.00250104 -0.0222423 -0.00442251 -0.0112852 -0.00345783 -0.0221304 -6.90874e-06 -0.00256416 -0.00597059 -0.0108574 -0.00224246 -0.0136415 0.000163436 -0.00241838 -0.00731371 0.000305272 -0.00842756 0.000128143
internal_weight=762483 71685 32996 690798 14678 4602 19102 16929 1193 2173 15736 844 14892 344 8652 1065 7587 403 13894 5062 2641 1149 1492 307 6240 3264 1382 38689 565 676120
internal_count=762483 71685 32996 690798 14678 4602 19102 16929 1193 2173 15736 844 14892 344 8652 1065 7587 403 13894 5062 2641 1149 1492 307 6240 3264 1382 38689 565 676120
cat_boundaries=0 3 5 8 10 13 16 19 20 23 25 27 29
cat_threshold=1172046737 4281536803 1 2684389514 2379834568 524560 204476419 1 640 337838082 98304768 32 1 13893888 305135617 1 1087374080 2483097601 1 13 21234560 455086339 1 0 604045312 525072 3257012513 268435462 8391708
is_linear=0
shrinkage=0.06


Tree=230
num_leaves=31
num_cat=11
split_feature=111 104 54 104 114 123 104 132 104 111 59 127 139 132 104 104 113 104 132 104 28 115 104 127 104 123 111 113 104 114
split_gain=9.61505 17.4679 12.471 17.4574 11.2972 10.2595 20.9442 10.1033 12.6766 12.3006 12.0555 11.433 13.6279 20.8071 14.6979 12.5272 10.1316 13.4218 9.88593 13.3848 10.571 12.9163 15.2736 11.9967 20.7923 15.6319 9.3283 23.2934 32.8175 21.3619
threshold=34.500000000000007 0 95.938238647399757 1 2.1552516767520928 0.044769397303695668 2 -0.96875021044074028 3 58.500000000000007 6981.1450000000004 4.3421512806177365 30.500000000000004 -0.90483020021433236 4 5 327.50000000000006 6 -0.38142733947913604 7 109.72291666666669 -1.6853097384528966 8 84.974054599140928 9 0.07109555449031342 66.500000000000014 131.50000000000003 10 -1.4970379956922566
decision_type=2 1 10 1 2 2 1 2 1 2 10 2 2 2 1 1 2 1 2 1 10 2 1 2 1 2 2 2 1 2
left_child=1 4 5 -4 -1 6 7 8 -2 10 11 12 16 14 -14 -15 -9 -18 20 -20 -3 23 -23 -22 25 -25 29 28 -28 -7
right_child=2 18 3 -5 -6 26 -8 9 -10 -11 -12 -13 13 15 -16 -17 17 -19 19 -21 21 22 -24 24 -26 -27 27 -29 -30 -31
leaf_value=-0.11645854491078773 -0.29627370415997212 0.10387202746172552 -0.083522925064810918 0.46519738478937778 0.12497588088109585 -0.14704680022298036 0.16261256093435272 0.16956539735345907 0.0041903862295788567 -0.82106986830524187 -0.17423907343379669 0.29478353021826853 -0.025729607286988608 -1.3507033318400274 -0.25797950504945422 0.33729661996431232 -0.95983764024742113 -0.022881633265429656 -0.30138638652205779 -0.097209891109003813 0.045195567643290219 -0.82050105576281429 -0.1327076385088278 -0.11223295092946485 -0.050810956698091887 -0.69429574681193407 -0.020709074415219415 0.0004415209079681979 0.18688490016615125 -0.0052936986587683761
leaf_weight=1014 1340 878 5869 9031 6532 10943 12253 1964 1415 92 306 3584 119 110 182 430 100 293 119 336 3314 730 1230 590 3336 714 41129 341582 57714 254975
leaf_count=1014 1340 878 5869 9031 6532 10943 12253 1964 1415 92 306 3584 119 110 182 430 100 293 119 336 3314 730 1230 590 3336 714 41129 341582 57714 254975
internal_value=0.000112125 -0.00122816 0.000146007 0.0018643 0.00100516 0.000110862 0.00138123 -0.000666599 -0.00375544 0.000518034 0.00080237 0.00132862 -0.00127915 -0.00783135 -0.0204437 -0.00077634 0.00106107 -0.00772081 -0.002725 -0.0113816 -0.00236153 -0.00292042 -0.007282 -0.00184488 -0.00381383 -0.0102023 7.09543e-05 0.000240381 0.00105154 -0.000209658
internal_weight=762224 18793 743431 14900 7546 728531 22188 9935 2755 7180 7088 6782 3198 841 301 540 2357 393 11247 455 10792 9914 1960 7954 4640 1304 706343 440425 98843 265918
internal_count=762224 18793 743431 14900 7546 728531 22188 9935 2755 7180 7088 6782 3198 841 301 540 2357 393 11247 455 10792 9914 1960 7954 4640 1304 706343 440425 98843 265918
cat_boundaries=0 3 6 8 10 12 14 16 18 20 22 25
cat_threshold=2700258332 3316666566 1 3760228554 2947898048 1 1829261669 3946090791 1627918372 151289894 1610612768 1258291203 20544 1610612736 16417 262150 301994496 536969248 470356899 536879393 384 306981897 854271529 2182933056 1
is_linear=0
shrinkage=0.06


Tree=231
num_leaves=31
num_cat=0
split_feature=114 133 133 107 110 130 112 125 115 108 115 99 129 28 109 107 114 113 108 28 120 115 107 109 127 0 114 121 111 25
split_gain=7.79913 26.9928 18.2143 31.5396 78.6934 27.2041 21.5576 17.9495 17.6246 18.6227 14.1487 15.3353 23.6082 14.0046 16.5721 23.4701 23.7742 18.6289 18.2414 13.3564 18.0966 12.1992 17.2659 11.6634 11.1941 10.9303 9.75132 9.66948 9.44832 28.495
threshold=-1.9418354633490444 0.92843842216862604 0.99932962452255414 28.736000000000004 9.0500000000000025 -1.0000000180025095e-35 2.0550000000000002 0.0069166666666666743 -1.6534326913703528 77.230550000000008 -1.2520971563736445 0.92843842216862604 239.50000000000003 257.57222222222225 332.50000000000006 28.649550000000001 1.9956580870215597 303.50000000000006 77.250000000000014 150.51666666666671 63.500000000000007 -1.1000854253651766 28.795750000000002 92.500000000000014 0.26221022290174079 126.21250000000002 1.4519353405445381 990.45000000000016 64.500000000000014 0.97772155075959655
decision_type=2 2 2 2 2 2 2 2 2 2 2 2 2 10 2 2 2 2 2 10 2 2 2 2 2 2 2 2 2 10
left_child=1 10 -2 6 -5 -6 7 -4 9 25 -1 -12 19 -8 15 16 18 -18 -15 20 -13 22 -7 -23 -20 -9 -10 -27 29 -3
right_child=2 28 3 4 5 21 13 8 26 -11 11 12 -14 14 -16 -17 17 -19 24 -21 -22 23 -24 -25 -26 27 -28 -29 -30 -31
leaf_value=-0.18345101972319539 0.0086655894518422195 0.40307668090101084 0.2498481981417941 -2.3266179252598356 0.3552080085054044 -1.4869642678626045 0.0038489761430844202 -0.41107981055952286 0.011727887002646249 0.098409608982234137 0.035632069705924273 -0.48850256420416266 -0.50181375328377553 -0.28710733971876262 -0.066297056591497663 -0.11397049257325914 -1.2730183662138197 -1.422996565383535 -0.21661576430821428 0.05225567031502399 0.16809169230970211 -3.0491689162277837 0.083149599731613344 -0.57791667949652126 -1.0548678923975081 -1.8641361161870573 -0.34083197018126871 -0.66245726339585254 0.70220067716915013 -0.46276185289962318
leaf_weight=967 706827 1481 6268 197 818 121 2100 84 2841 148 18689 134 664 595 1659 761 97 158 170 1920 134 75 51 350 333 114 586 51 13723 465
leaf_count=967 706827 1481 6268 197 818 121 2100 84 2841 148 18689 134 664 595 1659 761 97 158 170 1920 134 75 51 350 333 114 586 51 13723 465
internal_value=0.000134944 0.000970769 9.08941e-05 -0.00181693 -0.00981277 -0.00485169 -0.00100902 0.000672942 -0.00256627 -0.0145176 -0.000360389 -4.15001e-05 -0.0041388 -0.00389888 -0.00608426 -0.00960567 -0.0143442 -0.0308203 -0.0104932 -0.00112928 -0.0136506 -0.0145786 -0.0280231 -0.00908451 -0.0188929 -0.024504 -0.00117795 -0.0334337 0.00288283 -0.00102928
internal_weight=762581 38177 724404 17577 1612 1415 15965 10092 3824 397 22508 21541 2852 5873 3773 2114 1353 255 1098 2188 268 597 172 425 503 249 3427 165 15669 1946
internal_count=762581 38177 724404 17577 1612 1415 15965 10092 3824 397 22508 21541 2852 5873 3773 2114 1353 255 1098 2188 268 597 172 425 503 249 3427 165 15669 1946
is_linear=0
shrinkage=0.06


Tree=232
num_leaves=31
num_cat=2
split_feature=109 112 120 114 126 110 107 107 107 121 27 21 21 0 140 22 140 0 69 109 9 127 125 21 122 91 5 114 106 133
split_gain=9.11003 12.4991 13.4926 22.6147 9.23668 22.4137 10.3046 15.1779 13.4842 9.88354 9.85502 9.80114 10.8017 10.4039 63.4415 30.095 25.9933 28.0746 21.2773 20.179 16.7328 15.8588 17.3258 26.7199 15.7732 15.9334 14.4769 13.1006 13.1277 12.0441
threshold=1222.5000000000002 0.64500000000000013 1.0000000180025095e-35 -0.34766409821195499 3216.3000000000006 29.150000000000002 28.592900000000004 28.460400000000003 28.543650000000003 979.85000000000002 156.01125000000005 752.87500000000011 474.25000000000006 90.102500000000006 2.5000000000000004 -7.4937499999999906 1.5000000000000002 177.91250000000005 8.8500000000000032 42.500000000000007 189.73416666666671 1.0000000180025095e-35 0.16478333333333334 242.21250000000001 0.49284909376632019 0 1.1575000000000002 -1.6921341644564472 1 0.71952396275653763
decision_type=2 2 2 2 2 2 2 2 2 2 10 10 8 2 2 10 2 2 2 2 10 2 2 10 2 1 10 2 1 2
left_child=4 2 3 -2 11 -6 7 -7 9 -9 -8 12 13 14 15 19 17 24 -16 29 26 22 27 -24 -15 -26 -21 -18 -29 -1
right_child=1 -3 -4 -5 5 6 10 8 -10 -11 -12 -13 -14 16 18 -17 21 -19 -20 20 -22 -23 23 -25 25 -27 -28 28 -30 -31
leaf_value=-0.28488883288452937 -0.22622162419970074 0.07944298210727184 0.045802002012452062 -0.094659670846830371 -0.028242097137997784 0.13092609360980897 -0.0068689672600800522 -0.10719893888497931 -0.34945126579649832 -0.36358672429061689 -0.45524749834132 -0.24816302161837822 0.15632633807661592 0.16262545591775313 0.1136349047314264 -0.010839348083968423 -0.49721655894702466 1.2164891530339561 0.021251808020184174 -0.10630123242933712 -0.64703293332227074 -0.011481618447759967 -0.17284961747728927 -0.76645278032212094 0.2375492924651067 -0.23898171833491025 -0.30123802497687369 0.0095735529240231453 -0.59791495891991364 -1.0329774949377635
leaf_weight=1035 261 22215 2144 934 17893 113 505 50 279 109 131 9592 43946 9165 48369 11500 1108 11126 132137 10974 161 422068 252 150 3023 6001 468 5236 970 805
leaf_count=1035 261 22215 2144 934 17893 113 505 50 279 109 131 9592 43946 9165 48369 11500 1108 11126 132137 10974 161 422068 252 150 3023 6001 468 5236 970 805
internal_value=0.000115167 0.00122888 -0.00219341 -0.00729933 7.65582e-05 -0.00122635 -0.00920707 -0.0152065 -0.0202551 -0.0341625 -0.00399372 0.000111179 0.000136972 7.67259e-05 0.000431609 -0.00240467 -8.20865e-05 0.00164654 0.000823547 -0.00433219 -0.00340589 -0.000199997 -0.00289543 -0.0150074 0.000194283 -0.00158626 -0.00313449 -0.00222775 -0.00115418 -0.0101684
internal_weight=762720 25554 3339 1195 737166 19080 1187 551 438 159 636 718086 708494 664548 205449 24943 459099 29315 180506 13443 11603 429784 7716 402 18189 9024 11442 7314 6206 1840
internal_count=762720 25554 3339 1195 737166 19080 1187 551 438 159 636 718086 708494 664548 205449 24943 459099 29315 180506 13443 11603 429784 7716 402 18189 9024 11442 7314 6206 1840
cat_boundaries=0 1 2
cat_threshold=6 21
is_linear=0
shrinkage=0.06


Tree=233
num_leaves=31
num_cat=11
split_feature=58 129 104 129 104 127 25 104 140 67 104 137 67 104 104 111 130 131 104 112 113 104 132 132 104 132 131 122 104 104
split_gain=9.6041 15.3951 33.4747 21.2086 13.6701 11.2951 8.57852 20.3275 11.7159 10.2036 24.454 15.843 13.9823 27.5321 18.1277 25.6207 35.4759 30.0305 50.6711 25.9625 27.3046 23.754 21.2962 47.2787 37.2735 27.6906 26.3829 30.836 20.1785 19.6479
threshold=3.0750000000000006 55.500000000000007 0 66.500000000000014 1 7.9412185479710926 0.28100431927265213 2 27.000000000000004 49.500000000000007 3 0.01126364564421809 100.50000000000001 4 5 90.500000000000014 0.37940952255126054 0.25881904510252057 6 1.7550000000000001 14.500000000000002 7 -0.13291928626387098 -0.098749067963353782 8 -0.030098581458670341 0.1294095225512602 0.38990091175944797 9 10
decision_type=2 2 1 2 1 2 10 1 2 2 1 2 2 1 1 2 2 2 1 2 2 1 2 2 1 2 2 2 1 1
left_child=1 4 3 -3 5 -1 7 8 -2 10 11 -8 13 -11 15 16 -14 -18 -19 -20 -21 -17 29 24 -24 -25 27 -26 -27 -16
right_child=6 2 -4 -5 -6 -7 9 -9 -10 12 -12 -13 14 -15 22 21 17 18 19 20 -22 -23 23 25 26 28 -28 -29 -30 -31
leaf_value=-0.10623096309892265 -0.28074378341289236 -1.0743864220270936 -0.020686434469727781 -0.39955812574573679 0.041423165490853585 -1.014583749722535 -0.089284161733243883 0.0015545272653340969 -0.054520818844558297 0.071907465188352462 0.086578578264319653 0.089460795021168771 -0.0020365343581322855 -0.097410622851898651 0.16317141530169049 0.2977385162578054 -0.018578368783088453 -0.016978868677756467 -0.017413402638542803 -1.0503671057516357 -0.34411393485700997 -0.0013683552598195332 -0.03196414333506134 0.7018865183041173 -0.45450402077006719 0.12075590683077307 -0.41363503977454702 -0.99609807076188095 -0.026149614569588114 0.020768833714741329
leaf_weight=6776 3815 336 995 226 8330 66 19390 24341 3722 18127 46920 10426 129039 36214 118365 15051 20794 10748 2608 82 12237 24176 3437 13967 1272 17220 1735 531 101329 109977
leaf_count=6776 3815 336 995 226 8330 66 19390 24341 3722 18127 46920 10426 129039 36214 118365 15051 20794 10748 2608 82 12237 24176 3437 13967 1272 17220 1735 531 101329 109977
internal_value=0.000119504 -0.00130221 -0.00698203 -0.0185131 -0.000718908 -0.00270363 0.000151408 -0.000811569 -0.0035318 0.000194424 0.00084804 -0.000495658 0.000115674 -0.000804792 0.000201535 -0.000236512 -0.000546365 -0.00196785 -0.00334047 -0.00560035 -0.00675536 0.00114974 0.000457254 -0.000126846 -0.00494123 0.000126595 -0.00925106 -0.0143581 -0.000171117 0.000814091
internal_weight=762252 16729 1557 562 15172 6842 745523 31878 7537 713645 76736 29816 636909 54341 582568 214735 175508 46469 25675 14927 12319 39227 367833 139491 6975 132516 3538 1803 118549 228342
internal_count=762252 16729 1557 562 15172 6842 745523 31878 7537 713645 76736 29816 636909 54341 582568 214735 175508 46469 25675 14927 12319 39227 367833 139491 6975 132516 3538 1803 118549 228342
cat_boundaries=0 3 5 7 10 12 14 16 18 21 23 25
cat_threshold=1692640840 539034197 1 2273629410 3594554872 3397648433 159385800 533117484 119076 1 1614860306 919495880 1610620994 1962830878 536879104 1077159942 1073741890 339739672 69847097 184648480 1 32904 98368 266211892 150999456
is_linear=0
shrinkage=0.06


Tree=234
num_leaves=31
num_cat=11
split_feature=132 104 129 104 130 104 109 104 115 6 121 104 104 133 133 120 130 139 104 115 110 104 104 115 104 109 132 104 120 130
split_gain=8.91328 24.2589 21.2079 25.147 12.838 12.5816 19.244 20.7101 10.1517 9.3363 9.25751 40.9794 24.2201 18.1904 31.2681 26.7438 52.5701 24.6413 31.1384 24.3668 38.1746 37.1427 28.9595 24.3353 40.0359 20.8565 27.1335 80.5329 73.5182 38.3699
threshold=0.61490419508004501 0 178.50000000000003 1 -0.91597561503675329 2 22.500000000000004 3 -2.1456469844133648 289.23000000000008 987.45000000000016 4 5 0.96177147954086928 0.94909129669788206 21.500000000000004 -0.37940952255126059 51.500000000000007 6 -0.69499254443346337 29.550000000000004 7 8 1.6956777853009961 9 27.500000000000004 0.17963823861099873 10 1.5000000000000002 -0.37940952255126059
decision_type=2 1 2 1 2 1 2 1 2 10 2 1 1 2 2 2 2 2 1 2 2 1 1 2 1 2 2 1 2 2
left_child=10 -2 3 4 -3 -4 7 -7 -9 -6 11 -1 -12 14 15 16 17 23 -19 22 21 -21 -18 -14 -25 -15 29 28 -28 -27
right_child=1 2 5 -5 9 6 -8 8 -10 -11 12 -13 13 25 -16 -17 19 18 -20 20 -22 -23 -24 24 -26 26 27 -29 -30 -31
leaf_value=0.076945060494484532 -0.12654017127092199 0.13838904391311718 0.1888670487484114 -0.016787650249607725 -0.091190209665466745 -0.47957646007810589 0.023046301646844576 -0.51514248574153521 0.033396728704033561 -0.27400353217984219 -0.015417466339560771 -0.037768502859077492 0.041797924235520936 0.60127583727731082 0.66221700878949585 -0.030713082922193873 -0.012285603403379157 -0.4067946954167953 -0.018442749541591582 -0.28779048613815356 -0.47033574063340716 0.21074424167980532 0.43978432478021973 -1.3311926385739878 0.093612688593813081 0.21621064084604957 -0.2193149863050452 0.035974823870641312 0.070538585389194858 -0.093381433844592382
leaf_weight=43152 14862 124 10409 2199 497 498 10610 104 879 268 201292 140626 39768 11635 13470 53696 13085 6613 10689 7446 344 22765 64846 215 315 26263 5754 10018 2613 47186
leaf_count=43152 14862 124 10409 2199 497 498 10610 104 879 268 201292 140626 39768 11635 13470 53696 13085 6613 10689 7446 344 22765 64846 215 315 26263 5754 10018 2613 47186
internal_value=0.000111705 -0.000754987 0.000365171 -0.00429654 -0.01274 0.00100529 -0.000311849 -0.0067166 -0.00155131 -0.0157833 0.000160276 -0.000207379 0.000285863 0.00059711 0.000890844 0.000718855 0.00109519 -0.000369785 -0.00226365 0.001873 0.000436903 0.000663511 0.00243605 0.000443386 -0.0123164 -6.50041e-05 -0.000368225 -0.00242957 -0.00676987 0.000147774
internal_weight=762241 40450 25588 3088 889 22500 12091 1481 983 765 721791 183778 538013 336721 233252 219782 166086 57600 17302 108486 30555 30211 77931 40298 530 103469 91834 18385 8367 73449
internal_count=762241 40450 25588 3088 889 22500 12091 1481 983 765 721791 183778 538013 336721 233252 219782 166086 57600 17302 108486 30555 30211 77931 40298 530 103469 91834 18385 8367 73449
cat_boundaries=0 2 5 8 10 13 16 18 20 22 24 26
cat_threshold=1087271096 3375665169 218104068 8915106 1 620792069 76097762 1 2162754 536871688 549625938 608362576 1 1635820099 877323344 1 307954692 34607490 2511104 1075052549 33554568 159645704 272958848 3221228293 2383941636 3240106401
is_linear=0
shrinkage=0.06


Tree=235
num_leaves=31
num_cat=9
split_feature=88 119 109 111 104 128 104 16 70 104 18 110 112 98 19 104 132 113 104 132 119 126 104 112 113 133 104 104 104 115
split_gain=7.9563 10.2741 9.56012 14.207 17.0569 15.916 36.7419 12.8741 13.3219 12.4672 12.2823 16.4682 54.324 38.7308 34.1322 17.2415 15.6357 15.6351 28.2604 21.0371 24.8533 15.4366 21.4015 16.2384 14.6683 15.1109 14.5442 13.1289 12.9813 11.4373
threshold=0.021452365561301329 719.50000000000011 1267.5000000000002 47.500000000000007 0 0.041597101485909123 1 135.01250000000002 54.500000000000007 2 112.26027777777779 20.050000000000004 3.5750000000000006 -0.41299776550820594 158.4271701388889 3 0.19653276579064646 324.50000000000006 4 -0.68351797142826876 545.50000000000011 237.20000000000002 5 3.1350000000000002 41.500000000000007 0.93158198870884079 6 7 8 -1.3624659270257988
decision_type=8 2 2 2 1 2 1 10 2 1 8 2 2 2 10 1 2 2 1 2 2 2 1 2 2 2 1 1 1 2
left_child=1 -1 3 4 -2 7 -7 -5 9 -9 -6 12 15 14 -14 29 -17 21 19 -19 -21 22 24 -24 28 -26 -18 -23 -13 -12
right_child=2 -3 -4 5 10 6 -8 8 -10 -11 11 17 13 -15 -16 16 26 18 -20 20 -22 27 23 -25 25 -27 -28 -29 -30 -31
leaf_value=-0.080842481969508453 0.052743865349290431 -2.6792734654135182 0.056061346958190032 -0.0045528319523453261 0.0076621901914090823 -0.1823067663076082 0.91130916095269376 -0.0058949698271837702 0.017835041748037309 0.22561261851496259 -0.62294747561656727 -0.045971029068523149 -0.25064750455131429 -0.1175652522244074 -0.97138130565919745 0.089217860471152738 -0.22276553760177858 -0.01713221479488327 -0.028383155186015852 -0.40369794200908948 -0.77283930395359268 0.068619941307744153 0.035128104917581275 -0.65247794618922395 -0.28740998999579559 -0.67792292496977113 -0.015839215577935998 -0.088322512002495204 -0.81273545684056681 -0.20348133059679932
leaf_weight=5949 14970 60 20906 356107 21296 4953 8356 20074 208642 49058 626 111 121 388 273 3067 222 576 3244 722 675 17585 2744 111 2199 130 304 18105 229 620
leaf_count=5949 14970 60 20906 356107 21296 4953 8356 20074 208642 49058 626 111 121 388 273 3067 222 576 3244 722 675 17585 2744 111 2199 130 304 18105 229 620
internal_value=0.000116888 -0.00205757 0.000134165 9.82016e-05 -0.000615632 0.000195615 0.00224899 0.000152499 0.000458659 0.00118051 -0.000992271 -0.00148902 -0.00455603 -0.0192184 -0.0324456 -0.00218306 -6.1598e-05 -0.00111763 -0.00421196 -0.0098498 -0.0138755 -0.000725852 -0.0036771 -5.23375e-05 -0.00752463 -0.00584807 -0.00960911 -0.000268975 -0.0191789 -0.00822912
internal_weight=762423 6009 756414 735508 88318 647190 13309 633881 277774 69132 73348 52052 5621 782 394 4839 3593 46431 5217 1973 1397 41214 5524 2855 2669 2329 526 35690 340 1246
internal_count=762423 6009 756414 735508 88318 647190 13309 633881 277774 69132 73348 52052 5621 782 394 4839 3593 46431 5217 1973 1397 41214 5524 2855 2669 2329 526 35690 340 1246
cat_boundaries=0 2 4 7 9 11 14 16 18 20
cat_threshold=537067522 8414408 2684520650 2381932232 1615052994 885798488 1 32547840 4426244 1493704216 1466963974 2549090329 324147490 1 2450260140 536875298 3547378828 1091115782 2219835408 131328
is_linear=0
shrinkage=0.06


Tree=236
num_leaves=31
num_cat=2
split_feature=121 114 139 139 54 109 111 19 111 34 98 109 27 139 111 0 132 91 122 0 128 130 111 106 124 98 111 124 84 119
split_gain=9.69489 16.4051 19.6335 26.6497 22.3293 30.8602 36.0504 43.4774 21.1605 21.0283 18.0401 20.5497 24.8807 16.2066 25.6282 30.3101 16.1571 15.1988 32.2679 37.3955 21.7416 25.0989 23.1851 20.6808 20.2752 21.7239 24.4434 20.8965 18.7098 24.3879
threshold=988.55000000000007 1.5034641879826174 51.500000000000007 46.500000000000007 21.615111045685968 722.50000000000011 45.500000000000007 206.12361111111116 55.500000000000007 1.1255000000000004 -0.70822003333690042 67.500000000000014 201.8416666666667 45.500000000000007 41.500000000000007 96.262500000000003 -0.59089032065832736 0 0.096774166111645119 229.00833333333335 0.00029882613473292135 -0.91597561503675329 64.500000000000014 1 0.37833333333333335 -0.91201878827502736 44.500000000000007 0.27833333333333338 2.1814583333333339 44.500000000000007
decision_type=2 2 2 2 10 2 2 10 2 8 2 2 10 2 2 2 2 1 2 2 2 2 2 1 2 2 2 2 10 2
left_child=-1 17 3 13 8 9 -7 -8 -4 10 11 12 -6 -3 15 -15 -10 18 19 -2 -20 22 -22 -23 27 -26 -27 -19 29 -28
right_child=1 2 4 -5 5 6 7 -9 16 -11 -12 -13 -14 14 -16 -17 -18 24 20 -21 21 23 -24 -25 25 26 28 -29 -30 -31
leaf_value=-0.0099914876805505901 -0.097633366429600882 -0.002853054625130949 0.11272235662111876 0.30663372720623988 -0.64996640511043824 -0.27330988092736408 -0.039711878161927054 -0.92471793630497112 0.61261716000579547 -0.10537357027197777 -0.09025104387066471 -0.12938446793698036 -0.6760840162961812 0.038808387249454991 0.24730466695652717 -0.26332695170541276 -0.34877394076989671 -0.0022602024622766712 -0.08811707236833502 -0.5108964073320903 -0.16182456618350047 -0.092909252392761793 0.83017145796486169 0.34213290830822574 0.08864681331652019 -0.22001495439778096 -0.38926279076012443 0.21897039575146066 0.013490152956765113 -0.026783421784280038
leaf_weight=253550 422 202078 7379 21429 254 1252 161 254 1305 6849 812 390 201 293 1012 545 5204 35131 21425 144 11095 10007 3618 96868 14222 664 11504 22829 19624 12107
leaf_count=253550 422 202078 7379 21429 254 1252 161 254 1305 6849 812 390 201 293 1012 545 5204 35131 21425 144 11095 10007 3618 96868 14222 664 11504 22829 19624 12107
internal_value=0.00011784 0.000268815 -7.87107e-05 9.52354e-05 -0.00170784 -0.00384333 -0.0113058 -0.0266106 -0.000143423 -0.00237969 -0.0084427 -0.0145745 -0.0232237 -0.000116276 -0.00570502 -0.0134589 -0.00263687 0.000602632 0.00101535 -0.0132698 0.00107205 0.00138259 -0.000940736 0.00170244 9.20479e-05 -0.000699804 -0.00136005 0.000886113 -0.00118443 -0.00232229
internal_weight=762628 509078 249418 225357 24061 10173 1667 415 13888 8506 1657 845 455 203928 1850 838 6509 259660 143579 566 143013 121588 14713 106875 116081 58121 43899 57960 43235 23611
internal_count=762628 509078 249418 225357 24061 10173 1667 415 13888 8506 1657 845 455 203928 1850 838 6509 259660 143579 566 143013 121588 14713 106875 116081 58121 43899 57960 43235 23611
cat_boundaries=0 1 2
cat_threshold=26 18
is_linear=0
shrinkage=0.06


Tree=237
num_leaves=31
num_cat=11
split_feature=25 104 1 126 104 5 113 101 110 16 104 72 104 133 104 130 104 126 104 104 132 104 121 113 104 110 113 104 113 35
split_gain=7.91261 9.89872 7.91335 16.1527 15.7487 9.93422 9.10206 10.0404 12.4048 8.82475 11.3541 9.00569 13.6024 9.57981 48.3219 23.0359 40.5259 33.043 27.0938 24.2371 19.0771 26.7923 17.2627 17.1845 15.6235 15.5115 11.6454 11.1322 17.0854 11.6628
threshold=1.0185372506303481 0 73.812500000000014 265.02500000000003 1 0.52750000000000019 83.500000000000014 0.93301270189221952 14.850000000000003 51.616666666666674 2 3.2750000000000004 3 0.99932962452255414 4 -0.25881904510252113 5 67.625000000000014 6 7 0.025799818015934263 8 991.6500000000002 294.50000000000006 9 19.250000000000004 41.500000000000007 10 29.500000000000004 367.46500000000009
decision_type=8 1 10 2 1 10 2 2 2 8 1 2 1 2 1 2 1 2 1 1 2 1 2 2 1 2 2 1 2 10
left_child=2 -2 3 5 6 -1 -5 -8 -9 10 -4 13 -13 -11 15 19 -17 18 -18 22 27 -22 25 -19 -25 26 -15 28 29 -16
right_child=1 -3 9 4 -6 -7 7 8 -10 11 -12 12 -14 14 20 16 17 23 -20 -21 21 -23 -24 24 -26 -27 -28 -29 -30 -31
leaf_value=0.02139275924317615 -0.43535845679994584 0.047007471243777313 0.022882275588048069 -0.21369592593592815 0.014941021082863031 0.1673984699263712 -0.044974643425037555 -0.94056353119715652 -0.38512621517834461 0.019129869532435166 -0.062859455959173666 -0.081819788049462619 0.014957492515631176 -0.39286934718332917 -0.86555244833474454 -0.049373612543120879 -3.7393276903199397 -0.38606919747166585 -1.7485216999902597 0.22834658352030388 -0.30157001820295687 0.057880097642510141 -0.48977885392225062 -2.1236576217930154 -0.54379805853179819 -0.89244445270470518 -0.045030171953087714 1.1710540108304921 0.050866585600344578 -0.36279758397578027
leaf_weight=9292 4011 3421 22600 467 19076 15001 3907 72 148 567326 35165 26389 35722 56 64 1283 269 916 293 2105 1494 1907 84 126 297 118 647 5786 4650 71
leaf_count=9292 4011 3421 22600 467 19076 15001 3907 72 148 567326 35165 26389 35722 56 64 1283 269 916 293 2105 1494 1907 84 126 297 118 647 5786 4650 71
internal_value=0.000117308 -0.00183075 0.000136478 0.000882287 -0.000233197 0.00196913 -0.00338241 -0.00248983 -0.0149321 8.59073e-05 -0.000624762 0.000149103 -0.000537963 0.000221742 -0.00106332 -0.00546914 -0.00903485 -0.0145575 -0.0268348 -0.00171372 0.000893371 -0.00301411 -0.00985808 -0.00949701 -0.0194858 -0.00729197 -0.00389489 0.00215153 6.25544e-06 -0.0209559
internal_weight=762763 7432 755331 47963 23670 24293 4594 4127 220 707368 57765 649603 62111 587492 20166 6194 3184 1901 562 3010 13972 3401 905 1339 423 821 703 10571 4785 135
internal_count=762763 7432 755331 47963 23670 24293 4594 4127 220 707368 57765 649603 62111 587492 20166 6194 3184 1901 562 3010 13972 3401 905 1339 423 821 703 10571 4785 135
cat_boundaries=0 3 5 7 9 11 13 15 17 20 22 24
cat_threshold=813862440 1185120578 1 152573100 755503520 72145685 3862911233 3237168066 1984466649 2634072657 159630352 2550153280 17424 67109392 151027712 268451920 1040 549978372 4064287015 1 32784 134217728 1113787434 3492815372
is_linear=0
shrinkage=0.06


Tree=238
num_leaves=31
num_cat=0
split_feature=132 111 110 122 107 111 19 108 126 108 114 121 128 110 0 125 1 113 111 3 19 132 110 111 109 132 132 126 120 107
split_gain=7.2644 17.0862 12.4901 22.162 22.2275 19.5448 13.4263 18.4936 12.4357 15.8465 17.138 12.9773 11.5801 11.296 12.562 14.525 10.8478 10.0578 9.66512 17.4514 14.9067 32.2651 20.01 26.9506 23.2807 18.7369 21.0645 26.8484 24.6873 17.0924
threshold=0.61490419508004501 91.500000000000014 16.650000000000002 0.385638667498923 28.654150000000005 75.500000000000014 86.734722222222231 77.208550000000017 75.750000000000014 77.250000000000014 -1.0393208789485404 989.75000000000011 0.0028611708386480088 12.050000000000002 75.903750000000016 0.21023333333333336 119.51375000000002 269.50000000000006 66.500000000000014 127.01250000000002 242.65972222222223 0.025799818015934263 10.65 84.500000000000014 72.500000000000014 0.094468741652255758 0.025799818015934263 111.12500000000001 35.500000000000007 28.445900000000005
decision_type=2 2 2 2 2 2 10 2 2 2 2 2 2 2 2 2 8 2 2 10 10 2 2 2 2 2 2 2 2 2
left_child=18 2 3 4 -2 6 -5 -8 9 -4 11 -11 -9 14 -7 16 -16 -6 -1 20 25 22 23 24 -22 26 -20 28 29 -28
right_child=1 -3 8 5 17 13 7 12 -10 10 -12 -13 -14 -15 15 -17 -18 -19 19 -21 21 -23 -24 -25 -26 -27 27 -29 -30 -31
leaf_value=-0.0058722793461409017 -0.06684686146318719 0.39753006035712457 0.029492332921105893 -0.048094691899268731 -0.085877350803807026 0.013992461531124415 -0.24236834794685086 -0.50985615288476716 0.019998156921296164 -1.2711612949319522 -0.24646492792730884 -0.64569323885645424 -0.6481362530123167 0.063629761115998065 -0.38241132595909166 -0.35243366888662042 -0.11963715589021387 -0.29736717546111285 -0.0072601501434718585 0.13477189225310837 -0.64726219942124297 -0.26354681540286334 0.69324782945134322 0.038563570849360074 -1.1360496722121494 0.051345913694982363 0.20117495657295345 0.0055884117023611828 -0.08318364937229758 -0.52682351589239662
leaf_weight=302524 1622 3820 735 550 184 3149 373 222 15997 57 422 140 164 8187 255 833 2768 878 206803 35325 697 3296 36781 7028 239 116841 407 6394 2470 3415
leaf_count=302524 1622 3820 735 550 184 3149 373 222 15997 57 422 140 164 8187 255 833 2768 878 206803 35325 697 3296 36781 7028 239 116841 407 6394 2470 3415
internal_value=0.000106345 -0.000677057 -0.00107628 -0.00213124 -0.00718659 -0.00130857 -0.00834046 -0.0135079 9.02492e-05 -0.00542878 -0.0124935 -0.0270606 -0.0226977 -0.000702165 -0.00247074 -0.0047664 -0.00283135 -0.0139304 0.00015012 0.000336472 0.000219179 0.00120782 0.00162987 -0.0010968 -0.0106553 7.79591e-05 -0.000248786 -0.0026219 -0.0054041 -0.0084248
internal_weight=762576 40356 36536 19185 2684 16501 1309 759 17351 1354 619 197 386 15192 7005 3856 3023 1062 722220 419696 384371 48041 44745 7964 936 336330 219489 12686 6292 3822
internal_count=762576 40356 36536 19185 2684 16501 1309 759 17351 1354 619 197 386 15192 7005 3856 3023 1062 722220 419696 384371 48041 44745 7964 936 336330 219489 12686 6292 3822
is_linear=0
shrinkage=0.06


Tree=239
num_leaves=31
num_cat=0
split_feature=134 101 113 111 54 0 111 99 10 125 98 107 110 113 25 32 109 110 112 113 121 137 137 28 130 0 137 133 107 19
split_gain=8.04259 19.3223 33.2344 48.6596 32.2711 25.488 23.6363 36.5529 37.8806 26.2866 24.4273 21.5691 19.857 34.2853 19.3325 19.3191 18.4803 18.1981 19.1443 18.0831 16.7011 16.2286 42.5926 45.6145 54.8524 56.7978 28.7237 18.6777 19.4013 17.33
threshold=1.0000000180025095e-35 0.93301270189221952 323.50000000000006 91.500000000000014 2.2626381511784976 138.51250000000002 79.500000000000014 0.80290535434334509 204.01250000000002 0.23338333333333336 0.51572537064332258 28.460400000000003 20.250000000000004 285.50000000000006 0.89761298328108685 14.021250000000002 37.500000000000007 11.450000000000001 1.175 29.500000000000004 995.1500000000002 0.22623637047664433 0.030617763276879904 248.74995370370371 0.37940952255126054 101.00500000000001 0.015719683812837577 0.78724360164103002 28.666300000000003 169.20687524742553
decision_type=2 2 2 2 10 2 2 2 10 2 2 2 2 2 10 8 2 2 2 2 2 2 2 8 2 2 2 2 2 10
left_child=-1 6 4 -4 -3 -5 7 21 16 10 -8 -6 17 15 -12 -14 -9 -10 -19 -18 -11 22 26 -24 25 -25 27 28 -2 -27
right_child=1 2 3 5 11 -7 9 8 12 20 14 -13 13 -15 -16 -17 19 18 -20 -21 -22 -23 23 24 -26 29 -28 -29 -30 -31
leaf_value=-0.0010076072671070374 -0.057122537040920518 -0.10238043609639923 -0.0085387682761453258 -0.63620082687190416 -0.13537553689363888 -2.1000324776333708 0.31788762767206458 -0.61813964987873704 -0.26689572016929369 -0.0042798064789494137 0.039846023588919692 0.50396457602156741 -0.16734252362105692 -0.13278356177878209 -0.20110956541550248 -0.48904213193991919 -0.10566216836459721 -1.1840303766102822 -0.090289524526192613 -0.022217758788845809 -0.61459865181611051 0.24754128709614948 -0.031591095211352414 -0.13092239997233909 0.19438889345460156 -0.39108054907964385 0.64055345020350574 0.46795319218418086 0.11776616527373555 -0.56282988424445912
leaf_weight=542624 26369 9667 1719 328 3020 317 23279 1347 878 24582 7292 30956 458 998 1625 400 210 213 4263 34638 828 10932 9002 1034 1133 858 8813 4020 10221 334
leaf_count=542624 26369 9667 1719 328 3020 317 23279 1347 878 24582 7292 30956 458 998 1625 400 210 213 4263 34638 828 10932 9002 1034 1133 858 8813 4020 10221 334
internal_value=0.00010891 0.000415155 0.00150848 -0.00541903 0.00188383 -0.0194582 0.00012561 -0.00036732 -0.00174515 0.00111924 0.00225785 0.0027541 -0.00571627 -0.011063 -0.000412424 -0.019851 -0.000953973 -0.00386106 -0.00231048 -0.000687308 -0.000323482 0.000455135 7.80774e-05 -0.00307183 -0.0090375 -0.0145056 0.000865936 0.000192066 -0.000234484 -0.0234267
internal_weight=762358 219734 46007 2364 43643 645 173727 116121 43405 57606 32196 33976 7210 1856 8917 858 36195 5354 4476 34848 25410 72716 61784 12361 3359 2226 49423 40610 36590 1192
internal_count=762358 219734 46007 2364 43643 645 173727 116121 43405 57606 32196 33976 7210 1856 8917 858 36195 5354 4476 34848 25410 72716 61784 12361 3359 2226 49423 40610 36590 1192
is_linear=0
shrinkage=0.06


Tree=240
num_leaves=31
num_cat=7
split_feature=102 133 133 140 0 140 122 54 130 104 133 132 125 104 126 111 104 122 133 98 104 130 104 130 124 110 104 125 104 132
split_gain=8.93229 9.15596 35.3497 24.8618 61.048 30.207 26.9701 20.761 29.2687 33.0434 43.089 30.0429 30.0165 19.9927 19.1014 27.1095 32.7931 23.2292 18.4351 26.0737 26.0604 24.5603 20.2458 26.4839 20.1503 17.5533 39.7629 18.9876 17.2213 29.4352
threshold=65.500000000000014 0.94066717844141279 0.96407344085605606 7.5000000000000009 144.40250000000003 2.5000000000000004 0.27235217002159656 7.7055260689509577 -1.0000000180025095e-35 0 0.98770287048522643 0.21336913576298863 0.35015000000000002 1 106.02500000000002 77.500000000000014 2 0.51842244232170442 0.93158198870884079 -0.38142733947913604 3 0.78656609248549325 4 -0.78656609248549303 0.081666666666666707 7.7500000000000009 5 0.32668333333333338 6 -0.97670382270880773
decision_type=2 2 2 2 2 2 2 10 2 1 2 2 2 1 2 2 1 2 2 2 1 2 1 2 2 2 1 2 1 2
left_child=1 18 3 4 5 6 -3 13 9 10 14 12 -10 -4 -9 -16 -17 -18 25 20 -20 24 23 -21 -22 26 27 -1 29 -27
right_child=-2 2 7 -5 -6 -7 -8 8 11 -11 -12 -13 -14 -15 15 16 17 -19 19 22 21 -23 -24 -25 -26 28 -28 -29 -30 -31
leaf_value=-0.28772408636115809 0.27203419194174239 -0.043237710668722625 -0.038581547131015727 0.25001315773550481 0.24668724662544633 -0.12509835374969003 -0.58131327018257173 0.15548857507681388 -0.044737500064601622 -0.017003481655167414 0.24635953055831317 0.38050969593370776 -0.55330412523301553 0.068790747610429206 -0.16656878461112692 -0.15442162113643665 -3.0268624349709232 -0.2223585521249862 -0.047482737955553501 -0.70758004669308705 -0.47530297984486747 -1.0505321108551664 0.058241419215104728 -0.10261658071716052 0.62354967851390308 -0.055781570796690876 0.0007913996809270395 -0.82685107578069361 -0.010346193187216404 0.073304810988069111
leaf_weight=1747 5668 454 66041 38144 9336 1697 1154 537 9953 6214 1715 4292 338 81452 3209 545 470 281 1545 1261 748 496 8904 3613 385 19990 4990 412 349923 136795
leaf_count=1747 5668 454 66041 38144 9336 1697 1154 537 9953 6214 1715 4292 338 81452 3209 545 470 281 1545 1261 748 496 8904 3613 385 19990 4990 412 349923 136795
internal_value=0.000112309 9.45311e-05 0.000414519 0.00180818 -0.000497864 -0.00750454 -0.0133947 1.01803e-05 -0.00150158 -0.00357493 -0.00647429 0.000342705 -0.00141605 0.000292609 -0.00927781 -0.0105526 -0.0178751 -0.0258976 -4.16079e-05 -0.00198832 -0.00689008 -0.01215 -0.000858698 -0.00396233 -0.00733862 2.26174e-05 -0.00292951 -0.00970783 6.42738e-05 0.000586814
internal_weight=762309 756641 225832 50785 12641 3305 1608 175047 27554 12971 6757 14583 10291 147493 5042 4505 1296 751 530809 16952 3174 1629 13778 4874 1133 513857 7149 2159 506708 156785
internal_count=762309 756641 225832 50785 12641 3305 1608 175047 27554 12971 6757 14583 10291 147493 5042 4505 1296 751 530809 16952 3174 1629 13778 4874 1133 513857 7149 2159 506708 156785
cat_boundaries=0 2 4 6 8 10 12 14
cat_threshold=2379497364 4011858083 2063869753 33153095 12855936 253755392 3861678251 2638773838 1655245079 2420388644 2693936896 2956988645 2585270036 151007649
is_linear=0
shrinkage=0.06


Tree=241
num_leaves=31
num_cat=3
split_feature=21 19 140 137 130 8 140 24 133 140 0 24 126 89 36 89 0 85 80 19 128 119 108 106 122 114 133 119 25 133
split_gain=7.69106 11.7801 10.4729 9.55003 8.91486 8.46724 20.0508 19.6484 19.3933 14.9893 39.5765 18.075 20.3693 16.3362 13.5098 12.9981 12.3641 11.6926 10.6504 10.4145 10.468 27.2537 12.3753 10.7163 12.2433 10.5145 12.9598 22.2705 29.9853 11.556
threshold=752.87500000000011 319.9461805555556 27.000000000000004 0.61497421480319081 -0.91597561503675329 82.770833333333357 2.5000000000000004 -19.970659722222212 0.93769647993491489 1.5000000000000002 146.56250000000003 -8.8333333333333268 134.30000000000004 0 0.50021164942679286 1 20.025000000000002 22.850000000000005 622.50000000000011 57.659027777777787 1.0000000180025095e-35 607.50000000000011 77.169550000000001 2 0.4596396520331168 -1.9418354633490444 0.92843842216862604 97.500000000000014 0.97772155075959655 0.99932962452255414
decision_type=10 10 2 2 2 10 2 8 2 2 2 8 2 1 2 1 2 8 2 8 2 2 2 1 2 2 2 2 10 2
left_child=1 5 -3 -2 -4 6 7 14 -8 10 11 12 -7 18 16 -9 -1 -16 -14 -11 21 23 -23 -21 -25 26 -22 -28 -29 -27
right_child=3 2 4 -5 -6 9 8 15 -10 19 -12 -13 13 -15 17 -17 -18 -19 -20 20 25 22 -24 24 -26 29 27 28 -30 -31
leaf_value=-0.58806579936387937 -0.30357491746725251 0.965684415423255 -0.40425897032189229 0.26241207057272836 0.24638539553894243 -0.48734433027924334 0.017159642556664204 -0.14103579989108195 0.18667315072124613 -0.26372479426687517 0.71412235597473062 0.077033608208130058 -0.39298354008829528 0.066549435978781296 -0.90964713196361935 0.061868071750921634 -0.070336265037780954 -0.12838504221875888 -0.00065851753239406434 -0.047600506552839005 -0.035502544918774297 -0.7858150002015627 -0.23645589906476228 0.052944844730595485 -0.65060733350489097 -0.0052522047874083927 0.67174253918452653 0.12271691141750726 -0.46797439413106873 -0.13858676783738727
leaf_weight=226 8154 9344 1226 2488 8313 2314 150465 3025 24552 1848 17461 8009 1148 3876 1074 10976 9310 684 738 6882 10821 114 127 517 815 452954 11557 780 351 12638
leaf_count=226 8154 9344 1226 2488 8313 2314 150465 3025 24552 1848 17461 8009 1148 3876 1074 10976 9310 684 738 6882 10821 114 127 517 815 452954 11557 780 351 12638
internal_value=0.000103177 0.00012584 0.00160549 -0.00149845 0.000206918 8.77341e-05 0.000420302 -0.00115868 0.000648516 -3.7264e-05 0.00119045 -0.000956732 -0.00295951 -0.00104945 -0.00302045 0.000343237 -0.00212897 -0.00785219 -0.00561096 -0.000119734 -0.000103031 -0.00219607 -0.0220413 -0.0016112 -0.00651377 -6.68447e-05 0.00117116 0.00247206 -0.00556007 -0.000129357
internal_weight=762787 752145 18883 10642 9539 733262 200312 25295 175017 532950 33546 16085 8076 5762 11294 14001 9536 1758 1886 499404 497556 8455 241 8214 1332 489101 23509 12688 1131 465592
internal_count=762787 752145 18883 10642 9539 733262 200312 25295 175017 532950 33546 16085 8076 5762 11294 14001 9536 1758 1886 499404 497556 8455 241 8214 1332 489101 23509 12688 1131 465592
cat_boundaries=0 1 2 3
cat_threshold=136 132 21
is_linear=0
shrinkage=0.06


Tree=242
num_leaves=31
num_cat=7
split_feature=0 140 20 140 0 129 126 104 115 101 104 114 104 119 132 129 104 114 104 112 104 129 118 128 111 109 133 104 111 112
split_gain=7.23535 45.8935 29.6084 23.9744 29.0229 22.6349 17.0131 16.9013 17.5372 16.3063 14.1692 17.2084 17.4854 15.4855 13.4602 26.6188 28.5662 23.3412 14.3854 14.6013 20.9836 14.6585 14.466 13.8321 14.6677 13.3725 13.3107 45.215 40.7317 23.3274
threshold=80.305000000000021 2.5000000000000004 46.390511188804034 1.5000000000000002 177.91250000000005 226.50000000000003 106.02500000000002 0 0.20273573896142658 0.6830127018922193 1 -1.9418354633490444 2 578.50000000000011 -0.99359783145257141 81.500000000000014 3 1.4948148763204303 4 2.9350000000000005 5 34.500000000000007 1.0000000180025095e-35 0.0041042742866754809 63.500000000000007 22.500000000000004 0.99932962452255414 6 93.500000000000014 2.2550000000000003
decision_type=2 2 10 2 2 2 2 1 2 2 1 2 1 2 2 2 1 2 1 2 1 2 2 2 2 2 2 1 2 2
left_child=1 2 25 4 6 7 9 8 -3 -2 -5 12 -12 -14 15 18 -17 -18 -9 21 -21 -20 23 24 -22 -1 -13 28 -28 -29
right_child=3 5 -4 10 -6 -7 -8 14 -10 -11 11 26 13 -15 -16 16 17 -19 19 20 22 -23 -24 -25 -26 -27 27 29 -30 -31
leaf_value=-0.34576240340562547 0.12281799703593548 -0.064505077371521877 -0.37485425104341058 -0.03960044785460641 1.1504967400314625 0.098429794850795935 0.10428750338164491 0.077925861035522001 0.11603881786864939 -0.32757516155204891 -0.01425072007021087 0.0048726344639631282 0.52676869960062811 -0.50886206548234636 0.058493798403065275 0.078788239848769523 -0.15823376501134515 -0.5317204975536256 -0.064149540969833316 0.037052595954486407 -0.35011350658498169 0.19148775533031709 -0.013765188165265969 -0.040207951075894997 -0.4251499178564313 -0.026991342991848102 -0.70294021186975286 0.10560424696875588 -2.4155674263842841 -0.31568334769220141
leaf_weight=842 3412 25032 4140 155558 13833 64200 14218 3892 6501 4723 8717 355279 9661 126 51772 205 237 139 6292 651 191 2939 278 205 329 18643 1126 6505 395 2492
leaf_count=842 3412 25032 4140 155558 13833 64200 14218 3892 6501 4723 8717 355279 9661 126 51772 205 237 139 6292 651 191 2939 278 205 329 18643 1126 6505 395 2492
internal_value=0.000103337 0.000428165 -0.00204309 -1.82255e-06 0.00149324 0.000786657 0.000156482 0.000216067 -0.000929558 -0.00203171 -0.000102037 9.35336e-05 0.00187863 0.00361727 0.000754234 -0.000805521 -0.0133918 -0.0228527 -0.000309785 -0.00142896 -0.00661994 -0.000499783 -0.0119941 -0.0165702 -0.0217658 -0.00106384 3.23152e-06 -0.0021002 -0.0116279 -0.000474911
internal_weight=762533 186488 23625 576045 36186 162863 22353 98663 31533 8135 539859 384301 18504 9787 67130 15358 581 376 14777 10885 1654 9231 1003 725 520 19485 365797 10518 1521 8997
internal_count=762533 186488 23625 576045 36186 162863 22353 98663 31533 8135 539859 384301 18504 9787 67130 15358 581 376 14777 10885 1654 9231 1003 725 520 19485 365797 10518 1521 8997
cat_boundaries=0 2 4 7 9 11 14 16
cat_threshold=3447718050 151176682 1644486728 308069908 294257827 1772233024 1 807485508 535060 536903952 2422480913 1720389 604049920 1 16777744 151191552
is_linear=0
shrinkage=0.06


Tree=243
num_leaves=31
num_cat=9
split_feature=25 104 0 27 104 130 126 126 102 102 104 104 132 139 111 104 114 139 104 114 114 139 139 132 130 104 104 104 119 112
split_gain=7.55536 10.328 8.03348 12.3068 12.4716 11.8043 11.4525 14.0822 29.8857 11.0754 12.4509 10.7701 10.7611 11.0878 10.7474 16.5641 10.1947 9.16688 12.9612 12.2681 10.9071 10.679 10.8798 18.9032 26.638 19.972 18.1237 9.55228 9.54901 13.0584
threshold=1.0185372506303481 0 333.27500000000003 330.37875000000003 1 -0.91597561503675329 1638.7500000000002 1695.3000000000002 50.500000000000007 50.500000000000007 2 3 -0.26762560548918296 64.500000000000014 97.500000000000014 4 -0.49383638869931551 64.500000000000014 5 1.8429544318467401 1.5034641879826174 46.500000000000007 30.500000000000004 -0.90483020021433236 0.37940952255126054 6 7 8 573.50000000000011 2.0050000000000003
decision_type=10 1 2 8 1 2 2 2 2 2 1 1 2 2 2 1 2 2 1 2 2 2 2 2 2 1 1 1 2 2
left_child=2 -2 3 -1 -5 9 11 8 -8 -4 -11 12 13 -7 17 16 -16 21 19 20 -19 22 -6 24 26 -25 -24 -23 29 -27
right_child=1 -3 5 4 14 6 7 -9 -10 10 -12 -13 -14 -15 15 -17 -18 18 -20 -21 -22 27 23 25 -26 28 -28 -29 -30 -31
leaf_value=0.012726913773065835 -0.48217695446285047 0.10400493133772007 -0.027337688446485344 -0.10948668561687519 0.0074718961457776725 1.7852049469387086 0.83256196425114326 -0.040575257029276099 -1.7428626853417426 0.076060827179635623 -0.57464883329489436 0.027440417809627055 0.14257351339396396 -0.68620296588924867 -1.0396811821355125 0.10293685205780075 -0.38027245971320678 -0.033986226644677771 0.0056868462027325206 -0.22844315924300912 -1.5733222454377869 -0.25551585236039948 -0.58661029484224414 -0.39509453613430656 0.70804661804439117 -0.10303369848605173 -0.20205119870773994 0.25724194699185343 -0.18515055204429348 0.51735072675862215
leaf_weight=568854 3385 2330 3156 42593 60492 12748 134 4800 89 348 557 8775 6888 346 616 1435 777 109 1695 751 288 3677 206 2981 336 3652 301 24129 1661 3650
leaf_count=568854 3385 2330 3156 42593 60492 12748 134 4800 89 348 557 8775 6888 346 616 1435 777 109 1695 751 288 3677 206 2981 336 3652 301 24129 1661 3650
internal_value=0.000121054 -0.00205213 0.000137484 9.25895e-05 -0.000392139 0.000989536 0.00135698 -0.00128623 -0.0159911 -0.00206647 -0.00791391 0.00181869 0.00258751 0.00359863 -4.57442e-05 -0.00369459 -0.00832051 5.35753e-05 -0.00330591 -0.00818982 -0.0167789 0.000148092 -0.000231796 -0.00182186 -0.0105 -0.00120854 -0.0191693 0.00114921 0.000209271 0.00114364
internal_weight=761759 5715 756044 718203 149349 37841 33780 5023 223 4061 905 28757 19982 13094 106756 2828 1393 103928 2843 1148 397 101085 73279 12787 843 11944 507 27806 8963 7302
internal_count=761759 5715 756044 718203 149349 37841 33780 5023 223 4061 905 28757 19982 13094 106756 2828 1393 103928 2843 1148 397 101085 73279 12787 843 11944 507 27806 8963 7302
cat_boundaries=0 3 5 7 10 13 16 18 20 23
cat_threshold=2961608224 1176572100 1 1891844160 509561176 134217776 3944742912 499949332 572529127 1 67151673 1101005317 1 2215121285 1073745923 1 2183137418 3231712768 135794964 1075843104 32769 16777220 1
is_linear=0
shrinkage=0.06


Tree=244
num_leaves=31
num_cat=1
split_feature=113 131 112 110 28 111 115 1 115 54 109 127 126 106 127 132 120 28 28 67 78 112 115 90 20 131 140 25 112 119
split_gain=7.50201 13.2668 10.5058 11.0213 11.8699 7.59322 19.9123 18.0851 19.8055 11.648 10.0924 9.36257 9.30691 20.3366 9.08763 13.1035 11.5197 19.7235 16.9268 13.9853 13.7408 10.5432 17.3409 10.8962 8.80975 8.32306 18.8628 48.5664 29.4354 18.17
threshold=5.5000000000000009 0.60355339059327384 2.6050000000000004 23.350000000000005 106.77661458333334 35.500000000000007 -1.6853097384528966 267.02750000000003 -1.510759635770792 111.40796320716645 892.50000000000011 108.20926979741948 111.12500000000001 0 84.974054599140928 -0.38142733947913604 7.5000000000000009 363.30312500000008 177.91583333333335 235.50000000000003 994.35000000000002 3.8950000000000005 -1.9889672520608153 5.5000000000000009 58.004624846842944 -0.9159756150367534 4.5000000000000009 0.93621440507378628 1.2150000000000001 563.50000000000011
decision_type=2 2 2 2 10 2 2 8 2 10 2 2 2 1 2 2 2 10 10 2 2 2 2 2 10 2 2 10 2 2
left_child=1 2 3 4 -1 6 14 -8 10 11 -9 25 13 -13 15 -2 18 -18 19 -16 -20 22 23 -21 -15 26 27 -7 -29 -27
right_child=5 -3 -4 -5 -6 9 7 8 -10 -11 -12 12 -14 24 16 -17 17 -19 20 21 -22 -23 -24 -25 -26 29 -28 28 -30 -31
leaf_value=-0.77235158655540526 0.13160817278668305 0.25716948437073661 1.7501646183760713 0.0018707024483842834 -0.5444730971888011 0.032045655603745254 -0.049606393628454759 -0.53926202345075347 -0.36462354548551162 0.31243402078569549 -0.19640921488512866 0.13350727824698888 0.39059738917256615 -0.081190396418491878 -0.038496834873460173 -0.11182586721781619 -0.014655142668108813 -0.29855473625349205 0.063527682628521917 -0.36462274927761329 -0.89135604951720249 -0.096207964131145282 0.1310862192077861 -0.09185497276437618 -3.048886087319532 0.0071736227608350939 0.064811292084817895 -0.65808386958463339 -0.16378644340007378 -0.041698498038817394
leaf_weight=115 8080 1964 312 897 1962 12995 3236 395 1275 9637 189 1313 7121 98 697 773 379 210 6589 234 130 270 90 100 193 596872 71829 568 2664 31690
leaf_count=115 8080 1964 312 897 1962 12995 3236 395 1275 9637 189 1313 7121 98 697 773 379 210 6589 234 130 270 90 100 193 596872 71829 568 2664 31690
internal_value=0.000111895 -0.00214816 -0.00447946 -0.00557849 -0.00797786 0.000127559 -0.000954521 -0.00425628 -0.00897097 0.000160902 -0.0181128 0.000133369 0.00208687 -0.00204112 4.10209e-06 0.00135735 -0.0013731 -0.0094678 -0.00078412 -0.00680603 0.000463393 -0.0128288 -0.01872 -0.025003 -0.0160728 0.000109581 0.000655894 -0.00119164 -0.00777235 3.3047e-05
internal_weight=762877 5250 3286 2974 2077 757627 22647 5095 1859 734980 584 725343 8725 1604 17552 8853 8699 589 8110 1391 6719 694 424 334 291 716618 88056 16227 3232 628562
internal_count=762877 5250 3286 2974 2077 757627 22647 5095 1859 734980 584 725343 8725 1604 17552 8853 8699 589 8110 1391 6719 694 424 334 291 716618 88056 16227 3232 628562
cat_boundaries=0 1
cat_threshold=11
is_linear=0
shrinkage=0.06


Tree=245
num_leaves=31
num_cat=0
split_feature=25 140 44 23 109 83 74 109 123 5 7 127 25 112 119 122 113 34 119 110 126 126 58 119 112 114 112 102 132 132
split_gain=7.60315 13.5811 13.5186 11.7099 9.4079 13.2146 16.2512 11.1879 45.3326 32.9457 31.3146 29.783 48.3787 28.6113 24.3366 29.0994 27.2651 19.8052 19.3464 18.0577 17.9234 22.1655 17.54 24.2123 15.237 14.5428 22.1351 16.828 14.0703 127.56
threshold=0.28100431927265213 27.000000000000004 0.004795807777567101 -74.483333333333306 1152.5000000000002 1.3650000000000004 2.7047282764765233 512.50000000000011 0.27083907088159825 1.0000000180025095e-35 323.86000000000007 0.78550285125360275 0.82146345820268996 3.5750000000000006 555.50000000000011 0.07688256673047679 328.50000000000006 0.52750000000000019 552.50000000000011 15.250000000000002 171.72500000000002 129.07500000000002 60.240000000000002 514.50000000000011 0.78500000000000014 3.3957990556093347 4.245000000000001 44.500000000000007 -0.67086170185690197 -0.68351797142826876
decision_type=10 2 2 8 2 8 2 2 2 10 2 2 10 2 2 2 2 10 2 2 2 2 2 2 2 2 2 2 2 2
left_child=1 2 -1 -4 5 6 -2 18 9 25 -10 12 -11 24 15 -14 -16 -17 -7 -20 21 -21 -19 -24 -12 28 27 -27 29 -9
right_child=4 -3 3 -5 -6 7 -8 8 10 11 13 -13 14 -15 16 17 -18 22 19 20 -22 -23 23 -25 -26 26 -28 -29 -30 -31
leaf_value=-0.065380465370823301 -0.021873058944055942 0.02076428922995794 -1.2302510923407903 -0.23514693140807888 0.053782143726050766 0.017566946863971016 -0.24624623591119887 0.034586970055151656 -0.080046009275940577 0.017052488296565922 -0.089663985563721307 -0.029252647781146567 0.31712774608918148 -0.90581038214616361 0.056438845402224679 -0.0078882486149454457 -0.20952512144920499 -0.59451717364843237 -0.072131663577904834 -0.11289904462720164 0.2349559884980805 -0.91180994172225371 -0.053372704218431335 -0.52088119839466251 0.55193942819194985 -0.34607494559212226 0.060371638585963457 0.40180251110399878 0.14339122393965431 -0.5844736952238736
leaf_weight=14046 113999 16037 426 1889 28827 463333 5989 19425 821 2118 121 25727 223 291 836 169 371 579 3291 818 22166 59 278 230 146 2268 3490 593 33708 863
leaf_count=14046 113999 16037 426 1889 28827 463333 5989 19425 821 2118 121 25727 223 291 836 169 371 579 3291 818 22166 59 278 230 146 2268 3490 593 33708 863
internal_value=0.000106432 -0.000792987 -0.00200917 -0.00625648 0.000146309 0.00010268 -0.000470643 0.000220895 -0.000385202 -0.000221305 -0.0111783 -0.00182739 -0.00616358 -0.0221324 -0.0115087 -0.0166662 -0.00518046 -0.02021 0.000335088 0.00191699 0.00251076 -0.00589749 -0.0231783 -0.0149941 -0.00790298 0.000591271 -0.00212437 -0.00603564 0.000910717 -0.00033772
internal_weight=763137 32398 16361 2315 730739 701912 119988 581924 92257 90878 1379 30531 4804 558 2686 1479 1207 1256 489667 26334 23043 877 1087 508 267 60347 6351 2861 53996 20288
internal_count=763137 32398 16361 2315 730739 701912 119988 581924 92257 90878 1379 30531 4804 558 2686 1479 1207 1256 489667 26334 23043 877 1087 508 267 60347 6351 2861 53996 20288
is_linear=0
shrinkage=0.06


Tree=246
num_leaves=31
num_cat=0
split_feature=134 129 129 113 113 110 115 110 137 34 31 121 133 130 111 133 25 112 111 127 137 119 127 111 61 127 115 120 28 127
split_gain=8.59697 17.0881 18.7826 18.9455 16.3388 20.5254 20.727 17.9576 15.0839 16.9504 14.5413 14.5118 19.8957 31.2954 19.755 15.1931 16.2033 26.6434 23.3134 14.9304 14.819 17.3993 32.1149 61.5596 49.3187 35.702 17.3421 19.62 21.6702 17.3793
threshold=1.0000000180025095e-35 46.500000000000007 63.500000000000007 309.50000000000006 305.50000000000006 5.5500000000000007 -1.6853097384528966 5.5500000000000007 0.030617763276879904 1.8200000000000001 172.654690107362 995.05000000000007 0.97832380634958016 -0.25881904510252113 50.500000000000007 0.99249573635719013 0.7523632583016634 1.8350000000000002 84.500000000000014 0.010854541769774019 0.61497421480319081 549.50000000000011 15.117826142688434 38.500000000000007 5.4028969282592039 31.211025117122379 -1.543037229401947 5.5000000000000009 184.03732638888889 66.286753804372026
decision_type=2 2 2 2 2 2 2 2 2 8 10 2 2 2 2 2 8 2 2 2 2 2 2 2 2 2 2 2 8 2
left_child=4 -2 8 10 5 6 -1 -6 -3 -10 -4 20 -13 14 -14 16 17 -15 -18 -17 21 -9 -23 26 -25 -26 27 28 29 -24
right_child=1 2 3 -5 7 -7 -8 11 9 -11 -12 12 13 15 -16 19 18 -19 -20 -21 -22 22 23 24 25 -27 -28 -29 -30 -31
leaf_value=1.1839976233374512 -0.045447547539002667 0.43763560947120317 0.020300028779708826 -0.029244934952932674 0.62027526933188648 -0.015223628162510203 -0.4448027118978522 0.027740252847183251 -0.31279427964129097 0.13389422330594303 0.13596401552481097 0.49822008056226819 -0.14568099975886878 0.098157601702357725 0.4070477239787243 -1.3681676040634023 -0.54964452699463162 -0.63725214379032591 -0.16506582839708742 0.0047694838259245203 0.56861516052599526 0.0078509907435263 0.14726718984826223 -0.1898885178710325 -1.1442044142093859 -0.09895976278835332 -0.36062233943804306 -0.15912142334432103 0.31718650331760923 -0.31985248370783459
leaf_weight=627 20198 8710 88072 52981 2615 342322 2508 131574 478 963 48434 12093 643 1104 7002 109 269 561 341 3004 4417 21805 457 3322 605 254 811 624 5048 798
leaf_count=627 20198 8710 88072 52981 2615 342322 2508 131574 478 963 48434 12093 643 1104 7002 109 269 561 341 3004 4417 21805 457 3322 605 254 811 624 5048 798
internal_value=0.000110199 0.000426753 0.000595014 0.000460304 -1.79805e-05 -0.000266828 -0.00509885 0.000417387 0.00310934 -0.00257559 0.000834067 0.000351085 0.00169682 7.04314e-05 0.00253858 -0.00343143 -0.00715729 -0.00408763 -0.0155155 -0.000707129 0.000151842 6.01821e-05 -0.0011557 -0.0036599 -0.00952511 -0.0223326 -0.000489986 0.000482391 0.00148763 -0.00556529
internal_weight=762749 219836 199638 189487 542913 345457 3135 197456 10151 1441 136506 194841 25126 13033 7645 5388 2275 1665 610 3113 169715 165298 33724 11919 4181 859 7738 6927 6303 1255
internal_count=762749 219836 199638 189487 542913 345457 3135 197456 10151 1441 136506 194841 25126 13033 7645 5388 2275 1665 610 3113 169715 165298 33724 11919 4181 859 7738 6927 6303 1255
is_linear=0
shrinkage=0.06


Tree=247
num_leaves=31
num_cat=10
split_feature=133 133 120 124 104 111 104 104 104 104 122 104 109 112 132 115 104 127 120 110 107 126 112 127 110 104 114 104 133 104
split_gain=9.66658 28.261 29.1886 46.993 48.2772 21.7653 31.5135 24.0995 19.1652 17.888 17.4331 19.1119 17.3622 19.2619 16.7667 22.2773 38.7933 18.5532 18.46 18.3119 29.2496 19.3143 17.7549 16.4854 16.3703 31.9992 15.9665 25.855 15.8122 23.0739
threshold=0.94066717844141279 0.96177147954086928 90.500000000000014 0.83500000000000008 0 49.500000000000007 1 2 3 4 0.34340671842458809 5 447.50000000000006 4.1050000000000013 0.31288844364721724 -0.94763888406611529 6 41.374653335588008 56.500000000000007 7.7500000000000009 28.618800000000004 1638.7500000000002 1.425 11.40984261462452 7.7500000000000009 7 3.745678740201448 8 0.93158198870884079 9
decision_type=2 2 2 2 1 2 1 1 1 1 2 1 2 2 2 2 1 2 2 2 2 2 2 2 2 1 2 1 2 1
left_child=24 2 3 8 -5 6 12 -7 -2 23 11 -9 -3 -14 15 16 22 -16 -18 20 -17 -21 -10 -4 25 -1 -13 -28 -26 -30
right_child=1 5 9 4 -6 7 -8 10 14 -11 -12 26 13 -15 17 19 18 -19 -20 21 -22 -23 -24 -25 28 -27 27 -29 29 -31
leaf_value=-0.34473209022227108 0.3671731479173867 -0.6286178816725716 0.089100650774569357 0.026976719512856465 -0.44177345160936327 0.086942003289772765 0.015784725436625319 -0.11642677918117426 -0.8369823863889021 1.0117309718020884 -0.057164943087694133 0.15347460910217117 -0.11337539584712683 -0.55017394300922484 0.32156880629485735 1.059542596861115 -0.91320708975247811 -0.44141363518981402 0.25891843476598075 0.13231179026520906 -0.84180531451913709 -0.33726937572498322 1.7399767507800239 -6.9578505614256896 0.0040992122910281908 0.037886576777707466 -1.1572674452979304 0.030394680331997135 -0.36786746042281487 -0.019191295687543415
leaf_weight=3284 14571 463 72 656 669 65243 5738 5871 100 9997 77933 19998 4376 209 5649 168 1489 250 364 9471 189 201 1293 52 512703 3941 224 593 5193 11624
leaf_count=3284 14571 463 72 656 669 65243 5738 5871 100 9997 77933 19998 4376 209 5649 168 1489 250 364 9471 189 201 1293 52 512703 3941 224 593 5193 11624
internal_value=0.000114589 0.000443916 0.00178585 0.000966611 -0.0101131 0.00010821 -0.00250524 0.000274174 0.00140194 0.00462419 -0.000290222 0.00103331 -0.00595612 -0.00484736 0.000154496 -0.00102817 -0.00534771 0.00281593 -0.0109989 0.000370289 -0.0129553 0.000863435 0.00223504 -0.0171556 -2.39776e-05 -0.0028605 0.00188562 -0.00633007 1.47305e-05 -0.00179558
internal_weight=762584 225839 45191 35070 1325 180648 10786 169862 33745 10121 104619 26686 5048 4585 19174 13275 3246 5899 1853 10029 357 9672 1393 124 536745 7225 20815 817 529520 16817
internal_count=762584 225839 45191 35070 1325 180648 10786 169862 33745 10121 104619 26686 5048 4585 19174 13275 3246 5899 1853 10029 357 9672 1393 124 536745 7225 20815 817 529520 16817
cat_boundaries=0 3 6 9 12 14 16 18 21 23 26
cat_threshold=2850146114 2693129948 1 3668553284 3826096768 1 1151453382 2756646408 1 2294427432 1720928677 1 0 131072 537141264 276840468 354160789 2150109250 3818534669 2957281509 1 135720 1048961 1923159316 275105 1
is_linear=0
shrinkage=0.06


Tree=248
num_leaves=31
num_cat=8
split_feature=132 104 129 104 111 6 129 104 126 104 111 127 104 129 104 122 119 115 131 129 104 126 28 122 6 107 127 104 134 131
split_gain=7.26438 20.5307 23.2934 19.6644 13.6305 13.9009 15.7888 12.9794 13.1917 14.0732 24.5549 13.777 20.0904 13.3504 15.3212 12.3452 11.7928 11.0582 10.5208 18.1396 13.9121 11.3283 11.51 9.70394 11.1685 9.39431 10.8128 9.11849 10.1846 8.98073
threshold=0.61490419508004501 0 172.50000000000003 1 92.500000000000014 317.25500000000005 178.50000000000003 2 94.02500000000002 3 78.500000000000014 1.2623093044020852 4 221.50000000000003 5 0.48563682535860414 180.50000000000003 -0.805320978421043 0.25881904510252057 239.50000000000003 6 85.125000000000014 378.6045138888889 0.55226011135956721 201.12500000000003 28.732650000000003 7.9412185479710926 7 1.0000000180025095e-35 0.37940952255126048
decision_type=2 1 2 1 2 10 2 1 2 1 2 2 1 2 1 2 2 2 2 2 1 2 10 2 10 2 2 1 2 2
left_child=-1 2 3 -2 5 7 -7 16 9 23 13 12 -10 14 -11 -16 -3 -15 -8 -20 21 -21 -23 24 27 26 -18 28 -9 -4
right_child=1 4 29 -5 -6 6 18 8 11 10 -12 -13 -14 17 15 -17 25 -19 19 20 -22 22 -24 -25 -26 -27 -28 -29 -30 -31
leaf_value=0.0098035800810471387 -0.11455422345758809 -0.44109742023421672 0.13245477889265464 -0.020896568865118099 0.59400589559056971 -0.21066818428036582 -0.074477349385059469 -0.12269533769020363 -0.50033029394002493 -1.4175514059155627 0.1596986407280481 0.01538875983816124 -0.0097930772890099903 -0.034727952971582661 -0.5148249568251263 0.013184021084376201 -0.84292453862651939 -0.5603200707638305 0.78559876836449194 -0.41403188010710812 -0.40386696095916852 -0.57842544762220383 -0.71428867912667537 -0.21731986751198859 -1.0694380256749478 -0.10449138399876899 -1.1022283075319124 -0.13029189482824485 -0.45138726999818896 -0.0098198611791835092
leaf_weight=722559 543 645 9505 966 1553 120 1519 188 257 128 2552 10741 491 575 111 188 91 51 291 120 550 282 129 1096 255 121 88 486 163 6348
leaf_count=722559 543 645 9505 966 1553 120 1519 188 257 128 2552 10741 491 575 111 188 91 51 291 120 550 282 129 1096 255 121 88 486 163 6348
internal_value=0.000109048 -0.000676445 0.000877914 -0.00624238 -0.0018601 -0.00225773 -0.00603386 -0.00163364 -0.00125531 -0.00359027 -0.00126936 -7.88509e-05 -0.0079466 -0.00897723 -0.0171449 -0.00853548 -0.00844142 -0.00338756 -0.00514315 -0.00894974 -0.0125268 -0.0193616 -0.0244515 -0.00737244 -0.0114071 -0.0183389 -0.0270333 -0.00804057 -0.015232 0.00155658
internal_weight=762712 40153 17362 1509 22791 21238 3011 18227 17282 5793 3605 11489 748 1053 427 299 945 626 2891 1372 1081 531 411 2188 1092 300 179 837 351 15853
internal_count=762712 40153 17362 1509 22791 21238 3011 18227 17282 5793 3605 11489 748 1053 427 299 945 626 2891 1372 1081 531 411 2188 1092 300 179 837 351 15853
cat_boundaries=0 3 6 7 9 11 13 15 17
cat_threshold=891324419 885747178 1 83888128 12585250 1 8912896 1111572592 33587728 139848 1073741844 2281707008 1073741824 134480000 3374579712 1073758208 33587216
is_linear=0
shrinkage=0.06


Tree=249
num_leaves=31
num_cat=7
split_feature=133 109 104 98 114 132 104 132 104 5 135 113 115 115 120 110 133 122 110 132 104 136 104 10 104 132 104 114 125 125
split_gain=8.46339 29.9952 31.4522 33.0327 23.1957 24.7928 25.6414 24.1224 31.5596 21.5332 27.7153 23.6734 23.0086 22.0128 24.3818 21.4326 18.8508 26.9935 24.666 23.8138 50.3362 17.7805 48.1805 18.9086 17.546 17.5066 21.0158 16.9391 16.5579 44.3963
threshold=0.94066717844141279 32.500000000000007 0 0.14569472580964501 -2.0513402658616124 0.32917936166072764 1 -0.26762560548918296 2 2.0105000000000008 1.0000000180025095e-35 68.500000000000014 -1.054732262720163 0.54758547118045298 18.500000000000004 19.650000000000002 0.98005052076767474 0.48244476843165496 18.650000000000002 -0.16693218438255733 3 1.0000000180025095e-35 4 86.83750000000002 5 -0.047287273540950005 6 0.95008273051478975 0.30343333333333344 0.32005000000000011
decision_type=2 2 1 2 2 2 1 2 1 10 2 2 2 2 2 2 2 2 2 2 1 2 1 10 1 2 1 2 2 2
left_child=-1 2 3 -2 24 6 -6 8 -8 -9 11 12 -11 -13 -15 -16 28 -18 19 20 -19 -7 -23 -24 -3 -21 27 -27 -4 -30
right_child=1 4 16 -5 5 21 7 9 -10 10 -12 13 -14 14 15 -17 17 18 -20 25 -22 22 23 -25 -26 26 -28 -29 29 -31
leaf_value=-0.001792932017676993 -0.35479018973444509 -0.18822806764794189 1.4729722434953083 2.1465113923943124 0.043726964198884929 0.57346942539370405 -0.34863798193968304 -0.045023769769415738 1.9695164491450896 -0.074216594796753216 0.42263184952873767 -0.093047956388973924 -0.4440645589129158 -0.016877940022866956 -0.38409445416293353 -0.53076191276584439 -2.8194876575628092 -1.0939189052344742 -0.89854544191626295 1.4984808787614368 0.48428703532107514 -2.3080164834507033 -0.65782617712207503 0.52556952397805823 1.1806978179793306 -0.54096463886821455 0.30324778883055259 -1.6346201187337501 -0.76210854531007266 0.31010649808696733
leaf_weight=536627 8171 1386 15827 2303 64962 4665 1898 89197 4861 242 1522 4767 341 344 267 277 57 708 275 8655 954 105 74 640 4837 1527 4950 245 170 1607
leaf_count=536627 8171 1386 15827 2303 64962 4665 1898 89197 4861 242 1522 4767 341 344 267 277 57 708 275 8655 954 105 74 640 4837 1527 4950 245 170 1607
internal_value=9.63276e-05 0.000404473 0.00178205 -0.00110215 5.73772e-05 -7.12434e-05 -0.000200333 -0.000785755 0.00267959 -0.00102743 -0.00405876 -0.00582978 -0.0173322 -0.00464109 -0.0133093 -0.0212037 0.00264534 0.00124373 0.00138054 0.00166866 -0.00515213 0.00389863 -0.00425122 0.00160552 0.00365649 0.00240616 0.00010888 -0.00547841 0.00402976 -0.00146119
internal_weight=762461 225834 45449 10474 180385 174162 168678 103716 6759 96957 7760 6238 583 5655 888 544 34975 17371 17314 17039 1662 5484 819 714 6223 15377 6722 1772 17604 1777
internal_count=762461 225834 45449 10474 180385 174162 168678 103716 6759 96957 7760 6238 583 5655 888 544 34975 17371 17314 17039 1662 5484 819 714 6223 15377 6722 1772 17604 1777
cat_boundaries=0 2 5 7 9 11 13 16
cat_threshold=570597888 185049152 82036866 606053960 1 1627398224 423624720 278135202 1349534985 6488064 2147525120 1879327298 818061312 2219050009 2150645760 1
is_linear=0
shrinkage=0.06


Tree=250
num_leaves=31
num_cat=9
split_feature=121 104 104 114 104 133 104 125 126 58 78 133 125 104 109 126 130 102 132 104 133 104 104 104 139 130 133 127 114 121
split_gain=8.39932 23.7518 22.7805 24.5381 15.522 15.4868 32.8735 17.4079 16.3499 19.3653 19.5952 19.0159 20.1301 28.5047 27.6689 19.5714 18.7989 18.2813 14.7464 15.2908 14.6237 18.489 14.0673 13.9266 13.8364 13.5581 23.2408 31.0526 16.4842 15.256
threshold=988.95000000000016 0 1 0.99850110263328529 2 0.70747208174348741 3 0.21686666666666671 65.475000000000009 359.93000000000001 993.25000000000011 0.99138911339924218 1.0000000180025095e-35 4 57.500000000000007 119.80000000000003 0.91597561503675362 51.500000000000007 0.34537287020513602 5 0.99992139718210815 6 7 8 49.500000000000007 -0.78656609248549303 0.86004965528756494 0.54547471745755616 0.44092947460736159 989.25000000000011
decision_type=2 1 1 2 1 2 1 2 2 2 2 2 2 1 2 2 2 2 2 1 2 1 1 1 2 2 2 2 2 2
left_child=1 -1 -2 4 25 6 7 -5 -7 -10 11 12 -11 14 16 -15 17 -14 -3 -20 -6 -22 -12 -13 -9 26 27 -4 -29 -30
right_child=2 18 3 5 20 8 -8 24 9 10 22 23 13 15 -16 -17 -18 -19 19 -21 21 -23 -24 -25 -26 -27 -28 28 29 -31
leaf_value=-0.040890908722420148 -0.011259512123727413 0.029943189651295197 -0.7433636663681028 -0.091973357517713822 0.090840631896011326 0.41937881686832768 0.40222665753608916 -0.567703275260383 0.012995705764961599 0.073931812181827553 0.011507283164007903 -0.55731883087765466 -0.64588993926991967 0.49591326584737999 0.01280557570492323 -0.27117539468763896 -0.014857274523889226 -0.14262465855215123 -0.20167955027866646 -0.015960031938755975 -1.1217181659567748 0.27042647413442183 -0.19271245976577273 -0.18452388595182836 -1.7391067518164929 0.4757785342120282 0.48054245019520042 0.035043280359979764 -1.5800317598236275 -0.52474903828039854
leaf_weight=127245 227142 138753 379 3958 56398 9799 15350 382 97107 14493 2854 453 333 3837 419 3445 136 145 3022 9637 114 175 8895 667 411 27500 6127 2692 60 473
leaf_count=127245 227142 138753 379 3958 56398 9799 15350 382 97107 14493 2854 453 333 3837 419 3445 136 145 3022 9637 114 175 8895 667 411 27500 6127 2692 60 473
internal_value=0.000112468 -0.000149925 0.000263618 0.000650988 0.00142323 0.000205207 0.0017643 -0.00259429 -1.46017e-05 -0.000189148 -0.00138455 -0.000399181 -2.42007e-05 -0.00237734 -0.0116494 -0.00104319 -0.0198634 -0.025453 0.000357885 -0.00160237 0.000797594 -0.0126414 -0.00339115 -0.00802855 -0.0107078 0.0023749 0.000450678 -0.00337198 -0.00146001 -0.0110899
internal_weight=762401 278657 483744 256602 93918 162684 20101 4751 142583 132784 35677 23928 22808 8315 1033 7282 614 478 151412 12659 56687 289 11749 1120 793 37231 9731 3604 3225 533
internal_count=762401 278657 483744 256602 93918 162684 20101 4751 142583 132784 35677 23928 22808 8315 1033 7282 614 478 151412 12659 56687 289 11749 1120 793 37231 9731 3604 3225 533
cat_boundaries=0 2 5 7 9 11 13 15 17 19
cat_threshold=3390904736 3288140715 1975951955 844292164 1 2283803020 333987 2176 76026904 0 525336 12722770 9232 0 2308964352 67712 2158495256 2282819844 3221751441
is_linear=0
shrinkage=0.06


Tree=251
num_leaves=31
num_cat=8
split_feature=112 104 58 104 132 128 104 104 125 113 111 119 104 111 110 132 104 110 103 110 104 128 104 98 19 112 113 140 90 113
split_gain=7.95453 23.9878 19.6007 24.5769 18.9258 17.4283 25.066 21.2915 18.2082 17.2834 19.4156 17.2417 16.4081 35.5998 25.6931 27.759 58.2074 30.8235 26.9043 33.175 32.0507 23.2566 30.8897 23.4047 38.9054 30.0238 23.3882 20.3503 20.4675 22.2512
threshold=1.7750000000000001 0 3119.6300000000006 1 0.025799818015934263 0.0075304163345171768 2 3 0.40338333333333337 128.50000000000003 84.500000000000014 671.50000000000011 4 92.500000000000014 14.850000000000003 -0.78789334285648371 5 13.850000000000003 0.61497421480319081 20.750000000000004 6 0.0011075253783375818 7 -0.13291928626387098 85.259722222222237 2.9350000000000005 350.50000000000006 27.000000000000004 3.5000000000000004 319.50000000000006
decision_type=2 1 2 1 2 2 1 1 2 2 2 2 1 2 2 2 1 2 2 2 1 2 1 2 10 2 2 2 2 2
left_child=1 -1 4 9 -3 7 -7 8 -6 -4 11 -11 13 14 15 16 17 -2 -16 20 -20 -17 -23 24 -24 26 -25 -26 -29 -30
right_child=12 2 3 -5 5 6 -8 -9 -10 10 -12 -13 -14 -15 18 21 -18 -19 19 -21 -22 22 23 25 27 -27 -28 28 29 -31
leaf_value=0.029846782972411723 -0.75827513628283294 -0.0077371778854540474 -0.13788200498695755 -0.13391139862557949 -0.47306049973740694 -0.44659004697868265 -0.11818906683202768 -0.053973723758395237 -1.5570467467741034 -0.46583534010202626 -1.3440473035783109 -0.68113104925421086 0.03165043070368162 0.20344987078636881 0.0092921002852288624 0.037019815774311737 0.3448794607596134 -0.25444398645261773 -1.2862543592924278 -0.10429102473969906 -0.26760351187501269 0.0236139753513749 0.0098533893417134307 0.058817856662683875 -0.29435650953929698 -0.20251116041277065 -0.30513496372011117 -0.38257366781691793 -0.72165392174218712 -0.048617361851361597
leaf_weight=114070 214 82936 635 6871 2880 851 1786 21982 321 707 420 63 358221 19699 93345 14027 419 179 340 1875 394 12745 3889 8689 5582 2168 566 3479 2201 474
leaf_count=114070 214 82936 635 6871 2880 851 1786 21982 321 707 420 63 358221 19699 93345 14027 419 179 340 1875 394 12745 3889 8689 5582 2168 566 3479 2201 474
internal_value=0.000107461 -0.00018417 -0.000778383 -0.00352121 -0.00056307 -0.00191726 -0.00655724 -0.00143115 -0.0059944 -0.00968954 -0.014005 -0.00832685 0.000236319 -0.000248567 -0.000562359 -0.00160101 -0.0126052 -0.0287673 2.90138e-05 -0.00597931 -0.0167837 -0.00143476 -0.00217525 -0.00332207 -0.00483233 -0.00125893 0.000230121 -0.00655568 -0.00893517 -0.0128812
internal_weight=762028 233522 119452 8696 110756 27820 2637 25183 3201 1825 1190 770 528506 170285 150586 54632 812 393 95954 2609 734 53820 39793 27048 15625 11423 9255 11736 6154 2675
internal_count=762028 233522 119452 8696 110756 27820 2637 25183 3201 1825 1190 770 528506 170285 150586 54632 812 393 95954 2609 734 53820 39793 27048 15625 11423 9255 11736 6154 2675
cat_boundaries=0 2 4 6 9 11 13 15 17
cat_threshold=3464679622 1829682362 2048 2192572420 285477416 36700160 537133072 0 1 1719681474 1951171608 1073758274 272663576 1107312704 67372056 1182793984 1074003968
is_linear=0
shrinkage=0.06


Tree=252
num_leaves=31
num_cat=8
split_feature=132 104 121 104 28 104 108 113 122 121 35 104 122 0 140 104 140 0 104 48 24 68 1 63 45 50 104 91 114 132
split_gain=7.36727 37.5749 18.1852 23.9864 24.8531 22.7716 21.2508 18.9701 22.6134 16.9004 13.8955 19.4625 21.2607 13.7755 69.8596 27.0189 25.6416 23.1272 21.9486 21.0217 21.1324 12.9347 12.4774 15.4489 12.4025 15.599 16.6977 12.361 12.1652 18.2263
threshold=-0.97670382270880773 0 982.85000000000002 1 223.60069444444446 2 77.208550000000017 74.500000000000014 0.45633707225282433 987.75000000000011 136.69500000000002 3 0.62451957692867532 88.711250000000021 2.5000000000000004 4 1.5000000000000002 183.50250000000003 5 72.500000000000014 5.875000000000008 22.350000000000005 117.51250000000002 2.6210473556224883 204.50000000000003 -407.49999999999994 6 7 2.0560791881951026 -0.92558427394243059
decision_type=2 1 2 1 10 1 2 2 2 2 8 1 2 2 2 1 2 2 1 2 8 2 8 2 2 10 1 1 2 2
left_child=1 -1 5 4 7 -3 -6 8 -4 -8 11 12 -2 14 15 -12 17 19 28 20 -15 -14 23 -21 25 -17 -27 -26 29 -16
right_child=10 2 3 -5 6 -7 9 -9 -10 -11 13 -13 21 16 18 24 -18 -19 -20 22 -22 -23 -24 -25 27 26 -28 -29 -30 -31
leaf_value=0.060708485570187751 -0.1195171216771239 -0.089461747337794995 -0.38732763828895617 -0.038261183505781421 0.05127614999728642 0.1877774950608683 -0.46052784773886862 -0.10507804069190893 0.1190940739791171 -0.90560172316746879 -0.026447250209209201 0.1187573546690332 -0.31625152784760474 -0.31583831002221707 -0.087004761328623309 -0.2247314877029418 -0.0048003176934904631 1.1129031657294717 0.11878384550018735 0.0037365514813171301 0.10016489460766584 -0.47039979528886078 0.29154628723106307 -0.30407072856134543 -0.081321236354831211 -1.2539671475199394 -0.70034845288178071 -0.44896125048307739 -0.040681787462683756 0.095651743132406417
leaf_weight=18875 6949 3904 317 26361 226 4700 566 8062 215 135 11391 4104 1063 4599 7326 910 495981 12957 84090 1188 4627 571 9516 329 4384 335 852 1755 15825 30523
leaf_count=18875 6949 3904 317 26361 226 4700 566 8062 215 135 11391 4104 1063 4599 7326 910 495981 12957 84090 1188 4627 571 9516 329 4384 335 852 1755 15825 30523
internal_value=9.40633e-05 -0.000525457 -0.00147704 -0.0020714 -0.00465107 0.000999884 -0.0139849 -0.00364817 -0.0146116 -0.0191368 0.000150198 -0.00181731 -0.00343984 0.000186557 0.000679361 -0.00266955 3.9989e-05 0.00165385 0.00115649 0.000387661 -0.0017258 -0.0096 0.00215498 -0.00289723 -0.00528483 -0.00927455 -0.013803 -0.00392932 0.000208327 0.000792444
internal_weight=762636 63361 44486 35882 9521 8604 927 8594 532 701 699275 12687 8583 686588 157391 19627 529197 33216 137764 20259 9226 1634 11033 1517 8236 2097 1187 6139 53674 37849
internal_count=762636 63361 44486 35882 9521 8604 927 8594 532 701 699275 12687 8583 686588 157391 19627 529197 33216 137764 20259 9226 1634 11033 1517 8236 2097 1187 6139 53674 37849
cat_boundaries=0 2 4 6 8 11 13 15 16
cat_threshold=1680205904 34365970 2299527336 151126432 415237672 100356 1176724217 1646387740 1646485706 306636636 1 1621157906 809501786 2551189776 3758098595 7
is_linear=0
shrinkage=0.06


Tree=253
num_leaves=31
num_cat=10
split_feature=59 104 17 21 104 104 88 133 133 104 114 109 0 109 104 98 133 98 131 104 110 104 115 104 113 137 104 110 104 127
split_gain=7.82126 11.0896 7.96242 8.89752 13.167 8.23787 7.74143 8.73641 18.3705 22.869 25.4215 31.7852 21.4893 16.9264 20.3224 19.9661 14.2882 18.1057 29.8383 13.9971 15.7592 13.3356 24.7034 13.2086 17.4967 13.1624 14.6381 13.8183 13.3186 16.4879
threshold=10047.440000000002 0 336.51250000000005 752.87500000000011 1 2 0.48223963877687326 0.94066717844141279 0.93158198870884079 3 1.7998833191138199 207.50000000000003 121.11250000000003 32.500000000000007 4 0.16269055358644466 0.95691861501572195 0.28003368959032676 -0.9159756150367534 5 17.050000000000004 6 -1.6452241335952165 7 289.50000000000006 6.3107913689107282e-11 8 12.050000000000002 9 15.117826142688434
decision_type=10 1 10 10 1 1 8 2 2 1 2 2 2 2 1 2 2 2 2 1 2 1 2 1 2 2 1 2 1 2
left_child=2 -2 3 6 -5 -4 7 8 19 10 -10 12 -12 14 15 25 -15 -18 -19 -1 -21 22 -13 -14 -25 26 -9 -28 29 -27
right_child=1 -3 5 4 -6 -7 -8 13 9 -11 11 21 23 16 -16 -17 17 18 -20 20 -22 -23 -24 24 -26 28 27 -29 -30 -31
leaf_value=-0.014059424413654821 -0.24947377083677089 0.44118436318276222 0.21571395105940955 0.12621933889445863 -0.41904870433592156 -0.027825281617567754 -0.0093258849275736928 0.14959487270700628 0.013501143837586877 0.0099773695136846467 -0.3996467103100802 -0.56669960216117776 -0.84271740424379049 0.19397097808981817 0.82975739329951181 2.1388102856465552 0.0079027365402664657 -1.281240438230427 -0.079119678359793638 0.11391331183530584 0.0047221085469796534 0.14302031663796491 0.048343310478047109 -1.0301773691178326 -0.90598241774910426 -0.17471196857503224 -0.7950072891405261 -3.0056271557088476 0.22700444769936279 -1.0306081800662956
leaf_weight=124507 1041 4600 23916 3157 6090 13318 332211 232 2388 7227 1227 107 640 10309 15417 1592 75140 140 463 51825 80259 952 251 242 488 1224 251 99 2777 290
leaf_count=124507 1041 4600 23916 3157 6090 13318 332211 232 2388 7227 1227 107 640 10309 15417 1592 75140 140 463 51825 80259 952 251 242 488 1224 251 99 2777 290
internal_value=0.000104357 0.00233002 8.77635e-05 4.34884e-05 -0.00180558 0.000943306 6.75643e-05 0.000253254 7.09258e-05 -0.00208445 -0.00472407 -0.00771187 -0.0115543 0.000709538 0.00219952 -0.000625386 0.000330634 4.539e-05 -0.0103013 0.000184519 0.00061474 -9.1533e-05 -0.00978862 -0.0167177 -0.0222672 -0.00253221 -0.0109914 -0.0184488 -0.00138257 -0.0058859
internal_weight=762380 5641 756739 719505 9247 37234 710258 378047 270113 13522 6295 3907 2597 107934 21882 6465 86052 75743 603 256591 132084 1310 358 1370 730 4873 582 350 4291 1514
internal_count=762380 5641 756739 719505 9247 37234 710258 378047 270113 13522 6295 3907 2597 107934 21882 6465 86052 75743 603 256591 132084 1310 358 1370 730 4873 582 350 4291 1514
cat_boundaries=0 3 5 7 10 13 16 18 20 22 24
cat_threshold=2684387456 428089408 1 2566292405 2102112 2438761908 2721093875 3538621716 3791991715 1 843489792 151969856 1 619160041 878020188 1 1073743124 1073807392 34082832 3254846242 268468224 151945216 570458112 401472
is_linear=0
shrinkage=0.06


Tree=254
num_leaves=31
num_cat=11
split_feature=133 109 127 104 111 104 99 104 130 132 104 104 127 114 132 104 132 104 132 104 110 104 98 104 104 132 111 130 130 113
split_gain=8.14715 28.9099 30.8523 64.0926 29.2433 66.8071 26.8016 30.3825 26.487 32.379 61.1358 25.5925 36.4365 23.1139 23.7046 22.0171 23.5004 21.42 26.3512 32.5773 27.5894 28.0208 23.6193 26.6174 20.1886 51.7528 45.5657 48.3407 24.8467 24.8291
threshold=0.94066717844141279 32.500000000000007 0.04991223840506593 0 55.500000000000007 1 0.99748108949426018 2 0.91597561503675362 0.2965049369093406 3 4 1.1978360483152102 -2.0513402658616124 0.32917936166072764 5 -0.3006092291086655 6 -0.13291928626387098 7 21.450000000000003 8 -0.13291928626387098 9 10 0.17963823861099873 94.500000000000014 0.91597561503675362 0.37940952255126054 314.50000000000006
decision_type=2 2 2 1 2 1 2 1 2 2 1 1 2 2 2 1 2 1 2 1 2 1 2 1 1 2 2 2 2 2
left_child=-1 2 3 -2 5 -4 8 -8 15 11 -11 12 -10 -3 17 16 -6 -15 19 -19 22 -22 23 -20 25 28 27 -27 -24 -30
right_child=1 13 4 -5 6 -7 7 -9 9 10 -12 -13 -14 14 -16 -17 -18 18 20 -21 21 -23 24 -25 -26 26 -28 -29 29 -31
leaf_value=-0.00042082362076610466 -1.2569799800428789 0.54479350914443248 -0.98275670828613348 0.2997007867432242 -0.99890524181144458 0.2084588384900842 -0.74782000369558332 0.22750799421027412 -1.6142181824648061 -1.073437677430443 -0.061802982125401966 1.2297952262986909 -0.076848515324941621 0.042179341704075238 0.45275918979714302 1.717705840111956 0.11713022870294029 0.70187768360432401 -0.56094534900602078 -0.13984109744365197 0.0037823136182853594 -0.27824801389079179 0.13316173106170126 -0.064376763956300875 -0.002155748380582626 -0.12773073832547907 0.27425414803413528 -0.51462681747547745 -0.10659850446999045 -0.67852516205000857
leaf_weight=537257 1014 6176 315 1560 582 637 2221 4515 296 218 548 2842 2122 64782 5586 24626 3900 14094 1584 15510 587 795 12215 1872 39946 7741 1753 469 5850 1295
leaf_count=537257 1014 6176 315 1560 582 637 2221 4515 296 218 548 2842 2122 64782 5586 24626 3900 14094 1584 15510 587 795 12215 1872 39946 7741 1753 469 5850 1295
internal_value=0.000118662 0.000421206 0.00177448 -0.00460427 0.002158 -0.00823505 0.0023945 -0.00107229 0.00305917 -0.000561473 -0.0120782 0.00111766 -0.00341375 8.03859e-05 -4.75986e-05 0.00380872 -6.40995e-05 -0.000175092 -0.000709724 0.000803378 -0.00131427 -0.00970933 -0.00115461 -0.00599479 -0.000913036 -0.0021082 -0.00562244 -0.00749726 -0.000300604 -0.00311083
internal_weight=762908 225651 45396 2574 42822 952 41870 6736 35134 6026 766 5260 2418 180255 174079 29108 4482 168493 103711 29604 74107 1382 72725 3456 69269 29323 9963 8210 19360 7145
internal_count=762908 225651 45396 2574 42822 952 41870 6736 35134 6026 766 5260 2418 180255 174079 29108 4482 168493 103711 29604 74107 1382 72725 3456 69269 29323 9963 8210 19360 7145
cat_boundaries=0 3 5 8 11 13 15 18 20 22 24 26
cat_threshold=370542376 1228390721 1 59417749 6182 644035091 2702229504 1 88867236 218109963 1 1913442530 461300824 570458112 5152832 82034882 638559816 1 2585532676 2147490211 537143841 1497385236 4027856648 3222274181 2333874196 2147489953
is_linear=0
shrinkage=0.06


Tree=255
num_leaves=31
num_cat=10
split_feature=132 104 132 111 104 120 6 115 104 126 113 104 114 104 132 104 113 112 20 98 104 114 104 104 98 114 104 119 101 98
split_gain=7.56429 19.983 13.4706 13.2544 11.5541 13.9411 10.5397 10.3928 38.6485 12.3071 13.8766 14.2213 13.6055 11.0808 10.1792 8.65824 10.7142 14.3047 8.40233 8.21537 25.5302 8.46703 29.4407 10.1971 15.2606 9.58063 21.1378 16.7487 41.9002 35.7278
threshold=0.61490419508004501 0 0.62837760187664593 91.500000000000014 1 4.5000000000000009 319.73500000000007 -0.098994949366116636 2 924.47500000000014 114.50000000000001 3 -0.40666562505290288 4 0.62837760187664593 5 255.50000000000003 2.0250000000000004 51.9049451710111 0.58741554219704073 6 3.745678740201448 7 8 -0.3169700421330815 2.7418704181080384 9 614.50000000000011 0.93301270189221952 -0.42860198635012398
decision_type=2 1 2 2 1 2 10 2 1 2 2 1 2 1 2 1 2 2 10 2 1 2 1 1 2 2 1 2 2 2
left_child=19 2 4 6 5 -2 7 13 9 10 11 -9 -12 -3 18 16 17 -5 -8 21 -21 25 23 24 -23 -1 -27 -28 -29 -30
right_child=1 3 -4 15 -6 -7 14 8 -10 -11 12 -13 -14 -15 -16 -17 -18 -19 -20 20 -22 22 -24 -25 -26 26 27 28 29 -31
leaf_value=0.0057103530587194248 -0.0004856939466810951 0.036287132437208935 0.070644551983267273 -0.89630494323778376 -0.0080282333387917577 -0.25038836876911641 -0.31776466986488278 -0.77328281931289244 0.0032353871296555417 -0.75830801740620535 -0.062492455259960215 -1.414747294348826 -0.56088625288458116 -0.078782364407005312 -0.23129857327978584 0.48056757655887278 0.95589633723799594 0.97664162133568466 -0.1595531404127053 -0.2211374569436122 0.2909198814455522 -0.52546301982016741 0.05449536018227176 -0.19333493602970653 -1.0609769703341934 -0.034217436053096621 0.17506552904342751 0.049004361845428834 -0.71613147374755359 -0.0052554332443693393
leaf_weight=658528 364 6021 14999 101 1585 488 64 117 2744 139 573 113 678 7630 2609 1797 192 69 62 938 4114 200 4910 3840 190 19322 23924 5493 443 402
leaf_count=658528 364 6021 14999 101 1585 488 64 117 2744 139 573 113 678 7630 2609 1797 192 69 62 938 4114 200 4910 3840 190 19322 23924 5493 443 402
internal_value=9.98285e-05 -0.000699697 0.000830859 -0.00186414 -0.00330517 -0.00888528 -0.00233049 -0.0018034 -0.00435189 -0.0116616 -0.0101174 -0.0236364 -0.00761502 -0.000988426 -0.00580044 0.00260833 -0.00575871 -0.0168421 -0.0223937 0.000144488 0.00255531 0.000127503 -0.0016869 -0.00534779 -0.0145137 0.000150925 0.000955208 0.0019447 -0.000796971 -0.0132269
internal_weight=762649 40345 17436 22909 2437 852 20750 18015 4364 1620 1481 230 1251 13651 2735 2159 362 170 126 722304 5052 717252 9140 4230 390 708112 49584 30262 6338 845
internal_count=762649 40345 17436 22909 2437 852 20750 18015 4364 1620 1481 230 1251 13651 2735 2159 362 170 126 722304 5052 717252 9140 4230 390 708112 49584 30262 6338 845
cat_boundaries=0 2 4 6 8 10 12 14 16 17 20
cat_threshold=1025543235 348906978 218103808 75694370 12726816 1613758980 143872 1049092 2148999680 1763973636 925696 536872960 8560641 281281548 351221689 605144873 131616 1090794624 3178679308 1
is_linear=0
shrinkage=0.06


Tree=256
num_leaves=31
num_cat=10
split_feature=133 109 111 104 127 104 127 104 126 104 132 114 104 132 104 104 131 127 132 136 104 9 110 104 132 129 59 131 133 104
split_gain=6.80799 27.2223 25.1696 59.788 28.8911 38.8804 27.4109 27.1038 21.2793 22.752 21.0576 20.2458 20.3381 20.571 28.976 19.7139 18.7465 18.4089 17.925 16.2129 33.9001 17.8762 15.2498 32.8638 21.294 23.1649 20.7751 13.8191 13.5735 35.5887
threshold=0.94066717844141279 32.500000000000007 55.500000000000007 0 0.73690340422360623 1 0.010854541769774019 2 8.1500000000000021 3 0.32917936166072764 -2.0513402658616124 4 -0.26762560548918296 5 6 0.60355339059327384 47.090948817093043 0.19653276579064646 1.0000000180025095e-35 7 87.57416666666667 8.0500000000000025 8 0.44022217077093501 55.500000000000007 583.41500000000008 0.91597561503675351 0.92191100909954782 9
decision_type=2 2 2 1 2 1 2 1 2 1 2 2 1 2 1 1 2 2 2 2 1 10 2 1 2 2 10 2 2 1
left_child=22 2 3 -2 5 6 -4 18 -8 -10 11 15 -13 14 -14 -3 -11 -15 27 -12 -21 -22 23 24 25 -1 -27 -6 -24 -30
right_child=1 10 4 -5 7 -7 8 -9 9 16 19 12 13 17 -16 -17 -18 -19 -20 20 21 -23 28 -25 -26 26 -28 -29 29 -31
leaf_value=-0.18410812403865237 -1.1218023693762507 -0.24238036210602598 -1.525863351096387 0.010383610304309367 -0.29609249872643695 0.20247808748499352 0.96262153838295228 1.2545282340181019 -0.084721687784679811 -2.1573839093776779 0.50034297713909592 0.039887954761827014 -0.30538925644971887 -0.050089675432846544 1.8699350405939956 1.0976345642057603 -0.60535867332582671 -0.48514652245500201 1.4126674888996522 -2.1836446202510262 -0.66649556268475818 0.45191889077576763 0.0070509150077281762 0.0072082754497283666 1.1440453010795557 -0.42908922808618744 -1.1682087940975521 0.29528455220008659 -0.16774563675814963 0.042999872811818982
leaf_weight=1364 210 1224 620 752 6535 4975 868 24821 852 503 4750 67502 1876 94903 4553 5044 386 64 2987 106 71 622 494779 5942 406 883 214 2159 14367 18951
leaf_count=1364 210 1224 620 752 6535 4975 868 24821 852 503 4750 67502 1876 94903 4553 5044 386 64 2987 106 71 622 494779 5942 406 883 214 2159 14367 18951
internal_value=0.0001124 0.000388358 0.00169717 -0.00790031 0.00190386 -0.00131335 -0.00642778 0.00262696 -0.00374942 -0.00757405 5.76044e-05 -5.76819e-05 -0.000181955 -0.000719122 0.00256516 0.00329048 -0.0142067 -0.000941559 0.000241704 0.00369622 -0.0042075 0.000877841 -3.95577e-06 -0.00247968 -0.00774079 -0.00986759 -0.0163552 -0.00113582 3.73456e-05 -0.00113485
internal_weight=763289 226383 45668 962 44706 8204 3229 36502 2609 1741 180715 175166 168898 101396 6429 6268 889 94967 11681 5549 799 693 536906 8809 2867 2461 1097 8694 528097 33318
internal_count=763289 226383 45668 962 44706 8204 3229 36502 2609 1741 180715 175166 168898 101396 6429 6268 889 94967 11681 5549 799 693 536906 8809 2867 2461 1097 8694 528097 33318
cat_boundaries=0 2 5 7 9 12 14 16 18 20 23
cat_threshold=59277316 6178 374743840 1228374465 1 637698098 458138696 100663584 17268993 115591298 638559816 1 1627398224 423624720 1342455874 549625872 73596928 2147517952 3767825154 2755657933 1923237698 911762461 1
is_linear=0
shrinkage=0.06


Tree=257
num_leaves=31
num_cat=0
split_feature=69 110 98 107 133 1 98 114 112 114 121 134 59 132 119 47 126 129 102 19 69 115 98 28 114 127 119 126 127 19
split_gain=7.36602 13.9251 13.0787 16.8764 23.8259 12.9803 12.0813 12.0678 15.3227 14.6948 14.7014 20.165 17.1173 17.6679 17.6309 14.9874 14.754 14.6192 14.9556 18.1186 15.1911 21.3902 19.3731 19.3511 14.6888 14.3483 19.9093 14.7286 14.2979 14.0434
threshold=9.2500000000000018 8.7500000000000018 -0.13291928626387098 28.766750000000005 0.99958851518450398 70.350000000000009 0.44022217077093501 3.3957990556093347 4.245000000000001 2.4901005614919209 995.45000000000016 1.0000000180025095e-35 8027.630000000001 0.66766646831012755 584.50000000000011 662.49687500000016 1896.0500000000004 10.500000000000002 61.500000000000007 225.09444444444446 18.450000000000003 -2.5770401415117283 -0.97287096065939793 155.22986111111115 1.2458205671356957 0.40917864446360663 614.50000000000011 4730.7000000000016 5.7305436243810632 257.23541666666671
decision_type=2 2 2 2 2 8 2 2 2 2 2 2 10 2 2 10 2 2 2 8 2 2 2 10 2 2 2 2 2 8
left_child=5 2 -2 -4 6 -1 -5 9 -9 10 11 12 13 16 -14 28 -3 -13 19 20 22 -22 23 -19 -25 26 29 -27 -15 -18
right_child=1 7 3 4 -6 -7 -8 8 -10 -11 -12 17 14 15 -16 -17 25 18 -20 -21 21 -23 -24 24 -26 27 -28 -29 -30 -31
leaf_value=0.077169732659767648 -0.58978152027939834 -0.025149611758907776 -0.056785618706153708 -0.1311991937789056 -3.0684552432723442 0.017634216113303094 -2.015623236991797 -0.12885705114524734 0.056774841023590039 0.069047218095763446 0.17554382836527344 -0.18992929786369908 -0.21872077756153183 -0.14928914579876623 -1.0811330493299769 -0.010276879688255384 0.0005555765869753609 0.048885606189347126 -0.23295271611116769 0.59827912668123806 -0.21416391918054326 0.15863586077804978 0.030353124739011653 0.010946338150746785 -0.23267151144638859 0.12133315462697948 -0.5295476823438432 -0.1958812429289595 -0.4434840314751286 -0.18102721750620093
leaf_weight=16115 1107 256951 9473 414 88 263685 83 8077 4492 38755 16989 3774 3869 2406 278 3040 3364 3206 2333 15978 340 21031 58623 1506 4058 20349 365 311 1155 146
leaf_count=16115 1107 256951 9473 414 88 263685 83 8077 4492 38755 16989 3774 3869 2406 278 3040 3364 3206 2333 15978 340 21031 58623 1506 4058 20349 365 311 1155 146
internal_value=0.000121761 -2.02542e-05 -0.00211445 -0.00143275 -0.011314 0.000366689 -0.00618072 2.93513e-05 -0.00180477 7.95987e-05 -2.35385e-05 -9.64114e-05 -0.00035778 -0.000302678 -0.00418467 -0.0033708 -0.000230717 0.000592639 0.000722011 0.000827855 0.000493032 0.00188686 5.10137e-05 -0.00257895 -0.00471806 0.00117501 -0.00217492 0.0018034 -0.00601179 -0.000786101
internal_weight=762361 482561 11165 10058 585 279800 497 471396 12569 458827 420072 403083 292234 288087 4147 6601 281486 110849 107075 104742 88764 21371 67393 8770 5564 24535 3875 20660 3561 3510
internal_count=762361 482561 11165 10058 585 279800 497 471396 12569 458827 420072 403083 292234 288087 4147 6601 281486 110849 107075 104742 88764 21371 67393 8770 5564 24535 3875 20660 3561 3510
is_linear=0
shrinkage=0.06


Tree=258
num_leaves=31
num_cat=6
split_feature=121 104 104 132 132 131 19 114 110 104 115 104 133 127 132 125 133 125 127 109 104 132 130 129 129 132 104 129 115 120
split_gain=7.28139 23.7776 18.8446 15.9052 23.6338 25.5508 16.0175 15.3815 22.6378 17.1875 16.5174 21.2311 25.3211 15.3796 15.0603 14.7811 14.2576 14.1966 25.6591 21.4724 23.6685 17.1203 14.3019 30.6249 30.1717 26.2528 22.9935 19.6848 14.9308 24.0937
threshold=988.95000000000016 0 1 -0.13291928626387098 -0.098749067963353782 0.1294095225512602 257.23541666666671 0.99850110263328529 20.050000000000004 2 -1.839756869326306 3 0.99681593486783593 1.0000000180025095e-35 0.36146417736073544 0.16478333333333334 0.99981043035926087 0.31341666666666673 1.4631550222525631 47.500000000000007 4 0.12865578461947555 0.25881904510252091 55.500000000000007 103.50000000000001 0.26347957579725428 5 81.500000000000014 -0.84370601215866292 99.500000000000014
decision_type=2 1 1 2 2 2 10 2 2 1 2 1 2 2 2 2 2 2 2 2 1 2 2 2 2 2 1 2 2 2
left_child=1 16 3 13 5 6 -5 8 -6 -10 11 12 -9 15 -3 -2 -1 21 -19 -20 -21 -12 23 -23 26 -26 27 -25 -24 -30
right_child=2 14 -4 4 7 -7 -8 10 9 -11 17 -13 -14 -15 -16 -17 -18 18 19 20 -22 22 28 24 25 -27 -28 -29 29 -31
leaf_value=-0.053296654935730714 -0.14956943394246602 0.026496683237944803 -0.0025325125735481124 -0.33557175548637419 0.22033524139083485 0.16680592369193642 -0.63026557730644417 -0.13544725438388194 -0.37467509344174615 -0.020265011541959709 0.32137664906523195 -0.010781633129627622 -1.35174493365111 0.19156420147939651 -0.067950415241922413 -0.57901105891750493 0.97112902283327196 0.042659415274711905 -0.19472801311322638 -0.8584579553403876 -0.29228701176263772 0.36039480291732645 0.14881500196953182 -0.37498533196052042 -0.098522701566020485 0.079404525511938925 -0.20891522506544344 -0.86839746260082262 -0.0040778363099869541 -0.6924303324098845
leaf_weight=104163 1869 158184 297024 1269 32095 1363 450 3817 815 1674 11771 7266 279 88587 13377 146 2855 3048 924 220 639 3472 11634 321 3579 4229 1265 345 5026 614
leaf_count=104163 1869 158184 297024 1269 32095 1363 450 3817 815 1674 11771 7266 279 88587 13377 146 2855 3048 924 220 639 3472 11634 321 3579 4229 1265 345 5026 614
internal_value=0.000114676 -0.000129679 0.000255397 0.0007277 0.000190083 -0.00497827 -0.0098407 0.000361352 0.00136429 -0.00414699 -0.000232096 -0.00228531 -0.00573265 0.0012981 0.000308127 -0.00388393 -0.000831475 0.000263379 -0.00281747 -0.00853251 -0.0153558 0.000615662 -0.000134816 -0.0016208 -0.00334558 -0.00168421 -0.010059 -0.0190015 0.00100168 -0.00153164
internal_weight=762320 278579 483741 186717 96115 3082 1719 93033 34584 2489 58449 11362 4096 90602 171561 2015 107018 47087 4831 1783 859 42256 30485 13211 9739 7808 1931 666 17274 5640
internal_count=762320 278579 483741 186717 96115 3082 1719 93033 34584 2489 58449 11362 4096 90602 171561 2015 107018 47087 4831 1783 859 42256 30485 13211 9739 7808 1931 666 17274 5640
cat_boundaries=0 2 4 6 8 10 12
cat_threshold=2316638624 3237809059 2319010984 3240958883 134744064 1075843586 524320 16783651 2284913664 65666 526336 1073748003
is_linear=0
shrinkage=0.06


Tree=259
num_leaves=31
num_cat=12
split_feature=20 132 104 126 125 111 104 126 109 104 127 104 126 104 127 133 104 104 115 112 54 104 115 104 133 104 119 104 104 50
split_gain=7.68898 9.79579 12.1184 12.9476 14.4847 7.27597 21.0035 14.1865 16.748 24.8914 13.1298 33.1329 21.2155 16.6457 18.5029 12.8886 19.7451 10.9558 12.3282 10.3067 9.01341 13.3173 8.9702 15.3572 14.018 19.1529 12.8176 10.0993 10.0815 9.10647
threshold=260.80847677133039 -0.931957157303682 0 222.34999999999999 0.16478333333333334 39.500000000000007 1 1738.2000000000005 892.50000000000011 2 94.12546632628893 3 113.62500000000001 4 133.84920807395872 0.92519182738459482 5 6 -1.4110001600851947 2.4150000000000005 111.40796320716645 7 -2.0390160846427223 8 0.90438663683299525 9 715.50000000000011 10 11 637.50000000000011
decision_type=10 2 1 2 2 2 1 2 2 1 2 1 2 1 2 2 1 1 2 2 10 1 2 1 2 1 2 1 1 10
left_child=5 -2 3 4 -3 6 7 8 -1 -10 20 12 13 14 17 -9 -17 18 -12 -15 -7 -22 28 -24 26 -26 -25 -28 -8 -29
right_child=1 2 -4 -5 -6 10 22 15 9 -11 11 -13 -14 19 -16 16 -18 -19 -20 -21 21 -23 23 24 25 -27 27 29 -30 -31
leaf_value=-0.19691326822359564 0.13697517037338613 -1.2859580043351571 -0.31038688995266511 0.19764624776256259 -0.8062598302538434 0.0075020916355606222 0.31339093833489351 -0.035561118366192968 -0.031954765130890406 -0.46453230087835945 -4.0686585304434999 0.57176859489178233 0.084950127066800343 0.16690981064465002 -2.4770440721632476 -0.510097240567708 -0.02948845387414871 1.3170421281317513 -0.57384096368837856 -0.98666625632734195 -0.28600789814899125 0.76794228879531545 0.07163372281589292 -0.038538169432220999 -0.45843901467287979 -0.073221967909364277 0.033164027202045976 -0.6742879065613725 0.010262666755523423 -0.10256674118938866
leaf_weight=3871 2100 129 3315 173 211 697638 4256 12838 366 407 51 7692 3888 649 227 338 477 160 51 439 1420 4065 6029 5221 243 443 100 88 5818 79
leaf_count=3871 2100 129 3315 173 211 697638 4256 12838 366 407 51 7692 3888 649 227 338 477 160 51 439 1420 4065 6029 5221 243 443 100 88 5818 79
internal_value=0.000116196 -0.00203609 -0.00384226 -0.0123321 -0.0193548 0.000133056 -0.000648576 -0.00215414 -0.00501959 -0.0130775 0.000177333 0.00205518 -0.00151753 -0.00738783 -0.016452 -0.00118075 -0.00849265 -0.00588593 -0.0200708 -0.00312284 0.000142191 0.00256471 0.000588748 -0.000504916 -0.00260566 -0.01069 -0.00159811 -0.0143955 0.00191404 -0.0226854
internal_weight=762782 5928 3828 513 340 756854 40574 18297 4644 773 716280 13157 5465 1577 489 13653 815 262 102 1088 703123 5485 22277 12203 6174 686 5488 267 10074 167
internal_count=762782 5928 3828 513 340 756854 40574 18297 4644 773 716280 13157 5465 1577 489 13653 815 262 102 1088 703123 5485 22277 12203 6174 686 5488 267 10074 167
cat_boundaries=0 2 4 6 9 11 13 15 18 20 22 24 27
cat_threshold=438444040 545784320 1531710380 1042979105 34341420 805994752 2686683274 3988744904 1 65544 2366720512 1342966532 604012577 0 151076864 2684389516 75790404 1 547463170 21234782 2215642129 1064960 2147501120 1073758720 2215773185 2157011136 1
is_linear=0
shrinkage=0.06


Tree=260
num_leaves=31
num_cat=7
split_feature=121 104 104 104 91 124 110 129 137 78 111 120 104 124 111 121 107 129 54 126 125 130 84 104 110 139 104 44 120 99
split_gain=6.96202 32.5061 18.0571 16.6589 18.2866 21.6711 17.7048 16.1824 14.6219 13.5851 20.4016 15.0151 28.0609 22.2769 20.0194 20.4606 16.5799 14.1239 13.8052 20.1195 21.2607 17.1845 17.1554 16.1042 19.9 14.6782 14.0966 12.7842 12.405 12.6281
threshold=987.85000000000002 0 1 2 3 0.37500000000000006 18.450000000000003 178.50000000000003 0.01126364564421809 992.05000000000007 48.500000000000007 99.500000000000014 4 0.47166666666666673 99.500000000000014 991.35000000000002 28.638050000000003 3.5000000000000004 5.7094813483166664 111.12500000000001 0.33668333333333339 1.0000000180025095e-35 2.6479166666666671 5 20.250000000000004 65.500000000000014 6 0.0096185678604187082 1.5000000000000002 0.95436825032516992
decision_type=2 1 1 1 1 2 2 2 2 2 2 2 1 2 2 2 2 2 10 2 2 2 10 1 2 2 1 2 2 2
left_child=1 -1 -2 4 -3 6 -6 -8 -9 -4 27 18 13 -13 17 -16 -17 -15 -12 23 21 22 26 -20 -25 -23 -21 -11 29 -28
right_child=2 3 9 -5 5 -7 7 8 -10 10 11 12 -14 14 15 16 -18 -19 19 20 -22 25 -24 24 -26 -27 28 -29 -30 -31
leaf_value=0.08092275140755413 -0.015747791427278161 -0.06126920351415599 0.059764547555922122 -0.014180694425602122 0.33430616134384328 -0.53149424974058168 -0.086345091175817956 -0.54621493951935018 0.15028504346387003 -0.062432505581026122 0.090130008506405582 -0.097217079458543659 0.090645553347357299 -1.8893239485594324 0.90553770788921772 -1.160794141675427 -1.9689404201285585 -0.47161726880815996 -0.18630785245924567 -0.040513408992785403 -0.53477458336682515 0.026887037631060699 0.085675173419839476 0.5584538843890513 -0.59761292149713063 -0.73280220122829254 -0.30726646867676466 -0.37212469353136407 -0.057704492567548921 -0.24036512221311879
leaf_weight=41393 201113 22455 191577 142829 1497 1575 1752 914 257 20052 70694 3093 5674 80 94 114 231 1881 7477 3890 189 17236 3266 14712 794 381 2387 1156 1751 2458
leaf_count=41393 201113 22455 191577 142829 1497 1575 1752 914 257 20052 70694 3093 5674 80 94 114 231 1881 7477 3890 189 17236 3266 14712 794 381 2387 1156 1751 2458
internal_value=0.000103427 -0.00018812 0.0002161 -0.000552782 -0.00187836 -0.00482018 -0.0026736 -0.00539056 -0.0108481 0.000476927 6.43358e-05 0.000333512 -0.00177453 -0.00482594 -0.00917118 -0.0207409 -0.0274855 -0.00657187 0.000521496 -0.000195702 -0.00117912 -0.00105789 -0.00264728 0.00115463 0.00225662 0.000182881 -0.00382988 -0.00166684 -0.00551597 -0.00708832
internal_weight=762972 212672 550300 171279 28450 5995 4420 2923 1171 349187 157610 136402 11167 5493 2400 439 345 1961 125235 54541 31558 31369 13752 22983 15506 17617 10486 21208 6596 4845
internal_count=762972 212672 550300 171279 28450 5995 4420 2923 1171 349187 157610 136402 11167 5493 2400 439 345 1961 125235 54541 31558 31369 13752 22983 15506 17617 10486 21208 6596 4845
cat_boundaries=0 3 6 8 9 11 13 15
cat_threshold=545301266 604168257 1 1619174226 810213441 1 168040480 3256877090 22 336070693 1110447420 274006145 218105216 33887264 2192573980
is_linear=0
shrinkage=0.06


Tree=261
num_leaves=31
num_cat=1
split_feature=102 102 110 58 127 108 109 19 112 58 21 58 134 130 119 130 28 110 91 110 130 60 20 109 109 126 110 127 120 34
split_gain=7.17714 9.68978 20.6034 11.4313 10.458 9.60088 8.22063 9.50334 7.86468 17.1922 31.8305 14.9255 18.2629 14.9577 45.6222 14.911 15.9499 19.7109 14.2947 14.1136 13.4234 16.7226 18.3713 13.0174 12.9095 14.9203 12.5638 18.2124 15.0959 12.239
threshold=65.500000000000014 62.500000000000007 8.0500000000000025 389.39500000000004 33.700923310857085 77.201150000000013 847.50000000000011 297.24895833333341 1.7750000000000001 3119.6300000000006 240.67083333333335 104.42000000000002 1.0000000180025095e-35 -0.37940952255126059 627.50000000000011 0.37940952255126054 214.16510416666668 11.050000000000002 0 24.250000000000004 -0.91597561503675329 31.117821351587619 26.368584007243374 527.50000000000011 767.50000000000011 26.475000000000005 11.250000000000002 33.700923310857085 92.500000000000014 2.0045000000000006
decision_type=2 2 2 2 2 2 2 10 2 2 10 2 2 2 2 2 8 2 1 2 2 2 8 2 2 2 2 2 2 10
left_child=1 8 -3 -4 6 -6 -5 -8 9 11 -11 15 20 14 24 18 19 -18 23 -17 21 22 -13 -1 25 -14 27 -22 -28 -20
right_child=-2 2 3 4 5 -7 7 -9 -10 10 -12 12 13 -15 -16 16 17 -19 29 -21 26 -23 -24 -25 -26 -27 28 -29 -30 -31
leaf_value=0.51116348745251294 0.23948727465820832 -0.80855200690341866 0.10678413851211403 -0.10559342139142909 -1.0013035568364661 0.020083370335936903 -0.13534717056582235 -0.62805781573926411 0.014515343233848593 0.011235776778097227 -0.33779008034366242 0.0433609624658804 0.15891493433668993 0.2154361130681153 -0.17245603560906927 -0.033621818974453786 -0.1865102149137299 -0.69383913842967537 -0.026762915189939545 -0.40666173550685231 -0.15021712080500296 0.15913379881775797 -0.27615759638605536 -0.33933025319833543 0.17658319214099655 -0.10593257313416352 0.0062086137230752229 -0.57256380702000276 0.30947813343659325 -0.1897736387828193
leaf_weight=7364 5649 346 5552 9806 204 127 861 105 510119 10147 7099 3197 3606 30678 451 13636 6116 2295 16545 189 16561 3069 7268 825 4565 5292 79333 193 10183 1035
leaf_count=7364 5649 346 5552 9806 204 127 861 105 510119 10147 7099 3197 3606 30678 451 13636 6116 2295 16545 189 16561 3069 7268 825 4565 5292 79333 193 10183 1035
internal_value=9.84975e-05 8.25909e-05 -0.00133361 -0.00103206 -0.00214355 -0.0126325 -0.00182011 -0.00709824 0.000115139 -0.000176435 -0.00199826 -2.85023e-05 0.000243289 0.00127984 -0.00035185 -0.000959255 -0.00209758 -0.00415763 2.30503e-05 -0.000844062 -0.000142531 -0.00192213 -0.00306421 0.00209195 0.000277629 -0.00105315 8.41248e-05 -0.00142381 0.000366366 -0.00094139
internal_weight=762416 756767 17001 16655 11103 331 10772 966 739766 229647 17246 212401 164396 44592 13914 48005 22236 8411 25769 13825 119804 13534 10465 8189 13463 8898 106270 16754 89516 17580
internal_count=762416 756767 17001 16655 11103 331 10772 966 739766 229647 17246 212401 164396 44592 13914 48005 22236 8411 25769 13825 119804 13534 10465 8189 13463 8898 106270 16754 89516 17580
cat_boundaries=0 1
cat_threshold=18
is_linear=0
shrinkage=0.06


Tree=262
num_leaves=31
num_cat=10
split_feature=59 104 110 126 43 109 104 132 104 115 104 129 108 104 104 112 137 133 109 133 104 131 132 104 104 110 127 127 104 127
split_gain=7.54937 8.43957 7.63041 12.8977 16.9198 6.66712 19.3698 20.9867 12.1196 16.9157 23.2235 16.3649 15.5436 12.402 11.7946 15.7702 11.3083 8.29858 26.4715 28.2874 41.4264 29.0345 33.6105 56.0768 21.7924 20.0476 19.0071 17.8342 26.1797 17.5953
threshold=10047.440000000002 0 24.650000000000002 2563.6000000000004 69.68110741202527 1152.5000000000002 1 -0.95965000791072852 2 -1.9516307964286037 3 91.500000000000014 77.245300000000015 4 5 1.4550000000000003 0.85826565528689469 0.94066717844141279 32.500000000000007 0.99855310097228334 6 0.37940952255126048 0.2965049369093406 7 8 7.7500000000000009 0.010854541769774019 1.1978360483152102 9 0.027229624622079215
decision_type=10 1 2 2 2 2 1 2 1 2 1 2 2 1 1 2 2 2 2 2 1 2 2 1 1 2 2 2 1 2
left_child=5 -2 -3 4 -4 17 7 8 -7 10 -10 13 -13 -12 15 -11 -9 -1 19 21 26 22 24 -24 25 -19 -21 28 -26 -23
right_child=1 2 3 -5 -6 6 -8 16 9 14 11 12 -14 -15 -16 -17 -18 18 -20 20 -22 29 23 -25 27 -27 -28 -29 -30 -31
leaf_value=-0.0053930905383522488 -0.2263208711532976 0.80801316834950576 0.018700750659989714 0.06022561396212954 -1.9561508289881309 -0.42008621861090423 0.099910220409768713 0.055710687561924016 0.051979121239297182 -0.34789311485950736 0.20195536436119543 -0.14970618521724446 -0.35774432558616048 -0.27723710086447095 0.16811952401070515 0.09428983554731285 -0.70990010334213305 1.3637735192196176 0.001538333418036493 -2.2737556773223275 0.16531326806970212 -0.32919239433108455 -0.93594452739298584 -0.11761694380105964 -2.8636764795903691 -0.46510021276255586 -1.1094865549947408 0.68738082085305452 0.12547447802396211 1.0424877696137091
leaf_weight=501379 1038 3631 54 870 52 1100 17016 9695 362 440 119 59 104 188 1489 389 188 753 178742 195 4906 1314 221 591 228 3014 2027 5905 522 25634
leaf_count=501379 1038 3631 54 870 52 1100 17016 9695 362 440 119 59 104 188 1489 389 188 753 178742 195 4906 1314 221 591 228 3014 2027 5905 522 25634
internal_value=0.000104261 0.00229012 0.00338718 -0.00131423 -0.020972 8.79485e-05 0.00094748 -0.000694428 -0.00422018 -0.00229674 -0.00963745 -0.0182121 -0.0339146 -0.0103831 0.000331177 -0.00536429 0.000821328 5.10402e-05 0.000354613 0.00164993 -0.00181961 0.00229767 -0.000264886 -0.0120148 0.000651636 -0.00299047 -0.00859292 0.00271377 -0.00599201 0.00336591
internal_weight=762225 5645 4607 976 106 756580 31149 14133 4250 3150 832 470 163 307 2318 829 9883 725431 224052 45310 7128 38182 11234 812 10422 3767 2222 6655 750 26948
internal_count=762225 5645 4607 976 106 756580 31149 14133 4250 3150 832 470 163 307 2318 829 9883 725431 224052 45310 7128 38182 11234 812 10422 3767 2222 6655 750 26948
cat_boundaries=0 3 5 7 9 11 13 15 18 20 22
cat_threshold=2684387458 159653952 1 1632113445 1677104431 536870944 16942116 1091043841 5505034 256 1619001345 1091043329 33816586 2248287769 154649088 67895463 218111017 1 1384706118 307115082 4456864 153125009
is_linear=0
shrinkage=0.06


Tree=263
num_leaves=31
num_cat=0
split_feature=109 111 127 109 137 6 127 20 126 114 114 112 110 28 130 127 133 6 112 108 0 109 111 112 54 115 28 63 35 108
split_gain=7.46602 11.3951 15.2683 14.4132 21.1662 13.6581 13.3634 14.8012 16.6255 13.7572 22.228 19.4028 33.842 35.3128 18.4376 15.5115 23.0164 39.1234 30.6389 24.1586 22.7882 18.5342 13.4032 22.197 15.7223 13.2751 15.2131 16.9444 12.9747 12.2556
threshold=1152.5000000000002 48.500000000000007 84.974054599140928 1077.5000000000002 0.61497421480319081 296.28000000000003 0.88505984833433049 20.791997764615051 237.20000000000002 -0.55079406824129407 1.6510639157396003 3.7250000000000005 20.050000000000004 358.19791666666674 0.25881904510252091 16.492726634944734 0.73136292505298039 342.12500000000006 2.1650000000000005 77.322400000000016 229.00833333333335 457.50000000000006 39.500000000000007 3.0150000000000001 149.55196675492894 -1.9380920814357021 422.92777777777781 2.5915051603895516 379.68500000000006 77.283000000000015
decision_type=2 2 2 2 2 10 2 8 2 2 2 2 2 10 2 2 2 10 2 2 2 2 2 2 10 2 10 2 10 2
left_child=1 6 3 -3 -5 -6 -1 -8 -9 -10 15 22 13 28 25 21 -17 -18 19 -19 -20 -11 23 24 -12 -14 27 -27 -13 -28
right_child=-2 2 -4 4 5 -7 7 8 9 10 11 12 14 -15 -16 16 17 18 20 -21 -22 -23 -24 -25 -26 26 29 -29 -30 -31
leaf_value=-0.12039120712012241 0.040132275418777869 0.0092267130027634953 0.24237088277909394 -0.067515615218003103 0.056086300665015659 -0.6825346108789867 0.056167639113043601 -0.15110115219612813 0.28811391869371611 -0.56518505343101633 -0.1743670524465632 -0.15393499868940264 -0.030345460344567626 -0.83221189005467444 0.4386446322445432 0.012460940579202651 -0.0061440548514904774 -0.20314260691929831 -0.22620744785741578 -1.638153306635431 -0.66715722105153175 -0.00087317161645598745 0.12279369115465807 0.044012504329679111 -1.2832315871292681 -0.041615136266600739 -0.6024527228996146 -0.80079562557098483 -0.60469762002688765 -0.49389676113417447
leaf_weight=2747 31662 620841 13223 4795 128 376 12415 13700 4451 877 3084 520 5664 163 3436 1812 1511 1137 526 165 389 7168 18002 10682 172 2041 334 473 118 104
leaf_count=2747 31662 620841 13223 4795 128 376 12415 13700 4451 877 3084 520 5664 163 3436 1812 1511 1137 526 165 389 7168 18002 10682 172 2041 334 473 118 104
internal_value=0.000106483 6.74151e-05 0.000157122 0.000114511 -0.00300113 -0.0146851 -0.000558107 -0.000430783 -0.000742532 -0.000329556 -0.000574727 7.00542e-05 -0.0018984 -0.0138329 -0.00110412 -0.00270057 -0.00514348 -0.0078391 -0.0129116 -0.00699002 -0.021321 -0.0010179 0.000862215 -0.000534615 -0.00487074 -0.00258605 -0.00584761 -0.00404612 -0.00743662 -0.0161549
internal_weight=762716 731054 639363 626140 5299 504 91691 88944 76529 62829 58378 44793 12853 801 12052 13585 5540 3728 2217 1302 915 8045 31940 13938 3256 8616 2952 2514 638 438
internal_count=762716 731054 639363 626140 5299 504 91691 88944 76529 62829 58378 44793 12853 801 12052 13585 5540 3728 2217 1302 915 8045 31940 13938 3256 8616 2952 2514 638 438
is_linear=0
shrinkage=0.06


Tree=264
num_leaves=31
num_cat=10
split_feature=133 133 140 28 19 104 104 98 104 104 23 20 130 104 132 104 122 104 113 98 104 114 127 130 104 120 126 114 115 104
split_gain=7.03002 26.5605 23.2857 28.0026 19.5637 17.2887 17.1312 16.4268 30.7679 18.559 14.7676 14.08 15.2667 13.8906 22.207 22.8776 20.4501 21.2227 16.8851 19.715 33.7728 21.226 19.6624 16.7947 39.4358 27.2607 26.1859 23.3935 29.7515 29.669
threshold=0.94066717844141279 0.96177147954086928 7.5000000000000009 102.28333333333335 217.80208333333334 0 1 -0.26762560548918296 2 3 -21.799999999999986 45.664420747133896 0.91597561503675362 4 -0.97670382270880773 5 0.051766431848503408 6 83.500000000000014 -0.986464165728272 7 1.7998833191138199 5.1686218267373585 -0.78656609248549303 8 14.500000000000002 237.20000000000002 -0.40666562505290288 -0.93070985579664323 9
decision_type=2 2 2 10 10 1 1 2 1 1 10 10 2 1 2 1 2 1 2 2 1 2 2 2 1 2 2 2 2 1
left_child=13 2 3 -2 5 10 -4 8 -3 -9 11 -5 -13 14 15 -1 17 -17 -18 -20 22 -22 -21 24 -16 -25 -26 -27 -29 -30
right_child=1 7 6 4 -6 -7 -8 9 -10 -11 -12 12 -14 -15 23 16 18 -19 19 20 21 -23 -24 25 26 27 -28 28 29 -31
leaf_value=0.13880618340713077 -1.0185689203418671 -0.4876007089733953 0.029414396321933156 -0.60351064166907031 1.0951930673586852 0.020706263926538321 0.31835403140740004 -0.037343269379212042 0.089087794092499006 0.045973582108031714 -0.15572963054098124 -0.11732680248789953 -1.0146867226646872 -0.016106046092420834 0.16116014805289003 -0.30060523374125375 -0.18307583761185062 -0.055546873932977699 -0.0087362861307977626 -0.71572428630871598 -0.04605648403224432 -0.51292975564896126 -0.51022200616326518 0.11636973619290564 -0.17046653153298277 0.12688681349909173 0.07105155952092751 0.0049358513119265503 -0.043164906188390667 -0.45021105166847497
leaf_weight=4068 143 3245 8901 269 3422 4456 24848 69398 3905 104403 2317 458 97 287307 19267 495 2463 815 18902 165 2752 269 256 118390 24562 18247 9000 17590 6082 5485
leaf_count=4068 143 3245 8901 269 3422 4456 24848 69398 3905 104403 2317 458 97 287307 19267 495 2463 815 18902 165 2752 269 256 118390 24562 18247 9000 17590 6082 5485
internal_value=0.000118012 0.000398791 0.0017048 -0.000670787 -0.000327223 -0.00202395 0.00249049 7.46388e-05 -0.00274367 0.000190596 -0.00542322 -0.0123345 -0.00685252 -2.79567e-07 0.000327901 -0.00119757 -0.00184928 -0.00915332 -0.00146396 -0.000944104 -0.00511995 -0.00284763 -0.0208194 0.000538541 -0.000393072 0.000835393 -0.00163488 -0.000380466 -0.00143487 -0.00379824
internal_weight=761977 225862 44911 11162 11019 7597 33749 180951 7150 173801 3141 824 555 536115 248808 30185 26117 1310 24807 22344 3442 3021 421 218623 52829 165794 33562 47404 29157 11567
internal_count=761977 225862 44911 11162 11019 7597 33749 180951 7150 173801 3141 824 555 536115 248808 30185 26117 1310 24807 22344 3442 3021 421 218623 52829 165794 33562 47404 29157 11567
cat_boundaries=0 2 4 7 9 11 13 15 17 19 21
cat_threshold=390969781 2334136675 53051392 424583744 1087513067 383829343 1 4212397624 3381682309 2606372669 193999777 16 33563136 138417156 9441568 0 150995072 134746680 159391744 2198343693 152056192
is_linear=0
shrinkage=0.06


Tree=265
num_leaves=31
num_cat=0
split_feature=53 21 120 127 111 137 133 3 113 130 112 114 127 28 120 111 109 67 103 5 120 130 133 28 114 15 120 114 6 130
split_gain=8.33736 9.95308 16.3307 8.08389 7.46105 30.8389 27.2525 29.0163 23.7566 18.1367 22.0135 27.0856 17.9944 17.2556 16.3377 23.5282 20.0518 29.7936 25.099 20.9185 40.6212 26.739 63.5244 41.4148 26.55 21.9089 20.716 22.7005 34.0471 26.6713
threshold=85.260244756485619 276.08250000000004 2.5000000000000004 108.20926979741948 82.500000000000014 0.61497421480319081 0.74298546529340237 91.925000000000026 18.500000000000004 0.91597561503675362 2.2850000000000006 1.742304706028208 41.374653335588008 148.07673611111116 95.500000000000014 42.500000000000007 77.500000000000014 52.500000000000007 0.44064828010201723 0.74350000000000016 15.500000000000002 0.12940952255126045 0.95178258287705175 232.0369791666667 1.7998833191138199 232.52125000000004 6.5000000000000009 -0.69185236169184083 317.25500000000005 -0.60355339059327362
decision_type=10 8 2 2 2 2 2 8 2 2 2 2 2 8 2 2 2 2 2 10 2 2 2 10 2 10 2 2 10 2
left_child=4 -2 -3 -4 14 6 8 9 -6 -8 11 12 -11 -13 16 -16 17 -1 -19 -18 -21 22 -22 24 25 -24 -20 -28 -29 -30
right_child=1 2 3 -5 5 -7 7 -9 -10 10 -12 13 -14 -15 15 -17 19 18 26 20 21 -23 23 -25 -26 -27 27 28 29 -31
leaf_value=0.22210044201491619 -0.029571183631847419 0.45035489331864947 -0.094342625251815387 -0.27351038706338388 -0.51155488380083025 1.6238711903129455 0.064515991877289375 0.2424713436669485 -0.033012877110604945 -0.059055010489951487 0.10792822073483196 0.1397223998670771 -0.44630805702981363 -0.50350947614024311 -0.27746218433711611 0.11735450966256443 0.023602060309082712 -0.058907313563878017 -0.24845989501061977 0.0075550166961240572 -0.050470829907485047 -0.022662875660229672 -0.2070559364466063 0.42122403518117846 -0.010305334718352705 -0.52456312793316373 0.037554157775373902 -0.19216457667822512 -1.092908784403096 -1.2729736357441681
leaf_weight=10046 9501 18452 1342 111 1789 4933 124466 27646 65728 29792 9039 947 183 4154 1124 26491 209281 137938 7141 48511 7325 9594 3162 716 567 294 613 673 269 512
leaf_count=10046 9501 18452 1342 111 1789 4933 124466 27646 65728 29792 9039 947 183 4154 1124 26491 209281 137938 7141 48511 7325 9594 3162 716 567 294 613 673 269 512
internal_value=8.996e-05 0.00108056 0.00184316 -0.00427923 5.02148e-05 0.000301856 0.000213934 0.000571692 -0.000825824 0.000276222 -0.000769108 -0.0014495 -0.000761609 -0.00549079 -9.54165e-05 0.00131989 -0.000184929 -0.000727055 -0.000942894 0.000120021 -0.000776485 -0.00293698 -0.00481691 -0.0102291 -0.0125949 -0.0145687 -0.00397568 -0.00926402 -0.0133443 -0.0218593
internal_weight=762340 29406 19905 1453 732934 268677 263744 196227 67517 168581 44115 35076 29975 5101 464257 27615 436642 157192 147146 279450 70169 21658 12064 4739 4023 3456 9208 2067 1454 781
internal_count=762340 29406 19905 1453 732934 268677 263744 196227 67517 168581 44115 35076 29975 5101 464257 27615 436642 157192 147146 279450 70169 21658 12064 4739 4023 3456 9208 2067 1454 781
is_linear=0
shrinkage=0.06


Tree=266
num_leaves=31
num_cat=8
split_feature=112 104 104 111 110 104 98 113 110 133 129 6 122 104 104 131 69 113 104 130 110 133 126 113 127 104 59 104 130 115
split_gain=7.00102 22.9927 15.9305 25.1179 25.8955 26.038 41.5558 29.3562 22.1261 29.2177 50.7823 30.9063 25.8495 24.1738 21.5673 19.6585 18.9874 19.9685 26.5866 24.8819 18.1609 16.7878 28.8726 17.9866 22.0567 18.9346 16.7558 23.277 20.0502 22.9408
threshold=1.7750000000000001 0 1 92.500000000000014 20.050000000000004 2 -0.13291928626387098 9.5000000000000018 16.450000000000003 0.61575165550757727 204.50000000000003 175.88500000000002 0.53052440665823664 3 4 0.25881904510252057 7.4500000000000011 350.50000000000006 5 -0.5 8.4500000000000011 0.37844388330154083 43.675000000000004 282.50000000000006 7.2335199866578659 6 1866.7650000000001 7 0.37940952255126054 0.54758547118045298
decision_type=2 1 1 2 2 1 2 2 2 2 2 10 2 1 1 2 2 2 1 2 2 2 2 2 2 1 10 1 2 2
left_child=1 -1 3 4 5 -2 8 -8 9 10 -7 20 13 -12 -6 -13 -9 -18 -19 -20 -11 22 -10 -24 -25 -26 -4 -28 -29 -30
right_child=2 -3 26 -5 14 6 7 16 21 11 12 15 -14 -15 -16 -17 17 18 19 -21 -22 -23 23 24 25 -27 27 28 29 -31
leaf_value=-0.064532809920849893 -0.00092089631052695803 0.024481019123584219 0.018544078412331935 0.14561511406044453 0.070142635125789388 -0.0057061046417210661 -0.71906537002172477 0.097698855037457816 -0.67791242181975264 -0.42618524297324545 -0.79857871359475818 0.0082506550024804368 0.011267942198626143 -0.80101871460633256 -0.019407465694419299 -0.29927617759897235 -0.032666877626179994 0.16733178336996493 -0.0098036301816422349 -0.4300224654776772 0.080150650812920041 0.032210826022225678 -0.25094835279225214 0.052257338988666927 0.18083829352551742 -0.63623436449687942 -0.42014553139903021 0.070757824480368117 1.3179395683207742 -0.38371548558561169
leaf_weight=97790 68560 135506 229486 28064 33584 676 345 9819 53 53 406 2761 145 265 43268 16866 24575 239 101 195 2535 8232 228 1572 247 440 3058 35146 16971 743
leaf_count=97790 68560 135506 229486 28064 33584 676 345 9819 53 53 406 2761 145 265 43268 16866 24575 239 101 195 2535 8232 228 1572 247 440 3058 35146 16971 743
internal_value=0.000104963 -0.000168815 0.000225786 -0.000131006 -0.000351217 -0.000841867 -0.0016579 -0.000210234 -0.00313938 -0.00416391 -0.0122893 -0.00361766 -0.022355 -0.0273125 0.000531821 -0.0044303 -3.79614e-05 -0.000912747 -0.0123694 -0.0239218 0.00254461 -0.000884433 -0.00514758 -0.00420338 -0.00257788 -0.0115378 0.000529839 0.00146119 0.00175559 0.00340186
internal_weight=761929 233296 528633 243229 215165 138313 69753 35274 34479 23707 1492 22215 816 671 76852 19627 34929 25110 535 296 2588 10772 2540 2487 2259 687 285404 55918 52860 17714
internal_count=761929 233296 528633 243229 215165 138313 69753 35274 34479 23707 1492 22215 816 671 76852 19627 34929 25110 535 296 2588 10772 2540 2487 2259 687 285404 55918 52860 17714
cat_boundaries=0 2 4 6 8 10 12 14 16
cat_threshold=561326877 309412677 1988153574 4107183192 1451233316 3759046656 32896 348135488 536920130 281060432 536903808 75505728 536903808 8256 2048 65536
is_linear=0
shrinkage=0.06


Tree=267
num_leaves=31
num_cat=9
split_feature=111 104 132 104 128 104 110 120 111 43 125 104 112 122 104 104 129 104 104 139 125 113 21 139 132 21 35 110 121 91
split_gain=7.78086 17.1806 8.71516 15.6605 8.51579 44.7851 20.2474 57.7647 24.6524 21.8863 19.9968 19.2432 16.4993 23.2304 16.3436 15.9723 14.8302 25.6475 13.8793 13.7734 23.6434 13.7438 16.0353 12.4643 13.2586 11.9925 11.9792 11.4721 14.8205 11.3409
threshold=33.500000000000007 0 -0.38142733947913604 1 0.014473305507618829 2 11.050000000000002 26.500000000000004 51.500000000000007 99.94862722735877 0.080500000000000058 3 2.7850000000000006 0.10430584105161063 4 5 28.500000000000004 6 7 51.500000000000007 0.13048333333333337 9.5000000000000018 126.02666666666669 42.500000000000007 -0.8283650867723894 150.04500000000004 460.17000000000007 23.050000000000004 990.55000000000007 8
decision_type=2 1 2 1 2 1 2 2 2 2 2 1 2 2 1 1 2 1 1 2 2 2 10 2 2 8 10 2 2 1
left_child=1 -1 -3 -4 -2 10 7 -7 12 -9 16 29 13 15 27 -8 17 -6 23 21 -21 22 -13 24 -15 -22 -27 28 -14 -12
right_child=4 2 3 -5 5 6 8 9 -10 -11 11 19 14 18 -16 -17 -18 -19 -20 20 25 -23 -24 -25 -26 26 -28 -29 -30 -31
leaf_value=0.066606361282744234 0.003978571248759992 -0.093322261276050658 -0.45518442155528688 -0.078802774436040335 -0.69741396935076061 0.30508256585391363 0.013294036073595111 -0.23334061088881372 0.93233740368184115 -0.782730906847522 0.30704468281070935 -1.5604218078094434 -0.02555461201732533 0.63292732306641863 0.61049558513407187 -0.41659729784681254 0.039625633480873453 0.032749840981063559 0.055232898512166666 -1.9980206573680255 -0.41256084174882651 0.040983603625822589 0.14944300428168092 -0.033182112277988181 -0.4794275970370514 0.55667879303452494 -3.0543103968469758 0.04160599088298176 -0.88226802381092906 -0.39633838762065832
leaf_weight=5510 668694 10032 107 333 100 2381 228 252 25662 220 666 53 268 167 6204 421 17821 185 4605 166 294 7626 56 1176 643 792 75 1540 250 5880
leaf_count=5510 668694 10032 107 333 100 2381 228 252 25662 220 666 53 268 167 6204 421 17821 185 4605 166 294 7626 56 1176 643 792 75 1540 250 5880
internal_value=0.000109367 -0.00120053 -0.00262597 -0.0108844 0.000137415 0.000731822 0.00199196 -0.00289488 0.0023312 -0.0220465 -0.000913743 -0.0024878 0.000441979 -0.00164894 0.00227423 -0.0124708 0.000442702 -0.0131119 -0.000581614 -0.000693045 -0.00633886 0.000275336 -0.0207818 -0.00475914 -0.0105055 -0.00329948 0.000255761 -0.00235476 -0.0100809 -0.00496325
internal_weight=762407 15982 10472 440 746425 77731 44017 2853 41164 472 33714 15608 15502 7240 8262 649 18106 285 6591 9062 1327 7735 109 1986 810 1161 867 2058 518 6546
internal_count=762407 15982 10472 440 746425 77731 44017 2853 41164 472 33714 15608 15502 7240 8262 649 18106 285 6591 9062 1327 7735 109 1986 810 1161 867 2058 518 6546
cat_boundaries=0 3 5 8 10 12 14 16 18 19
cat_threshold=2766349312 3289539270 1 302006352 536903728 1613088970 499885656 1 536871106 344130632 67108865 570691846 38285328 1108365440 51400 80 403833861 1107296289 7
is_linear=0
shrinkage=0.06


Tree=268
num_leaves=31
num_cat=8
split_feature=131 24 104 140 0 109 99 24 0 140 67 91 104 132 104 120 17 104 11 132 104 132 115 104 120 127 110 112 127 104
split_gain=6.44191 15.7428 9.59546 6.79433 39.2635 22.162 22.4577 21.1469 14.1009 25.0644 18.4671 16.5357 15.0322 13.8413 14.7511 15.3573 13.7183 15.3894 13.5101 13.3253 25.6359 16.2639 80.4085 59.5186 13.8376 13.1313 23.9237 15.2142 19.4208 12.2401
threshold=0.98296291314453421 -8.8333333333333268 0 1.5000000000000002 136.68750000000003 22.500000000000004 0.77652048701313048 -16.692534722222224 84.75833333333334 2.5000000000000004 205.50000000000003 1 2 -0.99359783145257141 3 1.0000000180025095e-35 74.002500000000012 4 157.91500000000005 -0.94941398590724801 5 -0.94387377644575288 0.39999803875903467 6 7.5000000000000009 4.6986989238222678 25.250000000000004 2.9350000000000005 8.2254398743019639 7
decision_type=2 8 1 2 2 2 2 8 2 2 2 1 1 2 1 2 10 1 10 2 1 2 2 1 2 2 2 2 2 1
left_child=3 2 -2 4 5 6 -1 -7 9 11 12 -5 -11 14 -14 -16 17 -10 -13 20 -18 22 -21 24 -24 -17 -27 -28 -29 -12
right_child=1 -3 -4 8 -6 7 -8 -9 16 10 29 18 13 -15 15 25 19 -19 -20 21 -22 -23 23 -25 -26 26 27 28 -30 -31
leaf_value=-0.17204173447409041 -1.0895148844115097 -0.014032022959033828 -0.27369500624385279 -0.014901938511550033 0.57432499339780974 -0.09605474710533056 -1.2917697101653733 0.083598911062926259 -0.15436278957495039 -0.024706265169026537 0.029969490160407199 -0.15201229355469265 0.037816706724273987 0.06346746630586525 0.29236130627330359 -0.066723349225003656 -0.45744011665594725 -0.0011589989687878928 -0.64109257449536461 0.94664098479893199 0.2088953194445774 0.00040772921905441508 -1.6616882541820948 -0.3377803872190781 -1.6652424560896411 -0.36009720503575016 0.065689779149900207 -0.32281153837451454 -0.016923332583902061 0.13224107402102056
leaf_weight=915 547 4772 719 8080 17569 11710 361 11427 26167 46284 33383 4448 5733 46675 866 6026 355 29308 530 1840 12080 451717 147 886 322 127 446 261 243 38506
leaf_count=915 547 4772 719 8080 17569 11710 361 11427 26167 46284 33383 4448 5733 46675 866 6026 355 29308 530 1840 12080 451717 147 886 322 127 446 261 243 38506
internal_value=0.000111824 -0.00184004 -0.00778532 0.000127407 0.000869209 -0.000687392 -0.00838215 -0.000262685 8.38152e-05 0.00052413 0.000709713 -0.00201332 0.000208753 0.000832318 -0.000844194 -0.00251203 -7.75557e-05 -0.000969608 -0.0047288 2.83346e-05 0.00196607 -2.46375e-05 -0.00428974 -0.0153761 -0.0323875 -0.00343497 -0.00953432 -0.00624606 -0.0133782 0.00145297
internal_weight=762450 6038 1266 756412 41982 24413 1276 23137 714430 191608 178550 13058 106661 60377 13702 7969 522822 55475 4978 467347 12435 454912 3195 1355 469 7103 1077 950 504 71889
internal_count=762450 6038 1266 756412 41982 24413 1276 23137 714430 191608 178550 13058 106661 60377 13702 7969 522822 55475 4978 467347 12435 454912 3195 1355 469 7103 1077 950 504 71889
cat_boundaries=0 2 3 6 8 11 13 15 17
cat_threshold=2358775712 3852603810 6 1301348515 415360206 1 537184592 3240362033 748939880 3258302992 1 2050 273155082 269226244 515905953 2728716376 3027001360
is_linear=0
shrinkage=0.06


Tree=269
num_leaves=31
num_cat=9
split_feature=132 104 129 104 131 122 104 115 104 126 113 104 129 19 104 6 122 110 8 104 33 3 123 110 113 82 86 126 104 104
split_gain=7.37884 18.1692 26.1447 29.1139 14.132 16.1777 14.5732 13.1252 29.0504 19.7827 13.2892 11.9785 12.7763 15.4504 10.5289 9.46126 9.03097 8.25492 8.18168 8.10983 7.95223 7.74762 15.1353 13.966 11.2206 9.60203 9.16546 12.6565 34.9076 27.0636
threshold=0.61490419508004501 0 172.50000000000003 1 0.37940952255126048 0.36861317187069437 2 -0.098994949366116636 3 863.70000000000016 107.50000000000001 4 178.50000000000003 108.30381944444446 5 300.13500000000005 0.59212660026100472 12.65 79.562500000000014 6 68.801083742331301 164.58333333333334 0.61802246634437907 22.050000000000004 140.50000000000003 417.50000000000006 552.50000000000011 189.27500000000003 7 8
decision_type=2 1 2 1 2 2 1 2 1 2 2 1 2 10 1 10 2 2 8 1 10 10 2 2 2 8 10 2 1 1
left_child=21 7 3 15 19 6 -6 14 9 10 -9 18 13 -13 -2 -3 20 -17 -7 -4 -12 26 23 24 -23 -25 27 28 -1 -29
right_child=1 2 4 -5 5 11 -8 8 -10 -11 16 12 -14 -15 -16 17 -18 -19 -20 -21 -22 22 -24 25 -26 -27 -28 29 -30 -31
leaf_value=-0.13850200802275733 0.081611514646540637 -0.075424488156575042 0.22345560584537263 -0.016698602493697905 -0.45582281576141065 -0.0057610880053615161 -0.012852641335546656 -0.98513632952094266 -0.1063675563197802 -1.0526924326112277 -0.37281989496375029 -0.026312899298131645 0.15119240788951369 -0.47823604726222024 -0.090583418196697879 -0.26792957725348082 -0.56752011374032918 -0.094058536040987947 -0.26131246608564923 0.037520427904151631 -2.5370059609607902 -0.26510586715306123 0.16422739566829544 -0.2006281655063871 -0.066874761744856806 0.03097630920126802 0.037381219965085713 0.082098951011129379 0.0041536392363985221 -0.0011290394559489751
leaf_weight=54892 2854 584 5336 1397 324 2157 296 76 2761 85 703 122 4487 60 8929 91 135 72 1704 8145 52 817 23314 229 2947 9339 119299 61115 233116 216875
leaf_count=54892 2854 584 5336 1397 324 2157 296 76 2761 85 703 122 4487 60 8929 91 135 72 1704 8145 52 817 23314 229 2947 9339 119299 61115 233116 216875
internal_value=0.000107224 -0.000682173 0.000328008 -0.0060028 0.000928155 -0.000891706 -0.0102415 -0.00228566 -0.00534697 -0.0137797 -0.0114416 -0.000210995 0.00183205 -0.0137049 -0.00129684 -0.0154591 -0.00936027 -0.0284268 -0.00267924 0.00216333 -0.00678571 0.000151367 0.00100134 -0.000611115 -0.00370677 0.00060696 0.000105913 5.17338e-06 -0.000273575 0.000293967
internal_weight=762313 40370 24775 2144 22631 9150 620 15595 3812 1051 966 8530 4669 182 11783 747 890 163 3861 13481 755 721943 36646 13332 3764 9568 685297 565998 288008 277990
internal_count=762313 40370 24775 2144 22631 9150 620 15595 3812 1051 966 8530 4669 182 11783 747 890 163 3861 13481 755 721943 36646 13332 3764 9568 685297 565998 288008 277990
cat_boundaries=0 2 5 7 9 12 14 17 19 21
cat_threshold=3268375096 3895721989 16777477 109066402 1 268468355 285214984 8528384 1610612740 404752512 306284504 1 139776 1610612740 872415361 348199264 1 572721152 614976 544409600 2148020928
is_linear=0
shrinkage=0.06


Tree=270
num_leaves=31
num_cat=7
split_feature=111 104 127 104 110 120 130 107 121 120 109 104 126 8 111 130 104 112 104 112 0 111 104 110 123 115 104 109 120 132
split_gain=7.40703 16.3697 8.97095 41.075 18.7128 48.6354 23.5494 22.6257 24.5743 16.9395 23.7864 20.5019 16.9548 15.7005 13.4426 11.8135 14.0049 11.7439 11.2197 10.9597 11.3406 10.7755 21.3153 17.1383 10.2821 14.9963 20.4782 14.9805 10.1047 10.082
threshold=33.500000000000007 0 29.158130997591666 1 11.050000000000002 26.500000000000004 -0.91597561503675329 28.795750000000002 989.6500000000002 1.0000000180025095e-35 72.500000000000014 2 216.85000000000005 185.67333333333337 77.500000000000014 -0.5 3 2.0650000000000004 4 1.4850000000000001 155.01000000000002 80.500000000000014 5 9.8500000000000032 0.13449470229232158 -1.3624659270257988 6 982.50000000000011 13.500000000000002 -0.88965196910377931
decision_type=2 1 2 1 2 2 2 2 2 2 2 1 2 10 2 2 1 2 1 2 2 2 1 2 2 2 1 2 2 2
left_child=1 -1 -2 4 5 21 7 17 -9 10 11 12 14 -7 -5 -11 -17 18 -6 20 -13 22 23 -4 25 -8 27 -27 -18 -30
right_child=2 -3 3 9 6 13 24 8 -10 15 -12 19 -14 -15 -16 16 28 -19 -20 -21 -22 -23 -24 -25 -26 26 -28 -29 29 -31
leaf_value=-0.12012489058938979 0.0033095255983830296 0.020409572636620167 -1.3845900412454433 -0.44619951213233416 -0.39054028002424107 -0.13242140111072923 0.075751981561033951 -0.13670927848557052 -0.7902065413607019 0.48023095669288879 0.039129752977260082 -0.00033968295456525687 -1.0155336278869358 -0.70499517817507762 0.066444372998901977 0.18584576836686933 0.22980587496690727 0.12019341469409328 0.0027625386548443208 -0.046999064846647516 -0.92992438541073441 1.3655734153021324 0.59763667791490427 0.93846979765318284 1.0248613831693705 -1.651958433217124 0.0050233861221321155 -0.068102675993082867 -1.1361049448260356 -0.15515505126686582
leaf_weight=7449 668577 8591 162 5984 477 157 3265 269 156 3011 13797 64 71 221 1331 2852 1335 4732 606 10389 63 1389 402 70 24639 136 391 77 145 1594
leaf_count=7449 668577 8591 162 5984 477 157 3265 269 156 3011 13797 64 71 221 1331 2852 1335 4732 606 10389 63 1389 402 70 24639 136 391 77 145 1594
internal_value=9.74447e-05 -0.00117823 0.000124862 0.000734708 0.00217637 -0.00294505 0.00253095 -0.000807563 -0.0141549 -0.000583659 -0.00123426 -0.00267709 -0.0050972 -0.0226702 -0.00481821 0.0017232 0.000168045 0.00017022 -0.0054631 -0.000971217 -0.0184219 0.00075 -0.00572598 -0.0197037 0.00326171 0.000386047 -0.00829091 -0.0226875 -0.00263728 -0.00565862
internal_weight=762402 16040 746362 77785 37149 2401 34748 6240 425 40636 31699 17902 7386 378 7315 8937 5926 5815 1083 10516 127 2023 634 232 28508 3869 604 213 3074 1739
internal_count=762402 16040 746362 77785 37149 2401 34748 6240 425 40636 31699 17902 7386 378 7315 8937 5926 5815 1083 10516 127 2023 634 232 28508 3869 604 213 3074 1739
cat_boundaries=0 2 4 6 8 10 12 14
cat_threshold=1360808691 736662841 2413311797 1611684263 1612908672 75564616 1342308362 491398216 168822036 6182 67109140 1054725 12592416 5
is_linear=0
shrinkage=0.06


Tree=271
num_leaves=31
num_cat=2
split_feature=102 102 110 102 133 127 133 114 106 130 109 20 110 28 140 109 106 108 121 4 109 108 61 119 28 114 110 130 19 133
split_gain=7.08551 8.87242 17.7086 12.2947 13.4093 20.4167 16.9649 20.7577 15.7669 15.7239 11.5345 27.6176 16.4321 15.2205 20.709 23.977 11.9995 25.2675 17.6666 11.1064 10.5799 10.9848 10.2049 10.4006 15.3813 13.7339 20.7711 15.7845 15.4471 13.2958
threshold=65.500000000000014 58.500000000000007 8.0500000000000025 45.500000000000007 0.6811602155975035 15.117826142688434 0.70747208174348741 1.5658146450590427 0 -0.25881904510252113 712.50000000000011 80.808507411014219 23.650000000000002 163.69618055555557 15.000000000000002 47.500000000000007 1 77.357900000000015 993.95000000000016 37.221166871165657 1172.5000000000002 77.306300000000007 4.3810886460260967 611.50000000000011 157.8260416666667 1.5034641879826174 11.050000000000002 -0.37940952255126059 140.70833333333334 0.80798785254895478
decision_type=2 2 2 2 2 2 2 2 1 2 2 10 2 10 2 2 1 2 2 8 2 2 2 2 8 2 2 2 10 2
left_child=1 3 -3 -1 -5 8 19 9 -6 20 13 -12 -13 14 -9 -16 17 18 -15 -7 21 -8 -4 25 -25 27 -27 -24 29 -29
right_child=-2 2 22 4 5 6 7 10 -10 -11 11 12 -14 16 15 -17 -18 -19 -20 -21 -22 -23 23 24 -26 26 -28 28 -30 -31
leaf_value=0.0029335449630737195 0.22791302637741906 -0.75520212156002597 0.12575926651817976 0.28693962687959723 0.43668358379886796 -0.026507970521553355 -0.23444841202393762 0.020767373732623953 -0.16051736263451805 0.21362648144965649 -0.057803746931906451 -0.81103335801121146 -0.83692112993656764 -3.6368424210928634 -0.49880466504320758 -0.14406760719241615 -0.11637006975718339 0.38776287080796923 -2.6702360840565511 0.85791348223492003 0.58100561573022458 0.12378562501007837 -0.25836794728946916 -0.39075210396871135 0.57626021992443088 -0.91737649112765707 -0.12352157252035037 -1.1025630267993993 0.48043399900203443 -0.17075236755233356
leaf_weight=644433 5688 363 4056 15526 20304 6325 5688 341 5810 6589 639 168 281 123 202 314 3797 204 127 4654 681 1657 6438 282 3377 1292 11000 203 10315 2137
leaf_count=644433 5688 363 4056 15526 20304 6325 5688 341 5810 6589 639 168 281 123 202 314 3797 204 127 4654 681 1657 6438 282 3377 1292 11000 203 10315 2137
internal_value=0.000103123 8.72756e-05 -0.000788617 0.000135427 0.000871022 0.000451153 -0.000569972 -0.00157669 0.0016942 -0.000342775 -0.00448669 -0.0100937 -0.02148 -0.00329066 -0.0105804 -0.0181509 -0.00181891 -0.0109161 -0.0239044 0.00133825 -0.00212583 -0.00278927 -0.000665967 -0.000995748 0.00203115 -0.00134869 -0.00291288 -0.000341573 0.000888907 -0.00351132
internal_weight=763014 757326 39463 717863 73430 57904 31790 20811 26114 14615 6196 1088 449 5108 857 516 4251 454 250 10979 8026 7345 39100 35044 3659 31385 12292 19093 12655 2340
internal_count=763014 757326 39463 717863 73430 57904 31790 20811 26114 14615 6196 1088 449 5108 857 516 4251 454 250 10979 8026 7345 39100 35044 3659 31385 12292 19093 12655 2340
cat_boundaries=0 1 2
cat_threshold=5 4
is_linear=0
shrinkage=0.06


Tree=272
num_leaves=31
num_cat=10
split_feature=132 104 129 129 104 104 112 112 104 121 104 132 104 130 129 129 119 127 125 109 111 104 8 60 104 104 127 121 104 114
split_gain=7.23046 31.5137 22.5624 43.9222 58.6493 38.9151 28.1047 17.6184 26.4326 16.6938 18.1107 18.8772 30.8324 19.1727 24.1437 17.0534 13.664 13.5045 13.3687 15.3292 17.9139 27.2952 12.117 12.0537 12.0194 11.9204 11.5019 11.4534 11.2903 14.8178
threshold=-0.97670382270880773 0 79.500000000000014 82.500000000000014 1 2 1.6950000000000001 2.7350000000000008 3 982.35000000000002 4 -0.98913498983514925 5 0.12940952255126045 37.500000000000007 40.500000000000007 678.50000000000011 1.7873219135996194 1.0000000180025095e-35 257.50000000000006 84.500000000000014 6 73.802500000000023 20.044004379527628 7 8 4.0988599403785155 988.25000000000011 9 3.0995074354777619
decision_type=2 1 2 2 1 1 2 2 1 2 1 2 1 2 2 2 2 2 2 2 2 1 10 2 1 1 2 2 1 2
left_child=1 -1 9 4 6 16 -4 -7 -9 28 11 18 13 -13 -15 25 -5 -16 19 20 21 -11 -8 -18 -21 -14 -19 -26 29 -3
right_child=-2 2 3 5 -6 7 22 8 -10 10 -12 12 15 14 17 -17 23 26 -20 24 -22 -23 -24 -25 27 -27 -28 -29 -30 -31
leaf_value=0.057199775932899634 0.011140054952180324 -0.010709590537323357 -0.59259159378873494 -0.28374337383522269 -0.054875814760529558 0.013659142486456288 -0.21980338045967934 -0.23790026859776625 -0.032300081520689965 -0.54766752250426975 -0.0014881825089629007 -0.13217948486835285 -0.68265102891918583 -0.019078020217340522 -0.35876371341569996 0.027212867034143235 -0.40782951371088211 -0.14714666199736429 0.046661287245127393 -0.13324522373519776 -0.088268599933942787 -0.027603125680586114 -0.55648325514228492 -0.033833652948221611 0.045210060653609489 -0.17136951469890968 -0.54581248037429286 -0.10990938905991791 0.21856255543630637 -0.66799535244737462
leaf_weight=18961 699704 2779 209 1198 515 5849 165 117 263 226 16838 619 101 147 90 1590 138 240 3749 1173 1036 189 83 55 2327 253 176 346 3846 50
leaf_count=18961 699704 2779 209 1198 515 5849 165 117 263 226 16838 619 101 147 90 1590 138 240 3749 1173 1036 189 83 55 2327 253 176 346 3846 50
internal_value=0.000110653 -0.000503276 -0.00137812 -0.00413918 -0.0161439 -0.00260596 -0.0314487 -0.000568269 -0.0130709 -0.000715284 -0.00133604 -0.00308873 -0.00703886 -0.0142541 -0.0215321 -0.00222813 -0.0116362 -0.0277396 -0.00168719 -0.00362741 -0.00888016 -0.019399 -0.0183614 -0.0265052 -0.00164388 -0.0141296 -0.0230791 0.000587929 0.00199071 -0.000889436
internal_weight=763032 63328 44367 8592 972 7620 457 6229 380 35775 29100 12262 3216 1272 653 1944 1391 506 9046 5297 1451 415 248 193 3846 354 416 2673 6675 2829
internal_count=763032 63328 44367 8592 972 7620 457 6229 380 35775 29100 12262 3216 1272 653 1944 1391 506 9046 5297 1451 415 248 193 3846 354 416 2673 6675 2829
cat_boundaries=0 2 5 7 9 11 13 15 17 18 20
cat_threshold=1151715408 34365974 2337421057 3758100513 1 536871040 153092320 50331909 545263872 2567442606 406984072 10 406848648 151523364 134222080 150999080 131200 2432696320 805438504 2158069760
is_linear=0
shrinkage=0.06


Tree=273
num_leaves=31
num_cat=10
split_feature=61 140 24 140 61 109 99 104 132 104 132 104 104 109 104 104 126 85 115 99 2 23 104 132 98 104 109 104 123 104
split_gain=6.60801 37.4088 29.9695 19.1931 21.9057 19.4232 20.0865 17.8022 15.4297 23.2155 19.3588 15.9551 14.932 13.2848 31.4667 17.0015 13.1806 13.9009 12.9946 12.7859 14.8745 12.1872 12.1822 12.398 25.4215 26.1861 24.6417 14.9926 14.9001 16.3316
threshold=4.4965961713978917 2.5000000000000004 -37.204479166666673 1.5000000000000002 5.2176630134324808 72.500000000000014 0.93769647993491489 0 -0.94941398590724801 1 -0.99359783145257141 2 3 42.500000000000007 4 5 113.62500000000001 20.550000000000004 0.052305400478344484 0.96633974041180493 61.430043404907984 -16.805000000000003 6 0.34537287020513602 0.16269055358644466 7 572.50000000000011 8 0.12954454646098798 9
decision_type=2 2 8 2 2 2 2 1 2 1 2 1 1 2 1 1 2 8 2 2 10 8 1 2 2 1 2 1 2 1
left_child=1 2 16 4 5 6 21 -8 9 13 12 -10 -11 14 -3 -15 17 -1 -17 20 -9 -2 23 24 -5 26 -26 -25 -28 -30
right_child=3 8 -4 22 -6 -7 7 19 11 10 -12 -13 -14 15 -16 18 -18 -19 -20 -21 -22 -23 -24 27 25 -27 28 -29 29 -31
leaf_value=-1.1560275005313461 -0.27747138602385651 0.099926211548193394 -0.010469437517349817 -0.041235349617980088 0.95863307496372197 0.14922917621718157 -0.12489043552489466 -0.94632000723979881 0.13123462447291065 0.25775077055684864 0.10415560172362617 0.029760208110779854 -0.051896679248257548 0.029002163345322331 -0.20501859830762184 -0.10360649815524739 -0.15059252836583337 -0.29487853363783706 0.062654930202063808 -0.42997216475666644 -0.42791835032652142 0.17638301436817944 0.0092450752162066864 -0.25055501914037814 0.020144326049585583 0.25317077556949352 0.3994549165113504 -0.036716996514004556 -0.095860282401289604 -0.31380416613893464
leaf_weight=570 2089 3214 19096 149211 13076 10915 1572 200 39862 1685 20104 87934 10389 13967 4988 9849 7677 1048 2438 1097 141 4852 307903 10117 7723 9887 203 19983 349 303
leaf_count=570 2089 3214 19096 149211 13076 10915 1572 200 39862 1685 20104 87934 10389 13967 4988 9849 7677 1048 2438 1097 141 4852 307903 10117 7723 9887 203 19983 349 303
internal_value=9.02784e-05 0.000365162 -0.00166927 -2.32271e-05 0.00135792 0.000151244 -0.00176588 -0.00585852 0.00066224 -7.79768e-05 0.00108074 0.00104819 -0.000817888 -0.00116007 -0.00326807 -0.000501847 -0.00446321 -0.00938357 -0.00212864 -0.0106501 -0.0208596 9.50757e-06 -0.000115935 -0.000483368 -0.000282114 0.00181794 -0.000609151 -0.0016046 -0.0102687 -0.014683
internal_weight=762442 222821 28391 539621 33942 20866 9951 3010 194430 66634 32178 127796 12074 34456 8202 26254 9295 1618 12287 1438 341 6941 505679 197776 167676 18465 8578 30100 855 652
internal_count=762442 222821 28391 539621 33942 20866 9951 3010 194430 66634 32178 127796 12074 34456 8202 26254 9295 1618 12287 1438 341 6941 505679 197776 167676 18465 8578 30100 855 652
cat_boundaries=0 2 4 6 8 10 12 15 18 20 23
cat_threshold=1923327564 1159652950 4180740523 424306606 2568816045 1300380579 32784 2359360 2836398505 151126304 1344342019 273164044 1722114632 2457723408 1 1176829952 2184192512 1 646210056 512 1074003968 2184183808 1
is_linear=0
shrinkage=0.06


Tree=274
num_leaves=31
num_cat=12
split_feature=139 104 122 132 104 127 132 104 122 104 104 104 113 7 104 53 104 59 119 104 120 104 84 104 126 104 137 137 60 107
split_gain=6.35602 42.2247 22.2071 20.103 20.889 18.9912 20.8465 24.6541 18.7803 26.1448 15.4411 14.6137 13.4059 13.1263 12.5368 12.2124 22.7453 12.0819 11.9283 17.1606 12.3522 19.9266 14.5502 13.4337 14.3839 11.4539 12.977 13.7895 28.8419 22.0259
threshold=46.500000000000007 0 0.48563682535860414 -0.73208386245364632 1 75.112654610106716 -0.70822003333690042 2 0.61701389661844264 3 4 5 269.50000000000006 192.52000000000001 6 24.330817720340324 7 4149.4550000000008 321.50000000000006 8 54.500000000000007 9 2.2954166666666671 10 134.30000000000004 11 0.22623637047664433 0.030617763276879904 10.021818979712924 28.736000000000004
decision_type=2 1 2 2 1 2 2 1 2 1 1 1 2 2 1 10 1 10 2 1 2 1 10 1 2 1 2 2 2 2
left_child=15 2 5 4 -3 -2 14 -8 10 12 -5 -4 -10 -9 -7 25 17 -17 20 -20 23 22 -22 24 -12 26 27 -1 29 -29
right_child=1 3 11 8 -6 6 7 13 9 -11 18 -13 -14 -15 -16 16 -18 -19 19 -21 21 -23 -24 -25 -26 -27 -28 28 -30 -31
leaf_value=0.039323466599434961 0.11867618165510826 -0.012391418902294778 -0.56511257307310447 0.19582101071880839 1.3185155296798752 -0.45983489273542277 0.10922036121087332 -0.10262975779264276 -0.44477458141595444 0.98197902979620855 0.27840139281911097 -0.13952953460146625 0.29200839517906063 -1.6040397996501732 0.39112560553772519 -0.10868472371138282 0.0081600917599856694 -0.23484190354998402 -0.096103379524282426 0.21947165278963959 -1.5597027104848395 0.061144454939294934 -0.55123868977118717 -0.16917928842168534 -0.20773089227982589 -0.0022203842411170631 0.31462195527152786 -0.080477474382504008 -0.03297191086324365 -0.65969447792954239
leaf_weight=117704 10933 3946 6586 16837 8471 731 251 89 2796 10311 7086 9622 3696 278 951 11502 32761 8877 5745 6778 183 372 153 13797 2857 451780 12205 480 14104 425
leaf_count=117704 10933 3946 6586 16837 8471 731 251 89 2796 10311 7086 9622 3696 278 951 11502 32761 8877 5745 6778 183 372 153 13797 2857 451780 12205 480 14104 425
internal_value=0.000103635 0.000520086 -0.00143196 0.0012123 0.00343872 0.000391265 -0.00456323 -0.0139774 0.000820909 0.00257189 0.000274081 -0.00292134 -0.000413347 -0.0235397 -0.00109804 3.15588e-05 -0.000840029 -0.00241324 -0.00041193 0.00109374 -0.00118336 -0.00898731 -0.0192622 -0.000950255 0.000731164 0.000109181 0.000573302 0.000401149 -0.00131153 -0.0116887
internal_weight=762307 112469 29441 83028 12417 13233 2300 618 70611 16803 53808 16208 6492 367 1682 649838 53140 20379 36971 12523 24448 708 336 23740 9943 596698 144918 132713 15009 905
internal_count=762307 112469 29441 83028 12417 13233 2300 618 70611 16803 53808 16208 6492 367 1682 649838 53140 20379 36971 12523 24448 708 336 23740 9943 596698 144918 132713 15009 905
cat_boundaries=0 3 5 8 10 12 14 17 20 22 24 26 29
cat_threshold=1086357697 84853056 1 2684372992 450966544 8421504 180288 1 269891080 3494977542 170134584 2954952736 8421377 67387456 1073774784 17301504 1 574195852 4071688737 1 84431360 1255151632 3021615108 1083193344 67654148 1120933904 4227200 226900416 1
is_linear=0
shrinkage=0.06


Tree=275
num_leaves=31
num_cat=11
split_feature=139 104 132 111 104 104 104 121 21 109 104 124 110 54 132 111 139 104 126 104 112 104 69 104 111 104 111 112 0 104
split_gain=6.85598 36.7332 26.23 31.0257 25.0857 23.5701 21.1548 15.3466 15.0191 15.6231 17.1883 15.4015 15.598 18.385 16.0725 14.2084 21.3555 52.4814 16.6552 20.6099 17.7842 17.2933 14.5639 13.8588 13.5717 23.8547 16.6977 13.2254 15.6094 13.0814
threshold=46.500000000000007 0 -0.70822003333690042 70.500000000000014 1 2 3 994.75000000000011 414.41666666666669 27.500000000000004 4 0.25833333333333336 21.450000000000003 29.886879080210196 -0.68351797142826876 43.500000000000007 44.500000000000007 5 1475.2500000000002 6 2.6950000000000007 7 14.450000000000001 8 55.500000000000007 9 83.500000000000014 3.2950000000000004 101.00500000000001 10
decision_type=2 1 2 2 1 1 1 2 10 2 1 2 2 10 2 2 2 1 2 1 2 1 2 1 2 1 2 2 2 1
left_child=15 24 6 4 7 -5 -3 8 9 10 -4 12 -10 -14 -15 16 18 27 19 20 -1 22 -20 -19 -2 26 -26 28 -18 -29
right_child=1 2 3 5 -6 -7 -8 -9 11 -11 -12 -13 13 14 -16 -17 17 23 21 -21 -22 -23 -24 -25 25 -27 -28 29 -30 -31
leaf_value=-0.25060282136260864 0.028895422601656038 0.072938233698537566 -0.96490192903485139 1.1658165905988866 0.045523062210174353 0.061925284591987262 1.5638367496173546 0.49830062056891833 -0.44563323482891554 -0.03976051233900877 -0.051417990835151813 -0.29507234604428234 -0.35107279609151915 -0.46848790450559863 -0.64511652558590449 0.0073492686828878044 -0.1100101349304852 0.14339611162149177 -0.10942649280076465 -0.014724182673165442 0.011375934320206513 0.06586743948340254 0.10066832477561759 -0.10150034089409565 -0.35044288719929595 -0.15247026983336412 -1.182217852273002 -0.93506757139388075 -0.46454865483166391 0.7066788774553483
leaf_weight=3511 14959 8283 636 11154 18065 14391 10759 1631 938 6800 640 2098 546 151 132 600889 250 1366 10298 8414 1448 16767 3885 1618 2688 17329 1433 230 617 205
leaf_count=3511 14959 8283 636 11154 18065 14391 10759 1631 938 6800 640 2098 546 151 132 600889 250 1366 10298 8414 1448 16767 3885 1618 2688 17329 1433 230 617 205
internal_value=0.000117232 0.000549373 0.00129814 0.000655999 -0.000599848 0.00221131 0.00322701 -0.00254789 -0.00329543 -0.00182295 -0.00791229 -0.00637093 -0.0104966 -0.0164892 -0.0288803 4.22913e-05 -0.000944373 -0.0049881 -0.000553244 -0.00232257 -0.00538551 0.000211302 -0.00133028 -0.000572955 -0.00101829 -0.00198592 -0.00608277 -0.0149794 -0.0193756 -0.0065367
internal_weight=762131 112633 76224 57182 31637 25545 19042 13572 11941 8076 1276 3865 1767 829 283 649498 48609 4286 44323 13373 4959 30950 14183 2984 36409 21450 4121 1302 867 435
internal_count=762131 112633 76224 57182 31637 25545 19042 13572 11941 8076 1276 3865 1767 829 283 649498 48609 4286 44323 13373 4959 30950 14183 2984 36409 21450 4121 1302 867 435
cat_boundaries=0 3 5 7 9 11 13 15 17 19 21 23
cat_threshold=3770712193 495894848 1 354027020 1112545442 522848796 36706336 69364290 39859740 269616136 34603136 408553780 184563971 1306198292 556957863 3283924777 2751840808 3766548032 67814428 32768 67371072 270010400 184557570
is_linear=0
shrinkage=0.06


Tree=276
num_leaves=31
num_cat=12
split_feature=102 104 102 104 110 122 104 102 104 130 104 126 104 104 112 132 111 121 110 104 104 115 115 104 136 35 111 110 104 104
split_gain=6.14555 8.95698 6.97538 25.4345 15.3394 13.7215 8.903 7.57984 35.3331 24.6334 28.1771 19.9875 20.4334 15.5651 15.0874 13.5378 16.0783 13.1624 25.8682 13.0898 11.8315 11.5852 16.5772 28.9229 28.669 16.6031 11.0968 11.092 24.6539 22.4545
threshold=65.500000000000014 0 62.500000000000007 1 8.0500000000000025 0.7465689478908305 2 45.500000000000007 3 -0.91597561503675329 4 147.02500000000003 5 6 1.3250000000000004 -0.73208386245364632 90.500000000000014 992.25000000000011 23.050000000000004 7 8 -2.2122974541449829 -1.9889672520608153 9 1.0000000180025095e-35 427.24500000000006 46.500000000000007 16.850000000000005 10 11
decision_type=2 1 2 1 2 2 1 2 1 2 1 2 1 1 2 2 2 2 2 1 1 2 2 1 2 10 2 2 1 1
left_child=2 -2 7 4 -4 6 -6 -1 9 10 17 12 -10 26 20 -16 21 -9 -19 -18 -14 -17 23 24 25 -23 -13 29 -29 -24
right_child=1 -3 3 -5 5 -7 -8 8 11 -11 -12 13 14 -15 15 16 19 18 -20 -21 -22 22 27 -25 -26 -27 -28 28 -30 -31
leaf_value=0.003303639039594073 -0.2365874574998818 0.32703283614528067 -0.93346340471167299 0.075219788019380701 -0.70253725025448799 -1.5068902056565272 -0.10645335183257812 -0.22423894652087739 -0.35403571050846649 0.43434031495392467 0.11421887768571781 -0.14231775345933406 -0.2415256016467231 0.20897659442969957 0.36486103989415591 0.70501313025785539 -0.51799574547358695 -0.44950464394534678 -0.98673043671867355 0.84621533866589482 1.4118603254566808 -0.063269654161161495 0.19335163692916771 -0.034598142208589366 -1.5204334685508361 -1.8942422825215406 0.24762160037516523 -0.43934090539333392 0.42826559905485945 -0.41423415485002563
leaf_weight=644480 1391 4279 178 8648 2289 50 5792 1552 8281 38717 3166 5221 1785 10804 2660 838 793 697 157 2760 2646 252 2522 567 226 64 2934 1200 2322 5345
leaf_count=644480 1391 4279 178 8648 2289 50 5792 1552 8281 38717 3166 5221 1785 10804 2660 838 793 697 157 2760 2646 252 2522 567 226 64 2934 1200 2322 5345
internal_value=0.000116489 0.00208429 0.000101746 -0.00110143 -0.00346947 -0.00309075 -0.00289458 0.000129318 0.000628144 0.00186894 -0.0018604 -0.000445043 -0.00135373 0.00110095 -0.000465174 -0.00118189 -0.00180853 -0.00673728 -0.0127439 0.00177772 0.0026954 -0.00276404 -0.00322202 -0.0102216 -0.0199421 -0.00859306 -0.000878031 -0.0025396 0.00025887 -0.00379232
internal_weight=762616 5670 756946 16957 8309 8131 8081 739989 95509 44289 5572 51220 32261 18959 23980 19549 16889 2406 854 3553 4431 13336 12498 1109 542 316 8155 11389 3522 7867
internal_count=762616 5670 756946 16957 8309 8131 8081 739989 95509 44289 5572 51220 32261 18959 23980 19549 16889 2406 854 3553 4431 13336 12498 1109 542 316 8155 11389 3522 7867
cat_boundaries=0 2 5 7 9 11 13 16 18 21 23 26 29
cat_threshold=562082448 67764869 3051099029 370178477 1 2693267588 67115008 2938903356 2725321251 654837764 34605091 12746752 67395648 1073758273 1569325076 1 1048577 1224867840 268444673 1342341124 1 1343225858 1224770952 268502017 1074266372 1 268436481 1493172480 1
is_linear=0
shrinkage=0.06


Tree=277
num_leaves=31
num_cat=11
split_feature=139 104 132 111 104 104 115 104 104 130 108 113 121 122 127 132 104 104 111 104 112 111 111 111 139 104 104 124 104 127
split_gain=7.60865 29.203 23.7782 29.1027 19.926 13.7911 13.2854 41.5055 13.0186 12.9247 13.4948 13.6367 12.7951 12.7433 15.5461 22.6406 29.061 12.9691 15.518 10.5019 10.0779 11.1299 13.7839 10.0445 16.0367 41.5553 15.5403 14.5501 15.6066 14.122
threshold=46.500000000000007 0 -0.73208386245364632 71.500000000000014 1 2 0.15239029948899926 3 4 0.91597561503675362 77.128050000000016 169.50000000000003 994.95000000000016 0.47987976382172298 66.286753804372026 -0.70822003333690042 5 6 83.500000000000014 7 1.3250000000000004 82.500000000000014 59.500000000000007 43.500000000000007 44.500000000000007 8 9 0.84833333333333349 10 75.112654610106716
decision_type=2 1 2 2 1 1 2 1 1 2 2 2 2 2 2 2 1 1 2 1 2 2 2 2 2 1 1 2 1 2
left_child=23 13 5 8 -5 -3 -6 9 -4 10 -8 -12 -10 14 19 -16 -17 18 -15 -2 -19 22 -22 24 26 -26 27 -1 -29 -25
right_child=1 2 3 4 6 -7 7 -9 12 -11 11 -13 -14 17 15 16 -18 20 -20 -21 21 -23 -24 29 25 -27 -28 28 -30 -31
leaf_value=0.040668097893366333 -0.10952833157690159 0.02808357146971845 0.079340336063693034 1.5250262312465477 0.23088302879422148 1.3185018018563395 0.01190644857604339 0.37265462107981034 -0.10391352428244137 -2.1878416205327946 -1.4617417623239937 -0.57788530882516109 0.45032593882990218 -0.2132406953736897 -0.029228118469027703 -0.012766488899814545 -1.8022846894215241 0.73581016015457335 -0.97288687837127663 0.26193746862887574 0.17949470390151409 0.14819334939968395 -0.60006357788200815 0.0030697070531061381 -0.38543950855054027 -0.011881719872490823 -0.064580394032410893 0.028937818240710064 -0.21434256343597236 0.20780437935110915
leaf_weight=20110 4157 3441 15022 7210 17140 8481 338 1987 23003 172 214 280 2441 4456 2348 395 358 2089 2401 6945 1545 3503 4771 589748 1311 2942 23464 328 386 11677
leaf_count=20110 4157 3441 15022 7210 17140 8481 338 1987 23003 172 214 280 2441 4456 2348 395 358 2089 2401 6945 1545 3503 4771 589748 1311 2942 23464 328 386 11677
internal_value=0.00010214 0.000557259 0.00117825 0.000743895 0.00225609 0.00364942 0.00128418 -0.00240441 -0.000277856 -0.0122719 -0.00927731 -0.0155879 -0.00110454 -0.000944601 0.000411011 -0.00334429 -0.0123899 -0.00197112 -0.00404747 0.00146015 -0.000771205 -0.00157699 -0.00308121 2.3226e-05 -0.000807012 -0.00432581 -0.00046901 0.000723974 -0.00768671 9.02358e-05
internal_weight=762663 112697 79729 67807 27341 11922 20131 2991 40466 1004 832 494 25444 32968 14203 3101 753 18765 6857 11102 11908 9819 6316 649966 48541 4253 44288 20824 714 601425
internal_count=762663 112697 79729 67807 27341 11922 20131 2991 40466 1004 832 494 25444 32968 14203 3101 753 18765 6857 11102 11908 9819 6316 649966 48541 4253 44288 20824 714 601425
cat_boundaries=0 3 5 7 9 11 14 16 19 21 24 26
cat_threshold=3233841281 227459392 1 235407380 35657760 536889346 308360200 144392 1074855942 707096624 2684429824 1082163329 8536128 1 8421377 67387456 8388736 75628800 1 340920624 184564067 874723554 1608004954 1 604125312 1515192320
is_linear=0
shrinkage=0.06


Tree=278
num_leaves=31
num_cat=2
split_feature=139 132 130 21 106 106 127 114 110 115 110 111 126 19 132 120 121 120 127 139 13 127 0 120 28 107 0 56 126 139
split_gain=7.49282 21.0116 15.3845 22.8078 21.1069 14.0738 15.471 14.7837 19.1019 14.1041 13.1504 12.2316 15.5009 18.7526 17.8947 18.0871 18.8345 16.8458 14.7279 14.2549 18.0219 12.8307 12.7332 12.356 16.5003 13.6279 11.9033 12.9434 11.736 11.4271
threshold=46.500000000000007 -0.73208386245364632 -0.78656609248549303 216.51666666666668 0 1 94.12546632628893 1.20371378932179 10.050000000000002 0.10028821444837711 15.250000000000002 43.500000000000007 1249.4000000000003 96.191597222222228 -0.80860773948975517 1.0000000180025095e-35 985.1500000000002 33.500000000000007 169.45459238484415 45.500000000000007 142.26250000000002 75.112654610106716 62.901250000000012 84.500000000000014 254.78434027777777 28.531050000000004 90.102500000000006 0.065651170412905038 245.85000000000005 39.500000000000007
decision_type=2 2 2 10 1 1 2 2 2 2 2 2 2 8 2 2 2 2 2 2 10 2 2 2 10 2 2 10 2 2
left_child=11 -2 3 -3 -5 7 10 -4 9 -9 -7 12 13 17 15 16 -15 -1 -16 23 -21 29 -18 -14 -25 -26 -22 -28 -24 -13
right_child=1 2 5 4 -6 6 -8 8 -10 -11 -12 21 19 14 18 -17 22 -19 -20 20 26 -23 28 24 25 -27 27 -29 -30 -31
leaf_value=0.063378925956962179 0.36391946661568647 0.14737163883816226 0.32425830595481192 -0.2542001486131254 0.11668857822338007 -0.24457338322530905 -1.6138277552678948 -1.1284003045051272 0.027528772165375602 -1.3352399030544944 0.091867057229110566 0.006087255773296601 0.010315933608809558 -0.051765567488070513 -0.081703675931652328 0.25027775625706988 -0.0293241741238017 -0.3066810860746022 -0.46786236833256623 0.0202022146248 0.022537166015554291 0.19229013402158804 -0.28626534361199341 -0.016495661459789548 -1.2330482223790262 -0.25299622556765516 -0.12084883593761453 -1.6299632881636437 -0.394900247318619 -0.091159397647047183
leaf_weight=3493 16805 6256 26494 12404 4591 8132 100 456 29751 99 7517 572218 32560 722 6574 444 247 97 520 622 181 11824 554 760 99 325 394 184 800 17426
leaf_count=3493 16805 6256 26494 12404 4591 8132 100 456 29751 99 7517 572218 32560 722 6574 444 247 97 520 622 181 11824 554 760 99 325 394 184 800 17426
internal_value=9.93564e-05 0.000551214 0.000207931 -0.00113513 -0.00227524 0.000638374 -0.00094835 0.00107831 0.000173426 -0.0108453 -0.000797827 2.10818e-05 -0.000894744 -0.00262667 -0.0039783 -0.00807009 -0.0101902 0.00108605 -0.0023814 -0.000231452 -0.00620405 9.50475e-05 -0.0138165 1.31577e-05 -0.00600506 -0.0154729 -0.0124026 -0.016601 -0.0161004 5.58033e-05
internal_weight=762649 112605 95800 23251 16995 72549 15749 56800 30306 555 15649 650044 48576 13451 9861 2767 2323 3590 7094 35125 1381 601468 1601 33744 1184 424 759 578 1354 589644
internal_count=762649 112605 95800 23251 16995 72549 15749 56800 30306 555 15649 650044 48576 13451 9861 2767 2323 3590 7094 35125 1381 601468 1601 33744 1184 424 759 578 1354 589644
cat_boundaries=0 1 2
cat_threshold=1 41
is_linear=0
shrinkage=0.06


Tree=279
num_leaves=31
num_cat=10
split_feature=139 104 132 110 121 132 132 110 104 119 104 109 127 104 110 104 115 104 115 132 6 127 104 109 104 104 113 104 108 132
split_gain=7.19866 27.4206 19.011 25.548 17.8272 21.7966 42.4914 47.1039 35.532 17.2594 20.8996 13.4623 17.72 21.0011 18.2613 16.2479 13.1448 13.0016 12.9802 12.7845 12.127 12.6263 38.3857 14.8249 20.0749 15.5339 15.2422 33.8196 13.7896 11.8391
threshold=46.500000000000007 0 -0.70822003333690042 20.550000000000004 994.45000000000016 -0.67086170185690197 -0.68351797142826876 23.450000000000003 1 535.50000000000011 2 57.500000000000007 6.1930462972585465 3 14.65 4 -0.49824527740164115 5 0.052305400478344484 -0.57692627873523106 175.88500000000002 75.112654610106716 6 77.500000000000014 7 8 134.50000000000003 9 77.485500000000016 -0.70822003333690042
decision_type=2 1 2 2 2 2 2 2 1 2 1 2 2 1 2 1 2 1 2 2 10 2 1 2 1 1 2 1 2 2
left_child=-1 2 -2 11 5 6 -5 -8 -9 10 -7 15 -13 14 16 18 -14 19 -4 -11 -3 23 -23 24 -22 26 27 -25 -29 -24
right_child=1 20 3 4 -6 9 7 8 -10 17 -12 12 13 -15 -16 -17 -18 -19 -20 -21 21 22 29 25 -26 -27 -28 28 -30 -31
leaf_value=0.0012303967318710264 1.1202536244241983 0.22797031623564587 0.27760840631893691 -0.018150207613355181 1.3041526352305257 -0.72820298941114681 0.53359986876703591 -0.15365876773858667 -0.76128483342910636 -0.028792638809528939 -0.063528052769008803 0.50333089589710311 -1.7207836101439984 -0.017035451993572814 -0.24962134719608203 1.1790384602068353 -2.7482374052013356 0.52402403047586621 -0.60335002607886878 -2.1041170590779017 -0.20956648579312015 -0.61471632726929137 0.39404192333486127 0.4598848019776488 0.045085401097605678 0.20745561797868572 0.0037235725097096886 -0.44484943867712795 -1.0109298306175343 -0.37424788011003296
leaf_weight=649568 11763 2615 4555 1167 2153 979 315 225 339 548 3273 2407 377 1581 383 12337 58 3448 815 236 17908 2444 2797 455 19994 11311 6877 250 60 856
leaf_count=649568 11763 2615 4555 1167 2153 979 315 225 339 548 3273 2407 377 1581 383 12337 58 3448 815 236 17908 2444 2797 455 19994 11311 6877 250 60 856
internal_value=9.687e-05 0.000539924 0.00164646 0.000948831 -0.00120482 -0.00222201 -0.00777919 -0.0177341 -0.0280991 -0.000881084 -0.00358053 0.00216212 -0.000654046 -0.0043025 -0.012029 0.00292647 -0.0205734 0.00183133 0.000167255 -0.00510189 -0.000252798 -0.00041917 -0.00301377 -0.000140882 -0.000826003 0.00122919 -0.000860839 -0.00889034 -0.0237383 0.000889192
internal_weight=762094 112526 46959 35196 12683 10530 2046 879 564 8484 4252 22513 4806 2399 818 17707 435 4232 5370 784 65567 62952 6097 56855 37902 18953 7642 765 310 3653
internal_count=762094 112526 46959 35196 12683 10530 2046 879 564 8484 4252 22513 4806 2399 818 17707 435 4232 5370 784 65567 62952 6097 56855 37902 18953 7642 765 310 3653
cat_boundaries=0 2 4 6 8 10 12 14 16 19 22
cat_threshold=254615356 2720077859 19204648 2684420096 50855936 33554466 17043712 538970113 2429960 2147549184 786944 2686451712 3758112962 424412184 1086496899 67560768 276840640 1423048724 1 276824192 1082261508 1
is_linear=0
shrinkage=0.06


Tree=280
num_leaves=31
num_cat=0
split_feature=35 115 137 112 114 130 120 98 137 127 114 119 121 130 109 114 112 110 124 59 54 119 119 114 88 112 121 125 25 19
split_gain=7.61947 10.7114 56.1466 18.1007 13.2351 13.0374 31.2498 35.0722 21.419 24.325 17.1965 19.7362 26.514 16.8067 27.9315 24.943 16.517 16.0942 14.2318 20.1336 14.0907 14.0846 16.6512 21.0361 15.0937 13.8467 15.9102 14.7867 33.7097 22.1655
threshold=274.85000000000008 1.2750493012478665 0.61497421480319081 1.5150000000000003 -1.9418354633490444 -0.78656609248549303 1.5000000000000002 0.55923163791368669 7.3595757280002548e-06 47.090948817093043 -1.2031441247424079 637.50000000000011 984.55000000000007 0.91597561503675362 32.500000000000007 -1.8488704577700463 1.885 14.250000000000002 0.58500000000000008 1646.9250000000004 1.4601775949516609 89.500000000000014 104.50000000000001 -1.7549121587522174 0.14589160423865152 2.7350000000000008 982.85000000000002 0.10345000000000003 0.94847200471257598 257.23541666666671
decision_type=10 2 2 2 2 2 2 2 2 2 2 2 2 2 2 2 2 2 2 10 10 2 2 2 10 2 2 2 8 10
left_child=-1 4 -3 -4 -2 6 20 21 9 13 11 12 -10 14 -7 16 -15 -9 -12 -20 -6 -8 23 -23 -24 26 -22 29 -29 -28
right_child=1 2 3 -5 5 8 7 17 10 -11 18 -13 -14 15 -16 -17 -18 -19 19 -21 25 22 24 -25 -26 -27 27 28 -30 -31
leaf_value=-0.0070899790646261332 0.32452414970515608 -0.031086943937881677 -0.80963523762434819 -1.0185381309719792 0.12243157649173037 0.53091492823328779 0.21521737637299607 -0.4952065098487643 -0.39736918282935313 -1.1161581260467088 0.18872268466085279 -0.25286121492371672 0.1206626618887717 -0.69165135931755628 0.004977936113533336 -0.063549547949914478 -0.12190369333228747 -0.1814185580444316 0.18295325721228761 -0.12775837902706599 -0.68111619957507463 -0.50420553659495926 -0.27952320013441978 -0.096577769753920462 0.13684236089987381 0.010796828669323095 -0.10183295873023789 0.037458022966240852 -0.37271572273542541 -0.44799102676055647
leaf_weight=269585 13083 32516 133 617 6855 25560 28596 177 840 166 80043 559 2957 176 165007 39521 119 2202 13505 12828 699 212 938 1334 4625 14893 18232 18758 3736 3825
leaf_count=269585 13083 32516 133 617 6855 25560 28596 177 840 166 80043 559 2957 176 165007 39521 119 2202 13505 12828 699 212 938 1334 4625 14893 18232 18758 3736 3825
internal_value=0.000101433 0.000241747 -0.000797908 -0.0170173 0.000317025 0.00026189 -0.000322488 0.00104986 0.000441823 0.000112401 0.00112769 -0.0025669 -0.0010158 0.000128994 0.000363241 -0.000992139 -0.0183446 -0.00600252 0.001279 6.90364e-05 -0.00110258 0.00151991 -0.000870042 -0.00637621 0.000661035 -0.00139635 -0.00191863 -0.00177756 -0.000695088 -0.0028814
internal_weight=762297 492712 33266 750 459446 446363 105082 38084 341281 230549 110732 4356 3797 230383 190567 39816 295 2379 106376 26333 66998 35705 7109 1546 5563 60143 45250 44551 22494 22057
internal_count=762297 492712 33266 750 459446 446363 105082 38084 341281 230549 110732 4356 3797 230383 190567 39816 295 2379 106376 26333 66998 35705 7109 1546 5563 60143 45250 44551 22494 22057
is_linear=0
shrinkage=0.06


Tree=281
num_leaves=31
num_cat=10
split_feature=53 104 110 111 110 104 104 104 130 132 104 121 98 121 104 104 103 110 104 112 110 104 111 127 99 104 121 3 111 115
split_gain=6.3256 16.6657 9.65555 7.84886 20.0074 35.4701 19.7133 19.3933 17.8147 22.3378 21.6405 21.5168 17.1135 16.5363 15.8699 14.8528 14.0229 21.3294 33.569 19.0757 13.6668 37.5662 17.4562 15.2795 17.1873 13.2511 15.8018 13.1415 12.7473 26.7813
threshold=85.260244756485619 0 20.550000000000004 80.500000000000014 11.050000000000002 1 2 3 -1.0000000180025095e-35 0.55923163791368669 4 995.25000000000011 -0.53402660245708555 988.6500000000002 5 6 0.61497421480319081 24.650000000000002 7 2.2550000000000003 16.050000000000004 8 75.500000000000014 2.7097792598657864 0.99855310097228334 9 993.05000000000007 56.076250000000009 77.500000000000014 -1.0164198267443476
decision_type=10 1 2 2 2 1 1 1 2 2 1 2 2 2 1 1 2 2 1 2 2 1 2 2 2 1 2 10 2 2
left_child=3 -2 -3 4 5 12 27 -6 9 14 11 25 -1 15 -8 -10 20 18 19 -18 21 23 -22 24 -9 26 -11 -5 -23 -30
right_child=1 2 -4 6 7 -7 8 16 13 10 -12 -13 -14 -15 -16 -17 17 -19 -20 -21 22 28 -24 -25 -26 -27 -28 -29 29 -31
leaf_value=-0.99419021389615714 -0.048014627379621568 0.49934172972303642 0.022476301679439911 -0.074951465558138017 0.02950538644443353 0.014168577588030253 0.29161582334957675 0.061963686922101482 -0.079179836620408658 -0.88274751581693034 0.060146614173402772 -0.77236701756139103 -0.19742120641919733 0.063818145562422157 0.067151782146569208 0.027307586620357028 -0.99608757999022202 -0.044715101415161558 -0.10449012680226262 -1.3706967239014196 -0.0089517161255515034 0.034029532140392144 0.16008805823923813 -0.24555912562723656 -0.30174005933753628 -0.16608904684937076 -1.2380625897971014 0.085337232093033219 0.076482721641730186 -1.0886665053129421
leaf_weight=384 12397 10077 7032 68366 162911 10002 22992 4112 25797 221 2696 81 7559 99606 25112 26822 873 4642 1372 290 184281 30796 15231 13815 838 2037 101 16838 2802 2218
leaf_count=384 12397 10077 7032 68366 162911 10002 22992 4112 25797 221 2696 81 7559 99606 25112 26822 873 4642 1372 290 184281 30796 15231 13815 838 2037 101 16838 2802 2218
internal_value=0.0001017 0.000963026 0.00217605 6.70175e-05 -9.21995e-05 -0.0020545 0.000309196 -9.1798e-06 0.000627373 0.0015721 -0.00218883 -0.00626683 -0.00504425 0.000296993 0.00197368 -0.000563398 -0.00032953 -0.00294483 -0.00736987 -0.0148058 -0.000255661 -0.00109695 -2.55019e-05 -0.00327066 -0.000412038 -0.00523983 -0.0163604 -0.000458088 4.28729e-05 -0.00276041
internal_weight=762301 29506 17109 732795 442126 17945 290669 424181 205465 53240 5136 2440 7943 152225 48104 52619 261270 7177 2535 1163 254093 54581 199512 18765 4950 2359 322 85204 35816 5020
internal_count=762301 29506 17109 732795 442126 17945 290669 424181 205465 53240 5136 2440 7943 152225 48104 52619 261270 7177 2535 1163 254093 54581 199512 18765 4950 2359 322 85204 35816 5020
cat_boundaries=0 3 6 9 12 14 16 18 20 22 23
cat_threshold=1646495938 3482155080 1 4254865158 2793413061 1 855904280 1249960260 1 2570851352 192981476 1 2294836641 2957246641 1074315591 2233866299 2285981026 2422478995 1107528002 3288924681 537043074 3024094232 138936320
is_linear=0
shrinkage=0.06


Tree=282
num_leaves=31
num_cat=9
split_feature=132 104 104 19 129 104 99 104 127 20 114 112 104 104 113 104 127 118 111 129 25 118 114 127 111 104 125 104 130 112
split_gain=6.6039 34.5155 23.5803 13.4309 14.208 20.52 24.3024 14.0099 14.5036 17.13 12.2689 10.9312 30.8601 12.5453 12.4815 31.9518 12.0659 14.0599 10.4138 13.888 11.0439 10.1406 9.64326 14.5972 13.8712 9.60962 16.9048 20.2535 24.654 28.5928
threshold=0.37744852145085445 0 1 132.97083333333339 81.500000000000014 2 0.92191100909954782 3 0.027229624622079215 56.199981724033059 1.4948148763204303 1.6050000000000002 4 5 350.50000000000006 6 0.31332262173742714 0.15000000000000005 95.500000000000014 52.500000000000007 0.7523632583016634 2.5500000000000003 2.3890870144785796 1.9960559774347644 93.500000000000014 7 0.080500000000000058 8 -1.0000000180025095e-35 2.7350000000000008
decision_type=2 1 1 10 2 1 2 1 2 10 2 2 1 1 2 1 2 2 2 2 10 2 2 2 2 1 2 1 2 2
left_child=25 -2 -3 11 7 -6 10 8 9 -5 -7 12 21 -13 -15 -16 -14 -18 22 20 -20 -4 -9 24 -24 -1 -27 28 -28 -30
right_child=1 2 3 4 5 6 -8 18 -10 -11 -12 13 16 14 15 -17 17 -19 19 -21 -22 -23 23 -25 -26 26 27 -29 29 -31
leaf_value=0.034144087165130441 -0.50872680382080404 0.066019488511388474 0.18476254864107342 -0.35692979704221584 -0.050910992571945098 0.040278257964261974 -0.49975787851470721 -0.049611666475643065 0.12130025985424482 -0.90038640069480913 -0.29497394535411592 0.056244874712604469 0.08874093500679231 -0.022546717065181389 -0.4343983135356661 0.081676116810603924 -0.32584834858383566 -1.3745623347718869 -0.73971126418638611 0.62048518802228647 -0.10208922055517913 -0.72098714565305921 -0.2690147278832562 0.22048001744558954 -0.81469792634403748 0.018175488464095158 0.12392538858855791 -0.084914695943786755 -0.056850752571785804 -1.1996328295751908
leaf_weight=244455 4023 40233 4147 144 4208 947 186 5768 6907 74 3527 23971 1057 28256 102 210 5021 138 485 287 220 73 377 306 73 237560 36601 75612 38001 133
leaf_count=244455 4023 40233 4147 144 4208 947 186 5768 6907 74 3527 23971 1057 28256 102 210 5021 138 485 287 220 73 377 306 73 237560 36601 75612 38001 133
internal_value=0.000115125 -0.000273059 -9.90939e-05 -0.000657333 -0.00188116 -0.0037763 -0.00651252 -0.000733096 0.00117293 -0.0140274 -0.00563933 -0.000200552 -0.00197413 0.00015177 -0.000697435 -0.0126134 -0.00465778 -0.00586163 -0.00253806 -0.00826586 -0.0127904 0.00198535 -0.00166988 -0.00803699 -0.0149002 0.000195382 9.69815e-06 -0.000488187 0.000212319 -0.000855277
internal_weight=763102 130740 126717 86484 23509 8868 4660 14641 7125 218 4474 62975 10436 52539 28568 312 6216 5159 7516 992 705 4220 6524 756 450 632362 387907 150347 74735 38134
internal_count=763102 130740 126717 86484 23509 8868 4660 14641 7125 218 4474 62975 10436 52539 28568 312 6216 5159 7516 992 705 4220 6524 756 450 632362 387907 150347 74735 38134
cat_boundaries=0 1 3 5 8 10 13 15 18 20
cat_threshold=75497472 3087008898 2760849538 5544501 2113896 1078489344 1500545045 1 1090568532 423642173 53811476 1261454112 1 16448 272630808 1154146877 184554597 1 184817984 821987330
is_linear=0
shrinkage=0.06


Tree=283
num_leaves=31
num_cat=0
split_feature=139 132 130 21 127 114 107 109 111 119 112 110 113 109 61 126 132 109 19 33 35 21 111 127 61 108 31 113 121 121
split_gain=7.55138 20.5284 12.9713 18.3442 15.5549 15.3731 22.2366 14.666 14.6024 13.963 13.9239 12.3895 12.013 27.9569 36.4613 21.5802 11.9464 20.2269 14.9844 12.186 11.9186 11.0045 14.0667 10.4258 10.2396 9.88207 17.3882 9.74781 16.4681 12.9337
threshold=46.500000000000007 -0.73208386245364632 -0.37940952255126059 216.51666666666668 75.112654610106716 1.4519353405445381 28.445900000000005 1027.5000000000002 83.500000000000014 586.50000000000011 1.2950000000000002 10.050000000000002 313.50000000000006 712.50000000000011 5.4028969282592039 2680.8000000000006 -0.70822003333690042 937.50000000000011 288.76215277777783 156.90858895705523 379.68500000000006 237.06500000000003 29.500000000000004 20.770189093230687 4.9381541989679594 77.150950000000009 213.60624356611984 325.50000000000006 993.95000000000016 990.75000000000011
decision_type=2 2 2 10 2 2 2 2 2 2 2 2 2 2 2 2 2 2 10 10 10 8 2 2 2 2 10 2 2 2
left_child=-1 21 3 4 -3 6 8 16 -4 -6 -10 25 -13 -14 20 -16 -5 19 24 23 -15 22 -2 -18 -19 26 -7 -26 29 -29
right_child=1 2 5 7 9 11 -8 -9 10 -11 -12 12 13 14 15 -17 17 18 -20 -21 -22 -23 -24 -25 27 -27 -28 28 -30 -31
leaf_value=0.0017937426436445763 -0.24651446517959957 0.13703524544074858 0.025754317196391967 0.26731512903139382 -0.16895105936358698 -0.39876207824570797 0.42762872425396647 0.14158051379524508 -2.2246634113155137 -0.47879242902781111 -0.52303891420672344 0.064380175334403877 -0.050646022370177145 0.13443025515000756 -1.0966844275107439 -0.11363010226028832 -0.064187255622592407 0.060949486080979047 -1.6368400849897562 -0.65043081943674241 -0.34459374554663319 1.1638218605946649 0.047083673677533085 -0.25107760006263036 0.0036243296079865703 -0.17751014555917941 -1.9299651963278852 -0.209297949342237 -1.7074240516302697 -0.10147685182992434
leaf_weight=649307 220 9065 1864 2945 501 212 31317 4122 179 99 1208 18104 5564 422 222 74 10986 367 280 338 188 11813 4786 6295 284 360 69 292 88 383
leaf_count=649307 220 9065 1864 2945 501 212 31317 4122 179 99 1208 18104 5564 422 222 74 10986 367 280 338 188 11813 4786 6295 284 360 69 292 88 383
internal_value=0.000109881 0.000563366 0.000224024 -0.000674971 0.00156114 0.000766058 0.00158778 -0.00149426 -0.00313469 -0.00778702 -0.00779395 -0.000360485 -0.000145514 -0.00236439 -0.0121323 -0.0293737 -0.00210306 -0.00264585 -0.00890619 -0.00204347 -0.00373159 0.00249667 0.000139006 -0.00182236 -0.00638587 -0.00858878 -0.017 -0.00940649 -0.0129346 -0.00971893
internal_weight=761954 112647 95828 36045 9665 59783 34568 26380 3251 600 1387 25215 24574 6470 906 296 22258 19313 1694 17619 610 16819 5006 17281 1414 641 281 1047 763 675
internal_count=761954 112647 95828 36045 9665 59783 34568 26380 3251 600 1387 25215 24574 6470 906 296 22258 19313 1694 17619 610 16819 5006 17281 1414 641 281 1047 763 675
is_linear=0
shrinkage=0.06


Tree=284
num_leaves=31
num_cat=10
split_feature=72 104 119 121 16 129 127 104 109 104 131 104 121 140 113 139 129 104 99 129 104 131 104 129 104 104 113 99 113 104
split_gain=7.4359 13.2616 10.2416 9.99824 7.69457 11.8238 44.1472 66.2004 21.8933 59.0051 22.1943 20.5884 13.7835 13.1496 13.0936 14.4973 11.9919 41.6184 27.2004 17.8472 37.9181 63.032 22.8897 16.4434 19.5271 16.1989 17.7877 14.4119 15.0969 20.1635
threshold=3.2750000000000004 0 538.50000000000011 989.1500000000002 51.616666666666674 28.500000000000004 10.969231975734834 1 27.500000000000004 2 0.60355339059327384 3 989.35000000000002 4.5000000000000009 303.50000000000006 12.500000000000002 81.500000000000014 4 0.86004965528756494 85.500000000000014 5 0.78656609248549303 6 78.500000000000014 7 8 314.50000000000006 0.86869874770991873 279.50000000000006 9
decision_type=2 1 2 2 10 2 2 1 2 1 2 1 2 2 2 2 2 1 2 2 1 2 1 2 1 1 2 2 2 1
left_child=4 -2 -3 -4 -1 6 8 13 9 10 12 14 -6 -8 15 -10 17 18 23 20 21 -18 -23 -7 -25 26 -20 -19 -29 -30
right_child=1 2 3 -5 5 16 7 -9 11 -11 -12 -13 -14 -15 -16 -17 19 27 25 -21 -22 22 -24 24 -26 -27 -28 28 29 -31
leaf_value=-0.016265569570993323 -0.084866581780238717 0.025734306263825266 -0.17289447837940236 -0.025312186189279093 -0.31363462451023055 0.1591216250657585 -0.47948822240159283 0.010309351651584628 -0.17927566299652373 0.11684609175064056 -0.35469673831300186 0.065608616332995445 -1.6836083253348193 -0.98169623669984385 0.047176123425792894 0.071198241581449329 -0.2231520615937079 0.31112779394019202 -0.480922027461195 0.017311282091921423 0.12154679704002121 -0.37806155190611185 -0.72298670980289104 0.12356253717450447 -1.1832543274413014 -0.17336138986029079 -1.6474399381458709 0.56748112562871056 0.27446962804426445 -0.13804444510005298
leaf_weight=76850 19522 43658 2505 8656 104 6540 140 849 8047 1134 242 17453 341 499 4974 2484 1505 20183 1515 527754 1839 208 301 220 216 3222 163 4202 2445 4773
leaf_count=76850 19522 43658 2505 8656 104 6540 140 849 8047 1134 242 17453 341 499 4974 2484 1505 20183 1515 527754 1839 208 301 220 216 3222 163 4202 2445 4773
internal_value=0.000106884 -0.000463183 1.52109e-05 -0.0016067 0.000168465 0.000239596 -0.000811128 -0.0109281 -0.000377976 -0.00678046 -0.0204842 -2.40296e-05 -0.028722 -0.0253015 -0.00161446 -0.00281371 0.00030586 0.00126389 -0.00176361 0.000227502 -0.00384068 -0.00949926 -0.0277765 0.000641537 -0.010627 -0.00519078 -0.00995382 0.0024014 0.000698713 -0.000965784
internal_weight=762544 74341 54819 11161 688203 611353 36267 1488 34779 1821 687 32958 445 639 15505 10531 575086 43479 11876 531607 3853 2014 509 6976 436 4900 1678 31603 11420 7218
internal_count=762544 74341 54819 11161 688203 611353 36267 1488 34779 1821 687 32958 445 639 15505 10531 575086 43479 11876 531607 3853 2014 509 6976 436 4900 1678 31603 11420 7218
cat_boundaries=0 2 4 7 9 12 14 16 19 22 24
cat_threshold=552812864 872448577 1349775208 8555349 317033877 330023 1 160057964 3484966256 933603329 82500 1 2942063997 3909097699 67387509 150996992 587245569 16448 1 109084673 64 1 2282226688 1773672576
is_linear=0
shrinkage=0.06


Tree=285
num_leaves=31
num_cat=8
split_feature=99 104 120 127 107 133 114 104 114 127 120 110 114 109 104 121 121 104 133 110 25 2 104 121 104 104 109 127 133 104
split_gain=7.13412 31.7171 25.9672 24.097 14.5122 11.948 11.886 11.5935 11.5856 11.556 11.827 10.5735 12.4501 19.574 30.9715 11.602 13.9067 10.9786 10.186 9.30426 12.7944 8.70929 8.52382 8.01483 7.80459 7.29217 7.16065 10.6559 7.13365 28.494
threshold=0.99932962452255414 0 11.500000000000002 0.54547471745755616 28.766750000000005 0.99932962452255414 2.3494368177911453 1 0.19874226490627742 0.04991223840506593 26.500000000000004 14.050000000000002 -2.0513402658616124 132.50000000000003 2 993.55000000000007 991.35000000000002 3 0.99932962452255414 18.850000000000005 0.96784987164734015 41.002553348670766 4 994.25000000000011 5 6 62.500000000000007 1.3231830843984487 0.99445195900249039 7
decision_type=2 1 2 2 2 2 2 1 2 2 2 2 2 2 1 2 2 1 2 2 10 10 1 2 1 1 2 2 2 1
left_child=28 2 3 22 5 9 11 23 -6 10 -4 12 -3 17 15 16 -15 -14 -10 24 -21 -18 -2 -8 -7 -11 27 -13 -1 -30
right_child=1 6 4 -5 8 19 7 -9 18 25 -12 26 13 14 -16 -17 21 -19 -20 20 -22 -23 -24 -25 -26 -27 -28 -29 29 -31
leaf_value=0.0058585524936190089 -0.11215660539042241 0.62387084191124553 -0.49651369797576922 -0.12131966897568128 0.60741516806306028 -0.17961857044288249 -0.14696650775167555 0.027949571247063747 -0.58548667915871955 0.03034559283119034 -0.26433791725115519 -0.94561281726169422 -0.35615576202042665 -0.50237283560832291 0.049619767627691103 0.095032593099482199 -0.19920166602192774 0.13007788345480556 -1.6930989155214198 0.21751370902913003 -0.65908790548757812 -0.68528689836769507 -0.38650998874823544 -1.9865113621097363 0.22070636759611267 -0.3884102151426706 0.26713730885135489 0.18827949722400641 -0.11255440892015782 0.28674531255486996
leaf_weight=694229 120 1724 99 630 89 1421 124 218 98 847 217 52 1590 250 662 97 58 4103 106 98 70 246 633 90 2251 956 5560 118 13972 31401
leaf_count=694229 120 1724 99 630 89 1421 124 218 98 847 217 52 1590 250 662 97 58 4103 106 98 70 246 633 90 2251 956 5560 118 13972 31401
internal_value=0.000116193 -0.000935635 -0.00407664 -0.0115188 -0.00243531 -0.00179295 0.000677179 -0.00911778 -0.015449 -0.00540849 -0.0159748 0.000970887 -0.000343603 -0.00146767 -0.00806849 -0.0172115 -0.0208216 5.58485e-05 -0.0232976 0.000203072 -0.0135621 -0.0294295 -0.018756 -0.01856 0.000836374 -0.00354878 0.0029733 -0.00912281 0.000148231 0.00087711
internal_weight=762129 22527 7635 1383 6252 5959 14892 432 293 2119 316 14460 8730 7006 1313 651 554 5693 204 3840 168 304 753 214 3672 1803 5730 170 739602 45373
internal_count=762129 22527 7635 1383 6252 5959 14892 432 293 2119 316 14460 8730 7006 1313 651 554 5693 204 3840 168 304 753 214 3672 1803 5730 170 739602 45373
cat_boundaries=0 3 5 7 9 10 12 14 16
cat_threshold=948199514 1354908700 1 32772 185604352 2231931141 724109571 57804960 538968576 402661384 947920904 8519680 276840514 1078068240 1610770040 3514576
is_linear=0
shrinkage=0.06


Tree=286
num_leaves=31
num_cat=10
split_feature=35 0 140 104 133 104 119 104 133 104 109 123 104 112 98 127 104 119 140 0 69 104 104 40 104 133 104 109 115 113
split_gain=6.50979 11.8845 47.7387 18.7222 13.0733 26.6527 12.7863 24.0176 25.0039 39.8448 20.7696 16.1011 23.9666 33.9722 28.2501 15.6764 28.7848 23.0907 14.0464 37.3486 22.5431 23.1218 20.8309 26.9794 18.6615 26.5254 22.8345 20.3835 17.0231 18.8213
threshold=189.18500000000003 88.711250000000021 2.5000000000000004 0 0.3139093887439468 1 169.50000000000003 2 0.99992139718210815 3 502.50000000000006 0.27083907088159825 4 3.5750000000000006 -0.41299776550820594 0.88505984833433049 5 578.50000000000011 7.5000000000000009 183.50250000000003 11.750000000000002 6 7 0.23020000000000002 8 0.94066717844141279 9 57.500000000000007 -1.2041535051048176 9.5000000000000018
decision_type=10 2 2 1 2 1 2 1 2 1 2 2 1 2 2 2 1 2 2 2 2 1 1 2 1 2 1 2 2 2
left_child=-1 2 3 -2 5 -3 18 -8 10 -10 -9 15 -13 -14 -15 16 17 -12 19 22 24 -22 -6 -24 25 26 -20 -26 -23 -30
right_child=1 4 -4 -5 6 -7 7 8 9 -11 11 12 13 14 -16 -17 -18 -19 20 -21 21 28 23 -25 27 -27 -28 -29 29 -31
leaf_value=-0.012457033082705815 -0.23747458516331826 -0.18319261068698153 0.060749890288106928 -0.029904481950861848 0.047464127021823406 0.38575488041197314 0.088663225990898542 0.10888175499865267 0.35469368456228184 -1.0758661486438843 0.28337038619557525 0.062110812560227976 -0.054809123376535332 -0.88839963538260447 -0.43239452484770452 -0.0072288137513578767 -0.23192996888196277 -0.25433001865754989 -0.43761736812322249 0.4972661368745912 -0.19630614858852283 0.1018201563791979 -0.0544402261096976 -0.37029891265311538 0.15679384827776358 0.026199517573022003 -0.12187302328927403 -0.023110514646464134 -1.1133327132441344 -0.095418166303170598
leaf_weight=129791 6441 2957 115762 10282 23458 9685 51582 35313 448 517 3247 698 655 189 184 46321 3503 863 5954 34315 32283 14588 18706 5808 58561 34704 29462 57471 213 27646
leaf_count=129791 6441 2957 115762 10282 23458 9685 51582 35313 448 517 3247 698 655 189 184 46321 3503 863 5954 34315 32283 14588 18706 5808 58561 34704 29462 57471 213 27646
internal_value=9.16773e-05 0.000171183 0.000676374 -0.00232014 3.71418e-05 0.00194194 -1.23403e-05 0.000463208 -0.000118239 -0.0097205 -1.62901e-05 -0.000738398 -0.00644123 -0.0121963 -0.0267433 -0.00055578 -0.0030788 0.00033487 -0.000211225 0.000472268 -0.000426812 -0.00130709 -0.000608842 -0.00183144 -7.34232e-05 -0.000846131 -0.00200141 0.000393578 -0.000386217 -0.00125578
internal_weight=761607 631816 132485 16723 499331 12642 486689 143520 91938 965 90973 55660 1726 1028 373 53934 7613 4110 343169 82287 260882 74730 47972 24514 186152 70120 35416 116032 42447 27859
internal_count=761607 631816 132485 16723 499331 12642 486689 143520 91938 965 90973 55660 1726 1028 373 53934 7613 4110 343169 82287 260882 74730 47972 24514 186152 70120 35416 116032 42447 27859
cat_boundaries=0 2 4 6 8 11 14 16 18 21 23
cat_threshold=2671549749 1814108835 83910731 273187934 2767394176 537404355 51161145 67443748 1073799243 102220828 1 453812780 1150502944 1 581424522 3531441992 1652605690 492758620 1994588289 613344840 1 1619001344 67109896
is_linear=0
shrinkage=0.06


Tree=287
num_leaves=31
num_cat=9
split_feature=139 104 132 111 104 104 121 104 119 130 119 78 123 6 125 124 104 104 127 104 121 28 104 113 108 111 18 56 104 90
split_gain=6.78201 28.7373 17.2604 21.7825 18.0316 14.3604 13.0284 17.8796 29.4837 28.2326 13.8955 10.6666 10.0586 9.67791 11.4858 21.3763 24.3976 17.8181 12.7248 27.4791 11.1824 11.7771 9.64547 17.2773 39.3698 11.7393 9.58025 9.30123 21.9901 12.3293
threshold=46.500000000000007 0 -0.70822003333690042 71.500000000000014 1 2 994.55000000000007 3 641.50000000000011 0.25881904510252091 614.50000000000011 991.85000000000002 0.067628183382379983 188.03500000000003 0.087200000000000014 0.09166666666666666 4 5 94.12546632628893 6 994.95000000000016 292.12517361111117 7 169.50000000000003 77.467900000000014 60.500000000000007 271.47847222222225 0.012948902995958357 8 5.5000000000000009
decision_type=2 1 2 2 1 1 2 1 2 2 2 2 2 10 2 2 1 1 2 1 2 10 1 2 2 2 10 10 1 2
left_child=27 13 5 6 -5 -3 7 8 10 -10 12 -11 -4 -2 18 16 -16 20 22 -20 -17 -22 23 24 -15 -26 -14 -1 29 -29
right_child=1 2 3 4 -6 -7 -8 -9 9 11 -12 -13 26 14 15 17 -18 -19 19 -21 21 -23 -24 -25 25 -27 -28 28 -30 -31
leaf_value=0.0045624909497469354 0.14854276644199169 1.555991827452333 0.29117326853664399 1.2191933640603279 0.081264543718533477 0.18838463104831094 0.61199348308231216 0.03333337417656896 -0.16729578960091512 -1.7708098841443407 1.9445845268072992 -0.58291084993740516 -0.14549228768166114 -0.14053418393471981 -0.87946091335685606 -0.29271125851578345 -0.036285167697851534 -0.047867289533629072 -0.96194630495165967 0.18284171463435481 0.21908144952785488 -1.8818283315909736 0.14078321382719988 0.018096921895115286 -0.96068919572707068 -1.2472689959097951 -0.43889100312493184 -0.13403356522157225 0.014915545543865946 -0.41340029223631825
leaf_weight=600679 3021 7377 1015 9513 9874 7768 3274 12683 172 54 929 125 5396 1481 111 6774 136 16631 829 900 51 103 12364 9359 197 50 2446 17044 29508 2964
leaf_count=600679 3021 7377 1015 9513 9874 7768 3274 12683 172 54 929 125 5396 1481 111 6774 136 16631 829 900 51 103 12364 9359 197 50 2446 17044 29508 2964
internal_value=9.13025e-05 0.000521139 0.00140865 0.000824634 0.00234795 0.00316321 -0.000307185 -0.000815039 -0.00269196 -0.0197557 -0.00208072 -0.0363667 -0.00281305 -0.00051363 -0.000717006 -0.00166186 -0.0191855 -0.00147733 0.000176324 -0.0047896 -0.00403113 -0.0199742 0.00054264 -0.000742296 -0.00625333 -0.028379 -0.00354048 1.68413e-05 -0.000773552 -0.00230841
internal_weight=762828 112633 60626 45481 19387 15145 26094 22820 10137 351 9786 179 8857 52007 48986 23806 247 23559 25180 1729 6928 154 23451 11087 1728 247 7842 650195 49516 20008
internal_count=762828 112633 60626 45481 19387 15145 26094 22820 10137 351 9786 179 8857 52007 48986 23806 247 23559 25180 1729 6928 154 23451 11087 1728 247 7842 650195 49516 20008
cat_boundaries=0 3 5 7 9 11 13 16 19 22
cat_threshold=3770843331 1574880720 1 520620572 35657762 454824988 2147551266 387449100 35657763 2147614784 1168 1073774722 67372352 1610645698 424443920 1 12582977 1423310864 1 573409420 3870362416 1
is_linear=0
shrinkage=0.06


Tree=288
num_leaves=31
num_cat=7
split_feature=35 139 130 104 139 133 104 126 104 73 60 139 114 113 25 133 120 104 129 114 104 102 61 109 88 104 45 130 104 124
split_gain=5.79992 11.3548 11.491 30.2978 23.4398 45.5943 46.3397 17.8999 16.8466 15.2912 12.1655 11.5804 14.3469 10.8074 32.3169 11.1179 22.6178 23.6371 14.7192 11.4953 9.02453 14.291 8.89688 16.3352 16.8953 10.7527 9.76887 13.3758 11.1216 17.7697
threshold=189.18500000000003 47.500000000000007 -0.25881904510252113 0 42.500000000000007 0.61575165550757727 1 245.85000000000005 2 283.50000000000006 5.115628367411035 20.500000000000004 0.54296883889593406 24.500000000000004 0.78795320115057688 0.1806957558738615 42.500000000000007 3 79.500000000000014 1.063002865948057 4 15.500000000000002 4.5119852458838778 192.50000000000003 0.24116111575692772 5 422.2000000000001 0.37940952255126054 6 0.45833333333333343
decision_type=10 2 2 1 2 2 1 2 1 2 2 2 2 2 10 2 2 1 2 2 1 2 2 2 10 1 2 2 1 2
left_child=1 2 8 4 10 6 7 -6 -1 -9 11 -4 -13 14 -12 16 17 -15 -19 -20 21 -17 23 24 -2 -26 27 -25 29 -29
right_child=22 -3 3 -5 5 -7 -8 9 -10 -11 13 12 -14 15 -16 20 -18 18 19 -21 -22 -23 -24 26 25 -27 -28 28 -30 -31
leaf_value=-0.057799886828089946 0.16846513058383691 0.27951237748867963 -0.07670345168644345 0.02176515972783255 -0.56863679361866404 -0.0085864297142787468 0.36055166823868967 -0.39900552721476951 0.036785173788670827 -0.16597662052180215 -0.035041663466535485 -0.085753141522585966 -0.93568571287614366 0.0033381560350514527 -1.564051413264375 0.125668480084315 0.048027293308839245 -0.14302686576848864 -0.19013616687135745 -0.58608076237824425 -0.023721399315091363 -0.59892663318369888 0.0041238999655851061 0.050233688195795205 -0.029944096047395174 0.068963899108967178 -0.036626695305719971 -0.13386476277246165 0.036012595729069667 -0.57472908582517379
leaf_weight=19830 33391 3258 365 32098 219 1129 250 67 41786 308 329 124 169 2379 124 240 2508 4551 120 113 19385 314 494805 16481 24640 34066 27216 660 758 209
leaf_count=19830 33391 3258 365 32098 219 1129 250 67 41786 308 329 124 169 2379 124 240 2508 4551 120 113 19385 314 494805 16481 24640 34066 27216 660 758 209
internal_value=0.000105306 -0.000260236 -0.000350386 -0.000908246 -0.00219343 -0.00853191 -0.0190722 -0.0279273 0.000236234 -0.0203457 -0.0017868 -0.00985129 -0.0187143 -0.00160997 -0.0107974 -0.00146905 -0.00313834 -0.00485511 -0.00727758 -0.0219744 -0.000659278 -0.00813451 0.000180277 0.00060737 0.00106628 0.00045337 -0.000325118 0.000754763 -0.00443366 -0.00900682
internal_weight=761892 129666 126408 64792 32694 1973 844 594 61616 375 30721 658 293 30063 453 29610 9671 7163 4784 233 19939 554 632226 137421 92097 58706 45324 18108 1627 869
internal_count=761892 129666 126408 64792 32694 1973 844 594 61616 375 30721 658 293 30063 453 29610 9671 7163 4784 233 19939 554 632226 137421 92097 58706 45324 18108 1627 869
cat_boundaries=0 2 4 7 9 11 13 15
cat_threshold=3372318570 1346430171 1073758274 272630808 888801445 229642496 1 1073813504 57410 0 130 2995030162 2036860430 14762690 1928758904
is_linear=0
shrinkage=0.06


Tree=289
num_leaves=31
num_cat=7
split_feature=61 140 126 8 104 104 140 23 126 104 99 132 19 104 110 113 110 104 104 126 121 126 128 107 104 110 121 114 129 7
split_gain=6.88257 26.8381 18.625 16.729 14.6959 12.8078 12.0054 24.2855 22.3668 12.0903 13.9832 15.9194 19.1306 18.9828 18.3458 68.0149 28.2787 26.8188 25.7898 16.7646 16.4345 16.234 18.0611 18.8595 15.0738 18.4832 27.3975 32.0916 17.9585 13.5986
threshold=4.283942820166148 2.5000000000000004 265.02500000000003 72.27500000000002 0 1 1.5000000000000002 -1.0499999999999987 73.550000000000026 2 0.19758679452260591 0.025799818015934263 238.03456597222225 3 9.8500000000000032 324.50000000000006 9.3500000000000032 4 5 3027.9000000000005 994.6500000000002 37.550000000000004 0.00059873870855614586 28.682950000000002 6 22.250000000000004 984.55000000000007 1.063002865948057 136.50000000000003 327.32000000000005
decision_type=2 2 2 10 1 1 2 8 2 1 2 2 10 1 2 2 2 1 1 2 2 2 2 2 1 2 2 2 2 2
left_child=1 3 4 -1 -3 -4 7 8 -2 -8 -11 14 13 -13 15 18 17 -17 20 -14 21 22 23 -12 -16 26 27 29 -27 -26
right_child=6 2 5 -5 -6 -7 9 -9 -10 10 11 12 19 -15 24 16 -18 -19 -20 -21 -22 -23 -24 -25 25 28 -28 -29 -30 -31
leaf_value=-0.03494315636782979 -0.42944392268678355 0.014602383099784573 -0.031035841493483853 -0.2532498465219396 0.11979914609780375 0.024509978560854358 -0.024310461226813934 0.26634524333291565 0.028230399513510886 -0.096484559610782061 -0.56369111100610525 0.035482644008729559 -0.1438806777957985 -0.050640192506580237 0.010952869174360245 -0.72836338470319695 -0.13319377131741028 -1.8903598565729434 0.17071235002395907 -0.26042199610174549 -2.3208882033116649 -0.38424129407357616 -0.66615470158786494 -1.7843067659899587 -0.26421946019033848 0.35397211555699387 0.32092713093797587 1.4821591965672487 -0.040396013877784145 -0.80667771357371876
leaf_weight=16612 3716 26923 24993 2457 46901 31728 257710 21822 13137 7084 87 50623 4205 50400 89968 217 225 325 6930 162 104 2024 219 138 448 4265 71906 513 26643 545
leaf_count=16612 3716 26923 24993 2457 46901 31728 257710 21822 13137 7084 87 50623 4205 50400 89968 217 225 325 6930 162 104 2024 219 138 448 4265 71906 513 26643 545
internal_value=0.000101281 0.000466157 0.000773291 -0.00163639 0.00140148 -4.43212e-05 1.22855e-05 0.00103553 -0.000675329 -5.65712e-05 0.00019154 0.000251791 -0.000347278 -0.000179185 0.000560438 -0.001911 -0.0190859 -0.0264972 -0.000522782 -0.00423489 -0.00563995 -0.00467072 -0.0150472 -0.0269469 0.000691074 0.00118182 0.00170014 -0.00630657 -4.89176e-05 -0.0125976
internal_weight=763030 149614 130545 19069 73824 56721 613416 38675 16853 574741 317031 309947 105390 101023 204557 10269 767 542 9502 4367 2572 2468 444 225 194288 104320 73412 1506 30908 993
internal_count=763030 149614 130545 19069 73824 56721 613416 38675 16853 574741 317031 309947 105390 101023 204557 10269 767 542 9502 4367 2572 2468 444 225 194288 104320 73412 1506 30908 993
cat_boundaries=0 3 5 7 9 12 14 17
cat_threshold=807731456 1356985027 1 227594923 961938904 1721887304 3002975768 2282751362 218245315 2554462210 1140989956 1 285212722 151126080 2152727938 1140992069 1
is_linear=0
shrinkage=0.06


Tree=290
num_leaves=31
num_cat=11
split_feature=132 104 129 104 130 111 104 109 104 110 104 19 114 104 104 130 113 104 120 121 121 110 132 115 128 104 104 132 104 115
split_gain=7.64858 16.159 17.8844 20.9177 9.92102 8.93406 8.69183 13.4785 16.0796 8.47698 17.7097 13.6035 12.8097 14.4702 13.0114 12.5204 11.2792 32.2446 10.905 10.7559 14.4631 10.6715 10.6395 10.519 10.5891 9.29985 9.07462 8.22941 31.3202 21.5261
threshold=0.61490419508004501 0 172.50000000000003 1 1.0000000180025095e-35 92.500000000000014 2 22.500000000000004 3 16.650000000000002 4 86.734722222222231 1.6084158335054966 5 6 -0.78656609248549303 273.50000000000006 7 1.5000000000000002 991.1500000000002 988.35000000000002 12.050000000000002 0.69287764045535594 -0.65014361702743195 0.0039627368278972739 8 9 0.53038584004487344 10 -0.49824527740164115
decision_type=2 1 2 1 2 2 1 2 1 2 1 10 2 1 1 2 2 1 2 2 2 2 2 2 2 1 1 2 1 2
left_child=27 5 3 -3 6 9 -4 8 -8 11 23 26 14 22 -13 -16 17 18 19 20 -12 25 -14 24 -11 -17 -2 -1 29 -29
right_child=1 2 4 -5 -6 -7 7 -9 -10 10 16 12 13 -15 15 21 -18 -19 -20 -21 -22 -23 -24 -25 -26 -27 -28 28 -30 -31
leaf_value=0.0065077220325456325 -0.21803664824499794 0.03035685908947974 0.074349309753528492 -0.097647326758191405 0.17587917195539129 0.43781394877403895 -0.01622377884845317 -0.031556153307624984 -0.75852125939819792 0.59428549707451195 -0.14854366423276469 0.34343854368491689 -0.46998589006911268 -0.16680594367505255 -0.65661083394330688 -0.046430468404804054 0.037763601815116878 0.1020874805564022 -0.25315184616290842 -0.23613188087473802 -1.1755692451979523 0.032518542292463461 0.59522381430824023 -0.99061303081527141 -0.84190623700960343 -0.76416360292977525 0.0099669558199672759 -0.06089674615933191 0.16510931878925728 -0.66793763131453487
leaf_weight=688033 1292 812 4459 1015 9251 1358 223 5239 213 95 64 1079 1064 1741 94 109 5163 1528 915 118 115 485 155 88 89 117 3467 10211 22949 783
leaf_count=688033 1292 812 4459 1015 9251 1358 223 5239 213 95 64 1079 1064 1741 94 109 5163 1528 915 118 115 485 155 88 89 117 3467 10211 22949 783
internal_value=0.000107702 -0.000696225 0.000444424 -0.00522866 0.000979573 -0.00195978 -0.000317316 -0.00187302 -0.012 -0.00231914 -0.000898972 -0.0035279 -0.00576594 -0.00822695 -0.00189708 -0.00761029 -0.000369219 -0.00348048 -0.0107343 -0.0207987 -0.0300333 -0.00496348 -0.0132244 -0.0156466 -0.00797838 -0.0157004 -0.00124916 0.000152631 0.00106464 -0.00156801
internal_weight=762324 40348 21212 1827 19385 19136 10134 5675 436 17778 8175 9603 4844 2960 1884 805 7903 2740 1212 297 179 711 1219 272 184 226 4759 721976 33943 10994
internal_count=762324 40348 21212 1827 19385 19136 10134 5675 436 17778 8175 9603 4844 2960 1884 805 7903 2740 1212 297 179 711 1219 272 184 226 4759 721976 33943 10994
cat_boundaries=0 2 4 6 9 10 12 14 16 18 20 22
cat_threshold=1491038968 1261736453 2720007170 2684961880 620790017 348792896 3074 2147566626 1 8388608 1074266264 153096193 134746648 153358341 135078440 1077150208 1310848 1074823168 1078476832 32772 92955453 273682469
is_linear=0
shrinkage=0.06


Tree=291
num_leaves=31
num_cat=1
split_feature=128 139 130 25 110 111 112 129 25 128 122 60 36 121 107 107 110 1 132 98 114 1 122 60 132 21 107 106 31 132
split_gain=7.23945 17.793 16.115 15.434 15.6618 17.1749 18.7766 15.7752 15.0814 14.7725 14.6666 14.279 14.1714 13.2516 12.3071 12.2477 11.0322 10.2363 10.8769 9.79581 9.08421 14.0301 24.3812 17.6241 8.98852 26.7315 15.4405 8.74426 8.73824 21.3391
threshold=0.010804190521385317 51.500000000000007 1.0000000180025095e-35 0.34118808009938689 10.950000000000001 46.500000000000007 2.6950000000000007 28.500000000000004 0.98496868213940547 0.032600153146948981 0.68883612672508365 29.143845686577105 0.51932453418021884 984.05000000000007 28.694950000000002 28.654150000000005 17.450000000000003 122.26250000000002 -0.8283650867723894 -0.59089032065832736 1.5416007462316894 185.00125000000003 0.56252163874581751 17.960997882798953 -0.88965196910377931 126.02666666666669 28.563050000000004 0 64.365363650306762 -0.78789334285648371
decision_type=2 2 2 8 2 2 2 2 10 2 2 2 2 2 2 2 2 10 2 2 2 10 2 2 2 10 2 1 10 2
left_child=-1 3 15 16 8 6 17 -7 -5 -8 14 -12 -10 -13 24 19 28 -6 -19 27 -4 22 -22 -24 25 26 -9 -3 29 -2
right_child=1 2 20 4 5 7 9 10 12 -11 11 13 -14 -15 -16 -17 -18 18 -20 -21 21 -23 23 -25 -26 -27 -28 -29 -30 -31
leaf_value=0.00072942720746323479 -0.29688438543101492 -0.17567541007499193 0.37079697644874315 -0.040058304165148259 0.070015207628649753 -0.34241437055766888 0.43499406000563412 -1.2147894822720475 -0.019148052189338738 -0.0060406208519090676 0.057940740849389098 -0.24388160739702364 -0.56927445340307581 -1.4095738920597289 1.1407291996600866 -0.35314673773696809 0.014899190219346062 1.0331074125044739 -0.17935670449097288 0.12752940865700596 -0.05681044217420337 0.079658639461013842 -0.34443666530624212 -0.55258997366793894 0.19011656351762021 -0.0054936385548538828 0.11131292110118253 0.096034499721260602 -0.20298733472579622 0.19228895855158532
leaf_weight=644804 734 3952 5941 5156 987 814 6195 112 435 14908 251 90 503 98 11833 4199 4325 415 4100 2522 621 3182 147 122 41347 1374 52 1283 2389 360
leaf_count=644804 734 3952 5941 5156 987 814 6195 112 435 14908 251 90 503 98 11833 4199 4325 415 4100 2522 621 3182 147 122 41347 1374 52 1283 2389 360
internal_value=9.0961e-05 0.000522103 -0.00101893 0.000873019 0.00109822 0.00131485 5.97612e-05 0.00191142 -0.00183692 0.000873673 0.00203383 -0.00887727 -0.00883067 -0.0213333 0.00212153 -0.00250598 -0.00168421 -0.0030616 -0.00427148 -0.00109281 0.000756741 -0.00142598 -0.00808081 -0.0231333 0.00164879 -0.0028538 -0.0256727 -0.00257257 -0.0041969 -0.00863562
internal_weight=763251 118447 21969 96478 88670 82576 26605 55971 6094 21103 55157 439 938 188 54718 11956 7808 5502 4515 7757 10013 4072 890 269 42885 1538 164 5235 3483 1094
internal_count=763251 118447 21969 96478 88670 82576 26605 55971 6094 21103 55157 439 938 188 54718 11956 7808 5502 4515 7757 10013 4072 890 269 42885 1538 164 5235 3483 1094
cat_boundaries=0 1
cat_threshold=3
is_linear=0
shrinkage=0.06


Tree=292
num_leaves=31
num_cat=2
split_feature=58 129 113 106 111 132 132 114 47 124 106 109 132 132 120 111 28 3 69 131 113 107 127 74 28 60 98 119 124 119
split_gain=7.23227 11.2498 11.9095 7.94364 7.4351 16.3654 30.9588 32.0647 35.4867 19.6923 18.5947 17.4243 17.0811 19.0708 22.5604 16.9901 13.8547 13.4209 16.3189 13.3504 18.4467 13.0561 13.3684 12.365 11.9784 16.1319 12.336 11.9769 11.6081 16.701
threshold=3.0750000000000006 55.500000000000007 283.50000000000006 0 65.500000000000014 -0.13291928626387098 -0.098749067963353782 -1.2984543603845724 157.46770833333335 0.72166666666666679 1 637.50000000000011 -0.3169700421330815 -0.38142733947913604 62.500000000000007 64.500000000000014 257.57222222222225 132.33381666666671 9.4500000000000011 0.37940952255126048 290.50000000000006 28.626550000000005 4.9326889019552977 2.0533460010409823 229.23645833333339 17.437800807112829 0.23014236637527921 586.50000000000011 0.081666666666666707 43.500000000000007
decision_type=2 2 2 1 2 2 2 2 10 2 1 2 2 2 2 2 10 10 2 2 2 2 2 2 10 2 2 2 2 2
left_child=1 -1 -3 -4 5 12 10 8 27 -9 -7 -12 13 28 15 -15 -16 -6 -19 -14 -21 22 -17 -20 25 -10 -27 -8 29 -2
right_child=4 2 3 -5 17 6 7 9 24 -11 11 -13 19 14 16 21 -18 18 23 20 -22 -23 -24 -25 -26 26 -28 -29 -30 -31
leaf_value=-0.024515777113365007 0.28140988898788122 -0.081100894144791005 0.330827942618036 -0.59827705926109087 0.012300949062410639 0.13402165103516078 -0.4383954663852565 -0.0029246216577044799 0.056923096360139931 -0.11852515886270894 -0.52190268312737442 -0.055172156156650505 0.24965804449088555 -0.048811860528429153 -0.18828196865205049 -1.1414167030660496 -0.7471738359032658 0.30411139341701132 0.080031852477156301 -0.10998631403975064 -1.0744899611642322 0.002015152619396535 0.059596077382146437 -0.083503449900132115 0.33091986957846031 -0.55708105139036035 -0.2271219889437647 -0.11185874729550706 -0.010192145511611095 0.019088007960731599
leaf_weight=15213 11838 878 104 616 408948 716 332 75015 834 3227 3077 1302 18388 10949 455 293 462 11088 19530 218 74 235 87 4736 981 119 1386 210 126321 45112
leaf_count=15213 11838 878 104 616 408948 716 332 75015 834 3227 3077 1302 18388 10949 455 293 462 11088 19530 218 74 235 87 4736 981 119 1386 210 126321 45112
internal_value=8.18415e-05 -0.00114882 -0.00593621 -0.0116505 0.000109578 -0.000120325 -0.000813371 -0.000531709 -0.00586798 -0.000268241 -0.00535126 -0.00680774 0.000161505 -3.92309e-06 -0.00227319 -0.00155434 -0.0113268 0.000265657 0.00138719 0.00189497 -0.0108123 -0.01125 -0.0181102 0.000515762 -0.0035411 -0.00587436 -0.00958167 -0.0200884 0.000150629 0.000861794
internal_weight=762744 16811 1598 720 745933 301631 87199 82104 3862 78242 5095 4379 214432 195752 12481 11564 917 444302 35354 18680 292 615 380 24266 3320 2339 1505 542 183271 56950
internal_count=762744 16811 1598 720 745933 301631 87199 82104 3862 78242 5095 4379 214432 195752 12481 11564 917 444302 35354 18680 292 615 380 24266 3320 2339 1505 542 183271 56950
cat_boundaries=0 1 2
cat_threshold=6 6
is_linear=0
shrinkage=0.06


Tree=293
num_leaves=31
num_cat=8
split_feature=131 22 104 57 133 53 68 104 122 111 104 136 122 110 104 130 104 133 125 104 127 127 130 104 139 104 101 3 115 137
split_gain=7.66729 10.4566 16.0046 10.1198 10.0839 8.70679 6.40114 8.94634 7.65302 6.90469 18.7509 18.0181 20.6523 20.9863 26.4023 16.7685 17.135 24.5665 22.3206 19.2017 28.7931 18.0511 15.9285 36.4788 21.7086 33.867 20.7627 20.5667 20.4729 31.5901
threshold=0.98296291314453421 78.262500000000017 0 323.13187521201036 0.99611390731392835 33.508222557142808 30.550000000000004 1 0.7014658288412482 66.500000000000014 2 1.0000000180025095e-35 0.47652342347571452 13.850000000000003 3 -0.78656609248549303 4 0.99958851518450398 0.073416666666666727 5 75.112654610106716 169.45459238484415 0.12940952255126045 6 59.500000000000007 7 0.6830127018922193 138.78375000000003 1.1988084169945246 0.61497421480319081
decision_type=2 8 1 10 2 10 2 1 2 2 1 2 2 2 1 2 1 2 2 1 2 2 2 1 2 1 2 10 2 2
left_child=6 2 3 4 5 -2 9 -8 -9 10 15 12 13 14 -12 16 -1 18 21 -20 -21 -18 23 24 -11 -26 28 -24 -25 -30
right_child=1 -3 -4 -5 -6 -7 7 8 -10 22 11 -13 -14 -15 -16 -17 17 -19 19 20 -22 -23 27 26 25 -27 -28 -29 29 -31
leaf_value=0.037437335075927773 -0.21630939654239043 0.42144787424124652 -0.077908553336160077 -1.8946964498200203 -1.1236985321899544 -4.8360586524088234 0.074778114388257641 -0.07718456460224099 -0.33820059585402784 -0.014144099008967145 -0.72371782576442512 0.11383157691654708 -0.15287589927282469 -0.013256100854285115 -0.057102436762308889 0.046197860724333878 -0.012211373327616067 -0.70550375060945147 0.17930575807824273 -0.40580081789163752 -0.66646054108474939 -0.61910452112102277 -0.0096303638455737563 0.06123251310779073 -0.96128132551703438 0.038968371227468365 0.22553432852011457 0.17141475357333841 -0.063815870276485789 -0.76468164748285983
leaf_weight=25159 926 2170 2593 171 112 69 1907 4524 421 57132 1677 18685 20970 128551 3014 93172 17824 166 1422 3551 361 153 257192 31469 694 885 63416 17560 6141 671
leaf_count=25159 926 2170 2593 171 112 69 1907 4524 421 57132 1677 18685 20970 128551 3014 93172 17824 166 1422 3551 361 153 257192 31469 694 885 63416 17560 6141 671
internal_value=9.41427e-05 -0.00203476 -0.00390341 -0.0093654 -0.00732671 -0.00539157 0.000111141 -0.00171429 -0.0030569 0.000127823 -8.62708e-05 -0.000505691 -0.000718927 -0.00044346 -0.00438491 0.000425105 -0.000477908 -0.00164331 -0.00147967 -0.00488772 -0.00704767 -0.000468239 0.000282654 0.000757738 -0.000433125 -0.00737089 0.00144514 5.28497e-06 0.000341832 -0.00264025
internal_weight=762758 6041 3871 1278 1107 995 756717 6852 4945 749865 314705 172897 154212 133242 4691 141808 48636 23477 23311 5334 3912 17977 435160 160408 58711 1579 101697 274752 38281 6812
internal_count=762758 6041 3871 1278 1107 995 756717 6852 4945 749865 314705 172897 154212 133242 4691 141808 48636 23477 23311 5334 3912 17977 435160 160408 58711 1579 101697 274752 38281 6812
cat_boundaries=0 2 4 7 9 11 14 17 19
cat_threshold=2434538932 3911195043 547473424 162571856 964104472 151758789 1 2148040836 818167826 151261208 151757888 256 5 1 2993135744 2420713408 1 2420146304 2148009344
is_linear=0
shrinkage=0.06


Tree=294
num_leaves=31
num_cat=11
split_feature=139 104 132 111 132 132 110 104 119 104 115 104 104 19 104 28 125 104 115 112 104 115 125 104 111 128 104 121 107 104
split_gain=6.35036 26.9134 18.1821 23.2797 14.8823 28.2172 44.3061 33.7345 15.6291 15.4783 14.2258 13.0523 12.9053 12.2916 11.6591 11.2731 11.0317 15.0622 12.9918 11.9172 10.4979 10.1997 10.2358 10.0268 9.86062 9.50229 21.7445 11.8433 21.6102 9.62807
threshold=46.500000000000007 0 -0.70822003333690042 71.500000000000014 -0.67086170185690197 -0.68351797142826876 23.450000000000003 1 611.50000000000011 2 -1.9046317469476712 3 4 281.55208333333343 5 88.716666666666683 0.087200000000000014 6 -1.5512966824453474 2.7150000000000003 7 1.5570062083615002 0.34516666666666668 8 71.500000000000014 0.045972453436450574 9 991.1500000000002 28.736000000000004 10
decision_type=2 1 2 2 2 2 2 1 2 1 2 1 1 10 1 10 2 1 2 2 1 2 2 1 2 2 1 2 2 1
left_child=-1 2 14 4 5 11 9 -8 13 -7 -9 -4 21 -6 -2 -3 25 18 -18 -19 -21 -5 -23 -20 -22 29 -27 -28 -29 -17
right_child=1 15 3 12 8 6 7 10 -10 -11 -12 -13 -14 -15 -16 16 17 19 23 20 24 22 -24 -25 -26 26 27 28 -30 -31
leaf_value=0.0010326246129743824 0.379499527288785 0.1803787373623057 -0.33753420191903005 0.34356765587315496 0.023141210079356787 -0.97296334872649937 -0.11227424376683859 -0.4676289580378874 1.1279712200537226 1.0721991484287703 -0.82826322971052735 0.18637988999428379 1.1731084903004594 -0.30797879294336117 1.4372128973856007 0.13337696656130976 -0.54654238829948032 -0.040422098838393775 -0.53519037497058419 0.66208354826441451 -1.9193928228656774 -0.42215458135632028 -2.0131988044783311 0.022199195054148493 1.0769963077783244 0.5350073898308827 -0.12374458106931827 -0.55086351108045661 -1.5626083630526713 -0.038687647657289929
leaf_weight=650437 6045 2743 1227 7200 11527 101 315 167 3592 559 167 2535 9555 2893 7348 12174 2746 19683 1465 116 229 404 54 2889 53 779 993 354 100 14472
leaf_count=650437 6045 2743 1227 7200 11527 101 315 167 3592 559 167 2535 9555 2893 7348 12174 2746 19683 1465 116 229 404 54 2889 53 779 993 354 100 14472
internal_value=8.96711e-05 0.00050593 0.00147698 0.000840658 -0.000404696 -0.00327563 -0.0108595 -0.0219785 0.000403709 9.07718e-05 -0.034887 -0.0006346 0.00251063 -0.000478469 0.00339241 -0.000380975 -0.000564848 -0.00143234 -0.00380537 -0.000590981 -0.0108571 0.000671274 -0.008 -0.00177176 -0.0167509 0.000251862 -0.00351325 -0.00783128 -0.0159033 0.000566518
internal_weight=762922 112485 53689 40296 23083 5071 1309 649 18012 660 334 3762 17213 14420 13393 58796 56053 27181 7100 20081 398 7658 458 4354 282 28872 2226 1447 454 26646
internal_count=762922 112485 53689 40296 23083 5071 1309 649 18012 660 334 3762 17213 14420 13393 58796 56053 27181 7100 20081 398 7658 458 4354 282 28872 2226 1447 454 26646
cat_boundaries=0 2 4 6 8 10 12 14 17 19 21 23
cat_threshold=524107580 2720078371 287391528 536936960 17039360 2147483682 385950732 512 137704736 2147549697 69282592 572527105 32898 67372232 1 282083332 1 32768 67108928 2156003329 1083310532 3758243970 151528904
is_linear=0
shrinkage=0.06


Tree=295
num_leaves=31
num_cat=8
split_feature=35 104 110 121 5 127 104 132 121 109 104 115 132 104 132 130 111 119 104 132 130 119 121 104 125 104 111 104 121 124
split_gain=5.71299 11.0919 10.8462 11.1483 11.0166 10.3846 24.7725 18.8821 14.822 18.8997 12.0365 13.0552 11.8514 10.9225 25.7978 16.064 19.2185 22.4778 20.8044 18.7981 41.5762 30.1445 18.8426 18.2749 24.3711 14.8905 13.7022 40.7641 27.4899 26.9931
threshold=278.92500000000007 0 6.8500000000000005 982.35000000000002 0.68450000000000022 1.0000000180025095e-35 1 -0.8816668175367014 993.45000000000016 107.50000000000001 2 1.356335740385908 -0.94941398590724801 3 -0.030098581458670341 -0.91597561503675329 57.500000000000007 86.500000000000014 4 -0.94387377644575288 -0.70710678118654735 584.50000000000011 984.55000000000007 5 0.36966666666666675 6 97.500000000000014 7 988.05000000000007 0.64833333333333343
decision_type=10 1 2 2 10 2 1 2 2 2 1 2 2 1 2 2 2 2 1 2 2 2 2 1 2 1 2 1 2 2
left_child=1 -1 4 -4 -3 6 8 10 -2 -10 -8 -12 -7 -14 15 16 18 -18 -15 20 -17 -22 23 24 -21 -24 -16 28 -28 -30
right_child=5 2 3 -5 -6 12 7 -9 9 -11 11 -13 13 14 26 19 17 -19 -20 22 21 -23 25 -25 -26 -27 27 -29 29 -31
leaf_value=-0.034533384746982698 -0.28401325804575678 -0.053425475989595586 0.088229791086543691 -0.0017707962120339722 0.49125825784200711 0.17322725555689322 0.059963532769500553 0.36781385166371627 -0.8729705345835862 0.11999328775458377 -0.095376491202479818 -0.57974470156242808 -0.0090238144043714597 -0.3599716249794957 -0.0074225447012414361 -1.3608478473173902 0.43566056272490128 -0.53656159353643484 -0.031813570789792245 -0.1253144062375767 1.1227803458219836 -1.3123475037222061 0.30505111350255193 -0.053787155706659547 -0.88267568822558373 0.079034890002472838 -2.1127250564182782 0.11103906530754393 -0.26743005541421239 -1.3374832202013025
leaf_weight=97568 3129 1374 10856 162271 2988 8849 466 3149 247 136 407 316 188097 3469 92172 237 5653 160 13550 715 1065 255 64828 5155 330 88111 373 3760 1846 522
leaf_count=97568 3129 1374 10856 162271 2988 8849 466 3149 247 136 407 316 188097 3469 92172 237 5653 160 13550 715 1065 255 64828 5155 330 88111 373 3760 1846 522
internal_value=9.22298e-05 -0.000126366 0.000156135 8.16854e-05 0.0031107 0.000215693 -0.0019488 0.00108715 -0.00568493 -0.0168281 -0.00534958 -0.0101117 0.000251159 0.000210224 0.000446282 0.000866937 -0.000622257 0.00235604 -0.0016396 0.00107853 -0.0054801 -0.00131718 0.00114273 -0.00209966 -0.00928977 0.00127419 -0.000336076 -0.00299815 -0.00854433 -0.00618489
internal_weight=762054 275057 177489 173127 4362 486997 7850 4338 3512 383 1189 723 479147 470298 282201 183528 22832 5813 17019 160696 1557 1320 159139 6200 1045 152939 98673 6501 2741 2368
internal_count=762054 275057 177489 173127 4362 486997 7850 4338 3512 383 1189 723 479147 470298 282201 183528 22832 5813 17019 160696 1557 1320 159139 6200 1045 152939 98673 6501 2741 2368
cat_boundaries=0 2 5 7 9 11 13 15 17
cat_threshold=1035024416 153207495 1412450234 1085490029 1 42381312 587759746 1649725640 4141788176 92276737 34 83951648 153096994 228591669 4386 336070709 150999328
is_linear=0
shrinkage=0.06


Tree=296
num_leaves=31
num_cat=0
split_feature=0 140 126 132 28 44 132 140 23 109 22 35 90 132 98 137 130 132 19 111 111 132 131 109 94 128 107 114 112 128
split_gain=6.55542 23.7293 18.0416 13.5236 13.3757 12.8766 11.2144 10.7435 22.8402 18.3392 14.2553 10.2565 12.09 10.4159 11.7553 32.6734 40.7238 72.9777 28.6953 23.9607 36.8502 26.1917 38.887 19.0406 25.1902 18.2408 16.38 17.5678 28.8261 17.5624
threshold=71.525833333333352 2.5000000000000004 265.02500000000003 -0.92558427394243059 132.40798611111114 0.004795807777567101 -0.99359783145257141 1.5000000000000002 26.512500000000006 77.500000000000014 -11.744999999999996 261.75500000000005 1.0000000180025095e-35 -0.94941398590724801 -0.90483020021433236 0.22623637047664433 0.37940952255126054 -0.90483020021433236 111.11593750000002 82.500000000000014 50.500000000000007 -0.94387377644575288 0.37940952255126048 447.50000000000006 1.0000000180025095e-35 0.0036102273948872558 28.642950000000003 0.84636942609825105 1.9750000000000003 0.0019275453452481941
decision_type=2 2 2 2 10 2 2 2 8 2 8 10 2 2 2 2 2 2 10 2 2 2 2 2 2 2 2 2 2 2
left_child=1 4 3 -3 -1 -6 -4 8 9 10 -2 12 -9 -13 15 16 17 18 -15 20 -17 22 23 -22 -25 -24 27 -23 -29 -30
right_child=7 2 6 -5 5 -7 -8 11 -10 -11 -12 13 -14 14 -16 19 -18 -19 -20 -21 21 26 25 24 -26 -27 -28 28 29 -31
leaf_value=0.012620961294718536 -0.35552191626080426 0.018993486252946057 -0.035974514968803481 0.14714505398906899 -0.11008634298285958 -0.36806546673212276 0.015075413124517652 0.045219290326164452 0.49738176462060552 0.10759617073231002 -0.018695978777209337 0.17881194881053641 -0.043407767993604934 -0.014006366209908073 0.010101770737237031 0.32170681944571561 0.054833386984116654 -0.067266033545808249 -0.38063289354299301 0.76218072891693778 0.35004371224178399 -0.19538863575324081 -1.4892209368549547 -0.10341884131673841 -2.3609775992388373 -1.4238455930065042 0.24521298390700091 -0.98976155183824588 -0.92457046855443681 0.33967704176428787
leaf_weight=8194 4056 31933 13038 42065 10150 644 43501 23008 13363 12455 8749 7205 114163 308 402231 4948 3017 1956 1518 4747 675 3998 258 263 69 376 3895 747 119 759
leaf_count=8194 4056 31933 13038 42065 10150 644 43501 23008 13363 12455 8749 7205 114163 308 402231 4948 3017 1956 1518 4747 675 3998 258 263 69 376 3895 747 119 759
internal_value=0.000108273 0.000464468 0.000752747 0.00136932 -0.0015173 -0.00290468 -5.42269e-05 2.13713e-05 0.000990006 -7.12559e-05 -0.00166563 -4.37778e-05 -0.000496413 9.82729e-05 6.03512e-05 -0.00113625 -0.00474794 -0.00889453 -0.0175172 4.14291e-05 -0.0010627 -0.00297366 -0.00997198 -0.0026369 -0.0143784 -0.0216 -0.00176615 -0.00383748 -0.00909594 -0.00172014
internal_weight=762408 149525 130537 73998 18988 10794 56539 612883 38623 25260 12805 574260 137171 437089 429884 27653 6799 3782 1826 20854 16107 11159 1641 1007 332 634 9518 5623 1625 878
internal_count=762408 149525 130537 73998 18988 10794 56539 612883 38623 25260 12805 574260 137171 437089 429884 27653 6799 3782 1826 20854 16107 11159 1641 1007 332 634 9518 5623 1625 878
is_linear=0
shrinkage=0.06


Tree=297
num_leaves=31
num_cat=7
split_feature=21 104 21 104 111 139 132 132 104 111 122 104 113 104 127 130 0 139 115 120 98 114 124 104 132 113 58 104 109 67
split_gain=6.58838 10.4554 6.67967 21.7782 15.184 14.446 15.975 19.2564 17.8068 11.9887 10.3675 9.31988 8.15353 16.6208 17.715 16.1118 7.93871 7.89827 11.3136 7.65448 6.78015 8.34332 6.77876 20.5662 19.6088 19.7269 21.8608 19.0021 16.6957 16.5249
threshold=752.87500000000011 0 434.94437332153325 1 48.500000000000007 51.500000000000007 -0.67086170185690197 -0.68351797142826876 2 28.500000000000004 0.52390143676451129 3 352.50000000000006 4 0.26221022290174079 0.37940952255126054 118.43666666666668 56.500000000000007 0.89817056143392737 7.5000000000000009 0.64166506163122816 1.4948148763204303 0.37833333333333335 5 -0.931957157303682 137.50000000000003 4149.4550000000008 6 137.50000000000003 115.50000000000001
decision_type=10 1 10 1 2 2 2 2 1 2 2 1 2 1 2 2 2 2 2 2 2 2 2 1 2 2 2 1 2 2
left_child=2 -2 12 17 5 9 7 8 -7 19 -11 -6 22 14 15 -14 -9 -4 -19 -5 -13 -22 -1 24 -24 -26 28 -28 29 -27
right_child=1 -3 3 4 11 6 -8 16 -10 10 -12 20 13 -15 -16 -17 -18 18 -20 -21 21 -23 23 -25 25 26 27 -29 -30 -31
leaf_value=0.0095400965933649783 0.16677662642642913 -0.32350362107373543 -0.19257628074373917 -0.29846825976973584 0.60727485374221934 -1.4240546036107067 -0.13233751815055386 -0.64679676341207737 -0.036431345465245839 0.14075932348938691 -0.32214799379057046 0.14530100292158113 -0.090644782466737919 0.18900477379558703 -0.046617456337186516 -1.413524179632087 -0.77943518084546726 -0.66980462734222501 -2.6748805557051396 -0.31054068997506917 1.1014695500153173 -0.59701599062197053 0.030847009323161801 0.017537271219349646 -0.0028821540492377147 -0.47128670191220884 -1.0810969057265867 -0.30725388926206088 -0.0003818013948534849 -0.19583458726730907
leaf_weight=438156 3363 7288 9814 409 22287 104 2500 80 483 6916 180 23146 105 10885 3544 67 143 640 77 123 64 92 26133 131356 26446 4156 852 2707 13996 26422
leaf_count=438156 3363 7288 9814 409 22287 104 2500 80 483 6916 180 23146 105 10885 3544 67 143 640 77 123 64 92 26133 131356 26446 4156 852 2707 13996 26422
internal_value=0.000107909 -0.00137383 0.0001289 0.000700398 0.00116704 -0.000840296 -0.0041498 -0.0114673 -0.0057449 0.000596146 0.00124785 0.00164891 7.29385e-05 0.00147555 -0.00198658 -0.0207399 -0.0264375 -0.00180364 -0.00788022 -0.00808255 0.000808648 -0.0116178 4.238e-05 -0.000219814 -0.000864827 -0.0013605 -0.00208381 -0.00660843 -0.0017224 -0.002508
internal_weight=762534 10651 751883 67058 56527 10938 3310 810 587 7628 7096 45589 684825 14601 3716 172 223 10531 717 532 23302 156 670224 232068 100712 74579 48133 3559 44574 30578
internal_count=762534 10651 751883 67058 56527 10938 3310 810 587 7628 7096 45589 684825 14601 3716 172 223 10531 717 532 23302 156 670224 232068 100712 74579 48133 3559 44574 30578
cat_boundaries=0 2 4 6 9 11 14 17
cat_threshold=301304501 2102113 538148865 1151139840 0 150994944 340527132 572526822 1 1073766595 303047742 91569688 1127596868 1 0 1110507524 1
is_linear=0
shrinkage=0.06


Tree=298
num_leaves=31
num_cat=0
split_feature=127 25 139 110 132 109 108 69 129 110 47 8 124 25 108 21 109 115 34 54 107 109 132 83 110 119 124 32 124 125
split_gain=6.87594 14.3475 14.5129 15.6044 13.5642 15.0926 27.9332 13.6929 19.0456 15.3462 13.0558 13.042 11.3678 11.2644 10.0102 9.32102 11.2206 12.6896 9.52298 9.39276 9.1555 12.8452 19.868 9.49864 8.91745 8.7297 8.55647 13.3948 8.27018 9.40139
threshold=21.72595923397094 0.32073450134770892 51.500000000000007 10.950000000000001 -0.75508121410430273 17.500000000000004 77.201150000000013 14.450000000000001 46.500000000000007 20.750000000000004 531.55000000000018 104.76166661580406 0.3116666666666667 0.97475805823593131 77.293900000000022 276.08250000000004 637.50000000000011 -1.8526343419136915 1.0000000180025095e-35 58.77401795788456 28.610200000000003 77.500000000000014 -0.80860773948975517 1.2150000000000001 17.650000000000002 224.50000000000003 0.12166666666666667 2.3510000000000004 0.25166666666666665 0.1718166666666667
decision_type=2 8 2 2 2 2 2 2 2 2 10 10 2 10 2 8 2 2 10 10 2 2 2 10 2 2 2 8 2 2
left_child=-1 24 3 10 5 6 -5 9 -9 14 13 -8 -4 -3 20 16 18 -18 19 26 21 22 23 -7 25 28 27 -6 29 -2
right_child=1 2 12 4 15 7 11 8 -10 -11 -12 -13 -14 -15 -16 -17 17 -19 -20 -21 -22 -23 -24 -25 -26 -27 -28 -29 -30 -31
leaf_value=0.0012305814966222829 -0.11397925980567108 -0.20779272660914655 -0.11202632656990051 0.34315110624779627 -0.8590468556207167 -0.88794553443414226 -0.2120364699654142 -0.28674692451124673 0.27775843324747646 -0.061610996630943687 0.022674457410544049 -1.5201689486827474 0.084692246943592828 -0.47897743293175188 -0.10463690474587507 0.68750540240385172 0.0041777060531034606 -0.18561829111943412 0.21588905517408563 -0.32509561350934435 0.65016609939345216 1.0717544969411987 -0.0098899662526422561 -0.48585626514476071 -0.0012962483626852866 -0.45992765954379866 0.17855729803705753 -0.20903142690288826 0.04899186079641011 -0.4169609585439516
leaf_weight=643627 1213 1610 12391 191 60 100 53 1466 16831 13512 3844 95 8915 719 4123 19628 1291 583 8041 806 6706 1643 3298 363 3752 86 4224 943 1203 970
leaf_count=643627 1213 1610 12391 191 60 100 53 1466 16831 13512 3844 95 8915 719 4123 19628 1291 583 8041 806 6706 1643 3298 363 3752 86 4224 943 1203 970
internal_value=9.86008e-05 0.000518283 0.000686271 0.00101918 0.00123326 0.000579265 -0.0120176 0.000668401 0.00195989 -0.000126067 -0.00189213 -0.0314899 -0.000722016 -0.00543605 0.00111728 0.00212261 0.00104508 -0.0033152 0.00162586 -0.000176002 0.00198662 0.000148751 -0.00178469 -0.0134095 -0.0020728 -0.00426375 0.000754017 -0.0042251 -0.00378034 -0.00598077
internal_weight=762287 118660 111436 90130 83957 48381 339 48042 18297 29745 6173 148 21306 2329 16233 35576 15948 1874 14074 6033 12110 5404 3761 463 7224 3472 5227 1003 3386 2183
internal_count=762287 118660 111436 90130 83957 48381 339 48042 18297 29745 6173 148 21306 2329 16233 35576 15948 1874 14074 6033 12110 5404 3761 463 7224 3472 5227 1003 3386 2183
is_linear=0
shrinkage=0.06


Tree=299
num_leaves=31
num_cat=10
split_feature=127 104 111 112 132 132 104 132 132 104 139 104 132 107 110 129 104 104 104 125 98 111 104 114 104 111 129 104 121 122
split_gain=6.04176 40.1304 16.2476 19.5355 16.2956 21.3251 23.3843 16.1981 14.1487 13.6465 13.3729 21.6726 43.7065 18.8056 15.8006 16.3995 15.7008 14.6274 12.5121 12.3889 22.311 15.0512 12.358 11.6963 10.6232 15.2801 10.4386 10.2229 11.7297 11.7464
threshold=24.402265416142299 0 55.500000000000007 3.2250000000000005 -0.84714200036676091 -0.80860773948975517 1 -0.69597197703514313 -0.78789334285648371 2 38.500000000000007 3 -0.88965196910377931 28.569700000000001 9.0500000000000025 28.500000000000004 4 5 6 0.16158333333333333 -0.81860753270059983 61.500000000000007 7 2.4073918267594188 8 34.500000000000007 202.50000000000003 9 988.6500000000002 0.55569319654780325
decision_type=2 1 2 2 2 2 1 2 2 1 2 1 2 2 2 2 1 1 1 2 2 2 1 2 1 2 2 1 2 2
left_child=-1 10 3 4 -3 6 23 22 24 -10 11 12 13 -2 16 17 -13 -16 -12 -20 21 26 -4 -6 25 -7 -21 -9 -29 -30
right_child=1 2 7 -5 5 8 -8 27 9 -11 18 14 -14 -15 15 -17 -18 -19 19 20 -22 -23 -24 -25 -26 -27 -28 28 29 -31
leaf_value=0.0015884228377128387 -1.4031504433466238 1.2927401377927326 0.435561278875498 0.31332763913816419 -0.50102443815732944 -2.2926467038178258 -0.080898723368038369 0.3697324403719659 -0.21573630096728477 0.0099575017352840894 0.0098537393881022988 0.26620387745737401 -0.077231878260223402 -0.70217689864662935 0.066379408195642586 0.31447753075058321 -0.55296073123955247 -0.56412457372989422 -0.056707184961484643 -0.091728423964711064 -0.22047158573353484 -0.84123210232857826 1.3779986126817965 2.3963988880753133 0.9041460605481112 0.0070044921228043589 -0.5943150134808598 -0.45387729734706683 0.52605682119296782 -0.26552009841958363
leaf_weight=656121 112 1692 8287 8875 581 69 1669 5030 3720 5973 12047 210 3689 176 101 8921 291 110 15063 246 7048 106 12856 79 2099 327 189 879 2690 3268
leaf_count=656121 112 1692 8287 8875 581 69 1669 5030 3720 5973 12047 210 3689 176 101 8921 291 110 15063 246 7048 106 12856 79 2099 327 189 879 2690 3268
internal_value=9.33532e-05 0.000512744 0.00157515 0.000424318 -0.000814682 -0.00146425 -0.0067236 0.00245009 -0.000458774 -0.00149598 -0.000765025 0.000828742 -0.00289318 -0.0253702 0.00236603 0.00293792 -0.00799602 -0.0135566 -0.00139037 -0.00222071 -0.00419842 -0.0159299 0.0034458 -0.0161848 0.00356971 -0.00536609 -0.0109404 0.000675935 -0.000834988 0.000118812
internal_weight=762524 106403 58094 25084 16209 14517 2329 33010 12188 9693 48309 13610 3977 288 9633 9132 501 211 34699 22652 7589 541 21143 660 2495 396 435 11867 6837 5958
internal_count=762524 106403 58094 25084 16209 14517 2329 33010 12188 9693 48309 13610 3977 288 9633 9132 501 211 34699 22652 7589 541 21143 660 2495 396 435 11867 6837 5958
cat_boundaries=0 3 5 7 9 11 14 16 18 20 22
cat_threshold=3791767746 535668312 1 202375181 1610614816 350355457 1610617122 2717976576 34152960 32960 153387072 1073741826 226492424 1 2181103616 36020752 3026952 3222427652 524544 1610743809 153228568 1610743847
is_linear=0
shrinkage=0.06


end of trees

feature_importances:
station_id=2009
f_doy_sin=640
f_rh2m=442
f_t2m=335
f_doy_cos=332
f_incoming_stubble_load=292
f_hour_sin=274
f_blh=251
f_hours_since_rain=250
f_wind_u10=249
f_days_into_stubble_season=218
f_wind_v10=209
f_ventilation_index=198
f_wind_dir10=181
f_solar=172
f_cloud=149
f_wind_speed10=148
f_isi=133
horizon=126
pm25=120
f_diwali_proximity=118
doy_sin=117
f_surface_pressure=114
f_hour_cos=110
doy_cos=94
pm25_roll24=93
pm25_over_pm10=91
f_isi_radiative=91
f_isi_pbl=88
f_is_weekend=67
f_isi_stagnation=64
pm10_roll24=61
lat=53
f_stubble_index=52
days_into_stubble_season=47
aqi=44
pm25_rollmax24=42
aqi_lag24=36
ventilation_index_roll24=36
fire_frp_active_lag24=36
local_month=36
incoming_stubble_load_roll24=35
co=31
fire_frp_active=31
lon=31
aod_proxy=29
month_cos=29
co_lag6=28
pm25_rollstd24=26
f_is_morning_rush=26
pm25_lag36=25
city=25
d2m=24
local_hour=23
wind_speed10_roll24=22
f_is_evening_peak=21
pm10=20
hours_since_rain=20
pm25_anom=19
pm25_lag1=17
f_precip=16
pm25_lag48=15
diwali_proximity=15
o3=14
nearest_fire_km=13
aqi_inst=12
pm25_tend_24h=12
no2_rollmax24=12
incoming_stubble_load_lag24=10
pm25_tend_6h=9
rh2m=9
local_dow=9
pm10_lag24=8
isi_x_pm25=8
isi_lag24=7
pm25_lag2=6
pm25_roll6=6
radiative_dimming=6
wind_speed10_lag24=6
t2m_lag24=6
so2=5
pm25_lag8=5
stubble_x_isi=5
incoming_stubble_load=5
t2m=5
wind_speed10=5
surface_pressure=5
pm25_lag3=4
ventilation_index_lag24=4
stubble_index_lag24=4
wind_u10=4
cloud_lag6=4
hour_sin=4
isi_pbl=3
ventilation_index=3
solar_lag6=3
month_sin=3
no2=2
o3_lag6=2
so2_lag6=2
isi=2
self_trapping=2
blh_tend_6h=2
plume_from_bearing_deg=2
wind_dir10=2
pm25_lag4=1
pm25_lag6=1
pm25_lag24=1
pm10_lag6=1
no2_lag6=1
isi_radiative=1
pbl_height=1
solar=1
cloud=1
blh_lag24=1
is_weekend=1
is_stubble_season=1
is_morning_rush=1
site_type=1

parameters:
[boosting: gbdt]
[objective: quantile]
[metric: quantile]
[tree_learner: serial]
[device_type: cpu]
[data_sample_strategy: bagging]
[data: ]
[valid: ]
[num_iterations: 300]
[learning_rate: 0.06]
[num_leaves: 31]
[num_threads: 18]
[seed: 0]
[deterministic: 0]
[force_col_wise: 1]
[force_row_wise: 0]
[histogram_pool_size: -1]
[max_depth: -1]
[min_data_in_leaf: 50]
[min_sum_hessian_in_leaf: 0.001]
[bagging_fraction: 0.8]
[pos_bagging_fraction: 1]
[neg_bagging_fraction: 1]
[bagging_freq: 1]
[bagging_seed: 3]
[bagging_by_query: 0]
[feature_fraction: 0.8]
[feature_fraction_bynode: 1]
[feature_fraction_seed: 2]
[extra_trees: 0]
[extra_seed: 6]
[early_stopping_round: 0]
[early_stopping_min_delta: 0]
[first_metric_only: 0]
[max_delta_step: 0]
[lambda_l1: 0]
[lambda_l2: 1]
[linear_lambda: 0]
[min_gain_to_split: 0]
[drop_rate: 0.1]
[max_drop: 50]
[skip_drop: 0.5]
[xgboost_dart_mode: 0]
[uniform_drop: 0]
[drop_seed: 4]
[top_rate: 0.2]
[other_rate: 0.1]
[min_data_per_group: 100]
[max_cat_threshold: 32]
[cat_l2: 10]
[cat_smooth: 10]
[max_cat_to_onehot: 4]
[top_k: 20]
[monotone_constraints: ]
[monotone_constraints_method: basic]
[monotone_penalty: 0]
[feature_contri: ]
[forcedsplits_filename: ]
[refit_decay_rate: 0.9]
[cegb_tradeoff: 1]
[cegb_penalty_split: 0]
[cegb_penalty_feature_lazy: ]
[cegb_penalty_feature_coupled: ]
[path_smooth: 0]
[interaction_constraints: ]
[verbosity: -1]
[saved_feature_importance_type: 0]
[use_quantized_grad: 0]
[num_grad_quant_bins: 4]
[quant_train_renew_leaf: 0]
[stochastic_rounding: 1]
[linear_tree: 0]
[max_bin: 127]
[max_bin_by_feature: ]
[min_data_in_bin: 3]
[bin_construct_sample_cnt: 200000]
[data_random_seed: 1]
[is_enable_sparse: 1]
[enable_bundle: 1]
[use_missing: 1]
[zero_as_missing: 0]
[feature_pre_filter: 1]
[pre_partition: 0]
[two_round: 0]
[header: 0]
[label_column: ]
[weight_column: ]
[group_column: ]
[ignore_column: ]
[categorical_feature: 89,91,92,93,104,105,106]
[forcedbins_filename: ]
[precise_float_parser: 0]
[parser_config_file: ]
[objective_seed: 5]
[num_class: 1]
[is_unbalance: 0]
[scale_pos_weight: 1]
[sigmoid: 1]
[boost_from_average: 1]
[reg_sqrt: 0]
[alpha: 0.1]
[fair_c: 1]
[poisson_max_delta_step: 0.7]
[tweedie_variance_power: 1.5]
[lambdarank_truncation_level: 30]
[lambdarank_norm: 1]
[label_gain: ]
[lambdarank_position_bias_regularization: 0]
[eval_at: ]
[multi_error_top_k: 1]
[auc_mu_weights: ]
[num_machines: 1]
[local_listen_port: 12400]
[time_out: 120]
[machine_list_filename: ]
[machines: ]
[gpu_platform_id: -1]
[gpu_device_id: -1]
[gpu_device_id_list: ]
[gpu_use_dp: 0]
[num_gpu: 1]

end of parameters

pandas_categorical:[[2, 5, 8, 11, 14, 17, 20, 23], [1, 2, 10, 11, 12], [0, 1], [0, 1], ["DEL-alipur", "DEL-anand-vihar", "DEL-ashok-vihar", "DEL-aya-nagar", "DEL-bawana", "DEL-burari-crossing", "DEL-cantonment-area", "DEL-chandni-chowk", "DEL-commonwealth-sports-complex", "DEL-crri-mathura-road", "DEL-dr-karni-singh-shooting-range", "DEL-dtu", "DEL-dwarka-sector-8", "DEL-igi-airport-t3", "DEL-ignou-maidan-garhi", "DEL-ihbas-dilshad-garden", "DEL-iit", "DEL-imd-lodhi-road", "DEL-ito", "DEL-jahangirpuri", "DEL-jawaharlal-nehru-stadium", "DEL-jnu", "DEL-major-dhyan-chand-national-stadium", "DEL-mandir-marg", "DEL-mundka", "DEL-najafgarh", "DEL-narela", "DEL-nehru-nagar", "DEL-north-campus-du", "DEL-nsit-dwarka", "DEL-nsut-jaffarpur", "DEL-okhla-phase-2", "DEL-patparganj", "DEL-punjabi-bagh", "DEL-pusa", "DEL-pusa-2", "DEL-r-k-puram", "DEL-rohini", "DEL-shadipur", "DEL-sirifort", "DEL-sonia-vihar", "DEL-sri-aurobindo-marg", "DEL-talkatora-garden", "DEL-vivek-vihar", "DEL-wazirpur", "FBD-new-industrial-town", "FBD-sector-11", "FBD-sector-30", "GGN-nise-gwal-pahari", "GGN-sector-51", "GGN-teri-gram", "GGN-vikas-sadan", "GRN-knowledge-park-iii-greater", "GRN-knowledge-park-v-greater", "GZB-govindpuram", "GZB-indirapuram", "GZB-loni", "GZB-sanjay-nagar", "GZB-vasundhara", "GZB-ved-vihar-loni", "GZB-wave-city", "NOI-sector-1", "NOI-sector-116", "NOI-sector-125", "NOI-sector-62"], ["background", "industrial", "mixed", "residential", "traffic"], ["Delhi", "Faridabad", "Ghaziabad", "Greater Noida", "Gurugram", "Noida"]]
